y_relaxed,mp_volume,mp_formation_energy_per_atom,mp_band_gap,mp_efermi,MagpieData mean NUnfilled,MagpieData range NUnfilled,MagpieData std_dev NUnfilled,MagpieData mean ElectronAffinity,MagpieData range ElectronAffinity,MagpieData std_dev ElectronAffinity,MagpieData mean Electronegativity,MagpieData range Electronegativity,MagpieData std_dev Electronegativity,DemlData mean heat_fusion,DemlData std_dev heat_fusion,DemlData mean boiling_point,DemlData std_dev boiling_point,DemlData mean GGAU_Etot,DemlData std_dev GGAU_Etot,DemlData mean FERE correction,DemlData std_dev FERE correction,PymatgenData mean row,PymatgenData std_dev row,PymatgenData mean block,PymatgenData std_dev block,transition metal fraction,band center,density,vpa,packing fraction
-349.90282026,354.20745990688965,-1.705382088965517,1.2488000000000001,0.76115725,1.1428571428571428,2.0,1.0307764064044151,75.51428571428572,141.0,74.39606844450854,2.2114285714285713,2.51,1.3589839954907488,2938.0,3661.5809768459308,706.0857142857143,660.1104566661552,-2.8528571428571428,2.290349318335524,0.2688478220649754,0.13031859568806542,2.857142857142857,1.0307764064044151,2.0,0.9354143466934853,0.0,4.9845468868930904,4.215406490916149,12.650266425246059,0.8151649253294402
-295.77080379,47.9865802322794,-1.6847351029166662,1.6634,2.5670638,2.75,5.0,2.4289915602982237,117.975,76.7,39.99723740460084,2.6174999999999997,1.78,1.0473729039840587,8061.0,10735.35624001365,1389.85,1659.6265833011955,-4.495,3.0085411747223936,0.10264393483640608,0.1810148168162386,3.25,1.6431676725154984,2.5,0.6324555320336759,0.5,5.534187501655151,6.639276478797563,11.99664505806985,0.6347791866342737
-618.84329307,341.11013077776954,-2.288425597777783,2.012899999999999,2.97320869,1.7777777777777777,3.0,1.3385315336840844,101.69999999999999,127.05,66.1575888504108,2.557777777777778,2.55,1.3715608505154508,4323.333333333333,6087.5721761634995,934.5555555555555,1233.4531878700004,-4.1033333333333335,1.5839862688798791,0.17448898334602272,0.38135738020247445,3.7777777777777777,2.581988897471611,1.7777777777777777,0.5400617248673216,0.0,5.236739736589251,7.522216218459005,18.950562820987198,0.7158860876009174
-349.40553097,454.27125141184564,-1.687838196727276,2.6155,0.96954134,1.8181818181818181,2.0,0.9032106474595007,98.27272727272727,92.6,52.68455281449353,2.229090909090909,2.62,1.491078733492529,2930.0,4889.071217360313,750.2727272727273,838.5219389528595,-3.399090909090909,2.252058123022957,0.14540283931683992,0.2811409871244363,3.4545454545454546,1.8918106058538346,1.6363636363636365,0.606976978666884,0.0,4.468609665606196,4.783817584361171,20.648693245992984,0.9564656117060036
-370.70607851,530.2832053108352,-1.5650850475757592,0.0,4.2287404,2.303030303030303,3.0,0.8869975794117778,118.61818181818182,141.0,44.816596846940264,2.869393939393939,1.79,1.0051894758466888,4320.909090909091,7242.151157104699,758.4242424242424,1182.9421247838945,-4.53909090909091,1.0305563174952703,0.03413321382210394,0.3874211785083333,3.515151515151515,2.700762419587999,2.0303030303030303,0.24253562503633297,0.0,5.963991192071867,9.059702727697806,16.06918803972228,0.441818602180898
-659.35986517,911.9685842080944,-2.909401789781249,3.999399999999999,1.32309697,2.5,4.0,1.8973665961010275,93.225,98.5,60.4887014243156,2.3275,2.62,1.4508859362472295,3368.5,5463.70932608974,1001.1,1395.3860025097,-3.7,2.0193266204356344,0.36375199311231277,0.26120285981430447,2.75,1.0488088481701516,1.75,0.5477225575051662,0.0,4.585882387917681,2.8573512560318233,14.249509128251475,0.957805385546914
-346.39861209,49.523897122439884,-2.946253523,0.0,8.6510505,3.8,6.0,3.2071349029490928,101.32000000000001,99.9,64.94433880529651,2.652,2.11,1.2950841119953782,6473.2,11118.296709221502,1548.92,2517.441323475655,-5.062,1.2143016805673008,0.4270588747777377,0.3225210492369043,2.8,1.558387444947959,2.2,0.5345224838248488,0.0,5.462178162465365,5.572820746790818,9.904779424487977,0.534976033484835
-499.1869332,147.4242919480222,-2.594193788125,3.2945,5.06981207,1.25,2.0,1.2565617248750864,84.5,141.0,85.77326291787521,2.45,2.13,1.3067275317009521,5523.5,7664.47331249152,954.475,1335.2127332967937,-3.52875,2.0734455179216726,0.3314017565663999,0.2280714238479636,2.625,0.9032106474595007,1.75,0.8583950752789521,0.125,5.4641681483785725,4.406484180092723,9.214018246751387,0.7642785258261473
-169.86094019,263.4501234018471,-2.047858012,0.0,2.49640627,1.8,3.0,1.3093073414159542,100.13,127.05,70.11523168531724,2.618,2.55,1.4088597212943927,4973.2,8513.104620860377,1122.72,1747.8922130873598,-4.3100000000000005,1.5999107117943447,0.22423042553718883,0.27055054604187595,3.2,2.138089935299395,2.0,0.8451542547285166,0.2,5.47143800592749,6.158290648291261,13.172506170092356,0.8297600760040287
-244.03318215,51.04811002645878,-0.724300867916666,0.0,2.76508001,1.5,1.0,0.6324555320336759,131.5,22.599999999999994,12.440578764671681,2.6775,1.54,0.964587994949139,6211.0,7618.201467538122,1453.85,1758.4968342308723,-3.18,2.3643688375547502,0.10010244057153503,0.18188593143642273,3.25,1.6431676725154984,2.5,0.6324555320336759,0.5,5.797752442042944,6.616801943326625,12.762027506614695,0.5734362492989785
-644.42072327,112.58150624819807,-2.010695488333333,3.734,3.2989026,1.3333333333333333,2.0,1.4142135623730951,94.0,141.0,99.7020561473032,2.73,2.13,1.5061374439273463,3048.0,5994.85129089955,514.4666666666667,900.0055110942377,-3.84,2.439518395093589,0.33666666666666695,0.22627416997969493,2.3333333333333335,0.7071067811865476,1.6666666666666667,0.7071067811865476,0.0,6.0124027754961915,3.321847885834422,9.38179218734984,0.5665841519109013
-519.09201264,96.21024924019014,-1.582355479791656,0.583299999999999,2.52557321,2.5,4.0,1.8973665961010275,109.125,112.1,59.12531606680847,2.6550000000000002,1.63,0.9944043443187485,4333.5,5793.782149856862,1273.1,1496.3811867301727,-3.43,2.229403507667466,0.2507476036460111,0.34847886601189787,3.25,1.6431676725154984,2.25,0.5477225575051662,0.25,5.309652613368046,7.23482968194117,12.026281155023767,0.58558447462001
-835.2684987,198.37422448022454,-2.034961632307693,0.0,2.9184442600000002,3.076923076923077,6.0,2.796101181678127,109.07461538461538,138.63,60.85357041142436,2.8584615384615386,2.44,1.0946149177595825,11870.461538461539,22495.405712763175,1702.0461538461539,3026.462917484549,-5.4893846153846155,2.067368287549085,0.09166153846153889,0.30220631423521965,3.076923076923077,1.9188064472004938,2.230769230769231,0.7977240352174656,0.3076923076923077,5.752955783037371,4.619252276993737,15.259555729248042,0.41712806347329506
-319.12588075,169.88436818058463,-1.694015584375,2.1259,1.8580269500000002,2.0,2.0,0.8944271909999159,105.025,94.1,49.63082711380096,2.4299999999999997,2.62,1.385698379879258,3383.5,5582.55780086512,744.6,915.7828214156456,-3.75,2.0933609340006325,0.10491090574795844,0.3154604043773557,3.75,2.2583179581272432,1.75,0.5477225575051662,0.0,4.832932732816633,6.381728975269885,21.23554602257308,0.863274691032996
-428.71662225,190.4712082488674,-2.355785092916666,1.34,1.44127791,3.25,6.0,2.7224556389190906,93.0,133.4,85.07953372476561,2.8,1.9,1.1393909621836933,5926.25,10288.233227390234,1284.875,2122.759695191477,-5.315,0.6003136435133181,0.11236838845481534,0.2236638115054944,2.75,1.3284223283101428,2.375,0.6642111641550714,0.375,5.848481286570373,4.176891402886628,11.904450515554213,0.4095738641612027
-684.22272825,384.2771400263827,-2.030413166666667,0.0,4.52037488,1.8,3.0,1.3093073414159542,115.806,145.97,74.19605476612044,2.694,2.49,1.3302953485169051,6933.2,13360.409809796789,1325.3200000000002,2396.4608285672316,-4.484,1.9164997856956385,0.20159333725006318,0.302408444771805,3.4,2.32992949004287,2.0,0.8451542547285166,0.2,5.803224051849351,8.4998523367249,12.809238000879425,0.7265171025458249
-373.4004048,138.80680474007113,-1.046750069285714,0.0,4.96930009,2.0,0.0,0.0,128.57142857142858,29.0,20.50609665440988,2.7842857142857143,1.53,1.0818733752154177,7498.285714285715,12005.258930985205,1416.9714285714285,2189.061173197314,-4.4157142857142855,0.947523086789974,0.16623459394194193,0.10520755240045614,2.857142857142857,1.4142135623730951,2.4285714285714284,0.7071067811865476,0.42857142857142855,5.9859627407857525,5.74407814122496,9.914771767147938,0.49762832451785605
-484.90605143,281.3230122078083,-2.5028656634666673,1.5612,2.555547149999999,2.8,6.0,2.8535691936340255,114.47999999999999,110.0,56.990625795576484,2.744,1.94,1.1515703563891726,9953.2,18635.861174474492,1840.3200000000002,3057.4779877726487,-5.244,3.0666361282123358,0.229787241944313,0.14540815605763,3.2,2.138089935299395,2.4,0.6546536707079771,0.4,6.015480550947811,6.905862728796606,14.066150610390414,0.3667013386280526
-376.38871508,482.85282155493263,-1.30018301033482,0.0,1.78136697,2.142857142857143,1.0,0.5222329678670935,143.31428571428572,91.8,37.02053484216564,3.114285714285714,1.3900000000000001,0.7940403012442128,3744.285714285714,10080.383380155195,467.0,959.165082009064,-4.65,0.8419296018940389,0.13053913218135607,0.23781533792379383,2.7142857142857144,1.7320508075688772,2.0,0.0,0.0,6.834855356837316,3.8615621572544474,17.244743626961874,0.19603961460333727
-223.66280152,251.9482984262174,-2.045007684444444,2.004099999999999,1.1087523,2.6666666666666665,2.0,1.3416407864998738,132.36666666666667,33.7,17.955444856644462,2.957777777777778,1.48,0.9706466916442873,7992.444444444444,18351.95405944555,1066.9111111111113,1967.4057049830876,-4.721111111111111,0.5551396220771853,0.2072919434682069,0.046963257123787586,2.7777777777777777,1.61245154965971,2.0,0.0,0.0,6.324736610883342,4.745191654111677,13.997127690345412,0.2743514014327672
-329.20121993,155.2282326923861,-1.30145586428571,0.9323999999999991,3.86507589,2.0,3.0,1.224744871391589,111.91428571428571,141.0,63.084325651124644,2.8528571428571428,1.79,0.9330250341152238,7376.857142857143,12400.337564529675,1353.8285714285714,2240.8162326642114,-4.241428571428572,1.6636620535948485,0.040774294405132694,0.4877313353285896,3.142857142857143,1.7928429140015905,2.4285714285714284,0.6546536707079772,0.2857142857142857,6.00167930998208,7.171915981195089,11.087730906599006,0.44498475874142235
-635.26198524,919.5109817926723,-2.61306689,3.022,3.33310095,2.5714285714285716,5.0,2.220038609702865,90.82142857142857,127.05,76.89164337838392,2.61,2.55,1.3223085872821063,2866.8571428571427,4158.162059646751,1065.4,1495.8702350137194,-3.992857142857143,1.587981647968803,0.39650010767328336,0.2593620584880792,3.142857142857143,1.927248223318863,1.8571428571428572,0.46291004988627577,0.0,5.06791379998879,4.923163777651527,16.419838960583434,0.5538111279468177
-506.6292093,585.8201112752612,-1.8156306434642842,3.2348,0.84590854,1.7142857142857142,2.0,0.8944271909999159,95.91428571428571,92.6,54.9146246458992,2.1185714285714288,2.62,1.5504257479802122,3908.0,8333.308922630913,746.657142857143,804.9060665692613,-3.1900000000000004,2.3635312564042814,0.19268540608817736,0.18914537780209054,3.2857142857142856,1.4832396974191326,1.5714285714285714,0.6324555320336759,0.0,4.35163779543542,3.2546706965519556,20.92214683125933,1.019364805127471
-398.19253619,176.75970785828287,-2.318079119468748,3.886599999999999,1.17998316,1.6,2.0,1.0690449676496976,126.39000000000001,181.05,80.1570823891617,2.752,2.55,1.326633763650369,2813.2,4380.858559036769,674.3199999999999,1079.2000688340547,-4.0760000000000005,1.632998993963473,0.23110015074259685,0.2558771041932591,3.2,2.138089935299395,1.8,0.5345224838248488,0.0,5.834198029784078,4.965564893207321,17.675970785828287,0.5738268163190288
-776.02533939,260.6270713042678,-3.823918631500001,4.6014,2.47366841,4.4,7.0,4.268749491621899,97.73,111.4,72.27673284751539,2.591,2.2199999999999998,1.4224450780258617,4623.2,7339.970753801861,1416.02,2230.578601070932,-5.0120000000000005,0.6494955307347731,0.410213605331611,0.30099554116846783,3.0,1.8257418583505536,2.3,0.6236095644623235,0.0,5.385067862308019,4.965751106082984,13.03135356521339,0.666830010882652
-519.51770389,50.02428543740265,-1.431450102399425,0.28949999999999904,2.75576796,2.5,4.0,1.8973665961010275,101.9,141.0,74.84095135686077,2.59,1.89,1.0885219336329424,6236.0,7654.483235333395,1237.35,1451.7455686173112,-4.415,2.892493733787508,0.07910314718321129,0.19510857728868394,3.25,1.6431676725154984,2.5,0.6324555320336759,0.5,5.534380401061207,6.466486931632507,12.506071359350663,0.6089218886959121
-561.1594732,205.82626822115904,-2.591207236500001,0.0,3.74590434,3.6,7.0,3.6449573777637356,103.25999999999999,111.4,63.42518652486791,2.684,2.2199999999999998,1.2683397471835827,5653.2,9117.379416727781,1415.92,2176.591526742148,-5.0200000000000005,0.3541589635016618,0.25060601168233276,0.32785345089593065,3.0,1.6903085094570331,2.4,0.6546536707079771,0.2,5.691693728783231,6.319803575756178,10.291313411057953,0.7277857301844105
-603.12091222,264.57220185605274,-2.235131224999993,0.5192999999999991,6.2679598,3.0,5.0,2.581988897471611,119.63333333333333,90.4,47.82535357364799,2.9066666666666663,1.81,1.0803600222970942,7231.333333333333,14075.676956288029,983.4666666666667,1934.8819131352118,-5.008333333333334,0.7561488683527278,0.050300222798834206,0.3778578454801819,2.8333333333333335,1.7159383568311666,2.1666666666666665,0.5270462766947298,0.16666666666666666,6.204852537744315,5.9423945580201165,11.023841744002198,0.4035973513139959
-250.56301711,104.29367122360046,-1.06833911,0.0,4.57043271,2.0,0.0,0.0,127.81818181818181,29.0,20.506096654409877,2.744545454545454,1.53,1.0818733752154177,7939.272727272727,12005.258930985203,1497.3818181818183,2189.0611731973136,-4.380909090909091,0.9475230867899738,0.16237002387781718,0.10520755240045612,2.909090909090909,1.414213562373095,2.4545454545454546,0.7071067811865475,0.45454545454545453,5.90281744427488,6.200943777574801,9.481242838509132,0.5461371235440856
-298.49151823,509.0713463077973,-2.478708671899999,3.5108,0.57022846,1.8666666666666667,3.0,1.2307338795828044,102.97333333333333,92.6,57.39536771634204,2.1866666666666665,2.62,1.570649921679108,7728.933333333333,21463.766229734843,877.9599999999999,1287.1286381618856,-3.4833333333333334,2.530281314283407,0.2742998806766821,0.08169572093919074,2.933333333333333,1.1943494414262914,1.6,0.6301260378126043,0.0,4.502986529096408,2.6275023114776364,16.969044876926578,1.1200686936553463
-314.5298203,106.7884172544058,-1.338735045400001,2.0773,-0.13230634,1.2,2.0,0.9354143466934854,75.76,141.0,70.15436550921119,2.104,2.62,1.4660661649461801,1478.8,1282.8460546768658,574.856,527.604193122079,-2.4859999999999998,2.5809470161163715,0.23528005662481083,0.04987168723703508,3.6,1.8708286933869709,1.8,0.9354143466934854,0.0,4.447148379109938,4.832652379522349,21.35768345088116,0.9846685924770979
-375.22362992,272.1124358142246,-2.9836072214942533,1.8237,1.88602483,3.75,6.0,3.7090622611575097,95.89999999999999,141.0,91.52007742254467,2.8074999999999997,1.9,1.2829491694640793,5923.0,11730.700556354559,1144.6333333333334,2183.492040876593,-5.3,0.8046010546493566,0.16442244947654672,0.1360579013487707,2.6666666666666665,1.3522468075656264,2.3333333333333335,0.6761234037828133,0.3333333333333333,5.847859841506415,3.9852854908327586,11.338018158926028,0.39112060867322224
-437.18451803,115.40065872957562,-1.9970684222222221,0.523699999999999,1.1243986,3.0,6.0,3.0740852297878796,118.39999999999999,90.4,52.51765417457257,2.8666666666666667,1.81,1.1585400295199126,6670.222222222223,13509.654244280273,1233.4666666666667,2308.2780634057067,-4.878888888888889,1.542251600744833,0.059274907861013845,0.39619137155460593,2.6666666666666665,1.3416407864998738,2.3333333333333335,0.6708203932499369,0.3333333333333333,6.050795185296569,3.7617384084895433,12.822295414397281,0.314960560934753
-545.2656108,134.06377366980044,-1.5651373466666652,0.0,6.07802721,2.3333333333333335,1.0,0.6666666666666667,129.48333333333332,37.8,23.185687635071577,3.015,1.3900000000000001,0.8551705482923666,7048.0,13676.394651612927,1031.4666666666667,2069.9136256804964,-4.718333333333334,0.5451860029180663,0.03691399261457592,0.4140804521400261,3.0,2.0,2.1666666666666665,0.5270462766947298,0.16666666666666666,6.380492325270177,7.150870696600975,11.171981139150036,0.398245689262096
-344.66087399,172.87635982121907,-1.3100962353906231,1.6838000000000002,-0.08181014,1.6666666666666667,2.0,1.0540925533894598,126.5,195.0,84.72602905837142,3.0,1.75,0.9474527252938094,2098.0,3769.947479740268,393.1333333333334,606.7908078114272,-4.058333333333334,2.138417119688714,0.20000000000000032,0.18165902124584948,2.8333333333333335,1.7159383568311666,2.1666666666666665,0.5270462766947298,0.0,6.638263209121673,4.905812890946301,14.406363318434922,0.2960297427589416
-391.62588125,75.13526132667413,-3.207111031999999,0.0,1.9401584600000001,3.0,9.0,4.140393356054125,91.01,127.05,81.8341353854595,2.5140000000000002,2.55,1.5284819733504031,4933.2,8419.05875295536,1103.3200000000002,1707.011905557277,-4.404,1.6543794693393137,0.3430517067241464,0.18603126923756527,3.2,2.138089935299395,2.0,0.8451542547285166,0.0,5.219734079824372,5.089365186976302,15.027052265334826,0.8185422862323457
-147.71348125,197.76519734263016,-1.9233487985517241,1.5152,0.7175575200000001,1.2,2.0,0.9354143466934854,80.31,127.05,64.42971461212598,1.9259999999999997,2.55,1.545327635163495,2728.8,3552.588000317515,927.0799999999999,965.6614391182864,-2.874,2.183139940544353,0.26548710163356193,0.1725130358894289,3.2,1.8371173070873836,1.4,0.6123724356957945,0.0,4.149934025946762,3.615630366009401,19.776519734263015,0.9334036059811273
-691.32347874,311.0802979650295,-2.3815041635,0.0,3.01105195,1.65,3.0,1.3606437268261486,99.5375,135.97,76.81529641623153,2.6045000000000003,2.49,1.4422359704967127,3768.2,5950.507459622837,743.42,1076.4890609654972,-4.023000000000001,1.8665722305584354,0.21734097086613477,0.3449802360468073,3.35,2.2571208639757407,1.75,0.5812381937190964,0.0,5.410075673827872,6.7100169365127575,15.554014898251475,0.7389757819523485
-354.80950276,72.82143907393863,-2.107482005,0.6519,5.59411961,2.6666666666666665,2.0,1.4142135623730951,129.76666666666668,33.7,23.82949852598665,2.9466666666666668,1.48,1.0465180361560904,2481.3333333333335,4792.769762882419,1018.4666666666667,1969.1509642482974,-4.65,0.7212489168102785,0.2135020216251514,0.034997497154174335,3.0,2.1213203435596424,2.0,0.0,0.0,6.217757544908528,6.873191565905563,12.136906512323106,0.4004207577312871
-694.91801574,168.1248937093548,-3.346563131380951,1.2267000000000001,3.28430992,3.4285714285714284,5.0,3.5355339059327378,109.57142857142857,110.0,77.78174593052023,2.8857142857142857,1.94,1.3717871555019021,10444.285714285714,25298.866417292298,1701.857142857143,3988.647931317077,-6.198571428571428,2.9910616844190963,0.27900481771984836,0.12128073622180309,3.142857142857143,2.8284271247461903,2.2857142857142856,0.7071067811865476,0.2857142857142857,6.337331651113998,8.72898921823449,12.00892097923963,0.3576388223540068
-454.46181903,43.453575205003915,-2.8236427075,2.0906,1.72769767,1.0,2.0,1.4142135623730951,77.475,127.05,89.83791654975086,2.165,2.55,1.8031222920256962,4111.0,5499.876544068967,1116.6,1451.5488004197448,-3.46,2.1637467504308354,0.3827503768564916,0.21602165460805117,4.0,2.8284271247461903,1.5,0.7071067811865476,0.0,4.493984206161179,5.859229678931834,21.726787602501958,0.9788503324538809
-547.56044937,132.27154637308448,-2.055167530000002,3.2609,1.58462649,2.3333333333333335,6.0,2.5385910352879693,107.10000000000001,141.0,75.0099993334222,2.9616666666666664,1.79,0.9996138143191989,7206.333333333333,17959.511828307335,1228.1333333333334,2963.143558977714,-5.160983333333333,3.473065649073996,0.1767650000000006,0.31240089455164216,3.0,2.1602468994692865,2.3333333333333335,0.6666666666666667,0.16666666666666666,6.369303731900862,7.865005464428454,11.022628864423707,0.3663842270172291
-568.44082245,192.4727450330492,-2.4916120103333332,1.5242,1.0833397,3.2,7.0,3.38296385503074,107.49333333333334,141.0,70.44421486117514,2.8153333333333332,2.13,1.2795492551270922,6808.0,14241.517358296716,1132.3333333333333,2263.1114193287735,-5.021333333333334,1.4780511443063076,0.0694739764062705,0.46788789344170223,2.6,1.2692955176439846,2.2,0.7817359599705715,0.26666666666666666,5.932269024695151,3.3479913931179777,12.831516335536612,0.334639237222072
-129.24156189,68.73744318176621,-0.6799591756250011,0.0,2.97801688,1.5,2.0,1.0954451150103324,121.825,205.3,94.96266108318574,2.79,1.44,0.8316730126678393,5683.5,10509.690366514134,1227.07,2115.0717959256135,-3.4475000000000002,2.427647008936843,0.04840615750425291,0.3529261048538021,4.0,2.5298221281347035,2.5,0.6324555320336759,0.25,6.376756623259508,10.331594546461007,17.184360795441552,0.38192748805482335
-267.35946572,58.97952619838674,-2.5751674474999993,0.0,6.30077611,1.0,2.0,1.2792042981336627,70.5,141.0,90.18390301842321,2.4316666666666666,2.13,1.297986202476044,4236.0,5166.892225770465,696.1,778.9879553275869,-3.22,2.267116711115284,0.3700000000000003,0.1862549572250602,2.6666666666666665,0.9534625892455922,1.8333333333333333,0.8790490729915326,0.0,5.556430144643447,4.561513253464966,9.829921033064457,0.700152532528153
-720.57135324,197.76519734263016,-1.9233487985517241,1.5152,0.7175575200000001,1.2,2.0,0.9354143466934854,80.31,127.05,64.42971461212598,1.9259999999999997,2.55,1.545327635163495,2728.8,3552.588000317515,927.0799999999999,965.6614391182864,-2.874,2.183139940544353,0.26548710163356193,0.1725130358894289,3.2,1.8371173070873836,1.4,0.6123724356957945,0.0,4.149934025946762,3.615630366009401,19.776519734263015,0.9334036059811273
-618.32050184,192.08453575479933,-1.997496740714284,0.0,6.73268483,3.0,3.0,1.5811388300841898,117.3,98.5,44.83804188409659,2.755714285714286,1.8299999999999998,1.054984766308432,3655.4285714285716,5457.839080494352,1271.8285714285714,1805.285486722648,-4.5200000000000005,0.7240511031688301,0.2858588756787012,0.23619790498838347,3.0,1.7320508075688772,2.0,0.0,0.0,5.658160984406661,5.677912568048558,13.720323982485667,0.3887918049733967
-443.54262719,408.70445450679466,-2.908913289962972,2.004,2.78382462,3.2222222222222223,5.0,2.906888370749727,107.96666666666667,110.0,67.67390930040912,2.8355555555555556,1.94,1.2252918019802466,9948.0,21021.79958519251,1689.2444444444445,3364.0026527932464,-5.892222222222222,2.535637000834307,0.23096501089021101,0.19593048600422955,3.111111111111111,2.3664319132398464,2.3333333333333335,0.6708203932499369,0.3333333333333333,6.183680731283896,8.399308442298178,11.35290151407763,0.40395711303363974
-419.45173903,194.48977142107725,-1.055678494285715,0.354299999999999,2.49626729,1.4285714285714286,2.0,1.348399724926484,110.37857142857142,127.05,73.97635525195626,2.8985714285714286,2.55,1.3803260484392808,3687.1428571428573,8882.564228460567,832.8571428571429,1805.8601123715384,-4.245714285714286,1.7934045834668766,0.20115661303201393,0.3313035470197025,3.0,2.393172105652397,2.0,0.7977240352174656,0.14285714285714285,6.031142460261431,5.528203939985471,13.892126530076947,0.5928095978866447
-274.73067937,407.76416541333776,-2.297822475499998,4.2755,-1.89713112,2.6,6.0,2.653955210788148,114.657,138.63,66.04718407254803,2.9799999999999995,2.44,1.158184486318059,8009.4,20225.746100066313,1404.44,3341.1353233138657,-5.63318,3.305921186361645,0.13211800000000062,0.31185442428772053,3.0,2.377430106868229,2.1,0.7939992333804207,0.2,6.187299743610585,4.233189496898351,20.388208270666887,0.25198126280703076
-879.5957799,126.52058400805868,-3.058372138586206,2.5635,3.08823783,3.8,6.0,3.2071349029490923,92.82,141.0,80.74308462206355,2.64,2.11,1.3126037373969996,6973.2,11530.398654984012,1457.32,2447.606717941893,-5.708,1.18545952512698,0.27774330960749777,0.32719128277274484,3.0,1.6903085094570331,2.4,0.6546536707079771,0.2,5.623771802786334,5.096572624625939,12.652058400805867,0.4711787845776276
-840.80823586,130.78614045953398,-2.945962722055546,2.459699999999999,2.77322381,3.5,5.0,3.0276503540974917,109.88333333333333,110.0,63.70088521973441,2.8200000000000003,1.94,1.2417192382606732,9564.666666666666,19727.730443323795,1505.9666666666665,3051.5803312018147,-6.078333333333333,2.3148854063310447,0.23151703113017494,0.13636073773769747,3.0,2.1602468994692865,2.3333333333333335,0.6666666666666667,0.3333333333333333,6.055486624751563,7.5402958301899945,10.898845038294498,0.4263938900401059
-268.51790124,141.91910095383741,-1.772700812777778,0.0,2.363824939999999,1.1111111111111112,2.0,1.2909944487358056,93.36666666666666,127.05,71.29021891185353,2.5977777777777775,2.55,1.3483431190415391,5612.222222222223,8687.847930682643,1245.4444444444443,1743.314914657322,-3.8322222222222226,1.7270724265839772,0.1851325091609103,0.3579792694428807,3.5555555555555554,2.3003622903070435,2.0,0.8660254037844386,0.2222222222222222,5.327573364025853,6.639986939228134,15.768788994870825,0.7805257292607568
-261.86072477,43.453575205003915,-2.8236427075,2.0906,1.72769767,1.0,2.0,1.4142135623730951,77.475,127.05,89.83791654975086,2.165,2.55,1.8031222920256962,4111.0,5499.876544068967,1116.6,1451.5488004197448,-3.46,2.1637467504308354,0.3827503768564916,0.21602165460805117,4.0,2.8284271247461903,1.5,0.7071067811865476,0.0,4.493984206161179,5.859229678931834,21.726787602501958,0.9788503324538809
-256.65103275,245.0251966556528,-1.84087453576923,2.145,2.43214599,2.1538461538461537,3.0,1.0660035817780522,118.52307692307691,141.0,53.0192760829836,2.8484615384615384,2.13,1.0676695096415285,6867.384615384615,12247.249858270594,732.6615384615385,1139.0702947420043,-4.4569230769230765,1.2883498960086326,0.13269966931368957,0.2995254283100227,3.0,1.8829377433825436,1.9230769230769231,0.3692744729379982,0.0,6.250397488342523,4.332817175219411,18.84809205043483,0.2957067254969634
-565.75835032,134.06377366980044,-1.5651373466666652,0.0,6.07802721,2.3333333333333335,1.0,0.6666666666666667,129.48333333333332,37.8,23.185687635071577,3.015,1.3900000000000001,0.8551705482923666,7048.0,13676.394651612927,1031.4666666666667,2069.9136256804964,-4.718333333333334,0.5451860029180663,0.03691399261457592,0.4140804521400261,3.0,2.0,2.1666666666666665,0.5270462766947298,0.16666666666666666,6.380492325270177,7.150870696600975,11.171981139150036,0.398245689262096
-604.82448478,429.5219768733596,-1.372878197773443,3.0515,1.45977848,1.75,2.0,0.9074852129730301,136.875,195.0,77.57633811475067,2.99375,1.79,0.8670690996278277,2407.5,3947.3139042674993,443.375,631.7030342885902,-4.147500000000001,1.7300221011849055,0.18000000000000033,0.2169304578186562,2.75,1.3284223283101428,2.125,0.45374260648651504,0.0,6.6805619311922975,4.690653337794023,13.422561777292486,0.2567611643751466
-310.82038946,415.7907225286904,-2.562479393333333,0.0,4.341172,3.3333333333333335,8.0,3.9686269665968856,108.66666666666667,122.9,63.96484385973282,2.6355555555555554,2.08,1.1915186388247003,6590.0,9333.54353929953,1450.7777777777778,1976.5069925671062,-4.361111111111111,1.6200398657646258,0.24937269502440992,0.18931058792089797,2.888888888888889,1.2909944487358056,2.4444444444444446,0.6454972243679028,0.2222222222222222,5.616678137591296,4.744516363944625,11.549742292463623,0.5719266828987977
-426.8943416,77.29908558651587,-1.447628566500001,0.0,1.91578066,2.0,2.0,0.8451542547285166,112.22,94.1,50.686036397752446,2.632,2.62,1.4162929479050985,2751.2,5539.096264605935,613.72,933.3574051317564,-3.998,2.0861344977870298,0.12992872459836685,0.3054890645841803,3.4,2.32992949004287,1.8,0.5345224838248488,0.0,5.282527554092464,7.356434062529205,15.459817117303174,0.9603375751109552
-223.52393386,585.8201112752612,-1.8156306434642842,3.2348,0.84590854,1.7142857142857142,2.0,0.8944271909999159,95.91428571428571,92.6,54.9146246458992,2.1185714285714288,2.62,1.5504257479802122,3908.0,8333.308922630913,746.657142857143,804.9060665692613,-3.1900000000000004,2.3635312564042814,0.19268540608817736,0.18914537780209054,3.2857142857142856,1.4832396974191326,1.5714285714285714,0.6324555320336759,0.0,4.35163779543542,3.2546706965519556,20.92214683125933,1.019364805127471
-298.72999694,608.49396671114,-1.455973666051723,0.7846000000000001,0.27174718000000003,1.2,2.0,0.9354143466934854,77.52000000000001,141.0,69.12608046171864,2.086,2.51,1.4247938447368447,2388.8,2782.576414045084,706.48,631.212654340833,-2.6700000000000004,2.372340616353394,0.22838695089096542,0.0840151472971021,3.0,1.3693063937629153,1.8,0.9354143466934854,0.0,4.603119160272694,4.15647749730011,15.212349167778502,0.871215046540009
-387.77328987,284.23135478673646,-2.306927035968752,4.2602,1.86459675,1.6,2.0,1.0690449676496976,124.074,192.63,85.98552519382051,2.774,2.44,1.271658085223495,2921.2,4612.57616274711,597.12,895.7159243548466,-4.0760000000000005,1.632998993963473,0.1820000000000003,0.17121415161804157,2.8,1.3093073414159542,1.8,0.5345224838248488,0.0,5.995115334330203,3.9034417751982398,14.211567739336823,0.4716437685753064
-274.94083704,144.74636089448066,-1.6338325718181812,0.0,0.80900499,2.727272727272727,4.0,2.3533936216582085,127.01818181818182,62.400000000000006,37.01851927388195,3.1045454545454545,1.53,0.8525369380673372,8088.727272727273,20704.81568658327,1414.8727272727274,3445.704490208955,-5.7310727272727275,2.937876740423784,0.12203582295738218,0.3028204091899631,2.909090909090909,2.3858557568108956,2.272727272727273,0.6793662204867574,0.2727272727272727,6.509317286507561,6.359750346701708,13.158760081316421,0.26360741187815084
-537.29664358,64.74041172752274,-0.9266031233333341,0.6463999999999991,4.60796705,2.0,0.0,0.0,162.43333333333334,64.30000000000001,45.46696603029501,3.0533333333333332,1.1600000000000001,0.8202438661763952,6814.666666666667,13985.157918307536,1426.1333333333332,2833.942557639445,-4.5,1.0394469683442251,0.009080097263819495,0.4686418839714781,3.3333333333333335,2.8284271247461903,2.3333333333333335,0.7071067811865476,0.3333333333333333,6.8170741945429345,11.648979399970067,10.79006862125379,0.37428097058018617
-211.80698271,149.23847112129258,-1.021018559729165,0.9659000000000001,-0.56361765,1.5,1.0,0.6324555320336759,114.0,92.6,48.56303120687587,2.4074999999999998,2.62,1.3971793013067437,3518.5,5786.124748050287,911.85,1214.0246109531718,-2.9425,2.595185927828679,0.15449959675832367,0.19963980203949647,3.25,1.6431676725154984,2.0,0.8944271909999159,0.25,4.9718670571956824,3.9826040885859544,18.654808890161572,0.8519127765142133
-411.7662548,86.18009943056134,-2.077012358124999,1.5432000000000001,1.34843143,1.0,2.0,1.2977713690461004,70.5,141.0,91.49288151775006,2.535,1.8699999999999999,1.1749132106805076,3861.0,4728.604289461721,830.35,1143.6284987520617,-3.4400000000000004,2.2399624056995617,0.3203488422280719,0.12119949536101209,2.75,1.2565617248750864,2.25,0.8583950752789521,0.0,5.945582213413536,5.18771965053864,10.772512428820168,0.4570213698789032
-249.12279437,422.2454330523813,-1.316017036939655,1.9715,0.72418833,1.3333333333333333,1.0,0.6030226891555273,110.53333333333335,170.0,81.67505460943718,2.035,2.51,1.4646889213630434,3457.3333333333335,5348.992564450379,1129.5666666666666,1296.1897960070228,-2.44,2.3095572184846485,-0.050406479502302516,0.6931450241912517,3.1666666666666665,1.7188791273808215,1.6666666666666667,0.9534625892455924,0.0,4.427728839517485,4.6866787148175115,17.593559710515887,0.8090330296684785
-722.10458517,386.4233566548507,-3.605859811999999,0.0,6.04245571,4.6,7.0,4.27617987059879,92.03999999999999,133.4,80.66711137224921,2.616,2.2199999999999998,1.3553491906410793,6153.2,10185.572794048312,1487.92,2287.65003317503,-5.204000000000001,0.35229857466967673,0.28211888485905784,0.2731894276354686,3.0,1.6903085094570331,2.4,0.6546536707079771,0.2,5.454972146841745,4.763990717120425,12.88077855516169,0.5999233770456615
-358.46420919,138.80680474007113,-1.046750069285714,0.0,4.96930009,2.0,0.0,0.0,128.57142857142858,29.0,20.50609665440988,2.7842857142857143,1.53,1.0818733752154177,7498.285714285715,12005.258930985205,1416.9714285714285,2189.061173197314,-4.4157142857142855,0.947523086789974,0.16623459394194193,0.10520755240045614,2.857142857142857,1.4142135623730951,2.4285714285714284,0.7071067811865476,0.42857142857142855,5.9859627407857525,5.74407814122496,9.914771767147938,0.49762832451785605
-302.66648848,453.463543407749,-1.8522391850615731,0.0,5.72285837,2.7142857142857144,3.0,1.3627702877384937,110.05714285714285,141.0,63.31756695984366,2.7728571428571427,1.89,1.039319832527848,7641.142857142857,11639.455387357508,916.4,1276.7906484619944,-5.024285714285715,1.164685733209975,0.08013857495539753,0.23590954744161502,3.142857142857143,1.7928429140015905,2.142857142857143,0.46291004988627577,0.14285714285714285,6.010604238582372,5.309108244954563,16.19512655027675,0.35860220056057046
-404.91335166,90.81177964681467,-2.394458980833334,0.2353,3.05120574,1.0,2.0,1.2792042981336627,81.12666666666667,135.97,79.35205021124074,2.4033333333333333,2.49,1.4292146603832978,5561.0,7772.144772431633,1136.1000000000001,1498.1638634736125,-3.5283333333333338,1.9340877577156252,0.23961394980454132,0.33705962598966044,3.5,1.9188064472004938,1.8333333333333333,0.8790490729915326,0.16666666666666666,5.0062662978579215,6.027966004177346,15.135296607802445,0.8944766853720272
-371.24641256,188.7890468955709,-1.9652311190160092,0.31959999999999905,1.95516146,2.7142857142857144,4.0,1.9639610121239315,87.48571428571428,141.0,84.09861558228614,2.525714285714286,2.62,1.4280381147374384,4231.142857142857,7562.870600128348,865.8285714285714,1298.563278616575,-4.997142857142857,2.4046071850274657,0.16312176010669324,0.1599853010611151,2.857142857142857,1.3093073414159544,2.142857142857143,0.8451542547285167,0.2857142857142857,5.2376684715019834,3.746491820325372,13.484931921112198,0.7543809839853515
-299.91946861,200.4044060247718,-1.571547349999999,1.1076,-0.16252127,2.9166666666666665,5.0,2.58291087175469,128.64166666666668,158.5,62.11579394278767,2.92,1.78,1.1009398582250403,6314.666666666667,12686.736092695957,1056.8833333333334,1961.9134431176403,-5.23,2.317851221652133,0.0652012471323906,0.5817729093097036,2.8333333333333335,1.8361450300639575,2.3333333333333335,0.6761234037828133,0.25,6.178307990511824,3.9851238583823894,16.70036716873098,0.2596067929431792
-379.46045337,498.9382964624441,-1.82219273952381,0.9483,2.9557062,1.4285714285714286,3.0,1.4113126084211551,90.4,141.0,87.15445870482557,2.710952380952381,1.79,1.1411721038002127,4453.047619047619,7972.452281265106,622.0190476190476,862.2549267406505,-3.6671428571428573,2.303157312594469,0.25893085002566596,0.2227315511462914,2.9523809523809526,1.5230469891462777,2.3333333333333335,0.6337502222976297,0.0,6.175482271279528,5.946568662481189,11.879483249105812,0.4350814878601702
-851.70219915,131.97929298516317,-3.3855436679166653,3.9016,3.29969821,3.6666666666666665,6.0,3.672290060127915,114.19166666666666,99.9,61.131879688798335,2.793333333333333,2.11,1.3341492741497427,8048.0,16339.560882366804,1488.3833333333332,2892.7008622195476,-5.334166666666666,1.0832405088437191,0.3473703195696056,0.314407440089657,2.9166666666666665,1.8935982376719422,2.25,0.6210590034081188,0.0,5.981656332563398,5.967645518138918,10.998274415430265,0.47140011366127815
-622.53994606,69.89891131305731,-2.767403298055555,1.5783,4.64551689,3.3333333333333335,6.0,3.1269438398822857,113.14999999999999,133.4,68.98674993552505,2.8766666666666665,1.9,1.1396393191610132,4431.333333333333,9679.305163308183,1132.6333333333334,2103.5382536204197,-4.916666666666667,0.6694608112337702,0.1922869674553401,0.0915945546166725,2.8333333333333335,1.7159383568311666,2.1666666666666665,0.5270462766947298,0.16666666666666666,6.011508410437915,5.477597925464092,11.64981855217622,0.39890758057811904
-205.72410593,216.56275852085403,-0.9115316718750011,0.0,3.8654609300000002,1.5,2.0,1.0954451150103324,98.5,141.0,73.47652686402645,2.6975,1.53,0.9400585088174034,4983.5,8985.356509343412,999.07,1621.2406896941613,-3.48,2.4302427862252776,0.17689959768918784,0.0772155416607556,3.5,2.0976176963403033,2.5,0.6324555320336759,0.25,6.011144122543804,8.933862432942597,13.535172407553375,0.484898127250168
-852.56020109,105.73376293730534,-2.268996668999999,2.007799999999999,2.06965603,3.2,3.0,2.121320343559643,96.16,112.1,79.26667017101198,2.7880000000000003,1.63,1.1525840533340723,2369.2,3795.7492014093873,1044.92,1687.7224653360518,-4.206,1.3859292911256333,0.40200000000000014,0.3040559159102149,2.8,1.4142135623730951,2.0,0.0,0.0,5.317509695184603,5.887588007758966,10.573376293730535,0.3994916973692873
-264.82958008,115.7161805496547,-0.46954475916666605,0.6522999999999991,1.78974023,1.5,1.0,0.6324555320336759,157.6,97.20000000000002,48.27487959591407,2.8375,1.51,0.8094627848147189,6061.0,7405.286868177356,1436.1,1730.5034227068145,-2.915,2.627264737326637,-0.22933764852800265,0.7739683903495773,3.75,2.2583179581272432,2.5,0.6324555320336759,0.25,6.176718862702974,9.667192580872468,14.464522568706837,0.5059419799085557
-372.31942382,152.97874422435984,-1.078691433571428,0.125,2.95619077,1.7142857142857142,2.0,0.9258200997725515,112.57142857142857,141.0,63.05892935523542,2.7528571428571427,1.75,1.0534636748771713,5941.142857142857,9804.168588630335,1110.4,1787.7652977949874,-4.024285714285715,1.8513084176178904,0.2046325864374852,0.11637222245065294,3.0,1.5811388300841898,2.4285714285714284,0.6546536707079772,0.2857142857142857,6.004620337097231,6.378124522364771,10.927053158882845,0.5207211689824379
-139.42454863,44.99605581221014,-0.946948687499999,0.0,5.63289277,2.0,0.0,0.0,149.825,93.30000000000001,43.192441468386576,2.7675,1.53,0.8665967920549903,9411.0,11690.524094325283,1866.1,2283.0817103205045,-4.2875,0.8904998596294108,0.027113586080663943,0.34452059513281286,3.5,2.0976176963403033,2.5,0.6324555320336759,0.5,6.1104247925900355,10.546314260253977,11.249013953052534,0.4983002701891494
-788.54299108,133.06058275559766,-3.039436780388889,1.8279,3.29941421,3.6666666666666665,5.0,3.3333333333333335,107.60000000000001,110.0,67.2775346357658,2.815,1.94,1.2511261593726934,9948.0,20184.655161780694,1628.6333333333332,3188.7628715712167,-5.858333333333334,2.1855040100118277,0.1449240455904972,0.3877615836559874,3.0,2.1602468994692865,2.3333333333333335,0.6666666666666667,0.3333333333333333,6.033189246371187,7.385085501650276,11.088381896299806,0.4012482047239589
-614.715996,297.31806168023536,-2.140810158214286,0.7214,2.65008191,1.5714285714285714,3.0,1.3887301496588271,89.67142857142858,141.0,82.60589307929895,2.608571428571428,2.13,1.291170565251326,4926.857142857143,7811.844962253521,898.1142857142858,1444.1102164110803,-3.955714285714286,2.026843076595437,0.2736644819961374,0.2753374723908064,2.5714285714285716,0.9636241116594315,1.8571428571428572,0.8451542547285167,0.14285714285714285,5.725701692113144,3.8322621962664614,10.618502202865548,0.56773467553048
-269.68978403,327.9206233179676,-1.641727215000003,2.194499999999999,4.50689941,2.4,1.0,0.7071067811865476,121.08,49.8,35.21391770309007,2.872,1.42,1.0040916292848974,4493.2,7550.486209509955,788.92,1235.174125376661,-4.618,0.6576093065034897,0.007879868537647638,0.3926566279876927,3.6,2.8284271247461903,2.0,0.0,0.0,5.91840320230976,9.438175814451727,16.39603116589838,0.4516813250187892
-218.87921827,291.9020885644545,-3.010709257499999,2.8163,1.99983909,1.0,2.0,1.2649110640673518,74.58,138.63,84.17485087601878,2.1925,2.55,1.578743171006608,4246.0,5095.7277792284,1020.1,1188.8404501866514,-3.46,1.9353139280230482,0.3213751884282459,0.15941519410396335,3.5,2.0976176963403033,1.5,0.6324555320336759,0.0,4.649454607595298,4.7649291279877835,18.243880535278407,0.9300152668046425
-917.13926894,270.9121553948899,-3.812364923999999,4.1704,2.09226381,2.8,8.0,3.625307868699863,85.606,141.0,90.68462761523743,2.5140000000000002,2.49,1.5227231246309074,6833.2,13105.815786457988,1360.3200000000002,2484.700083079876,-4.954,2.7220344282487368,0.3849696638992441,0.2686717576787315,3.4,2.32992949004287,2.0,0.8451542547285166,0.0,5.30552983409664,7.701226062859422,13.545607769744496,0.765165944500387
-309.53140734,289.0372280681903,-2.264222731499998,0.665299999999999,4.01088681,1.8,3.0,1.3093073414159542,103.31400000000001,138.63,72.20294790182936,2.668,2.44,1.3349799356437642,4021.2,6297.369201273089,772.92,1117.8741764106164,-4.192,1.5861543790834847,0.13093993426882394,0.3064159007740049,3.2,2.138089935299395,1.8,0.5345224838248488,0.0,5.580946415913826,6.8264436837758,14.451861403409515,0.6130787442421691
-843.10253233,137.22105676351921,-1.918304684166666,0.0,4.04805222,2.8333333333333335,4.0,2.068278940998476,117.71666666666665,77.3,46.96228392136727,3.0,1.56,0.9015542135667716,8681.333333333334,18578.157832369827,1564.8,3138.2868957442365,-5.724316666666667,2.5432158781310283,0.08770689566216057,0.2944439882069096,3.0,2.1602468994692865,2.3333333333333335,0.6666666666666667,0.3333333333333333,6.269053301812968,7.4245877756069785,11.435088063626601,0.35316888979942623
-248.71079802,79.97569649952503,-1.274736737783332,0.0,1.13954676,2.4,4.0,1.8126539343499315,100.06,112.1,67.50860262641665,2.584,2.62,1.4585119618491795,1251.2,1729.6618992491815,729.52,1184.3412828596809,-3.754,2.1383003931694375,0.2750015944898503,0.09315885060868552,3.0,1.6903085094570331,1.8,0.5345224838248488,0.0,5.0106073608360955,4.192360060702172,15.995139299905006,0.7866778037686692
-784.21438412,582.8809764099692,-2.316224642115383,0.0,5.48222501,3.4615384615384617,6.0,2.8385106758902383,106.2703846153846,135.97,58.42896645867161,2.659615384615385,2.49,1.2798465309782823,8320.384615384615,13538.258155527774,1248.0,1908.6048469272746,-5.747307692307692,1.9068017351426072,0.17839989724130267,0.14276983792237505,2.8846153846153846,1.4589624493356326,2.3461538461538463,0.7653197277702214,0.38461538461538464,5.5348123632886725,4.829206910787045,11.209249546345562,0.5559365005152571
-396.54258053,126.69864603214664,-2.897675411874999,2.941299999999999,4.8650930599999995,1.0,2.0,1.2977713690461004,72.38625,141.0,89.06738925637917,2.24,2.49,1.5638818100449514,4198.5,5168.07849867057,836.1,974.9367029386277,-3.3175,2.1712353990055377,0.3759540302467753,0.18999880386466922,3.25,1.8064212949190015,1.5,0.6488856845230502,0.0,4.8239872003968856,4.602410799998401,15.83733075401833,0.9336109761027
-760.89621236,131.36462388371612,-3.55875977333333,4.1495,3.01747659,3.3333333333333335,6.0,3.1269438398822857,123.11666666666667,99.9,52.012461113766875,2.8316666666666666,2.11,1.238720217715759,12014.666666666666,26426.778371778713,1369.3,2631.3306025659335,-5.33,0.8333466665600013,0.3454199269360088,0.26094937840917143,2.6666666666666665,1.5634719199411433,2.1666666666666665,0.5270462766947298,0.0,6.155638167489276,4.6342552836731725,10.947051990309676,0.3774673103057293
-480.04858693,386.8345933490016,-1.859907702999998,3.7256,1.48502834,2.6,6.0,2.653955210788148,113.08,141.0,68.58088845202842,3.005,1.79,0.9987655424050492,8090.4,20808.76574489912,1163.54,2803.979585145556,-5.0956,2.3374072592623163,0.1570800000000004,0.3016379401808096,2.8,1.8415494421345537,2.3,0.6756639246921763,0.2,6.309213654370802,3.170408482082519,19.34172966745008,0.21807535981053208
-310.33111107,265.17950377464143,-3.5086665855,4.311599999999999,1.9742306200000002,3.6,7.0,3.0550504633038935,100.31,111.4,67.98685739007045,2.669,2.2199999999999998,1.2931937209869215,4483.2,7106.789679986004,1252.6200000000001,1961.1467070738656,-4.664,0.8459971105808288,0.4207378684438705,0.3185007613852804,2.6,1.247219128924647,2.1,0.40824829046386296,0.0,5.3685447140146625,3.329436104428271,13.258975188732071,0.4102985970749824
-352.66829971,224.18182162147863,-1.316018186,0.0,2.117454539999999,2.0,4.0,1.6903085094570331,87.74,141.0,87.41925253790332,2.768,1.75,1.1014081895464551,4153.2,7172.180899638746,888.9200000000001,1578.547058893987,-4.376,2.374080273044099,0.17757313677819375,0.22888218710860214,3.0,1.6903085094570331,2.4,0.6546536707079771,0.2,5.999772323813039,6.407273262760114,11.209091081073932,0.5318345133052234
-533.61315233,596.8276909170065,-3.953871922749999,4.097300000000001,1.5409672300000001,4.8,7.0,4.949747468305833,96.44,111.4,78.7716954241814,2.552,2.2199999999999998,1.5697770542341354,4693.2,7904.039600103229,1497.72,2488.167341639223,-5.186000000000001,0.34648232278140845,0.40495147377548124,0.30927343371305727,3.2,2.1213203435596424,2.4,0.7071067811865476,0.0,5.393348497105174,5.026122839880902,14.920692272925162,0.6912867587908417
-498.83742698,149.67360981603022,-2.213717543749994,3.056,2.6938652,1.75,2.0,0.8583950752789521,105.75,81.4,48.91715875899408,2.34375,2.46,1.4848560093224705,3698.5,8024.382816076721,883.225,1033.7594095543243,-3.7075,1.8912067993465804,0.17186204238789624,0.1664086911524522,2.375,1.287592612918428,1.625,0.6282808624375432,0.0,5.054260774770757,4.583776092559978,9.354600613501889,0.7309146476314189
-550.60670997,66.65611286382992,-1.8344014733333331,1.0037,4.58858104,2.5,2.0,1.0801234497346432,113.81666666666666,125.3,65.05210304910295,2.94,1.6099999999999999,1.0040252320866576,5731.333333333333,11278.859950268812,892.4666666666667,1686.7246024305343,-5.013333333333334,0.7689242124191723,0.10027326819340991,0.2595172365329849,2.8333333333333335,1.7159383568311666,2.1666666666666665,0.5270462766947298,0.16666666666666666,6.3130911020069265,6.018811166985287,11.109352143971654,0.4183143060546915
-345.21511971,356.22925606998524,-1.154143574114583,3.2874,0.27237926,2.0,0.0,0.0,159.0,54.0,38.18376618407357,3.143333333333333,0.8900000000000001,0.6293250352560273,1948.0,3661.398912983943,379.4666666666667,613.627264713686,-4.486666666666667,1.067731239591687,0.13000000000000034,0.21213203435596445,2.6666666666666665,1.4142135623730951,2.0,0.0,0.0,6.943006671749249,4.137816741346638,14.842885669582719,0.18370604955736994
-589.29142527,63.59654676556202,-1.184232334449999,0.0,2.08343411,2.0,2.0,0.8451542547285166,116.22,92.6,48.122640944035595,2.684,2.62,1.38258556955541,4939.2,11251.797773816286,1054.1200000000001,2007.0065883584653,-4.056,2.026954083629636,0.08654360057344297,0.4141312001507386,3.0,1.6903085094570331,2.0,0.8451542547285166,0.2,5.3689080841447,4.9610515070259495,12.719309353112404,0.9060644293436924
-506.1766023,350.3325692370048,-2.150680372890625,3.5358,0.56288783,1.6666666666666667,2.0,1.0540925533894598,127.33833333333332,189.97,82.2273151763519,2.8766666666666665,2.49,1.3023227113294324,2381.3333333333335,4447.195570743931,495.6333333333334,859.3444698011257,-4.1866666666666665,1.7667421367527798,0.22709068010967814,0.23789379469388355,2.8333333333333335,1.7159383568311666,1.8333333333333333,0.5270462766947298,0.0,6.160822574853751,4.371653072983715,14.5971903848752,0.496671637155182
-83.36813426,168.6703061015562,-1.009309497291665,1.0399,-0.59218724,1.5,1.0,0.6324555320336759,113.625,94.1,49.37370757802172,2.4074999999999998,2.62,1.3971793013067437,3483.5,5798.12311011072,894.1,1211.8347808179133,-2.9125,2.6302300279633344,0.15698359155793978,0.20209790358745353,3.5,1.8973665961010275,2.0,0.8944271909999159,0.25,4.925187825621851,4.4367885211755365,21.083788262694526,0.8694884051738663
-374.56179217,993.48557951547,-1.083094576458333,1.580299999999999,1.7312888,1.3333333333333333,1.0,0.5834599659915781,108.05833333333334,94.1,45.330543692849766,2.143333333333333,2.62,1.2518106035794883,6079.833333333333,7400.94550313847,1603.6499999999999,1718.8363439975337,-2.749166666666666,2.029821027641432,0.17182738278780185,0.12240581988982235,3.5833333333333335,1.469549069641809,2.1666666666666665,0.9893045053244824,0.4166666666666667,4.52497172674291,4.266358680740118,20.697616239905624,0.8786594582709611
-634.06174753,313.0478282594146,-1.9033338684051722,1.6205999999999992,3.2008841,2.6666666666666665,3.0,1.5634719199411433,111.2,141.0,72.98767019161524,2.893333333333333,1.89,1.1122249972215354,5631.333333333333,11139.354339956653,759.1333333333333,1351.7888954188734,-5.175,1.2209217829164978,0.12119934990304874,0.22494576697933263,2.8333333333333335,1.7159383568311666,2.1666666666666665,0.5270462766947298,0.16666666666666666,6.2279290630562985,5.1070090402951545,13.043659510808938,0.3562804540375874
-246.73647566,74.54787045732388,-2.375606296999999,0.0,6.7212011700000005,1.8,3.0,1.3093073414159542,106.24600000000001,135.97,70.40058421023832,2.664,2.49,1.3524211093970906,5673.2,10199.997563024917,757.12,1094.9363399629353,-4.154,1.7132383705385879,0.2072636011855117,0.2892363965538042,3.2,1.9639610121239315,1.8,0.5345224838248488,0.0,5.693562090100437,5.733048495771179,14.909574091464776,0.6572247862815532
-312.03089165,64.74041172752274,-0.9266031233333341,0.6463999999999991,4.60796705,2.0,0.0,0.0,162.43333333333334,64.30000000000001,45.46696603029501,3.0533333333333332,1.1600000000000001,0.8202438661763952,6814.666666666667,13985.157918307536,1426.1333333333332,2833.942557639445,-4.5,1.0394469683442251,0.009080097263819495,0.4686418839714781,3.3333333333333335,2.8284271247461903,2.3333333333333335,0.7071067811865476,0.3333333333333333,6.8170741945429345,11.648979399970067,10.79006862125379,0.37428097058018617
-487.06132952,250.70444468914786,-1.9987005900000012,1.5908,1.5137577800000002,2.888888888888889,4.0,1.949358868961793,128.43333333333334,69.1,31.182398881420266,2.98,1.4300000000000002,0.92755323297372,11214.666666666666,22182.038179572228,1293.2444444444445,2521.4963192517257,-5.099777777777778,1.216210836985101,0.16116904737093435,0.20413646865404284,2.7777777777777777,1.61245154965971,2.111111111111111,0.4472135954999579,0.1111111111111111,6.271562415299118,4.467100753437842,13.928024704952659,0.27571257800211574
-919.65679161,567.4942760685396,-2.66828517401515,2.5208,6.3778252,3.272727272727273,6.0,3.107450723664013,107.69090909090909,133.4,69.8004118899022,2.8363636363636364,1.9,1.1158740968406784,5523.090909090909,10170.227959588714,1038.6727272727273,1867.2608109875812,-4.926363636363636,0.6366243986841852,0.096893711127401,0.28852137787577614,3.090909090909091,2.1505813167606567,2.1818181818181817,0.5303300858899106,0.18181818181818182,5.860181274841811,7.323306896089375,12.8975971833759,0.4485409173249824
-299.41533373,142.59546003697025,-0.8797196933499991,0.5612,0.47419197,1.2,1.0,0.5345224838248488,101.8,174.4,93.98388919688007,1.688,2.62,1.4706266885728878,3942.4,5820.941111931252,1263.04,1338.642546974893,-1.8399999999999999,2.105452106182559,-0.04106341826966094,0.8149970620746755,4.0,1.6903085094570331,1.6,1.0690449676496976,0.0,3.6148665348527227,3.8459224141342596,28.51909200739405,1.0169853068844792
-290.16379886,348.16720829585125,-2.4097787819318333,2.2424,-0.66457689,3.0,6.0,3.030033392919082,107.62272727272726,94.1,60.96851420536217,2.6713636363636364,2.62,1.4410643758809218,5621.727272727273,12892.327326350498,1024.8090909090909,2028.157292390599,-4.663181818181818,2.105343127625369,0.082498586934578,0.40092679931320935,2.8636363636363638,1.627761130882722,2.090909090909091,0.822900573781978,0.22727272727272727,5.443243045656852,3.5059775643015643,15.825782195265965,0.6527945673834887
-218.36879679,266.2174999396318,-2.6373586375,1.7365,4.02610106,2.0,4.0,1.6903085094570331,107.066,135.97,70.37133426129056,2.646,2.49,1.36778235528485,3133.2,4783.27222127877,960.1200000000001,1514.207247562707,-4.1240000000000006,1.7161751492365642,0.2766100291067043,0.15970769399838167,3.2,1.9639610121239315,1.8,0.5345224838248488,0.0,5.537898501887234,6.345516917916609,13.31087499698159,0.7361605941032398
-792.16189276,320.9374642914357,-2.2839396722272722,2.4361,2.91974789,2.5454545454545454,5.0,2.2980970388562794,112.81818181818181,92.6,52.7682788235508,2.767272727272727,2.62,1.380203789300696,6928.545454545455,18228.007670203566,1304.6727272727273,2972.1024994942554,-5.141981818181819,3.5991790613016885,0.1437450858998642,0.2817258505087093,3.090909090909091,2.1505813167606567,2.0,0.82915619758885,0.18181818181818182,5.560326851578176,5.772893592945896,14.588066558701621,0.7238165020553519
-395.75204355,74.54787045732388,-2.375606296999999,0.0,6.7212011700000005,1.8,3.0,1.3093073414159542,106.24600000000001,135.97,70.40058421023832,2.664,2.49,1.3524211093970906,5673.2,10199.997563024917,757.12,1094.9363399629353,-4.154,1.7132383705385879,0.2072636011855117,0.2892363965538042,3.2,1.9639610121239315,1.8,0.5345224838248488,0.0,5.693562090100437,5.733048495771179,14.909574091464776,0.6572247862815532
-307.57443176,34.49840025661019,-3.075623527499999,3.2748,1.66284593,1.0,2.0,1.4142135623730951,73.015,135.97,96.14530903793487,2.195,2.49,1.7606958851545034,4111.0,5499.876544068967,872.6,1106.4806912007095,-3.335,2.3405234457274724,0.3712720403290337,0.19978883541743772,3.5,2.1213203435596424,1.5,0.7071067811865476,0.0,4.654915531852944,4.987595387559458,17.249200128305095,0.9975853971933308
-770.94031214,119.04767656779394,-3.230934103888889,2.5681000000000003,4.04530504,3.3333333333333335,6.0,3.1269438398822857,117.53333333333335,133.4,69.63287856880382,2.8666666666666667,1.9,1.1560469040849701,11631.333333333334,26192.872092316342,1182.3,2189.9066509785293,-5.158333333333334,0.3421906551097566,0.23340682126399193,0.15284066945875346,2.5,1.0801234497346432,2.1666666666666665,0.5270462766947298,0.16666666666666666,6.133143722845853,3.9041939406002686,9.920639713982828,0.34756553706713544
-541.10551372,287.2830710325699,-2.067069726363636,2.782999999999999,1.88574116,2.909090909090909,4.0,2.3858557568108956,126.5909090909091,62.400000000000006,37.476418226358334,3.1090909090909093,1.48,0.8378727643447835,7161.454545454545,20233.10254926888,1386.6000000000001,3414.4458041138637,-5.760163636363637,2.892933946505892,0.13106236953413272,0.3031192765540217,3.0,2.5191573682788944,2.1818181818181817,0.5883484054145521,0.18181818181818182,6.485757733602647,7.102476482859402,13.058321410571363,0.28278916168739543
-519.45985955,97.66062516736574,-0.851877498249999,0.136,3.11928098,1.6,1.0,0.7071067811865476,131.95999999999998,22.599999999999994,15.980613254815971,2.8240000000000003,1.54,1.0889444430272832,5373.2,9106.12112812036,1334.1200000000001,2198.9606681339255,-3.806,2.0930360723121813,0.16096773908083845,0.12203294954144635,2.8,1.4142135623730951,2.4,0.7071067811865476,0.4,6.120938070306107,5.954172773044494,9.766062516736573,0.47770174341867583
-812.93828633,97.49613700077627,-2.673892614586207,1.2511,4.73552803,3.2,3.0,1.9639610121239313,93.1,141.0,80.42565333452825,2.6959999999999997,1.89,1.2179197721642305,4913.2,7750.119372352549,1079.32,1630.3559874193995,-5.136,1.3856818847463819,0.2766844348297604,0.3246069042712926,2.6,1.0690449676496976,2.2,0.5345224838248488,0.2,5.518881891743836,4.425479040540372,9.749613700077628,0.4592921921240958
-680.08503241,88.2693972494368,-2.522986689094827,1.378099999999999,5.56852673,3.0,6.0,2.9664793948382653,105.225,88.2,47.6396788402273,2.3525,2.51,1.4078458722459641,7461.0,14176.494404471086,1588.35,2563.7062382418153,-4.5625,2.6539837979912386,0.2448039349145883,0.08582239722874936,3.0,1.5491933384829668,2.0,0.8944271909999159,0.25,4.986625373340456,5.564450399075284,11.0336746561796,0.8838540557972997
-444.5614261,137.22105676351921,-1.918304684166666,0.0,4.04805222,2.8333333333333335,4.0,2.068278940998476,117.71666666666665,77.3,46.96228392136727,3.0,1.56,0.9015542135667716,8681.333333333334,18578.157832369827,1564.8,3138.2868957442365,-5.724316666666667,2.5432158781310283,0.08770689566216057,0.2944439882069096,3.0,2.1602468994692865,2.3333333333333335,0.6666666666666667,0.3333333333333333,6.269053301812968,7.4245877756069785,11.435088063626601,0.35316888979942623
-252.31184529,60.43460296937859,-2.411118379999999,1.5973000000000002,0.58220938,1.0,2.0,1.2649110640673518,71.0925,141.0,88.43312201884541,2.3825,2.44,1.3688644929283542,4083.5,4913.360520051424,779.35,909.1040402506195,-3.295,2.1642458270723317,0.29500000000000026,0.10334408546211031,3.0,1.2649110640673518,2.0,0.8944271909999159,0.0,5.350456729189392,3.7776461018102188,15.108650742344647,0.6046962294333252
-327.30723445,82.36626947327036,-1.794291299999999,0.0,3.09116558,2.0,3.0,1.224744871391589,133.4857142857143,22.599999999999994,13.048262062709453,2.7800000000000002,1.54,1.0081666528902848,11041.142857142857,22417.121173653984,1419.1142857142856,2029.9800287546814,-4.2057142857142855,1.8304624708370445,0.20886626901879385,0.1543854718496308,2.7142857142857144,1.164964745021435,2.2857142857142856,0.5976143046671968,0.2857142857142857,6.084998885189146,4.418663353480604,11.766609924752904,0.3618760943080176
-428.35037204,274.3952424960578,-2.433770533484848,2.4069000000000003,1.33500756,3.272727272727273,6.0,3.2581259360842107,117.52727272727272,133.4,64.26307708881576,3.070909090909091,1.9,0.9696073749402185,8225.09090909091,20854.35778846308,1448.8727272727274,3489.9893259700116,-5.905618181818183,2.765785861962341,0.11949052180514474,0.30386592950422164,2.909090909090909,2.3858557568108956,2.272727272727273,0.6793662204867574,0.2727272727272727,6.367510008934418,6.578634895389596,12.472511022548082,0.2867707095655833
-463.49733262,50.24692203567436,-0.14281950499999901,0.0,3.83850682,1.6,2.0,1.0690449676496976,117.74000000000001,87.3,45.34452242868717,2.886,1.53,0.914939498390077,6913.2,10953.08470575429,1338.52,2043.1524284091693,-4.292,1.1925482919242427,0.09876191800846224,0.26286836459510765,3.0,1.6903085094570331,2.4,0.6546536707079771,0.4,6.091607945049195,7.0428221969258775,10.049384407134871,0.4878780645973103
-335.77966971,168.6703061015562,-1.009309497291665,1.0399,-0.59218724,1.5,1.0,0.6324555320336759,113.625,94.1,49.37370757802172,2.4074999999999998,2.62,1.3971793013067437,3483.5,5798.12311011072,894.1,1211.8347808179133,-2.9125,2.6302300279633344,0.15698359155793978,0.20209790358745353,3.5,1.8973665961010275,2.0,0.8944271909999159,0.25,4.925187825621851,4.4367885211755365,21.083788262694526,0.8694884051738663
-488.27404026,504.9834938418735,-1.992428717045453,1.8533,1.736854189999999,3.090909090909091,5.0,2.5860201081971503,110.5090909090909,90.4,55.72683655564884,2.827272727272727,1.81,1.119331552758163,7232.181818181818,13041.469884564392,1308.3090909090909,2224.602777463878,-5.106363636363636,0.5867495206644823,0.04521432463572272,0.36571053036582674,2.727272727272727,1.3228756555322954,2.3636363636363638,0.6614378277661477,0.36363636363636365,5.955009432655028,4.363515684287179,11.476897587315307,0.37670482437538105
-272.11496608,341.11013077776954,-2.288425597777783,2.012899999999999,2.97320869,1.7777777777777777,3.0,1.3385315336840844,101.69999999999999,127.05,66.1575888504108,2.557777777777778,2.55,1.3715608505154508,4323.333333333333,6087.5721761634995,934.5555555555555,1233.4531878700004,-4.1033333333333335,1.5839862688798791,0.17448898334602272,0.38135738020247445,3.7777777777777777,2.581988897471611,1.7777777777777777,0.5400617248673216,0.0,5.236739736589251,7.522216218459005,18.950562820987198,0.7158860876009174
-165.11659908,149.26590686018258,-1.024969332333334,0.0,3.39612036,2.0,2.0,0.8451542547285166,127.96,49.8,25.822138895584484,2.854,1.51,0.9598214119601327,4573.2,7123.328395390137,908.5200000000001,1362.922171554299,-3.9480000000000004,2.2163741303566704,0.04953801718563271,0.30818678888982415,3.4,2.32992949004287,2.2,0.5345224838248488,0.2,6.008612354595528,8.117625495525031,14.926590686018258,0.4961468588402669
-268.79739692,546.7806014026972,-1.88502117025,3.8345000000000002,0.00892738,1.8666666666666667,3.0,1.2307338795828044,101.02666666666667,92.6,56.015244773711586,2.201333333333333,2.62,1.5669533008545031,5275.6,13440.715651902401,867.2933333333333,1255.7556485333957,-3.332666666666667,2.3834746632989905,0.23767795073559395,0.05065424305859231,3.066666666666667,1.2833778958394957,1.6,0.6301260378126043,0.0,4.476989729786055,2.987531171963586,18.22602004675657,1.061886030286096
-470.02512309,582.5649805310345,-0.815454045583334,0.7290999999999991,1.530962199999999,1.7,3.0,1.181757895737503,131.1,22.0,10.904760112145903,2.5420000000000003,1.51,0.9632344935970538,8918.8,12137.41154021531,1562.8799999999999,1598.457188062591,-2.7800000000000002,2.7304477339048643,0.048751278608942385,0.2195465997736916,3.7,1.8615899767078976,2.5,0.6565321642986128,0.5,5.5024055048133835,7.707218336609558,14.564124513275862,0.6700489886002369
-1056.6995587,168.1248937093548,-3.346563131380951,1.2267000000000001,3.28430992,3.4285714285714284,5.0,3.5355339059327378,109.57142857142857,110.0,77.78174593052023,2.8857142857142857,1.94,1.3717871555019021,10444.285714285714,25298.866417292298,1701.857142857143,3988.647931317077,-6.198571428571428,2.9910616844190963,0.27900481771984836,0.12128073622180309,3.142857142857143,2.8284271247461903,2.2857142857142856,0.7071067811865476,0.2857142857142857,6.337331651113998,8.72898921823449,12.00892097923963,0.3576388223540068
-173.5816244,113.6752137295987,-2.5005107850000012,2.977899999999999,6.43632044,2.8,3.0,1.558387444947959,111.34,98.5,52.72472989838016,2.79,1.8299999999999998,1.0778285047790699,4453.2,6925.442244775008,979.9200000000001,1511.0338334115108,-4.554,0.7262722826677532,0.216939934268824,0.4422368581673405,3.0,2.0701966780270626,2.0,0.0,0.0,5.632444360845702,8.296037257213657,11.36752137295987,0.4935614489709231
-257.26336071,69.72553757563249,-1.027777795625001,0.3315,0.65702552,1.0,2.0,1.2649110640673518,70.5,141.0,89.1762300167483,2.6425,1.75,1.0182484961933407,2258.5,3138.7500059737154,462.57000000000005,505.4648849524565,-2.795,2.790290307476984,0.24409608455638848,0.08402893316880179,3.75,2.2583179581272432,2.5,0.6324555320336759,0.0,6.043970583415558,8.216295873634063,17.43138439390812,0.4524203976090257
-779.73487632,132.3655227051685,-2.749603696666666,0.0,4.05739303,3.5,5.0,3.0276503540974917,119.06666666666666,76.7,44.76037434060523,2.8366666666666664,1.8399999999999999,1.2069152598440556,8031.333333333333,15829.016028940157,1386.9666666666665,2728.119618182295,-5.715,1.453587515998492,0.22347228119875343,0.1173499309731665,2.8333333333333335,1.7159383568311666,2.3333333333333335,0.6666666666666667,0.3333333333333333,5.984904053158988,5.241345892059375,11.030460225430708,0.42130616835991885
-399.31557934,388.28158042161505,-1.1872659216666661,0.0,3.64466633,1.8,3.0,1.3093073414159542,114.8,151.0,76.87838262012095,2.842,1.75,1.0021548212298763,6593.2,13342.820712706462,1202.3200000000002,2388.778992348542,-4.33,2.3204679331056113,0.16908452111844977,0.25079337397634816,3.4,2.32992949004287,2.4,0.6546536707079771,0.2,6.346996489131861,9.048323866236137,12.942719347387168,0.44223877700677033
-275.05102328,403.0729812191699,-2.510967219583333,0.18030000000000002,1.7772080300000002,1.4166666666666667,3.0,1.4096735392208677,91.52666666666666,135.97,85.0882574079288,2.4916666666666667,2.49,1.5701428973022544,3704.5,5690.41224679386,757.3666666666667,1074.485212459842,-3.8091666666666666,2.07389977009745,0.2779063328313658,0.3038579841258803,3.3333333333333335,2.172083957389474,1.6666666666666667,0.6405126152203485,0.0,5.19781976036892,5.532393909391282,16.794707550798744,0.7816550816436332
-222.83765932,152.21112650864933,-1.1440430680624991,1.4264000000000001,0.21081779,1.5,1.0,0.6324555320336759,138.3,174.4,78.06879017891849,2.56,2.62,1.353041019333856,3818.5,6432.843819027476,1085.35,1569.7131699772415,-3.0075000000000003,2.508168654616352,-0.13133325906170107,0.8248382007081306,3.5,2.0976176963403033,2.0,0.8944271909999159,0.0,5.308099139637393,5.848852255978075,19.026390813581166,0.7452515656391464
-137.96421276,116.260355946894,-0.8891108574999991,0.8955000000000001,1.76975033,1.25,2.0,1.0488088481701516,126.2,222.8,101.38260205774954,2.7775,1.75,0.9201901977308822,4811.0,6432.905533271883,1087.35,1569.610523665027,-2.965,2.5615854465545356,-0.11258525217401358,0.8404897862966915,3.75,2.2583179581272432,2.5,0.6324555320336759,0.0,6.196810685643527,9.751712753907059,14.53254449336175,0.4767589599515305
-781.09579164,132.3655227051685,-2.749603696666666,0.0,4.05739303,3.5,5.0,3.0276503540974917,119.06666666666666,76.7,44.76037434060523,2.8366666666666664,1.8399999999999999,1.2069152598440556,8031.333333333333,15829.016028940157,1386.9666666666665,2728.119618182295,-5.715,1.453587515998492,0.22347228119875343,0.1173499309731665,2.8333333333333335,1.7159383568311666,2.3333333333333335,0.6666666666666667,0.3333333333333333,5.984904053158988,5.241345892059375,11.030460225430708,0.42130616835991885
-376.25556208,637.0390587018919,-2.944955424687499,0.0,4.29321131,1.625,5.0,2.045534288716713,81.04375,127.05,78.63217794195158,2.255,2.55,1.564245235854895,4448.5,5588.972563520908,1197.725,1460.266288261007,-3.6862500000000002,1.83848836648052,0.40581278264236875,0.23965372178426167,3.625,2.422482415340012,1.625,0.6282808624375432,0.0,4.597375085143218,5.24416799156141,19.907470584434122,0.8582811197710617
-571.1881176,161.0288658479818,-2.030379208571428,1.5793,1.5750321,2.5714285714285716,5.0,2.220038609702865,88.82857142857142,141.0,80.56179970326241,2.724285714285714,1.75,1.0943687025599997,2624.0,3680.5469702205946,907.8285714285714,1379.8671271435626,-3.847142857142857,1.9485085871726904,0.37000000000000016,0.24849547279578313,3.0,1.5811388300841898,2.142857142857143,0.46291004988627577,0.0,5.457326676970365,6.514222163040496,11.502061846284414,0.46728504013850164
-777.42191243,119.77140138378309,-3.430814742857144,2.9787999999999992,1.8792550000000001,2.2857142857142856,8.0,3.295017884191656,90.42857142857143,127.05,78.04026090056703,2.41,2.55,1.5835719118499165,5412.571428571428,9541.038068709895,1332.685714285714,2162.5336800019686,-4.345714285714286,2.1455518770570094,0.3880422687592363,0.2535431062177696,3.5714285714285716,2.434865792722759,1.8571428571428572,0.8451542547285167,0.0,5.03345813052865,5.959897106723486,17.110200197683298,0.8556064334206542
-293.81827299,94.60225695480123,-0.832393713749999,0.0,4.64625183,1.75,1.0,0.5477225575051662,151.425,86.9,41.03913985453399,2.7649999999999997,1.54,0.8705630362012852,8386.0,10777.914158129113,1869.6,2286.3297609924953,-3.8825000000000003,1.551293009073399,0.021164909873388482,0.3432702334310289,3.5,2.0976176963403033,2.5,0.6324555320336759,0.5,6.136879013951827,10.202726499092131,11.825282119350154,0.47401716386920556
-910.66353158,292.7134847203847,-3.3768698634375,5.403799999999999,4.87833264,3.0,3.0,1.8149704259460602,115.45,98.5,57.87784296155441,2.79,1.8299999999999998,1.1570144134543772,9088.75,22167.40271076376,1151.0,1884.9702260092004,-4.73125,0.8079440137854631,0.37715314846592085,0.2852719576934707,2.375,0.6642111641550714,2.0,0.0,0.0,5.752819206267983,3.6770839190184095,9.147296397512022,0.3616045901877652
-767.79035295,1122.0073995335144,-2.131760481739463,2.8761,0.9463136600000001,2.4,3.0,1.3737164096688765,123.37333333333333,88.2,39.40176023577398,2.7239999999999998,2.51,1.258357224013041,8959.866666666667,18583.080870651163,1033.0533333333333,1739.1775210361416,-4.3020000000000005,1.672899742479237,0.20081184047544282,0.04845412232944322,2.6666666666666665,1.170883316960099,1.8666666666666667,0.45790546988962544,0.0,5.791534021420171,4.267061222735875,12.466748883705716,0.47981491362141354
-462.62017325,309.8826873769672,-1.808135013181815,1.6486,5.53152567,2.5454545454545454,2.0,1.0752906583803283,114.87272727272726,105.9,55.2779256349223,2.985454545454545,1.3900000000000001,0.8349064318832381,4590.363636363636,10072.157347112883,763.2181818181817,1226.0300638646672,-4.600527454545454,0.7277816952950462,0.09404635004899847,0.24798704683053485,3.272727272727273,2.3518609652783473,2.0,0.0,0.0,6.171488550378592,8.251350060892898,14.085576698953055,0.5210462158938919
-444.70590344,172.87635982121907,-1.3100962353906231,1.6838000000000002,-0.08181014,1.6666666666666667,2.0,1.0540925533894598,126.5,195.0,84.72602905837142,3.0,1.75,0.9474527252938094,2098.0,3769.947479740268,393.1333333333334,606.7908078114272,-4.058333333333334,2.138417119688714,0.20000000000000032,0.18165902124584948,2.8333333333333335,1.7159383568311666,2.1666666666666665,0.5270462766947298,0.0,6.638263209121673,4.905812890946301,14.406363318434922,0.2960297427589416
-427.17765743,168.1248937093548,-3.346563131380951,1.2267000000000001,3.28430992,3.4285714285714284,5.0,3.5355339059327378,109.57142857142857,110.0,77.78174593052023,2.8857142857142857,1.94,1.3717871555019021,10444.285714285714,25298.866417292298,1701.857142857143,3988.647931317077,-6.198571428571428,2.9910616844190963,0.27900481771984836,0.12128073622180309,3.142857142857143,2.8284271247461903,2.2857142857142856,0.7071067811865476,0.2857142857142857,6.337331651113998,8.72898921823449,12.00892097923963,0.3576388223540068
-606.17531883,679.6395670121804,-2.134418422629311,0.0714,1.46187107,3.066666666666667,4.0,2.0862461282142593,96.95666666666666,112.1,76.17593261162676,2.758666666666667,2.51,1.1946894238182826,2269.5333333333333,3606.6455316802935,1000.8866666666667,1603.6930150224255,-4.146,1.521326803251277,0.38553224590758056,0.29447464509457516,2.7666666666666666,1.3447564999109927,1.9666666666666666,0.25273830731089986,0.0,5.299405790799571,5.2673453268656845,11.327326116869672,0.41770826938053296
-305.28529929,62.678492619145764,-2.182773819999999,0.018199999999999,1.41558634,1.0,2.0,1.2649110640673518,71.7575,141.0,87.61448664461831,2.38,2.49,1.3810430840491545,3686.0,4447.119697062359,718.85,841.4073424923271,-3.1425,2.3621579117408724,0.330636020164517,0.1465888444550949,3.5,1.8973665961010275,2.0,0.8944271909999159,0.0,5.2063751038403145,6.147157213796837,15.669623154786441,0.8123745164071516
-547.59549605,432.8519261026267,-2.508281684249999,1.119899999999999,4.99125957,3.6,7.0,3.6449573777637356,110.16,122.9,63.60753549249155,2.7920000000000003,2.08,1.129551111851834,7673.2,12430.490462683165,1468.3200000000002,2284.905672326228,-4.864,0.4289189067544452,0.1294935620651426,0.46215812909815435,3.0,1.6903085094570331,2.4,0.6546536707079771,0.2,5.737573743456615,6.0109708311179215,10.821298152565667,0.5577448288762477
-1079.61458677,368.1089652407629,-2.693698897604167,2.9909,4.64269902,3.5,6.0,2.9104275004359956,96.3,133.4,79.62213703413363,2.795,1.9,1.1474370417177067,3873.75,8294.365309193521,1120.625,1874.8449394706815,-4.5725,1.2485426798990142,0.3154019674820734,0.2839654934446959,2.75,1.3284223283101428,2.125,0.45374260648651504,0.125,5.497846461207095,4.823340265268299,11.503405163773841,0.3740574792077643
-402.8276189,106.73201586127794,-2.2819422708333352,0.0,2.51228166,1.0,2.0,1.2792042981336627,84.10000000000001,127.05,74.73413787310564,2.3833333333333333,2.55,1.4625631299506046,5561.0,7772.144772431633,1298.7666666666667,1614.7248282320709,-3.611666666666667,1.8053619632034508,0.2472661741561799,0.3473269294216599,3.8333333333333335,2.3836564731139807,1.8333333333333333,0.8790490729915326,0.16666666666666666,4.8902054502105825,6.675514799734477,17.78866931021299,0.9132022035853294
-825.87792887,474.1302304899515,-2.164592917222222,1.6688,0.948287999999999,3.0,5.0,2.32379000772445,126.06666666666666,90.4,40.06185217884965,2.921111111111111,1.81,1.0545638909046715,9748.0,19485.018290984488,1156.3555555555556,2157.607565800602,-4.943333333333333,0.657403985384938,0.13701653754021356,0.299724991114169,2.6666666666666665,1.3416407864998738,2.111111111111111,0.4472135954999579,0.1111111111111111,6.21945782010396,4.0937211625280785,13.17028418027643,0.2707874459705568
-230.39675937,70.35850277043419,-0.774110666499999,0.0,0.99726565,1.4,2.0,1.0690449676496976,104.72,94.1,59.44657865921061,2.668,2.62,1.391566434941984,3911.2,8605.366365571792,893.5200000000001,1628.7303521454987,-3.754,2.1732891464979334,0.13950789783176568,0.28000894348100247,3.2,1.9639610121239315,2.0,0.8451542547285166,0.2,5.3649215392908784,5.661576915396388,14.071700554086837,0.9745797501875192
-782.81936005,227.17483461696207,-3.729354905714285,4.1546,1.18791056,3.7142857142857144,9.0,4.511889056386788,89.36714285714287,138.63,79.65006802077626,2.457142857142857,2.44,1.5040231761132254,4604.0,6794.685864703386,1333.685714285714,2044.402850991667,-4.692857142857143,1.518695398783349,0.36353676698248666,0.25562460281128824,3.142857142857143,1.7928429140015905,2.142857142857143,0.8451542547285167,0.0,5.219903607535688,4.12092189235315,16.226773901211576,0.6770660869153853
-151.59645735,273.4878134372338,-1.4144812314687512,3.0904,1.41065876,1.6,2.0,1.0690449676496976,123.6,195.0,87.18453335966682,2.912,1.75,0.9374509510978618,2473.2,3703.9679881368925,453.71999999999997,595.9574912932729,-3.872,2.1277822122710637,0.19400000000000028,0.1870064933937551,3.0,1.6903085094570331,2.2,0.5345224838248488,0.0,6.471309801026898,5.813522781882174,13.67439067186169,0.36101781895184815
-526.02977494,240.75479429732084,-2.7617290999999993,0.24370000000000003,5.08592387,3.2,7.0,3.374109569147894,103.38,141.0,64.99294636284061,2.5685,2.13,1.265385823395885,9467.1,15315.855355873902,1759.1599999999999,2846.3751025849324,-5.0875,2.2783330050831645,0.314974508729282,0.14732010915701071,3.05,1.7283458818128643,2.15,0.8548504142651104,0.3,5.555525155795948,5.561551408111804,12.037739714866044,0.535749952373312
-853.13171389,475.7188856145811,-3.259644298314285,2.5765000000000002,3.07146799,3.4285714285714284,5.0,3.473562589854552,110.13142857142857,110.0,75.21220224667914,2.8894285714285712,1.94,1.3390948075005382,10067.142857142857,24158.70151877702,1643.2571428571428,3809.968775903429,-6.105714285714285,2.8287598412347132,0.25461940484853535,0.2188166714950885,3.085714285714286,2.6855828440685294,2.2857142857142856,0.6947125179709105,0.2857142857142857,6.315398979320597,7.25853102006793,13.591968160416602,0.31080522787640674
-523.27880695,143.25187526691218,-2.060192433484849,1.7955,2.40976589,2.909090909090909,3.0,1.704772712123232,116.61818181818181,112.1,57.9840737832381,2.878181818181818,1.66,1.026360377742633,6515.818181818182,16463.84286094835,1046.1272727272726,1766.2241165831701,-4.45,1.1783211043684145,0.24864740239440086,0.11198882126438107,2.909090909090909,1.704772712123232,2.0,0.0,0.0,5.835935996052649,5.644156947416337,13.02289775153747,0.37621130386158164
-461.97547715,265.7451621958398,-1.859072594501915,2.0838,0.88288751,1.7777777777777777,3.0,1.1902380714238083,98.05555555555556,88.2,54.17787063614319,2.1599999999999997,2.51,1.53979706455104,2032.0,2706.7942293421565,873.3111111111111,1127.4525341080514,-3.2055555555555557,2.3291343170085037,0.19604173042056747,0.03985570867640968,2.7777777777777777,1.1902380714238083,1.5555555555555556,0.6454972243679028,0.0,4.583514055939262,3.4325723525463676,14.7636201219911,0.8587570304528812
-390.13612258,298.56875882469535,-3.483086835454544,2.2167,2.59480032,4.363636363636363,7.0,4.428645755285294,105.62727272727274,111.4,68.5428968579343,2.667272727272727,2.2199999999999998,1.434757482035924,5686.727272727273,11556.391857937042,1497.7636363636366,2651.4813933638757,-5.31,0.8207038678534891,0.36048949234064087,0.2669924209125874,3.090909090909091,2.0160645150967413,2.3636363636363638,0.6720215050322471,0.09090909090909091,5.641168756470799,5.245980794650548,13.571307219304334,0.6188897667280306
-300.47625554,682.38276178496,-1.959947816785713,2.4379,1.4742284300000001,1.7142857142857142,2.0,0.8944271909999159,99.0,81.4,48.32854229127959,2.182857142857143,2.46,1.4578340097555689,2938.0,4467.454935419047,993.2285714285715,1003.7748432791091,-3.5157142857142856,1.8733819685264403,0.1408317264539711,0.24358302714518898,2.5714285714285716,1.7888543819998317,1.5714285714285714,0.6324555320336759,0.0,4.661980110123686,5.408113288229355,12.185406460445716,0.6821013144413773
-897.53393767,147.9579013849742,-3.246210392142857,0.0,5.0688524600000004,3.5714285714285716,7.0,3.732100136460895,91.25714285714285,133.4,78.89330951173417,2.545714285714286,2.46,1.3850425470514822,5898.285714285715,10782.494092608762,1299.3999999999999,2010.5277068471353,-4.708571428571429,1.5744273335316012,0.17621032633205697,0.10341563103404888,2.5714285714285716,1.1952286093343936,2.142857142857143,0.8451542547285167,0.2857142857142857,5.289338849671583,3.7411501707955748,10.568421527498158,0.5322763509116522
-347.28315176,207.40367395276294,-1.349856573922413,0.0,2.33480197,2.25,2.0,0.8583950752789521,100.98750000000001,88.2,52.10739668678223,2.54125,2.51,1.2259378794255955,6511.0,9788.631085413106,1389.6,1871.7273125729555,-4.3925,1.5646321242421575,0.0966151873932869,0.2037207180558308,2.875,1.2030662579644695,2.25,0.8583950752789521,0.375,5.393227305951329,4.223922702093661,12.962729622047684,0.5686121387124841
-568.64501741,76.75730697732924,-2.287660930833333,0.0,6.20311821,4.5,5.0,3.5355339059327378,113.55,54.900000000000006,38.820162287141464,2.52,1.8399999999999999,1.3010764773832473,13511.0,18793.48403037606,2553.6,3483.7736895498824,-6.015000000000001,1.4495689014324222,0.29162418121546985,0.08714975284505418,3.5,2.1213203435596424,2.5,0.7071067811865476,0.5,5.370766877859628,7.068081579827412,12.79288449622154,0.534470127762809
-237.01579226,314.9360042954335,-1.985984405909091,0.0,4.2549459,2.4545454545454546,2.0,0.9158109397792509,126.74545454545455,49.8,30.548068942717677,2.9127272727272726,1.54,0.9754138906456664,7677.636363636364,19883.72926662368,846.8545454545455,1480.8334288065514,-4.775454545454545,0.635076830505697,0.09648401834179297,0.36910300896891457,3.1818181818181817,2.4428962187297008,2.0,0.0,0.0,6.131605801384966,8.088442163607892,14.315272922519705,0.40249818200631765
-515.73161188,209.28981749612427,-3.411476938333332,3.5662000000000003,4.15817026,2.2222222222222223,5.0,2.188987589427283,88.30444444444444,138.63,78.48127916367487,2.4911111111111115,2.44,1.4032209970872964,4398.888888888889,6138.061719033678,1061.0,1479.4731241222328,-4.032222222222223,1.5966462246429756,0.3522222222222225,0.25725311789493754,2.6666666666666665,1.0606601717798212,1.7777777777777777,0.5400617248673216,0.0,5.108494390891391,3.3976627790893357,11.627212083118016,0.6664863579283897
-313.46473212,524.3428952878199,-1.506478392440475,0.665899999999999,2.10926794,2.142857142857143,2.0,0.8451542547285167,107.28571428571429,81.4,51.526615868472696,2.642857142857143,2.46,1.2718827439216691,5184.0,9300.00193548367,1196.542857142857,1809.6108350376646,-4.445714285714286,1.4101747612061624,0.13119193607959256,0.19733467614394548,2.5714285714285716,1.1952286093343936,2.142857142857143,0.8451542547285167,0.2857142857142857,5.620268749045558,4.78340513613642,9.3632659872825,0.5645337050655659
-509.64981675,288.15518091953794,-2.739930981399999,0.0,3.90420099,3.52,7.0,3.4678978920195567,106.99,127.05,65.77097174045865,2.7588,2.55,1.3175954973878905,7758.08,14952.813423003643,1321.0479999999998,2389.5439408521365,-5.1812000000000005,1.1518314935239808,0.023988801836043835,0.4758137297389202,2.8,1.6222142113076254,2.28,0.7608859102526823,0.32,5.728083742360738,4.615019285016688,11.526207236781518,0.48083183497830295
-216.28768943,482.3161905859486,-2.008880134035087,1.396299999999999,5.61930584,2.9473684210526314,3.0,1.7499999999999998,112.07894736842105,112.1,61.144945621040506,2.856842105263158,1.66,1.049583250628553,1931.7894736842106,3434.4689181880794,1004.6,1656.1009419718353,-4.3510526315789475,1.2573608272886507,0.260079904980335,0.10886241749947728,3.1052631578947367,1.9843134832984428,2.0,0.0,0.0,5.68520344138795,6.936604890640734,12.69253133120917,0.4626078182649047
-634.53935583,161.81208557747004,-2.6629976021428563,2.7149,3.811373719999999,1.7142857142857142,4.0,1.6903085094570331,95.89999999999999,141.0,81.63886941892324,2.62,2.13,1.280371039972398,3612.5714285714284,5225.47676567138,851.6857142857143,1316.826418759457,-3.858571428571429,1.9927672790798803,0.3143580092679222,0.19839086012250226,2.7142857142857144,1.3627702877384937,1.7142857142857142,0.5976143046671968,0.0,5.71752788997201,4.747629458677355,11.558006112676432,0.552041573383308
-742.99282002,62.21966740434897,-1.218954728333332,0.0,4.08526215,2.3333333333333335,1.0,0.7071067811865476,130.56666666666666,31.299999999999997,22.132442251138936,3.0533333333333332,1.1600000000000001,0.8202438661763952,7381.333333333333,15187.239446324667,1382.8,2742.018676085194,-4.736666666666667,0.537401153701776,-0.0240966565273452,0.5390204067219454,3.0,2.1213203435596424,2.3333333333333335,0.7071067811865476,0.3333333333333333,6.251863430637978,7.200741182349888,10.369944567391494,0.38944444976966236
-491.92106019,198.75074807523504,-1.144172718421053,0.0,2.48483141,2.263157894736842,3.0,1.3228756555322954,111.05263157894737,125.3,68.41049352986718,2.857894736842105,1.6099999999999999,1.0454693921870692,5113.894736842105,8787.302586687225,1222.021052631579,2032.1755257605087,-4.735263157894737,1.697904959059841,0.12230109361421902,0.21174446935691313,2.736842105263158,1.3228756555322954,2.3684210526315788,0.6614378277661477,0.3684210526315789,6.087156243438674,5.063148789792418,10.460565688170265,0.4415152669796661
-874.60129112,635.6184754022025,-2.350083567488096,1.1048,0.43925036,3.380952380952381,6.0,3.3469274083736975,110.76190476190476,92.6,62.27023613005099,2.798095238095238,2.62,1.343128165601023,6773.238095238095,14773.398610340142,1160.7047619047619,2337.989998744813,-5.083809523809523,1.4514243667197033,0.03729392579001599,0.45078265178015975,2.6666666666666665,1.3728129459672882,2.238095238095238,0.7658579904515338,0.2857142857142857,5.79906645685792,2.9716353441960135,15.133773223861965,0.374769181481331
-395.92367183,324.2898700132274,-3.0589600226666662,2.691799999999999,1.37811955,1.6,8.0,2.6396480703843594,83.52,127.05,83.2342465478429,2.279333333333333,2.55,1.6774077543023187,4718.4,7710.315620501014,1217.4399999999998,1817.5390137357747,-3.8733333333333335,2.2016178069187977,0.38521992641110586,0.23172800986467115,3.8,2.6120070147611187,1.6666666666666667,0.8032193289024988,0.0,4.738139435552911,5.3416504761378825,21.619324667548494,0.8406533565034383
-244.83983318,336.5965788740974,-1.539362617142854,2.0393,1.9892198700000001,2.2857142857142856,3.0,1.4361406616345072,83.85714285714286,105.9,61.485435267224055,2.3742857142857146,2.62,1.3427979185268348,2083.714285714286,2331.640838551255,890.9428571428572,991.2704487172005,-3.475114571428572,2.0734850410752457,0.14526427189934712,0.21068008889002554,4.0,2.1937410968480306,1.7142857142857142,0.5590169943749475,0.0,4.463007352935329,6.248878239258279,24.042612776721246,0.9524492310373257
-359.31809963,837.6689258086527,-3.448150932499999,4.1027,1.66049329,2.5714285714285716,5.0,2.220038609702865,94.70714285714287,127.05,71.66763938985493,2.552857142857143,2.55,1.386645489765035,4326.857142857143,6366.421421354835,1155.4,1648.550654362795,-4.195714285714286,1.4205959514030924,0.41364296481614066,0.2904554788749753,2.857142857142857,1.7928429140015905,1.8571428571428572,0.46291004988627577,0.0,5.097011747652727,4.048522262135545,14.958373675154514,0.5884075909001776
-417.07201643,328.6645673176261,-2.623776220454545,2.1959,3.03694562,1.2727272727272727,2.0,1.2833778958394957,97.40181818181819,200.27,96.17289984556919,2.429090909090909,2.49,1.5527565621102593,4848.363636363636,8021.0664906269685,1023.5636363636363,1622.5168267050967,-3.652727272727273,2.0631721721089367,0.27249241949306624,0.345684473997693,3.4545454545454546,2.155703788448082,1.7272727272727273,0.8224783208299743,0.09090909090909091,5.165340487552226,6.482816921620801,14.939298514437551,0.9114213593576895
-780.22159493,132.3655227051685,-2.749603696666666,0.0,4.05739303,3.5,5.0,3.0276503540974917,119.06666666666666,76.7,44.76037434060523,2.8366666666666664,1.8399999999999999,1.2069152598440556,8031.333333333333,15829.016028940157,1386.9666666666665,2728.119618182295,-5.715,1.453587515998492,0.22347228119875343,0.1173499309731665,2.8333333333333335,1.7159383568311666,2.3333333333333335,0.6666666666666667,0.3333333333333333,5.984904053158988,5.241345892059375,11.030460225430708,0.42130616835991885
-663.11679233,271.8030829899101,-2.6564697375,3.571799999999999,0.48081788000000003,2.0,4.0,1.6903085094570331,111.32000000000001,141.0,74.47734075350895,2.774,1.79,1.0951059961744083,11643.2,26024.643683576975,924.72,1604.5918181447712,-4.332,2.0579532134068135,0.30944503754547315,0.13002775077581094,2.6,1.0690449676496976,2.2,0.5345224838248488,0.0,6.258403806395545,3.457711424497696,13.590154149495504,0.2736629814616768
-795.3718976,369.14164863154537,-3.405739620104166,0.0,5.34740528,3.75,8.0,4.076197322920545,90.5,141.0,91.52035502889719,2.713125,2.13,1.3188966834208287,6526.25,11861.569827355517,1254.0625,2222.8011527384506,-4.955625,1.292134489308887,0.19475491870518324,0.17143302655856657,2.6875,1.2860194997923453,2.25,0.7844645405527362,0.3125,5.661911735667495,3.8113326444234783,11.535676519735793,0.43698756665448524
-961.6765515,131.36462388371612,-3.55875977333333,4.1495,3.01747659,3.3333333333333335,6.0,3.1269438398822857,123.11666666666667,99.9,52.012461113766875,2.8316666666666666,2.11,1.238720217715759,12014.666666666666,26426.778371778713,1369.3,2631.3306025659335,-5.33,0.8333466665600013,0.3454199269360088,0.26094937840917143,2.6666666666666665,1.5634719199411433,2.1666666666666665,0.5270462766947298,0.0,6.155638167489276,4.6342552836731725,10.947051990309676,0.3774673103057293
-825.63972425,240.3532101705022,-3.411296655805555,3.282,3.95927057,3.3333333333333335,5.0,2.7888667551135855,106.25,110.0,69.65839265061078,2.811666666666667,1.94,1.257468797934079,7931.333333333333,18558.47376387521,1480.6333333333332,3028.669606352671,-5.486666666666667,2.4478108133141703,0.34025281033657834,0.25598433600145953,2.8333333333333335,2.068278940998476,2.1666666666666665,0.5270462766947298,0.16666666666666666,5.91027402842573,7.514697855874981,10.01471709043759,0.40890481348338964
-411.43414395,189.59245948622333,-0.9481102465000001,0.0,4.78024057,1.8,4.0,1.2147955199702565,128.16500000000002,98.5,31.132079262768507,2.8095,1.8299999999999998,1.0793514323718234,5253.2,8614.895675232849,1313.72,2091.4920514228706,-3.8914999999999997,1.9398642480779098,0.19409677169573367,0.20260625518181485,2.75,1.312745584975926,2.35,0.6646409352541671,0.35,6.020248196188743,5.8138375177913915,9.479622974311159,0.48092913730498177
-200.96005088,200.88566885284993,-0.9974404065833331,0.0,0.67016724,1.6666666666666667,1.0,0.7071067811865476,110.13333333333333,92.6,65.4780879378743,2.566666666666667,2.62,1.8526197667087545,924.6666666666666,1490.5810947412422,404.1333333333334,665.9531665214904,-3.686666666666667,2.764787514439401,0.2450026574830836,0.03182544252632169,2.6666666666666665,1.4142135623730951,1.6666666666666667,0.7071067811865476,0.0,5.163241239320435,2.350780180808049,16.740472404404162,0.9241434838844611
-583.44348323,486.41646601857497,-3.237719354444443,2.9977,1.08666926,2.888888888888889,7.0,3.2480763537823427,113.69222222222223,135.97,63.2929409966072,2.7544444444444443,2.49,1.40243359914115,6992.444444444444,15448.741625129212,1358.9111111111113,2866.086099195207,-5.077777777777778,2.0834214648025493,0.2887823117244387,0.1334184304063125,3.0,2.0124611797498106,2.111111111111111,0.806225774829855,0.2222222222222222,5.8256006303567585,5.044661077364691,13.51156850051597,0.5302377639277192
-432.02454968,131.64008058050916,-2.562331308333333,3.6767000000000003,2.17770549,2.3333333333333335,6.0,2.5385910352879693,107.10000000000001,141.0,75.0099993334222,2.905,2.13,1.1526708116370432,7431.333333333333,17977.197087174383,1258.6333333333334,2963.7223190515747,-5.205983333333333,3.373730576495073,0.19676500000000055,0.34907466094900985,2.8333333333333335,2.068278940998476,2.0,0.816496580927726,0.16666666666666666,6.1543936869586044,6.865742069203465,10.97000671504243,0.4263485141370502
-401.05745832,56.00426327829353,-2.156655663333334,1.2157,5.3453888,2.6666666666666665,2.0,1.4142135623730951,133.66666666666666,22.0,15.556349186104045,2.9633333333333334,1.4300000000000002,1.011162697096763,10748.0,22329.0179363088,1091.1333333333334,2123.300242546965,-4.756666666666667,0.4949747468305834,0.20418690438973464,0.054757844848306925,2.6666666666666665,1.4142135623730951,2.0,0.0,0.0,6.3789144092422925,6.205128158243331,9.334043879715589,0.35678670345310776
-649.30047806,449.7186249219648,-3.162139099615384,0.0,7.97904536,5.589743589743589,7.0,4.949747468305833,77.97435897435898,122.9,86.9034234078267,2.3733333333333335,2.08,1.4707821048680187,8313.28205128205,11156.730793561346,1635.2256410256412,2130.37131035883,-5.056666666666667,0.0919238815542511,0.36320911790140953,0.18367648763873115,3.0256410256410255,1.4142135623730951,2.5128205128205128,0.7071067811865476,0.0,4.992643955750328,4.44234639437391,11.531246792870892,0.8012487555725979
-443.30493399,161.92591537522736,-1.637988171428572,0.0,5.25605958,2.5714285714285716,2.0,0.9636241116594315,114.10000000000001,77.3,44.78001786511479,2.782857142857143,1.56,1.0043334676718259,5755.428571428572,9249.357135962013,1376.542857142857,1969.3956875868582,-4.747142857142857,0.46334189783108787,0.12740125897448218,0.19515515971035882,3.0,1.5811388300841898,2.2857142857142856,0.5976143046671968,0.2857142857142857,5.9013474657980565,6.164730980085324,11.56613681251624,0.45701337663539576
-458.03908638,125.00498495957883,-1.504170098062499,0.0,1.58643865,2.0,2.0,0.8944271909999159,98.525,92.6,54.16104688796184,2.395,2.62,1.4042649322688365,4743.5,8437.163006603583,1103.1,1606.7330381864936,-3.9275,2.0869187813616517,0.15766483660555275,0.1927539549342179,3.0,1.2649110640673518,2.0,0.8944271909999159,0.25,4.924021817408391,3.454588391983123,15.625623119947347,0.9074484539552505
-653.63004045,259.4281034785164,-2.326478674545453,0.5063000000000001,5.26928462,3.272727272727273,4.0,2.3518609652783473,110.52727272727272,98.5,56.752791781550265,2.8745454545454545,1.8299999999999998,1.0535075343821703,8632.181818181818,18548.211146900394,1458.1272727272726,2638.863091844668,-5.196909090909091,1.5544833948936219,0.23461818181818223,0.3958453943776533,2.727272727272727,1.5612494995995998,2.1818181818181817,0.5303300858899106,0.18181818181818182,5.732456609238043,4.580887174532909,11.792186521750745,0.3718642117523108
-322.43745292,217.33326084757346,-1.659267693990148,0.0,0.13042807,3.0,4.0,2.393172105652397,110.98571428571428,141.0,76.4105716150943,2.987142857142857,1.89,1.0959553740085322,7187.142857142857,18783.828683205134,1099.5714285714287,2594.294898075741,-5.614,1.481417993925844,0.1269745963069719,0.2568781041422916,2.7142857142857144,1.7320508075688772,2.2857142857142856,0.674199862463242,0.2857142857142857,6.207122448828082,3.528010676010095,15.523804346255247,0.2649201891040551
-759.21386395,208.0327443556739,-3.005133088214286,2.1403,1.61815022,3.7142857142857144,9.0,4.511889056386788,89.02857142857144,141.0,80.30210813813403,2.6,2.2199999999999998,1.3220438721918422,3711.1428571428573,6499.099300232742,1172.6685714285716,2052.61990669764,-4.458571428571429,2.2689912799681338,0.34587738672899426,0.27048761447600267,3.4285714285714284,2.220038609702865,2.4285714285714284,0.6546536707079772,0.0,5.6313054201009525,7.062554733757455,14.859481739690992,0.6404215916397025
-830.11622697,434.9932172563554,-3.68198832,1.7607,2.97912333,3.9722222222222223,6.0,4.112750383753377,107.96388888888889,99.9,68.81519080079508,2.745,2.11,1.4486591655480667,7198.0,14529.723944832656,1592.9666666666667,3137.502567606779,-5.509166666666666,1.0909554432992272,0.36239626456386337,0.3904614618733958,2.9722222222222223,2.0376883748609544,2.3333333333333335,0.6939779183594883,0.027777777777777776,5.859590545003597,5.490900830596611,12.08314492378765,0.4680636787126305
-481.97884439,296.7862190886736,-2.067259858928572,0.0,2.99190653,2.142857142857143,7.0,2.8660575211055543,87.8,141.0,83.84879247788842,2.6699999999999995,1.81,1.1762227680163313,5484.0,10217.171134908136,914.4,1620.7137810236575,-4.067142857142857,2.3809421904543826,0.18971820164621644,0.3652835366133462,2.857142857142857,1.3093073414159544,2.4285714285714284,0.6546536707079772,0.14285714285714285,5.934578225264918,5.5001107162937455,10.599507824595486,0.4654811661173584
-662.03489793,334.66604672074277,-2.233427010999999,0.0,3.73709829,1.8,3.0,1.3093073414159542,105.63,127.05,66.457714805302,2.646,2.55,1.3844441896608595,3913.2,6164.187491354512,850.1200000000001,1250.4150807974584,-4.192,1.5861543790834847,0.1800400850114205,0.37283144410434144,3.6,2.618614682831909,1.8,0.5345224838248488,0.0,5.4311459860667926,7.825829483566305,16.733302336037138,0.7350777192443373
-469.02483928,612.5239414103859,-1.67534266132143,2.9552,0.49814456,1.7142857142857142,2.0,0.8944271909999159,94.2,92.6,54.80525522246931,2.1142857142857143,2.62,1.5507933453558538,2650.8571428571427,4481.021937013921,743.3714285714286,797.5146995510489,-3.1814285714285715,2.3581687810672074,0.1699605126702671,0.25977021848800086,3.4285714285714284,1.7888543819998317,1.5714285714285714,0.6324555320336759,0.0,4.249922094618057,4.058589238359469,21.875855050370923,1.003574388810641
-204.46184753,101.64004243034374,-1.275349055,0.0,4.81612979,1.7777777777777777,3.0,1.3385315336840844,111.88888888888889,151.0,77.8639304599162,2.691111111111111,2.13,1.1539190468428304,7834.444444444444,13354.91301606516,1397.6666666666667,2386.437114193458,-4.3966666666666665,2.024231335593835,0.2067605790204997,0.3241733597254496,3.111111111111111,2.071633815776009,2.0,0.8660254037844386,0.2222222222222222,6.005952445695622,8.38178147201807,11.293338047815972,0.5254840063677002
-516.15132958,158.49182334671468,-2.719260483999999,2.284099999999999,2.05880835,1.8,6.0,2.260776661041756,93.299,135.97,83.31608564843754,2.565,2.49,1.5264610487442296,6133.2,14350.985781084479,1041.8200000000002,1997.2085202435255,-4.2358,2.467667499662159,0.2683032241974204,0.2856685669279328,3.2,2.0,1.8,0.816496580927726,0.1,5.287784860652653,4.764959949713532,15.849182334671468,0.7491218477473879
-427.80564239,455.9543987223166,-1.577344520000001,0.44069999999999904,1.91073747,2.5,5.0,2.273030282830976,125.71666666666667,69.1,35.981885874855294,2.97,1.54,0.9459739249401468,8331.333333333334,18720.2247612338,1412.1333333333334,2734.688577841685,-4.894666666666667,2.1916214190513026,0.12380322461701627,0.2435643042655651,2.8333333333333335,1.7159383568311666,2.3333333333333335,0.6666666666666666,0.3333333333333333,6.198284360723,4.8834258439370455,12.665399964508799,0.35128723464332395
-400.31639454,248.858487577255,-1.427935919179836,1.5967,0.39565042,2.3333333333333335,3.0,1.3416407864998738,137.33333333333334,195.0,75.88280437622215,3.032222222222222,1.89,0.907438703164021,2814.6666666666665,6029.07769065883,532.3555555555555,1037.201821247919,-4.874444444444445,1.3715301673678197,0.13482468601653372,0.1922735066725777,2.6666666666666665,1.3416407864998738,2.111111111111111,0.4472135954999579,0.1111111111111111,6.597223444178881,4.1217390455520695,13.825471532069722,0.23840026773076964
-119.63564385,388.28158042161505,-1.1872659216666661,0.0,3.64466633,1.8,3.0,1.3093073414159542,114.8,151.0,76.87838262012095,2.842,1.75,1.0021548212298763,6593.2,13342.820712706462,1202.3200000000002,2388.778992348542,-4.33,2.3204679331056113,0.16908452111844977,0.25079337397634816,3.4,2.32992949004287,2.4,0.6546536707079771,0.2,6.346996489131861,9.048323866236137,12.942719347387168,0.44223877700677033
-649.73540161,61.19862441273594,-1.719145625,0.0,4.25990351,2.8333333333333335,4.0,2.068278940998476,129.88333333333333,86.7,41.79875729146874,2.936666666666667,1.78,1.0305230602843283,7898.0,15515.333404947078,1334.3,2589.5264830981487,-5.503333333333333,1.1996295724560606,0.1321679883923048,0.22302307474312197,3.0,2.1602468994692865,2.3333333333333335,0.6666666666666667,0.3333333333333333,6.327584640135232,8.362866219958244,10.199770735455989,0.41535492019458997
-776.47906777,208.8354535331768,-2.721982793333333,0.0,5.13439532,3.6666666666666665,6.0,3.4318767136623336,108.36666666666667,133.4,71.4136152595879,2.9433333333333334,1.9,1.0482260146446365,9098.0,18958.24809065085,1624.8,3205.8216793826814,-5.87765,2.4584840637406353,0.11396762330943148,0.27096023576143713,3.0,2.1602468994692865,2.3333333333333335,0.6666666666666667,0.3333333333333333,6.051009128376258,7.053817244896397,11.601969640732044,0.36515566675462596
-336.23626404,1197.5016200973184,-1.6733648233563199,1.890699999999999,1.05316793,1.8,4.0,1.531282986977553,85.69,112.1,59.986563150598066,2.019,2.51,1.5571686286112478,1714.8,1619.8842870551823,848.5799999999999,929.6244139621564,-2.883,2.3284747856883072,0.2159836886137067,0.09371298261999592,2.8,1.144702942944678,1.5,0.6565321642986128,0.0,4.228365039814205,3.2588337727156445,14.96877025121648,0.9443846479029718
-692.28223901,399.14955897707586,-2.8201032384999998,3.5313,4.75465843,3.2,3.0,1.9639610121239315,98.88,112.1,69.17417974112264,2.748,1.8299999999999998,1.1356999100617582,3391.2,5618.36163205711,1107.92,1670.9457852195135,-4.348000000000001,1.0927161440321873,0.41400000000000026,0.30220617371021935,2.6,1.0690449676496976,2.0,0.0,0.0,5.338863054334966,4.815930177967567,9.978738974426896,0.40282322351246813
-447.51587968,252.29133819395093,-3.820938063,4.4855,2.26463076,2.8,8.0,3.625307868699863,85.074,141.0,91.53588195737389,2.524,2.44,1.5045075131560017,6941.2,13126.148450435001,1380.72,2489.6137485848794,-5.004,2.6158527699940826,0.3404608477676307,0.25701269363475165,3.2,2.138089935299395,2.0,0.8451542547285166,0.0,5.375675341736301,7.017975214246263,12.614566909697547,0.677659280050377
-1043.2089972,596.8276909170065,-3.953871922749999,4.097300000000001,1.5409672300000001,4.8,7.0,4.949747468305833,96.44,111.4,78.7716954241814,2.552,2.2199999999999998,1.5697770542341354,4693.2,7904.039600103229,1497.72,2488.167341639223,-5.186000000000001,0.34648232278140845,0.40495147377548124,0.30927343371305727,3.2,2.1213203435596424,2.4,0.7071067811865476,0.0,5.393348497105174,5.026122839880902,14.920692272925162,0.6912867587908417
-316.83479597,35.06364171960439,-2.408621853333333,3.1156,2.86844198,2.75,5.0,2.4289915602982237,101.475,81.4,50.03977418014594,2.38,2.46,1.3748599928720016,5986.0,10696.163499124348,1184.85,1506.80522828931,-4.782500000000001,2.4425130501186683,0.18365653234320162,0.08559154960128854,2.5,1.0954451150103324,2.0,0.8944271909999159,0.25,5.019713198890718,4.306529707465478,8.765910429901096,0.7436092473500973
-570.21611376,117.32879453913253,-3.536360435714286,3.437,2.01336718,2.2857142857142856,8.0,3.295017884191656,84.55714285714285,141.0,86.4057754766097,2.4057142857142857,2.55,1.5887393924564395,6055.428571428572,11421.138622246533,1360.3999999999999,2238.1912920927916,-4.562857142857142,2.60993021253169,0.38761510660915993,0.25255060472927776,3.7142857142857144,2.618614682831909,1.8571428571428572,0.8451542547285167,0.0,5.00914687655053,7.319037362796618,16.761256362733217,0.8734188565245438
-410.8140749,119.04414777961351,-2.671460970666666,2.9057,1.77877982,2.8,8.0,3.625307868699863,86.12,141.0,89.8758826700149,2.71,1.9,1.1964232409262918,5133.2,9594.997595473531,974.1200000000001,1796.33150456304,-4.290000000000001,2.278219856441804,0.2186431479713174,0.126784102476904,3.0,1.6903085094570331,2.4,0.6546536707079771,0.2,5.816523977190286,5.810462314644299,11.904414777961351,0.5007706477712099
-478.60546739,114.30716121628458,-2.54689945125,0.0,4.09160333,2.5,6.0,2.7568097504180447,87.8325,135.97,72.28720128764151,2.3725,2.49,1.3871229217340473,7236.0,10486.367988965483,1194.85,1511.5246594085058,-4.737500000000001,2.529116446508543,0.2600323513549119,0.20258520749165704,3.25,1.6431676725154984,2.0,0.8944271909999159,0.25,4.964101047928478,4.986096115528422,14.288395152035573,0.8190898773194876
-307.9571304,263.2350536460816,-1.6426810723994252,0.0,1.67297316,2.9166666666666665,3.0,1.8935982376719422,95.30833333333334,141.0,92.85043195529957,2.8333333333333335,1.89,1.234633548871891,4598.0,8878.754970634758,904.8000000000001,1677.0257263551869,-5.569166666666667,1.2251711250736712,0.13401101719478103,0.19983846041838146,2.6666666666666665,1.3522468075656264,2.3333333333333335,0.6761234037828133,0.3333333333333333,5.9970492490734895,4.398761766692539,10.9681272352534,0.40431082429586185
-229.24869053,197.40064828822324,-0.710419560476189,0.22429999999999903,0.51766635,1.4285714285714286,2.0,0.9636241116594315,116.45714285714287,141.0,63.51940086079438,2.7528571428571427,1.79,1.0558341319950375,4405.428571428572,6590.6188957162,915.8285714285714,1361.267823968314,-3.235714285714286,2.689450289026153,0.15942583273829847,0.24797495495933117,3.142857142857143,1.7928429140015905,2.4285714285714284,0.6546536707079772,0.2857142857142857,6.057268109692125,5.8067026712844685,14.100046306301648,0.4887489399144478
-492.59616081,840.7028806386957,-1.143366281117789,0.6845,-0.12929218,2.1538461538461537,2.0,0.7844645405527362,143.82307692307694,179.3,63.69783235051132,3.1107692307692307,1.6099999999999999,0.7702047679775714,2461.3846153846152,5767.78656385219,524.6,1229.553122073219,-4.719230769230769,1.0729470558305219,0.1313742833762286,0.21968736111951445,2.6153846153846154,1.3587324409735149,2.076923076923077,0.3922322702763681,0.07692307692307693,6.786804897698466,3.450398349591361,16.167363089205686,0.18436443257439036
-411.44116026,262.0072345601061,-1.8301323900000002,0.16110000000000002,-3.90404263,1.8888888888888888,5.0,1.949358868961793,98.72222222222223,141.0,86.65996768981628,2.7633333333333336,2.13,1.3667132105895514,3270.222222222222,6183.13980110429,673.2444444444444,1297.3305238064816,-4.084444444444445,2.0117467534458706,0.35555555555555585,0.2611130023572168,2.3333333333333335,0.6708203932499369,1.7777777777777777,0.5916079783099616,0.0,5.897398847996629,1.0874832379309043,29.111914951122895,0.15985908529112086
-505.10869842,105.63300172350391,-1.755058311944445,0.0,2.9340178,1.8333333333333333,2.0,0.8790490729915326,108.64999999999999,81.4,46.57098687146127,2.4266666666666667,2.46,1.4098097872988526,4727.666666666667,9838.692531392204,1244.7666666666667,1785.4883055038217,-3.8200000000000003,1.8058994233546692,0.09529860660673613,0.3592695068678795,2.5,1.4301938838683885,1.8333333333333333,0.8790490729915326,0.16666666666666666,5.05245774775674,5.180825847694255,8.802750143625326,0.7300830460137693
-324.58512028,67.85317071985968,-1.7506179754166662,0.0,1.64758652,1.25,2.0,1.0488088481701516,105.38749999999999,127.05,67.24838102140453,2.425,2.55,1.365532863024541,4936.0,6142.708978944062,1189.6,1396.7610303842243,-3.1550000000000002,2.384374131716749,0.21962279207425686,0.2921065676169695,3.75,2.2583179581272432,2.0,0.8944271909999159,0.25,5.098999027609438,6.7836397590111375,16.963292679964916,0.8930549487355195
-388.24087893,338.74942397432324,-1.072082281547618,0.44809999999999905,1.95260472,1.4285714285714286,2.0,0.9636241116594315,116.45714285714287,141.0,63.51940086079438,2.704285714285714,2.13,1.1519734619959165,4598.285714285715,6768.631978261403,941.9714285714286,1372.7337646358922,-3.2742857142857145,2.642610992398022,0.17656868988115562,0.2842740624969128,3.0,1.7320508075688772,2.142857142857143,0.8451542547285167,0.2857142857142857,5.8816562386090965,5.961558629999455,12.098193713368687,0.6148598031522742
-757.36750849,356.7483355293301,-2.857885393999998,2.800199999999999,4.48473545,2.933333333333333,3.0,1.7367006167610077,108.09333333333333,98.5,57.70442203662251,2.7626666666666666,1.8299999999999998,1.1295174533487098,4439.866666666667,6959.015813804003,1043.5866666666666,1618.9647751652308,-4.5326666666666675,0.7653662416588335,0.28662662284588275,0.43007195953401217,2.8,1.7870501915438117,2.0,0.0,0.0,5.540228760029097,6.236129965285317,11.891611184311005,0.42148760626482273
-347.49019596,630.4347580643596,-1.316792708000001,0.421699999999999,3.07219881,1.2,4.0,2.138089935299395,63.29,127.05,80.81205488221244,1.6019999999999999,2.55,1.33468562376528,14884.4,23937.138413531626,1938.44,1345.0522921326994,-3.2400000000000007,2.1516770867661084,0.4527454897732627,0.15902845675273988,4.6,2.32992949004287,1.4,0.6546536707079771,0.0,3.6973031162103402,4.805034844699024,31.52173790321798,0.8335159844589353
-296.50849598,50.08427352138736,-0.789826404999999,0.0,3.77256715,1.0,2.0,1.4142135623730951,97.35,87.3,61.730421997585594,2.8200000000000003,1.2399999999999998,0.8768124086713187,8461.0,11651.70554039193,1663.1,2224.4165122566415,-3.915,1.5202795795510775,-0.023702231244443484,0.35878913623020775,3.5,2.1213203435596424,2.5,0.7071067811865476,0.5,5.790528886479824,8.117605875103205,12.52106838034684,0.49511825307291635
-899.64718969,528.08564317617,-2.4008206974000013,0.0,4.41903834,3.8,5.0,3.3646329245522657,107.296,90.4,60.130524694201696,2.7272000000000003,1.81,1.2261467485813449,9029.2,15195.212813673594,1506.36,2435.1046585543727,-5.289200000000001,0.8029614995822156,-0.02146156975028706,0.4544584978847833,2.8,1.3736056394868903,2.4,0.6868028197434451,0.4,5.6749352756436595,4.761690799732605,10.5617128635234,0.44171481944875624
-793.91443521,104.25051788767347,-2.135882778586207,1.6731999999999991,3.4436629,3.0,3.0,1.6903085094570331,108.4,141.0,73.31731426769922,2.7760000000000002,1.89,1.1039733433634813,9133.2,16567.51490977794,1139.52,1747.0468928206494,-5.2459999999999996,1.2075240311125428,0.16319657746360097,0.1329816549519245,2.8,1.3093073414159542,2.2,0.5345224838248488,0.2,5.920630304053708,5.59328088347545,10.425051788767346,0.42953469578890574
-343.45100726,216.76567170590934,-2.319047336249999,1.7832999999999992,3.49653899,2.25,4.0,1.6449566416599486,114.95,141.0,62.7292220110982,2.80375,2.13,1.1559755238605642,2976.25,4924.653645629483,945.5,1628.997324231363,-4.303750000000001,1.5503917910909981,0.25762651621886357,0.1543056584994987,2.875,1.7405205441780578,1.875,0.45374260648651504,0.0,5.993736283962416,5.235540547022979,13.547854481619334,0.4078243671205087
-612.48097588,1002.9626950383653,-1.73185696134375,2.1388,1.64300027,2.25,3.0,1.3784048752090223,86.525,125.3,70.44074815048461,2.3825,2.62,1.4118463089160946,4143.5,7135.631688925655,1086.6,1572.3172504300778,-4.265000000000001,2.3837533429446935,0.1457184140850546,0.2187590548843701,3.0,1.2649110640673518,2.0,0.8944271909999159,0.25,4.853977921794106,3.362714367480019,15.671292109974457,0.9237565636676387
-465.33176163,217.50525204727657,-2.554010083,2.5261,2.46516353,2.0,4.0,1.6903085094570331,108.4,141.0,73.31731426769922,2.728,2.13,1.2022419533046227,8233.2,16346.14350324172,945.32,1578.9549672398603,-4.16,1.7876560870912184,0.2785121426338409,0.18577031058947868,2.6,1.0690449676496976,1.8,0.5345224838248488,0.0,5.953930135374207,4.42626270600529,10.87526260236383,0.46036100051759693
-144.85200107,361.8786077778055,-1.661868793025077,1.8735,0.7149548,1.2727272727272727,2.0,0.8224783208299743,81.3409090909091,127.05,61.8732700292917,1.839090909090909,2.55,1.6143747651499454,2226.181818181818,2850.867649144937,858.1636363636363,857.1779683424935,-2.660909090909091,2.363001580741798,0.2228459106434057,0.1377901528324989,2.909090909090909,1.4450727642986174,1.3636363636363635,0.641688947919748,0.0,4.031464906832727,3.11352930057682,16.449027626263884,1.0601512513394795
-219.19775827,287.45097002815373,-2.066409340876436,2.7011000000000003,2.9069103800000002,2.0,3.0,1.2792042981336627,105.98333333333333,88.2,50.46286213192286,2.356666666666667,2.51,1.453735001485984,2144.3333333333335,3093.0505389281366,909.6,1279.0414194729085,-3.5666666666666664,2.1633517765474273,0.20040680322171345,0.03835999122796613,2.8333333333333335,1.365150674334655,1.6666666666666667,0.6030226891555273,0.0,4.946606586422658,4.9145953388090025,11.977123751173073,0.8953517955858018
-399.73590067,42.9164487435527,-0.9427949424999991,0.0,4.73658869,1.5,1.0,0.7071067811865476,129.7,22.599999999999994,15.980613254815971,2.67,1.54,1.0889444430272832,6661.0,9106.12112812036,1645.1,2198.9606681339255,-3.51,2.093036072312181,0.14370967385104794,0.12203294954144633,3.0,1.4142135623730951,2.5,0.7071067811865476,0.5,5.810065366588724,6.155599930561004,10.729112185888175,0.5224464610911854
-344.41703733,422.2454330523813,-1.316017036939655,1.9715,0.72418833,1.3333333333333333,1.0,0.6030226891555273,110.53333333333335,170.0,81.67505460943718,2.035,2.51,1.4646889213630434,3457.3333333333335,5348.992564450379,1129.5666666666666,1296.1897960070228,-2.44,2.3095572184846485,-0.050406479502302516,0.6931450241912517,3.1666666666666665,1.7188791273808215,1.6666666666666667,0.9534625892455924,0.0,4.427728839517485,4.6866787148175115,17.593559710515887,0.8090330296684785
-375.79905739,193.8256732273988,-1.919143204259254,1.4367,1.04895133,1.7777777777777777,3.0,1.1902380714238083,93.05555555555556,105.9,56.50877512976782,2.223333333333333,2.46,1.507232563342499,1962.0,2134.7587685731614,982.5333333333333,1048.7119242194208,-3.4575445555555557,1.92045202993987,0.18073824649387837,0.1395306570789992,2.4444444444444446,1.632993161855452,1.5555555555555556,0.6454972243679028,0.0,4.654320081915795,5.1225145631188544,10.76809295707771,0.8164897874048186
-695.81761717,177.7598523374402,-3.7149481960714272,0.0757,6.29549598,4.214285714285714,7.0,4.214890997694837,104.5,111.4,69.3629172232129,2.6785714285714284,2.2199999999999998,1.4451876511162054,6957.0,13184.43709183564,1653.4857142857143,2988.2242996980867,-5.485,1.0126450513383252,0.4027540128566753,0.32836192910769646,3.0714285714285716,2.032892781536815,2.357142857142857,0.6776309271789385,0.0,5.71771918227609,5.584300096077452,12.697132309817158,0.5342385014336147
-672.62162568,334.9949856779148,-1.3358870674074081,0.0,4.33835653,2.3333333333333335,1.0,0.6708203932499369,121.34444444444443,77.3,40.96483858139807,2.9511111111111115,1.56,0.9853628773198227,4370.222222222223,8596.794623579186,823.911111111111,1568.091173369712,-4.745555555555556,0.5424158920975679,0.06945007962902218,0.3342407363043197,3.111111111111111,2.3664319132398464,2.111111111111111,0.4472135954999579,0.1111111111111111,6.187493701533167,8.519293635229127,12.407221691774623,0.4482088237395448
-372.64122009,66.25367573946053,-0.950692176449999,0.0,2.02338111,1.8,1.0,0.5345224838248488,135.34,156.9,66.94633245048924,2.684,2.62,1.38258556955541,4599.2,10347.766301408794,1080.1200000000001,2074.4827279520623,-3.914,2.040668657922832,0.10644965284814178,0.3610266645286651,3.2,2.138089935299395,2.0,0.8451542547285166,0.2,5.655084411163734,7.072388656291558,13.250735147892106,0.869726369295591
-985.14961605,558.1717956410945,-2.694584438928573,0.0,5.32415488,3.761904761904762,7.0,3.491964265709157,111.01071428571429,127.05,50.490409750804396,2.5569047619047622,2.55,1.3311378358924102,10902.52380952381,17023.058452593425,2113.704761904762,3149.1833405916195,-5.552380952380953,1.88482524005994,0.29877323952461876,0.11851383110283906,3.4285714285714284,2.14524167768345,2.3095238095238093,0.8052661722979693,0.38095238095238093,5.407666061859341,6.742656682651442,13.289804658121298,0.6270829601823776
-519.68561062,513.7503278083724,-2.180191696583333,1.4737,2.21991867,2.8,6.0,2.8535691936340255,126.94000000000001,54.900000000000006,28.427552027667005,2.7700000000000005,1.8399999999999999,1.105376471098034,7753.2,13958.066034683006,1544.52,2618.3563524798205,-4.544,2.7727191398645896,0.18524775540299687,0.21178829914235445,3.2,1.9639610121239315,2.4,0.6546536707079771,0.4,5.9213811665763405,6.432648671755968,12.84375819520931,0.5082884740347857
-524.58020766,207.87196926224522,-2.309716111000001,1.605299999999999,4.24745218,3.6,5.0,2.7516228977511745,100.5,112.1,66.91497803716508,2.752,1.81,1.1285705244119344,5811.2,11686.159774952348,1285.52,2021.2733582005746,-4.794,1.2831211945876353,0.17960548230470286,0.4770776270934065,2.8,1.3093073414159542,2.2,0.5345224838248488,0.2,5.472376613020352,5.389298111015705,10.39359846311226,0.42763058264354237
-468.24828844,612.9651321496989,-3.018547375384607,4.468400000000001,0.62102105,2.358974358974359,3.0,1.3663171044477713,124.62564102564102,94.1,44.374836843190906,2.6420512820512823,2.62,1.3511587273677568,13339.641025641025,28867.369012935207,1014.6307692307691,1737.4590251068464,-4.480256410256411,2.0154969703234924,0.2890234765938446,0.11116274170638635,2.717948717948718,1.4142135623730951,1.8461538461538463,0.48094533079649837,0.0,5.596579444173233,3.1469357507625517,15.7170546705051,0.657023149137923
-731.45329909,399.14955897707586,-2.8201032384999998,3.5313,4.75465843,3.2,3.0,1.9639610121239315,98.88,112.1,69.17417974112264,2.748,1.8299999999999998,1.1356999100617582,3391.2,5618.36163205711,1107.92,1670.9457852195135,-4.348000000000001,1.0927161440321873,0.41400000000000026,0.30220617371021935,2.6,1.0690449676496976,2.0,0.0,0.0,5.338863054334966,4.815930177967567,9.978738974426896,0.40282322351246813
-584.49583309,265.17950377464143,-3.5086665855,4.311599999999999,1.9742306200000002,3.6,7.0,3.0550504633038935,100.31,111.4,67.98685739007045,2.669,2.2199999999999998,1.2931937209869215,4483.2,7106.789679986004,1252.6200000000001,1961.1467070738656,-4.664,0.8459971105808288,0.4207378684438705,0.3185007613852804,2.6,1.247219128924647,2.1,0.40824829046386296,0.0,5.3685447140146625,3.329436104428271,13.258975188732071,0.4102985970749824
-374.68540583,356.7483355293301,-2.857885393999998,2.800199999999999,4.48473545,2.933333333333333,3.0,1.7367006167610077,108.09333333333333,98.5,57.70442203662251,2.7626666666666666,1.8299999999999998,1.1295174533487098,4439.866666666667,6959.015813804003,1043.5866666666666,1618.9647751652308,-4.5326666666666675,0.7653662416588335,0.28662662284588275,0.43007195953401217,2.8,1.7870501915438117,2.0,0.0,0.0,5.540228760029097,6.236129965285317,11.891611184311005,0.42148760626482273
-531.82963193,155.51158454528982,-3.013763015555556,1.6920000000000002,1.8345027999999992,3.111111111111111,7.0,3.433899629672753,97.88888888888889,99.9,62.663579267918195,2.388888888888889,2.62,1.5424912209366595,5276.666666666667,10965.141243960334,1304.111111111111,2388.3945217795713,-4.452222222222222,2.564047906468728,0.35227518345253395,0.26056779043384815,3.3333333333333335,1.9364916731037085,2.0,0.8660254037844386,0.0,4.90749823685135,4.627600060254081,17.27906494947665,0.9288320702866023
-237.39200069,133.5742810249583,-0.635057482500004,1.1867,0.46310693,1.0,2.0,1.4142135623730951,70.5,141.0,99.7020561473032,2.7199999999999998,1.44,1.0182337649086284,1256.0,1462.2968234937803,360.04,381.61138767075596,-2.64,3.3234018715767735,0.1981921691127768,0.0449830658303815,4.0,2.8284271247461903,2.5,0.7071067811865476,0.0,6.273148659530589,10.770191921803868,16.69678512811979,0.4504443672828707
-474.92961858,256.7279879190002,-1.579683229999991,1.5122,0.90127674,1.4666666666666666,4.0,1.7489492643904123,83.61333333333333,141.0,87.86504357452365,2.6586666666666665,1.54,0.940953833961613,7712.933333333333,21470.438326712767,717.1119999999999,1280.2038638022136,-3.167333333333333,3.027048892898825,0.23085042698720334,0.1061005430638812,3.7333333333333334,2.4162440468871615,2.4,0.6301260378126043,0.0,6.122496598260569,8.872319496469887,17.115199194600017,0.3985035398399239
-317.62755573,538.6539781098929,-1.50242969321875,3.9227,0.65472555,1.6,2.0,1.0690449676496976,123.6,195.0,87.18453335966682,2.904,1.79,0.9561305947859394,2683.2,4111.505667896234,481.71999999999997,647.6058457337854,-3.944,1.9500842472643516,0.21000000000000033,0.21380899352993948,2.8,1.3093073414159542,2.2,0.5345224838248488,0.0,6.52788119037898,4.744169937066032,13.466349452747323,0.2879912945011447
-265.02267988,544.3166321035511,-1.528302706566668,0.8768,0.48277762,1.7333333333333334,2.0,0.8744746321952063,93.65333333333334,92.6,57.30485170918571,2.1839999999999997,2.62,1.5714792581588628,3195.6,6680.3638197860055,881.56,1297.7586352223273,-3.380666666666667,2.420284074235915,0.20342337217609488,0.15757965624295403,3.066666666666667,1.2833778958394957,1.7333333333333334,0.8744746321952063,0.13333333333333333,4.437311992600544,2.833794264386614,18.143887736785036,1.0823070669543524
-614.04253539,234.69614330367338,-2.133976629879308,1.8192,3.09685666,3.3,4.0,2.1984843263788196,92.46000000000001,141.0,86.03987447689589,2.765,1.89,1.1647961194990304,7593.2,14728.712457871756,1337.12,2452.442822076706,-6.05859,2.0577730199579025,0.10108565224464057,0.23613171139558653,3.0,1.8257418583505536,2.4,0.6666666666666666,0.4,5.778473791540734,6.292047027192229,11.73480716518367,0.42793023408425207
-439.55085209,278.2199660312183,-3.661658828500002,3.6122,1.83711263,2.8,8.0,3.625307868699863,93.826,135.97,78.69679499736405,2.5200000000000005,2.49,1.5142419131131497,5933.2,10841.941391782982,1321.52,2386.904867336418,-4.65,2.152257950551998,0.38556769090935106,0.27001398247284064,3.2,1.9639610121239315,2.0,0.8451542547285166,0.0,5.341614387697048,5.415575897777201,13.910998301560914,0.745067862009971
-403.51346444,248.92808517080482,-1.754956429833332,1.628299999999999,1.5719148600000001,2.8,6.0,2.8535691936340255,119.84,90.4,46.94446567107626,2.776,1.81,1.0940945375710718,6953.2,12040.747793578745,1277.1200000000001,2012.537102408656,-4.33,2.4713212197989503,0.02420356522151168,0.3653478777461824,3.0,1.6903085094570331,2.4,0.6546536707079771,0.4,5.8612972255538835,5.518261990818178,12.446404258540232,0.4849210230481029
-181.51207137,513.3019755752496,-1.7107601362272722,0.0,2.71475087,2.090909090909091,8.0,2.9803276566808004,80.36363636363636,111.4,61.54323205491166,1.8090909090909089,2.62,1.6512882671346245,2388.0,4022.0496530705223,923.8,1275.6836778301872,-2.901818181818182,2.667987785491045,0.2943115017394731,0.15985040479919835,3.3636363636363638,1.4245742398014511,1.5454545454545454,0.8744746321952063,0.0,3.7601635638055866,2.5070921647892854,23.331907980693156,1.1519985578987864
-166.46906704,216.56275852085403,-0.9115316718750011,0.0,3.8654609300000002,1.5,2.0,1.0954451150103324,98.5,141.0,73.47652686402645,2.6975,1.53,0.9400585088174034,4983.5,8985.356509343412,999.07,1621.2406896941613,-3.48,2.4302427862252776,0.17689959768918784,0.0772155416607556,3.5,2.0976176963403033,2.5,0.6324555320336759,0.25,6.011144122543804,8.933862432942597,13.535172407553375,0.484898127250168
-720.05606301,374.46736759838427,-2.454240711041668,1.7026,0.9934217200000001,3.125,6.0,3.1012331513163485,108.225,90.4,58.16138804072276,2.6799999999999997,2.46,1.3705301679191417,6213.75,13195.729322509658,1178.25,2093.548673200321,-4.84375,1.6482852051896415,0.05663695345728184,0.4030070442434876,2.5,1.1881770515720091,2.125,0.8224783208299743,0.25,5.600413833548093,3.34923333419877,11.702105237449508,0.4049050639850992
-249.67016152,271.5234877996981,-2.28143384151515,3.7425,-0.21828282000000002,2.5454545454545454,5.0,2.2980970388562794,114.85454545454546,81.4,48.20530313150204,2.7963636363636364,2.46,1.3030589012013234,7050.363636363636,18173.28566192696,1410.6727272727273,2969.79736871895,-5.2838,3.3086197523004213,0.13138741902022347,0.2730112126857473,2.727272727272727,2.1213203435596424,2.0,0.82915619758885,0.18181818181818182,5.782962683839305,6.036840615974989,12.341976718168096,0.3866003762053315
-509.51978817,48.891748779920675,-0.8920672985000011,0.0,2.63098803,1.2,2.0,1.3093073414159544,84.6,141.0,92.30616756982478,2.778,1.8699999999999999,1.098583503556154,2181.2,4000.2805615892207,728.496,1374.0176782393617,-3.8020000000000005,2.4327292139840453,0.24183501521002562,0.08111759495896836,2.8,2.138089935299395,2.0,0.8451542547285166,0.0,6.362786465453437,8.749032488185222,9.778349755984134,0.443848947853215
-700.39324464,800.4988674862784,-2.041816249736842,2.4329,0.18384286,2.736842105263158,5.0,2.4801537836790835,117.88421052631578,81.4,49.51951694170224,2.911578947368421,2.46,1.2144421630698847,8046.631578947368,20947.892738555987,1265.821052631579,2808.209865443125,-5.163263157894738,2.149686672679922,0.1297727162748663,0.2727811368554766,2.6315789473684212,1.7718732696558552,2.1052631578947367,0.7997092494906698,0.21052631578947367,5.963161939158859,3.768946933299743,14.043839780461024,0.33122754964406015
-316.27154523,87.35959763657713,-1.136651947999999,0.0,3.54713025,2.2,1.0,0.5345224838248488,119.74000000000001,77.3,40.33941709331669,2.822,1.56,1.011519366384761,6813.2,10795.65687804922,1331.3200000000002,2031.268024799147,-4.654000000000001,0.6935210368629265,0.13337308530083175,0.1765163475522846,2.8,1.3093073414159542,2.4,0.6546536707079771,0.4,6.042551309825109,6.296421923175464,8.735959763657714,0.5340300570051518
-798.36037415,292.63012543368086,-3.826173611575757,3.5002,2.31103698,4.363636363636363,7.0,4.428645755285294,100.61818181818181,111.4,74.62973549031805,2.658181818181818,2.2199999999999998,1.4484518988305435,6523.090909090909,14701.23889446934,1562.6727272727273,2829.1684824229687,-5.508181818181819,1.666826228921106,0.36487753775777987,0.2674634780370291,3.1818181818181817,2.214322877642647,2.3636363636363638,0.6720215050322471,0.09090909090909091,5.67736045406725,6.35163133937445,13.301369337894585,0.6314495106320506
-745.3958647,332.07650026951177,-2.304976676875,1.666199999999999,2.8583195,3.375,5.0,2.561020017378186,101.675,112.1,70.18183944750447,2.80625,1.81,1.124778409549292,4386.25,10043.073205536477,1135.625,1912.0044963643904,-4.6225000000000005,1.3340032630703544,0.25225342644043935,0.4421670941880785,2.75,1.3284223283101428,2.125,0.45374260648651504,0.125,5.533235988722881,5.408199924005539,10.377390633422241,0.4003346488430024
-461.00232433,657.9319829937269,-0.6585394598333311,1.5002,2.35552841,1.6,2.0,0.8709883407113854,128.32,49.8,18.83694096257633,2.543,1.51,0.962289833749651,6828.8,7084.855650343689,1437.28,1461.9012287971511,-2.757,2.7099436945416793,0.0009651744264339235,0.2579318286047827,3.9,2.071980561751452,2.5,0.6565321642986128,0.5,5.445628247807947,8.200771330728186,16.448299574843173,0.6478652843406871
-459.46784578,151.5084595587855,-1.783481409999999,1.1892,2.31540006,1.25,2.0,1.0488088481701516,129.6875,208.85000000000002,94.4903209328871,2.5775,2.55,1.3170990851109114,5236.0,6653.894618943104,1363.1,1669.3945776837784,-3.22,2.279684188654209,-0.06621006374576788,0.8862246724760687,4.0,2.5298221281347035,2.0,0.8944271909999159,0.0,5.443828654326849,8.029159442885918,18.93855744484819,0.7094695580243784
-575.39644787,833.3627512821313,-2.911548753571428,3.6821,1.23328835,1.7142857142857142,4.0,1.6903085094570331,99.00857142857141,135.97,79.24127915063318,2.524285714285714,2.49,1.4641867562380344,6955.428571428572,14149.127444071291,966.2571428571429,1461.3070431246522,-3.9442857142857144,1.92012834392466,0.299664124926477,0.18144387979640184,3.142857142857143,1.7928429140015905,1.7142857142857142,0.5976143046671968,0.0,5.327891393349243,4.971519917099595,14.88147770146663,0.7566547821915477
-574.60037903,134.06377366980044,-1.5651373466666652,0.0,6.07802721,2.3333333333333335,1.0,0.6666666666666667,129.48333333333332,37.8,23.185687635071577,3.015,1.3900000000000001,0.8551705482923666,7048.0,13676.394651612927,1031.4666666666667,2069.9136256804964,-4.718333333333334,0.5451860029180663,0.03691399261457592,0.4140804521400261,3.0,2.0,2.1666666666666665,0.5270462766947298,0.16666666666666666,6.380492325270177,7.150870696600975,11.171981139150036,0.398245689262096
-455.8339527,453.10170689542934,-2.056250776097561,0.0,3.84278719,2.7560975609756095,8.0,3.489586678945433,118.63414634146342,111.4,50.757073461037066,2.7019512195121953,2.2199999999999998,1.2005230927402153,5312.878048780488,8084.843340974596,1439.4829268292683,2141.401172839404,-4.267560975609756,1.817983825525799,0.24770451052086034,0.2515050472820511,2.975609756097561,1.5970701022160565,2.4146341463414633,0.656033342777212,0.2682926829268293,5.79960110276151,5.923923142525031,11.05126114379096,0.6216149104766334
-725.98012011,117.02743487608689,-2.526702651666667,2.7654,2.94061199,2.888888888888889,7.0,3.2480763537823427,105.24444444444445,141.0,74.57758376348754,2.801111111111111,2.13,1.2916984942315293,6181.333333333333,13177.700778208618,1029.3555555555556,2092.2300633534546,-4.8244444444444445,1.7477814508685003,0.11400609144966992,0.45286138810116006,2.5555555555555554,1.1832159566199232,2.111111111111111,0.806225774829855,0.2222222222222222,5.9455500939515815,3.152644310244029,13.003048319565202,0.343319739420946
-719.55755292,289.30911132681416,-2.115222795000001,2.1245,1.80809144,3.111111111111111,5.0,2.958039891549808,117.6888888888889,90.4,52.59558916867459,2.867777777777778,1.81,1.1566697886605322,7125.777777777777,14061.852573540942,1231.9111111111113,2305.6013658045918,-5.058888888888889,0.9091644515707815,0.06191876395313627,0.3963091872037251,2.6666666666666665,1.3416407864998738,2.3333333333333335,0.6708203932499369,0.3333333333333333,6.039188766413682,4.417930252541371,10.715152271363488,0.3768978035881693
-522.26548865,246.77642282728726,-1.9393015047222222,3.0694,-0.54550917,2.6666666666666665,3.0,1.5634719199411433,111.81666666666666,112.1,61.712798060405945,2.9583333333333335,1.63,0.9751039830591287,5696.333333333333,14189.737551405868,620.8000000000001,1243.9836976423765,-4.6066666666666665,1.012510630945561,0.19500000000000037,0.4423987643141268,2.6666666666666665,1.3333333333333333,2.0,0.0,0.0,6.149271322963821,4.211810681378157,13.709801268182625,0.2333186400021853
-384.94633298,187.84626527897058,-1.809289194230769,0.8240000000000001,4.61188183,3.076923076923077,6.0,2.796101181678127,110.95384615384616,141.0,59.195377583665504,2.9438461538461533,2.13,0.9416499059918955,11575.076923076924,21858.550688044674,1953.5846153846153,3609.0483220523793,-6.184892307692309,3.5108035294320774,0.09479692307692383,0.37341806530409577,3.3076923076923075,2.5135993750360894,2.230769230769231,0.7977240352174656,0.3076923076923077,6.06229544131814,7.846812604106399,14.449712713766967,0.33324790952039346
-59.02469606,133.5742810249583,-0.635057482500004,1.1867,0.46310693,1.0,2.0,1.4142135623730951,70.5,141.0,99.7020561473032,2.72,1.44,1.0182337649086284,1256.0,1462.2968234937803,360.03999999999996,381.61138767075596,-2.64,3.3234018715767735,0.1981921691127768,0.0449830658303815,4.0,2.8284271247461903,2.5,0.7071067811865476,0.0,6.273148659530589,10.770191921803868,16.69678512811979,0.4504443672828707
-383.84805905,185.09147442438095,-1.759228370769231,0.0,3.64114363,3.076923076923077,6.0,2.796101181678127,108.89230769230768,141.0,61.4706470971752,2.9084615384615384,1.79,0.9480961784736628,11778.923076923076,22525.70404509641,1657.6615384615384,3032.4097378457645,-5.438615384615384,2.242206867432984,0.10243076923076967,0.3196957673106786,3.076923076923077,1.9188064472004938,2.3846153846153846,0.6741998624632421,0.3076923076923077,5.944455416048263,5.178000263180742,14.23780572495238,0.3707595206081537
-365.52745529,41.75165948717156,-2.867200542,0.6259,5.99609001,2.8,8.0,3.625307868699863,92.82000000000001,141.0,80.74308462206353,2.644,2.11,1.3067025019381528,5923.2,10838.5697000507,1538.92,2508.750563242872,-5.064,1.210419053763731,0.35361702234265235,0.25633978638641397,2.6,1.6035674514745464,2.0,0.8451542547285166,0.0,5.884204492503781,5.8955496785425305,8.350331897434312,0.5547543671763033
-482.10562876,281.1957752423065,-2.114110612142857,0.0,5.5314903300000005,2.2857142857142856,2.0,0.9258200997725515,131.65714285714287,29.0,16.7760032699772,2.782857142857143,1.54,1.0038105968187994,12212.57142857143,22737.022835643445,1415.1142857142856,2023.8469599114596,-4.668571428571428,0.8736254509636431,0.21566475611282293,0.14294561595353214,2.7142857142857144,1.164964745021435,2.2857142857142856,0.5976143046671968,0.2857142857142857,6.055030319084677,4.947911502767601,10.042706258653805,0.4239947612872151
-1153.01067435,441.0987781616557,-3.369452651599999,3.9429,6.13758607,3.22,4.0,2.13233434472028,102.036,98.5,67.94822912836014,2.7089999999999996,1.8299999999999998,1.272288367400368,4609.2,7873.193020371458,1173.96,1886.4379627750895,-4.561,1.0202998149756857,0.41295170649523194,0.34310142184598347,2.42,0.7567680621157642,2.02,0.1989471479811216,0.02,5.3759379019817395,3.9325533994943367,8.821975563233114,0.43999393551611077
-459.47685218,86.18009943056134,-2.077012358124999,1.5432000000000001,1.34843143,1.0,2.0,1.2977713690461004,70.5,141.0,91.49288151775006,2.535,1.8699999999999999,1.1749132106805076,3861.0,4728.604289461721,830.35,1143.6284987520617,-3.4400000000000004,2.2399624056995617,0.3203488422280719,0.12119949536101209,2.75,1.2565617248750864,2.25,0.8583950752789521,0.0,5.945582213413536,5.18771965053864,10.772512428820168,0.4570213698789032
-841.23832733,254.34244461182925,-2.333588346992338,1.8524,0.44326615,3.4444444444444446,5.0,3.0083217912982647,105.24444444444445,141.0,74.57758376348754,2.8277777777777775,1.89,1.2324629811884817,6681.333333333333,13520.432604025658,1137.2444444444445,2170.6636722440444,-5.427777777777778,0.9623824603555488,0.04994188857731441,0.3980563348839289,2.6666666666666665,1.3416407864998738,2.3333333333333335,0.6708203932499369,0.3333333333333333,5.927053203259366,3.3011654454115287,14.130135811768291,0.29515090872720157
-546.03766797,62.21966740434897,-1.218954728333332,0.0,4.08526215,2.3333333333333335,1.0,0.7071067811865476,130.56666666666666,31.299999999999997,22.132442251138936,3.0533333333333332,1.1600000000000001,0.8202438661763952,7381.333333333333,15187.239446324667,1382.8,2742.018676085194,-4.736666666666667,0.537401153701776,-0.0240966565273452,0.5390204067219454,3.0,2.1213203435596424,2.3333333333333335,0.7071067811865476,0.3333333333333333,6.251863430637978,7.200741182349888,10.369944567391494,0.38944444976966236
-606.49535401,203.51248447988607,-2.420244780714285,1.5159,-0.29734148,3.4285714285714284,5.0,3.4099716973523675,117.70714285714287,90.4,56.966498722882605,2.920714285714286,1.8399999999999999,1.2395690361366878,6958.571428571428,16140.690801043298,1211.357142857143,2716.650234268084,-5.346428571428572,0.9293139505057754,0.09266647121439167,0.43199970756287825,2.642857142857143,1.5737675133406814,2.2857142857142856,0.6819943394704735,0.2857142857142857,6.143726705623991,3.3104701964338954,14.536606034277577,0.25912818869803306
-534.92214941,283.1886359021479,-2.711582475909091,2.3407,5.82461992,1.2727272727272727,2.0,1.2833778958394957,96.43454545454546,202.93,97.82697249255352,2.4472727272727273,2.44,1.521964674553334,5044.727272727273,8164.558523420171,1060.6545454545453,1649.3012014005133,-3.7436363636363637,1.9089733921049572,0.1915672992537691,0.2660005796153246,3.090909090909091,1.7489492643904125,1.7272727272727273,0.8224783208299743,0.09090909090909091,5.290178869233616,5.29367792761686,12.872210722824905,0.8012381170688138
-176.30490132,149.26590686018258,-1.024969332333334,0.0,3.39612036,2.0,2.0,0.8451542547285166,127.96,49.8,25.822138895584484,2.854,1.51,0.9598214119601327,4573.2,7123.328395390137,908.5200000000001,1362.922171554299,-3.9480000000000004,2.2163741303566704,0.04953801718563271,0.30818678888982415,3.4,2.32992949004287,2.2,0.5345224838248488,0.2,6.008612354595528,8.117625495525031,14.926590686018258,0.4961468588402669
-246.93162341,26.32170194637648,-1.346151347499999,0.0,1.54992079,1.0,2.0,1.4142135623730951,70.5,141.0,99.7020561473032,2.565,1.75,1.2374368670764582,3261.0,4297.795016051836,565.1,671.6100207709828,-2.95,2.884995667241114,0.2900000000000002,0.08485281374238539,3.5,2.1213203435596424,2.5,0.7071067811865476,0.0,5.823165111461915,8.100938400185731,13.16085097318824,0.6269849055241156
-816.33664404,131.36462388371612,-3.55875977333333,4.1495,3.01747659,3.3333333333333335,6.0,3.1269438398822857,123.11666666666667,99.9,52.012461113766875,2.8316666666666666,2.11,1.238720217715759,12014.666666666666,26426.778371778713,1369.3,2631.3306025659335,-5.33,0.8333466665600013,0.3454199269360088,0.26094937840917143,2.6666666666666665,1.5634719199411433,2.1666666666666665,0.5270462766947298,0.0,6.155638167489276,4.6342552836731725,10.947051990309676,0.3774673103057293
-238.06699932,43.453575205003915,-2.8236427075,2.0906,1.72769767,1.0,2.0,1.4142135623730951,77.475,127.05,89.83791654975086,2.165,2.55,1.8031222920256962,4111.0,5499.876544068967,1116.6,1451.5488004197448,-3.46,2.1637467504308354,0.3827503768564916,0.21602165460805117,4.0,2.8284271247461903,1.5,0.7071067811865476,0.0,4.493984206161179,5.859229678931834,21.726787602501958,0.9788503324538809
-565.53997916,144.9452747464648,-3.72757864742424,3.5737,1.04937545,4.363636363636363,7.0,4.319288135792749,94.4,133.4,84.87496134019739,2.7163636363636363,2.08,1.3183749466672976,6450.363636363636,11384.271463295312,1268.8545454545454,2152.273718942365,-5.119090909090909,0.2999010253400278,0.2450860945026064,0.18304928959363115,2.727272727272727,1.3228756555322954,2.3636363636363638,0.6614378277661477,0.18181818181818182,5.6524340852120885,3.4098769073591426,13.176843158769527,0.439035359396336
-863.49341685,133.06058275559766,-3.039436780388889,1.8279,3.29941421,3.6666666666666665,5.0,3.3333333333333335,107.60000000000001,110.0,67.2775346357658,2.815,1.94,1.2511261593726934,9948.0,20184.655161780694,1628.6333333333332,3188.7628715712167,-5.858333333333334,2.1855040100118277,0.1449240455904972,0.3877615836559874,3.0,2.1602468994692865,2.3333333333333335,0.6666666666666667,0.3333333333333333,6.033189246371187,7.385085501650276,11.088381896299806,0.4012482047239589
-318.34844735,94.53809659793289,-1.724905211666666,0.0,4.0943811,2.375,7.0,2.8237712744707766,115.85000000000001,133.4,54.80618482194179,2.625,1.9,1.0673134004297153,7361.0,9528.268943130834,1690.1,2081.22636316592,-3.9525,1.9471950136164153,0.1431842228703592,0.11267941110039618,3.0,1.2977713690461004,2.5,0.6488856845230502,0.5,5.624578180753075,5.313385860582922,11.817262074741611,0.4869057111964292
-256.62028674,523.0730091077116,-2.44712343857143,2.7537000000000003,0.69371551,1.7142857142857142,4.0,1.6903085094570331,99.65714285714286,141.0,83.44479783494167,2.7085714285714286,1.79,1.1219275505002222,9398.285714285714,22416.443269554224,841.9714285714286,1407.3789427767592,-3.988571428571429,2.28263475584059,0.3153178839610523,0.13033014368225893,2.7142857142857144,1.164964745021435,2.2857142857142856,0.5976143046671968,0.0,6.169066914392862,4.245709244527566,12.454119264469325,0.3418993147884375
-373.73429587,194.27563298010114,-2.551106224285708,1.4813,3.16937314,1.7142857142857142,4.0,1.6903085094570331,86.26285714285714,138.63,84.67331359828955,2.584285714285714,2.44,1.4154126102104845,3248.285714285714,4872.209853561611,842.4,1154.0864179081218,-3.9339858571428574,1.7705419210231126,0.19692585714285737,0.1754339725372892,3.142857142857143,1.927248223318863,1.7142857142857142,0.5976143046671968,0.0,5.306087342276822,6.0062743933043725,13.876830927150081,0.7917224304476245
-391.23576226,149.26590686018258,-1.024969332333334,0.0,3.39612036,2.0,2.0,0.8451542547285166,127.96,49.8,25.822138895584484,2.854,1.51,0.9598214119601327,4573.2,7123.328395390137,908.5200000000001,1362.922171554299,-3.9480000000000004,2.2163741303566704,0.04953801718563271,0.30818678888982415,3.4,2.32992949004287,2.2,0.5345224838248488,0.2,6.008612354595528,8.117625495525031,14.926590686018258,0.4961468588402669
-369.36857022,1147.9956810076205,-1.31058676809375,0.0,2.58895785,2.2,1.0,0.5345224838248488,136.34,131.3,56.00609660691286,2.95,1.56,0.8504620592864296,4453.2,8293.562494919952,885.72,1610.198804052291,-4.62,0.7817562645370086,0.10313027479459232,0.20814604064187633,2.8,1.3093073414159542,2.2,0.5345224838248488,0.2,6.404780418301203,4.3021754047381755,14.349946012595257,0.2702582579542453
-286.83621728,173.48774044385902,-1.404653371108373,0.0,2.86933997,2.0,2.0,0.9354143466934853,93.71428571428571,88.2,50.92961442029578,2.277142857142857,2.51,1.323019746640238,5466.571428571428,8488.13180269958,1283.2285714285715,1596.4066884725835,-3.818571428571429,2.0333531419800153,0.11617678605724967,0.17567886624940854,2.857142857142857,1.0307764064044151,2.0,0.9354143466934853,0.2857142857142857,4.850809974179803,4.055334989033723,12.391981460275643,0.8321553352052758
-1354.82287417,136.51657937039403,-4.019811040833332,4.0165,3.14741998,4.0,6.0,4.242640687119285,94.0,141.0,99.7020561473032,2.7266666666666666,2.1399999999999997,1.5132085117392116,8648.0,17874.245214833547,1685.4666666666665,3384.071633402579,-6.033333333333334,2.213244225113893,0.394101412946051,0.3481116656893388,3.3333333333333335,2.8284271247461903,2.3333333333333335,0.7071067811865476,0.0,5.78904241947543,10.241243300471636,11.376381614199502,0.5100651824885054
-548.72351314,50.806471622351985,-2.170192663333334,2.2352,2.22834475,1.3333333333333333,2.0,1.4142135623730951,98.64999999999999,127.05,89.83791654975086,2.59,2.55,1.803122292025696,2814.6666666666665,5499.876544068967,774.4666666666667,1451.5488004197448,-3.97,2.1637467504308354,0.33183358457099454,0.21602165460805114,3.3333333333333335,2.8284271247461903,1.6666666666666667,0.7071067811865476,0.0,5.34002117300742,5.534178959840111,16.935490540783995,0.854995905695817
-660.34551601,1617.547896157262,-3.671023028712122,4.7121,3.12414824,3.6363636363636362,7.0,3.627154532136727,119.4,111.4,58.33230237184197,2.7563636363636363,2.2199999999999998,1.27505882217253,11341.272727272728,25842.139264194055,1290.490909090909,2190.7437161840726,-5.157272727272727,0.30527651400001277,0.3453825222120124,0.23229376753190467,2.727272727272727,1.5612494995995998,2.1818181818181817,0.5303300858899106,0.0,5.95723407180463,4.262086959807584,12.254150728464106,0.4921676279584395
-445.45971143,168.1248937093548,-3.346563131380951,1.2267000000000001,3.28430992,3.4285714285714284,5.0,3.5355339059327378,109.57142857142857,110.0,77.78174593052023,2.8857142857142857,1.94,1.3717871555019021,10444.285714285714,25298.866417292298,1701.857142857143,3988.647931317077,-6.198571428571428,2.9910616844190963,0.27900481771984836,0.12128073622180309,3.142857142857143,2.8284271247461903,2.2857142857142856,0.7071067811865476,0.2857142857142857,6.337331651113998,8.72898921823449,12.00892097923963,0.3576388223540068
-483.21537997,300.30559622315633,-2.570062335909088,1.370399999999999,3.65151314,1.8181818181818181,3.0,1.286953767623375,109.40545454545455,135.97,70.42093618466741,2.7345454545454544,2.49,1.3618163422429619,5177.636363636364,10236.284079195926,696.4909090909091,1106.0852640054472,-4.23,1.712985332686769,0.20933054653228342,0.28390368450251335,3.090909090909091,1.984313483298443,1.8181818181818181,0.5303300858899106,0.0,5.840813173820839,5.869625828091246,13.650254373779832,0.6586237245400189
-362.28924155,204.06411833749345,-2.693179919947917,1.9570999999999992,4.23612083,4.0,6.0,3.4641016151377544,125.7,153.9,78.08245641627829,2.44,2.11,1.059292216529509,8874.0,10815.860021283559,1910.0666666666666,2439.4630584071842,-5.023333333333333,1.5602670711558753,0.29509812462956253,0.4016237165027286,3.6666666666666665,1.5275252316519465,2.3333333333333335,0.5773502691896258,0.0,5.391315502710225,6.060150352803222,17.00534319479112,0.4483676267467465
-413.1753046,361.4052159914103,-0.8670706163352271,1.1502,1.00674662,1.8181818181818181,1.0,0.5303300858899106,165.6909090909091,81.80000000000001,46.36686586345901,3.1145454545454543,0.8999999999999999,0.5920013724646253,3395.818181818182,6480.130149155956,800.4909090909091,1574.584845681553,-3.9845454545454544,2.104190016372096,-0.09551654703564609,0.7707876995599883,3.090909090909091,2.1505813167606567,2.1818181818181817,0.5303300858899106,0.0,6.865452392957446,6.100338615125304,16.427509817791375,0.21962434983889084
-440.5120112,327.9206233179676,-1.641727215000003,2.194499999999999,4.50689941,2.4,1.0,0.7071067811865476,121.08,49.8,35.21391770309007,2.872,1.42,1.0040916292848974,4493.2,7550.486209509955,788.92,1235.174125376661,-4.618,0.6576093065034897,0.007879868537647638,0.3926566279876927,3.6,2.8284271247461903,2.0,0.0,0.0,5.91840320230976,9.438175814451727,16.39603116589838,0.4516813250187892
-553.66812589,119.62507795144641,-3.551662291666667,1.848799999999999,3.23055315,2.8,8.0,3.625307868699863,87.126,135.97,88.1787177109242,2.5620000000000003,2.49,1.458433601995158,5473.2,9711.154499558006,1097.1200000000001,1834.0696014211521,-4.444,1.8710119492632096,0.2511519641029308,0.19716454714482626,3.0,1.6903085094570331,2.0,0.8451542547285166,0.2,5.318199230200937,5.093987788952841,11.962507795144642,0.7978042535912865
-518.621725,136.4985498381144,-3.315690980944443,0.0,5.47277112,3.8333333333333335,6.0,3.6893239368631088,100.43333333333334,133.4,81.69380501468748,2.8000000000000003,1.94,1.280104162428459,9264.666666666666,19415.482184186014,1608.6333333333332,3163.5580155542866,-5.791666666666667,2.1888568807586406,0.2291221003126759,0.1422041775573579,3.0,2.1602468994692865,2.3333333333333335,0.6666666666666667,0.3333333333333333,5.981794656492234,7.124274411471986,11.374879153176197,0.4085494773388485
-542.17617006,275.13193548766117,-3.1110288485,0.0,1.48768934,1.9,7.0,2.614064523559687,93.921,138.63,84.44208873541677,2.524,2.44,1.5429553172762687,5375.2,10957.854899568618,1082.92,2052.6899684722644,-4.277,2.2447308673127537,0.2603248362430942,0.05576770921221711,2.9,1.5456030825826172,1.8,0.816496580927726,0.1,5.380020375856682,3.731545739466861,13.756596774383059,0.6650321846808341
-570.47129192,176.43791618028882,-2.215267584285709,1.462999999999999,1.67866465,1.7142857142857142,4.0,1.6903085094570331,99.65714285714286,141.0,83.44479783494167,2.7199999999999998,1.75,1.1031545675924113,9098.285714285714,22473.125702873265,801.9714285714286,1392.9793568360692,-3.885714285714286,2.4970768624819817,0.29246074110390946,0.10048428411864573,3.0,1.7320508075688772,2.2857142857142856,0.5976143046671968,0.0,6.092834888696874,5.965081781540432,12.60270829859206,0.45785461109086045
-279.23574694,47.397148259900405,-1.7908991124999991,0.7227,0.8923141,1.0,2.0,1.4142135623730951,70.5,141.0,99.7020561473032,2.545,1.79,1.26572113832392,3786.0,5040.2571362977105,635.1,770.6049701370995,-3.13,2.630437226013957,0.33000000000000024,0.14142135623730923,3.0,1.4142135623730951,2.5,0.7071067811865476,0.0,5.951264188702443,5.7042178148357205,11.849287064975101,0.4730568735005466
-604.67724602,140.63330192009124,-3.253571734166666,0.0,6.12427254,3.8333333333333335,6.0,3.6893239368631088,115.2,99.9,54.77280347033553,2.7816666666666667,2.11,1.3212725347599983,8114.666666666667,15961.93644615562,1676.6333333333332,3175.812817391968,-5.6000000000000005,1.233153139989785,0.3330904560532713,0.2560864586242088,3.0,2.0,2.3333333333333335,0.6666666666666667,0.16666666666666666,5.933754655757105,5.859582321636965,11.71944182667427,0.4549092705940571
-594.98175953,330.7479767445294,-2.3688600585416673,2.0696,-0.37615943,3.1666666666666665,6.0,3.198213787189879,110.55833333333334,94.1,61.76122107416132,2.7691666666666666,2.62,1.3913503204749385,6030.5,13907.699053812912,1060.2166666666667,2195.8570116081264,-4.899166666666667,1.8058519952009988,0.06408551551818815,0.4278746034313405,2.75,1.5629642167551832,2.1666666666666665,0.7928249671720918,0.25,5.69754884493724,3.6779345421473972,13.781165697688726,0.5594459573947933
-507.4424416,151.83377570656785,-2.061175068571454,0.0,4.36842419,2.7142857142857144,8.0,3.4434202266268428,118.62857142857145,111.4,49.81996157594435,2.682857142857143,2.2199999999999998,1.1894056138616944,5498.285714285715,8089.485697937963,1481.3999999999999,2131.6427608771596,-4.214285714285714,1.8405957886355326,0.24317391140612785,0.24982664644925034,3.0,1.5811388300841898,2.4285714285714284,0.6546536707079772,0.2857142857142857,5.763972327090546,6.124373601080438,10.845269693326275,0.6409657980908321
-798.93776568,87.42001939959368,-3.426551008,5.853700000000001,5.87476121,3.2,3.0,2.121320343559643,101.6,98.5,69.65001794687494,2.708,1.8299999999999998,1.2940054095713818,4413.2,7409.0648532726445,1170.92,1910.461101409814,-4.49,0.8838834764831844,0.4260000000000003,0.3464823227814081,2.4,0.7071067811865476,2.0,0.0,0.0,5.36030216150896,3.873499124580814,8.74200193995937,0.4364400264646263
-312.49221733,149.23847112129258,-1.021018559729165,0.9659000000000001,-0.56361765,1.5,1.0,0.6324555320336759,114.0,92.6,48.56303120687587,2.4074999999999998,2.62,1.3971793013067437,3518.5,5786.124748050287,911.85,1214.0246109531718,-2.9425,2.595185927828679,0.15449959675832367,0.19963980203949647,3.25,1.6431676725154984,2.0,0.8944271909999159,0.25,4.9718670571956824,3.9826040885859544,18.654808890161572,0.8519127765142133
-509.39627932,105.73376293730534,-2.268996668999999,2.007799999999999,2.06965603,3.2,3.0,2.121320343559643,96.16,112.1,79.26667017101198,2.7880000000000003,1.63,1.1525840533340723,2369.2,3795.7492014093873,1044.92,1687.7224653360518,-4.206,1.3859292911256333,0.40200000000000014,0.3040559159102149,2.8,1.4142135623730951,2.0,0.0,0.0,5.317509695184603,5.887588007758966,10.573376293730535,0.3994916973692873
-1162.90159699,136.51657937039403,-4.019811040833332,4.0165,3.14741998,4.0,6.0,4.242640687119285,94.0,141.0,99.7020561473032,2.7266666666666666,2.1399999999999997,1.5132085117392116,8648.0,17874.245214833547,1685.4666666666665,3384.071633402579,-6.033333333333334,2.213244225113893,0.394101412946051,0.3481116656893388,3.3333333333333335,2.8284271247461903,2.3333333333333335,0.7071067811865476,0.0,5.78904241947543,10.241243300471636,11.376381614199502,0.5100651824885054
-148.62212881,211.46183443570143,-2.893251054583333,3.1602,1.3834739200000001,1.0,2.0,1.2649110640673518,73.9875,141.0,84.99412185557304,2.27,2.55,1.4918176832307624,4286.0,5150.1217072997415,921.6,1107.989862769511,-3.3625000000000003,2.0660179089252835,0.38637518842824586,0.19790696025690752,3.25,2.073644135332772,1.5,0.6324555320336759,0.0,4.912022613442157,4.561553755611655,17.621819536308454,0.8168352314935987
-498.56375116,201.79231382161697,-1.679315607708331,2.3443,0.57743469,2.1666666666666665,6.0,2.177810171446801,112.89999999999999,94.1,58.70476252278978,2.6316666666666664,2.62,1.6632824689235954,2928.8333333333335,10393.012452055056,718.4666666666667,1933.6837430887488,-4.153333333333333,2.762764660883835,0.25400668478117383,0.054506861439191714,3.0,2.02837021134844,1.8333333333333333,0.7928249671720919,0.08333333333333333,5.313511691251483,3.9277193073900603,16.816026151801413,0.9073341971320941
-519.51116888,131.64714277394958,-3.021072628571429,3.845999999999999,4.08233728,2.5714285714285716,5.0,2.220038609702865,92.71428571428571,141.0,75.77091884659406,2.6614285714285715,1.8299999999999998,1.1893996084459706,4234.0,6279.178767960027,1017.8285714285714,1562.3417643305283,-4.101428571428571,1.69089367748875,0.3985714285714289,0.2834103536771875,2.5714285714285716,0.9636241116594315,2.142857142857143,0.46291004988627577,0.0,5.522890116646791,4.6258886692085825,9.403367340996397,0.46013260198879025
-773.35602964,449.01846596094214,-3.277808968055557,3.179899999999999,2.26373337,4.0,7.0,4.189272013130682,109.3111111111111,111.4,66.53647120189046,2.8266666666666667,2.2199999999999998,1.3109004538865643,6570.222222222223,15708.554923989666,1509.6888888888889,2983.142036175951,-5.626211111111112,2.0871509916630377,0.26948304098637876,0.3789858514890704,3.111111111111111,2.2693611435820435,2.3333333333333335,0.6708203932499369,0.1111111111111111,5.895409383679129,6.76981111002335,12.472735165581726,0.575412555614152
-432.42626421,317.41574286165195,-1.9024544377272732,0.0,1.40908532,2.8181818181818183,4.0,2.3287500774185546,125.12727272727274,62.400000000000006,39.82123515450983,3.1145454545454543,1.42,0.8207032631553539,7516.0,20298.695494273292,1292.2363636363636,3348.433116227074,-5.768345454545455,2.881399067827455,0.08507997012219319,0.3612486848798175,3.090909090909091,2.7174648819470297,2.1818181818181817,0.5883484054145521,0.18181818181818182,6.469883265452521,7.372716572808832,14.427988311893266,0.2835870908425326
-619.49764005,231.7876400252598,-0.638052871999998,0.0,5.94104232,6.285714285714286,5.0,3.5355339059327378,46.714285714285715,110.0,77.78174593052022,1.7771428571428571,1.94,1.3717871555019023,30888.85714285714,25298.866417292298,4925.171428571428,3988.647931317077,-8.615714285714287,2.9910616844190963,0.37701445315954424,0.12128073622180309,5.428571428571429,2.8284271247461903,2.857142857142857,0.7071067811865476,0.8571428571428571,4.477005212525753,15.78508477543843,16.55626000180427,0.6689319750111508
-540.3205304,149.0743337162633,-2.115444610807291,3.2683,1.68173968,1.6666666666666667,2.0,1.0540925533894598,126.895,192.63,83.54753287799706,2.885,2.44,1.2776997560720855,2471.3333333333335,4677.741810365814,512.6333333333333,905.6488564068919,-4.2283333333333335,1.6495336041169675,0.1900000000000003,0.16733200530681516,2.6666666666666665,1.3333333333333333,1.8333333333333333,0.5270462766947298,0.0,6.228626095901581,4.077667258023173,12.422861143021942,0.4617664846245662
-687.01999554,579.7570802756806,-1.120911605208334,0.0,1.5679163200000001,2.3333333333333335,1.0,0.6761234037828132,117.52499999999999,77.3,48.62627596563111,2.9316666666666666,1.56,1.0323094774062946,5106.333333333333,10087.85910176896,1013.2166666666667,1934.9578580866892,-4.827500000000001,0.39166129682235845,0.10013781610525019,0.2750652570405396,2.8333333333333335,1.8361450300639575,2.25,0.6210590034081188,0.25,6.219334863736353,5.8862154261465625,12.078272505743344,0.3816322396730561
-682.41616143,151.37862558696676,-2.026081265384615,0.0,2.34360091,3.076923076923077,6.0,2.796101181678127,106.55384615384617,141.0,64.30029336848104,2.7546153846153847,1.79,1.2014290733047117,7009.692307692308,12728.131941776559,1052.123076923077,1791.906293207422,-5.411538461538462,2.1974903040431455,0.19541086915740938,0.138559572139171,2.769230769230769,1.348399724926484,2.3846153846153846,0.674199862463242,0.3076923076923077,5.84838912923312,4.40300900827103,11.644509660535904,0.4196126448856893
-280.47520138,469.13635401586026,-2.7505519329166663,3.538599999999999,3.72226949,2.6666666666666665,7.0,3.104249287084341,92.98333333333333,99.9,61.47289498780595,2.215,2.62,1.5820426956656672,4341.0,9596.51024639118,1145.7666666666667,2083.4337867175823,-3.9150000000000005,2.7703043810448635,0.33086371286401955,0.22782365250431608,3.5,1.9188064472004938,1.8333333333333333,0.8790490729915326,0.0,4.49297207226208,4.3912959635003155,19.547348083994176,1.0831482782947157
-556.70908786,18.4427700910204,-3.03830917,4.4292,2.7374354,1.0,2.0,1.4142135623730951,70.5,141.0,99.7020561473032,2.375,2.13,1.506137443927346,4461.0,5994.85129089955,726.6,900.0055110942377,-3.265,2.439518395093589,0.39000000000000024,0.22627416997969493,2.5,0.7071067811865476,1.5,0.7071067811865476,0.0,5.368947697209989,3.6289033870223943,9.2213850455102,0.8156012112687835
-543.50935394,127.0403679229244,-3.607447267727273,4.2788,2.66465528,3.6363636363636362,7.0,3.627154532136727,117.30909090909091,122.9,64.41920569597238,2.7818181818181817,2.08,1.2179542273829504,12177.636363636364,25960.607403333226,1198.490909090909,2016.1390837439762,-5.091818181818182,0.22308910775741592,0.31308781229729343,0.1533402876821747,2.5454545454545454,1.0752906583803283,2.1818181818181817,0.5303300858899106,0.0,5.993882727576272,3.3733343582971704,11.549124356629491,0.4077332309350268
-284.84492245,365.86870220224085,-1.455311590972413,1.3896,0.27351891,1.28,2.0,0.810541019434579,80.32799999999999,141.0,64.16053992697482,1.8944,2.51,1.585829692606835,2039.92,2262.4287834095467,763.0319999999999,681.4443948377696,-2.5580000000000003,2.4612343282598372,0.20374173124735148,0.0707954482388078,2.8,1.0783277320343843,1.52,0.8626621856275074,0.0,4.189956004803255,3.1347040829440234,14.634748088089633,1.04230400346025
-640.87059067,75.65513999311729,-2.636561944791666,0.0,2.84985343,1.125,2.0,1.2030662579644695,77.95,141.0,85.182825054177,2.33375,2.46,1.441635584291237,3748.5,5106.386465676301,758.1,872.5463377832419,-3.305,2.1904385525806425,0.3471301005764035,0.2041523894001954,2.375,0.6282808624375432,1.5,0.6488856845230502,0.0,5.209715131898543,3.1574130062613275,9.456892499139661,0.777219711758037
-331.21813811,165.25786310812856,-2.180159844375,1.1496,0.90060469,2.125,5.0,1.9934101962532236,100.8875,81.4,52.09034408955676,2.295,2.46,1.5103154079790575,3798.5,8360.537857288722,1018.725,1315.6507419284353,-4.10375,2.4450675375453117,0.2010884673244074,0.06692161466307374,2.25,0.8583950752789521,1.75,0.8583950752789521,0.125,4.888027557897097,2.74951486552935,10.328616444258035,0.6465448078330175
-599.06572576,161.0288658479818,-2.030379208571428,1.5793,1.5750321,2.5714285714285716,5.0,2.220038609702865,88.82857142857142,141.0,80.56179970326241,2.724285714285714,1.75,1.0943687025599997,2624.0,3680.5469702205946,907.8285714285714,1379.8671271435626,-3.847142857142857,1.9485085871726904,0.37000000000000016,0.24849547279578313,3.0,1.5811388300841898,2.142857142857143,0.46291004988627577,0.0,5.457326676970365,6.514222163040496,11.502061846284414,0.46728504013850164
-602.39904773,429.2150130307963,-3.781171346562509,4.7661,1.8924788700000001,4.0,7.0,4.058397249567139,112.225,111.4,65.53072920842736,2.6925,2.2199999999999998,1.3511084773796138,9263.75,22195.229521890775,1355.25,2247.3383315537044,-5.166250000000001,0.31308239847569547,0.3639978195755964,0.2556903810878634,2.875,1.7405205441780578,2.25,0.5940885257860046,0.0,5.77496003571474,4.424248679703713,13.412969157212384,0.5494423106597001
-456.42443029,244.070745068559,-2.371655990416668,2.735999999999999,5.8104366800000005,3.0,6.0,2.6568446566202857,111.875,133.4,61.29871891953755,2.8475,1.9,1.066533692691918,5201.25,9344.799214158706,960.625,1685.9987492145244,-4.83,0.6617979076638395,0.06907688531810308,0.32205209440992466,3.25,2.3514701283890216,2.125,0.45374260648651504,0.125,5.878313834481256,7.427054847813483,15.254421566784938,0.4124419179084736
-267.47370107,121.77903034390049,-1.948860575606061,1.3597000000000001,1.20367137,1.6363636363636365,2.0,0.8451542547285166,99.47272727272728,81.4,51.135953245106464,2.1927272727272724,2.46,1.5435580418537647,2455.4545454545455,3918.9658256812017,942.0909090909091,1025.5893580905426,-3.482727272727273,1.9764578706073435,0.1690821540363864,0.20604804579063216,2.3636363636363638,1.5118578920369088,1.5454545454545454,0.6546536707079771,0.0,4.69731493088063,4.413627449684419,11.07082094035459,0.7023494155666261
-727.47101646,310.9699838667931,-2.429232969166666,1.553799999999999,5.02018534,3.5833333333333335,7.0,3.3869497444498005,116.11666666666667,111.4,53.44328368867852,2.985,2.2199999999999998,1.0093817060812171,9848.0,21279.99875402789,1817.8833333333332,3593.57339601843,-6.217308333333334,2.9199424110514824,0.1365957237032259,0.3919113715993238,3.25,2.5606918707925126,2.3333333333333335,0.6761234037828133,0.25,6.144963235853538,8.20653594304531,12.957082661116376,0.4025162639188873
-613.9178653,330.4169572489336,-1.954579286249999,1.0688,1.9737528800000002,3.0,4.0,2.1602468994692865,126.93333333333334,62.400000000000006,32.61151807431097,3.0216666666666665,1.4300000000000002,0.8487801704668753,11281.333333333334,22157.21286122823,1546.9666666666665,3120.1571516689846,-5.664316666666667,2.6003428625428953,0.1305251188615344,0.2685839902028101,3.0,2.1602468994692865,2.1666666666666665,0.5270462766947298,0.16666666666666666,6.339202543313206,6.442351868917993,13.767373218705567,0.26761750353031005
-351.11880582,165.25786310812856,-2.180159844375,1.1496,0.90060469,2.125,5.0,1.9934101962532236,100.8875,81.4,52.09034408955676,2.295,2.46,1.5103154079790575,3798.5,8360.537857288722,1018.725,1315.6507419284353,-4.10375,2.4450675375453117,0.2010884673244074,0.06692161466307374,2.25,0.8583950752789521,1.75,0.8583950752789521,0.125,4.888027557897097,2.74951486552935,10.328616444258035,0.6465448078330175
-651.22921515,77.26563847183948,-2.686382930833336,1.579499999999999,5.22817792,3.0,6.0,2.9664793948382653,106.925,81.4,44.70144292973103,2.365,2.46,1.3877607863028845,7561.0,14123.224617628937,1703.1,2545.00197563774,-4.720000000000001,2.3416062862915275,0.2550722917605415,0.07267132650036104,2.75,1.6431676725154984,2.0,0.8944271909999159,0.25,5.056061459836231,5.667091796766888,9.65820480897993,0.7079384571336845
-246.80843568,311.0802979650295,-2.3815041635,0.0,3.01105195,1.65,3.0,1.3606437268261486,99.5375,135.97,76.81529641623153,2.6045000000000003,2.49,1.4422359704967127,3768.2,5950.507459622837,743.42,1076.4890609654972,-4.023000000000001,1.8665722305584354,0.21734097086613477,0.3449802360468073,3.35,2.2571208639757407,1.75,0.5812381937190964,0.0,5.410075673827872,6.7100169365127575,15.554014898251475,0.7389757819523485
-593.95987745,101.64004243034374,-1.275349055,0.0,4.81612979,1.7777777777777777,3.0,1.3385315336840844,111.88888888888889,151.0,77.8639304599162,2.691111111111111,2.13,1.1539190468428304,7834.444444444444,13354.91301606516,1397.6666666666667,2386.437114193458,-4.3966666666666665,2.024231335593835,0.2067605790204997,0.3241733597254496,3.111111111111111,2.071633815776009,2.0,0.8660254037844386,0.2222222222222222,6.005952445695622,8.38178147201807,11.293338047815972,0.5254840063677002
-391.9876005,482.3161905859486,-2.008880134035087,1.396299999999999,5.61930584,2.9473684210526314,3.0,1.7499999999999998,112.07894736842105,112.1,61.144945621040506,2.856842105263158,1.66,1.049583250628553,1931.7894736842106,3434.4689181880794,1004.6,1656.1009419718353,-4.3510526315789475,1.2573608272886507,0.260079904980335,0.10886241749947728,3.1052631578947367,1.9843134832984428,2.0,0.0,0.0,5.68520344138795,6.936604890640734,12.69253133120917,0.4626078182649047
-321.62756789,151.89041774010815,-1.7221669830625,1.8514,2.13503775,2.0,2.0,0.8944271909999159,105.4,92.6,48.929990803187366,2.4299999999999997,2.62,1.385698379879258,3418.5,5571.100393997581,762.35,923.2886850817572,-3.7800000000000002,2.0294432734126864,0.10242691094834233,0.3132312885958833,3.5,2.0976176963403033,1.75,0.5477225575051662,0.0,4.878737602438516,6.123883757712944,18.98630221751352,0.8370387163804903
-727.69914627,125.36629858388716,-1.672776781,1.279099999999999,4.28828105,2.6,2.0,1.0690449676496976,105.98,125.3,65.59651558690338,2.8340000000000005,1.6099999999999999,0.9950448661815634,5073.2,8033.658230932441,1048.32,1661.1161273587793,-5.006,0.8202177411255764,0.042513071047017445,0.31545225352564643,3.2,2.138089935299395,2.2,0.5345224838248488,0.2,5.894362181089249,8.287008794993108,12.536629858388716,0.5003842564986088
-782.56213437,131.36462388371612,-3.55875977333333,4.1495,3.01747659,3.3333333333333335,6.0,3.1269438398822857,123.11666666666667,99.9,52.012461113766875,2.8316666666666666,2.11,1.238720217715759,12014.666666666666,26426.778371778713,1369.3,2631.3306025659335,-5.33,0.8333466665600013,0.3454199269360088,0.26094937840917143,2.6666666666666665,1.5634719199411433,2.1666666666666665,0.5270462766947298,0.0,6.155638167489276,4.6342552836731725,10.947051990309676,0.3774673103057293
-471.64598917,185.7839742020492,-1.666708231785714,0.0,3.82241139,3.0,6.0,2.7774602993176543,113.10000000000001,141.0,59.23114528209438,3.0035714285714286,1.79,0.8621502544362496,10667.714285714286,21913.0237297273,1807.4142857142856,3617.2900424240806,-6.0802571428571435,3.5313174052082226,0.0958828571428579,0.3519990422644662,3.2857142857142856,2.5314350209527645,2.357142857142857,0.6776309271789385,0.2857142857142857,6.248733698503778,8.444306756982932,13.270283871574943,0.3211955278430744
-238.66564049,311.0802979650295,-2.3815041635,0.0,3.01105195,1.65,3.0,1.3606437268261486,99.5375,135.97,76.81529641623153,2.6045000000000003,2.49,1.4422359704967127,3768.2,5950.507459622837,743.42,1076.4890609654972,-4.023000000000001,1.8665722305584354,0.21734097086613477,0.3449802360468073,3.35,2.2571208639757407,1.75,0.5812381937190964,0.0,5.410075673827872,6.7100169365127575,15.554014898251475,0.7389757819523485
-284.05865986,167.2229752673024,-0.8160150875000001,0.19789999999999902,1.02210109,1.2,1.0,0.5345224838248488,100.9,175.9,94.89772690338042,1.688,2.62,1.4706266885728878,3858.4,5863.0602443239,1220.44,1352.5070731264746,-1.768,2.1527955247604385,-0.035101830750582264,0.8191410859493145,4.6,1.8126539343499315,1.6,1.0690449676496976,0.0,3.5339480640535754,4.660879725007663,33.444595053460475,1.0422943386969044
-345.2103098,584.2137616498586,-1.19144224375,0.0,2.09530438,1.6666666666666667,2.0,0.9534625892455924,81.06666666666666,94.1,54.74160790809525,1.8699999999999999,2.62,1.4988541077648738,3869.0,7143.564847278474,1043.8999999999999,1330.2568261942367,-2.9183333333333334,2.509299974820939,0.2017472048193507,0.17790921682474886,3.8333333333333335,1.7188791273808215,1.6666666666666667,0.9534625892455924,0.16666666666666666,3.813862865296866,3.9489928603355064,24.342240068744108,1.1995632462379402
-379.00396123,270.8505755335312,-1.960145810277778,0.974399999999999,4.8029141200000005,2.1666666666666665,2.0,0.7928249671720918,124.76666666666667,81.4,36.45010679976515,2.8874999999999997,2.46,1.1845306484607552,5323.0,11954.573475094316,659.7166666666667,1158.5261836858563,-4.511666666666667,1.264140588926496,0.129030215034975,0.24465964527937586,2.75,1.8631770102243563,1.9166666666666667,0.3964124835860459,0.0,6.256326323961063,6.133481838615246,11.285440647230466,0.4306317718635881
-506.12265209,888.3964661130715,-1.866047422119673,2.4378,0.6802631,1.8823529411764706,4.0,1.5957793167938281,86.30588235294118,112.1,60.072946935275056,2.0670588235294116,2.51,1.5295397544572404,1972.5882352941176,2240.1347550828796,872.5529411764705,997.9284217235827,-2.9899999999999998,2.2840803960924743,0.25045523634231215,0.19770928883626857,2.7058823529411766,0.8626621856275073,1.5294117647058822,0.6469966392206304,0.0,4.299620992270324,3.254998148390795,13.064653913427522,0.9913195251992815
-465.35943277,252.73007423132103,-1.9756995158912032,2.4447,0.72823227,2.6666666666666665,6.0,2.683281572999748,138.17777777777778,187.4,72.80159338915598,3.031111111111111,1.9,0.9111174457774366,3425.777777777778,8252.483129337497,668.5777777777778,1539.6006163937452,-4.7188888888888885,0.9761634084516795,0.14369063776184315,0.18013052801396137,2.6666666666666665,1.3416407864998738,2.111111111111111,0.4472135954999579,0.1111111111111111,6.543489854146012,3.96567862036743,14.040559679517836,0.23474820021296636
-468.58304058,513.7503278083724,-2.180191696583333,1.4737,2.21991867,2.8,6.0,2.8535691936340255,126.94000000000001,54.900000000000006,28.427552027667005,2.7700000000000005,1.8399999999999999,1.105376471098034,7753.2,13958.066034683006,1544.52,2618.3563524798205,-4.544,2.7727191398645896,0.18524775540299687,0.21178829914235445,3.2,1.9639610121239315,2.4,0.6546536707079771,0.4,5.9213811665763405,6.432648671755968,12.84375819520931,0.5082884740347857
-572.47083343,222.484758011856,-1.2262215181249991,0.0,5.00443984,1.75,2.0,0.8583950752789521,149.23125000000002,191.35000000000002,76.78150090730806,2.68625,2.55,1.1233584514865749,8611.0,11885.440611366319,1849.725,2411.9851860852577,-4.05625,1.3666083641821574,0.01965270363591967,0.4717524155053304,4.0,2.5955427380922007,2.25,0.8583950752789521,0.375,5.914846299491615,11.741399156239332,13.905297375741,0.6846928964425912
-250.0029235,512.1266214372829,-1.5952744270913461,0.43649999999999906,-1.22641844,1.7692307692307692,1.0,0.5710402407201608,127.5923076923077,148.1,65.1731056161372,2.6984615384615385,2.62,1.4572778374943378,1472.7692307692307,2518.9803837888544,424.6615384615385,573.3985904048429,-3.827692307692308,2.2466535500412705,0.19652552730331901,0.15702268461884888,3.0,1.763149356173184,1.7692307692307692,0.5710402407201608,0.0,5.536143120979078,3.5168694045805684,19.697177747587805,0.714917996656126
-568.23745096,256.2483303791318,-2.547090591731034,3.6417,0.6982743,1.12,2.0,1.0739950402746994,74.712,141.0,77.02343349222166,2.2392,2.51,1.3563150791978262,3265.68,4163.323160958594,1194.568,1419.9168234599358,-3.6908000000000003,1.8436468380268325,0.25392520663844287,0.09000522372819572,2.24,0.5312044971776709,1.44,0.6174043398064847,0.0,5.115417198565654,2.501546131171941,10.249933215165273,0.7622258383888814
-243.16022156,144.63734978159653,-1.8707510703906252,2.868999999999999,1.32942344,1.6666666666666667,2.0,1.0540925533894598,126.5,195.0,84.72602905837142,2.936666666666667,2.13,1.1267850036472993,2498.0,4747.178530453642,446.9666666666667,732.4392928958533,-4.163333333333333,1.833242421988368,0.23333333333333364,0.2532017201977725,2.5,1.0801234497346432,1.8333333333333333,0.5270462766947298,0.0,6.460971489142616,3.8405858858522635,12.05311248179971,0.3336193316211312
-499.2949936,138.64131444692424,-1.982464174285712,0.0,4.96761172,2.7142857142857144,8.0,3.4434202266268428,116.98571428571428,122.9,54.975286655524975,2.7028571428571433,2.08,1.1473821134590316,6155.428571428572,9140.45991340542,1409.1142857142856,2015.063998274709,-4.162857142857143,1.785423119119307,0.2177994964731344,0.17748260570657282,2.857142857142857,1.3093073414159544,2.4285714285714284,0.6546536707079772,0.2857142857142857,5.791815214936456,5.654343314370102,9.90295103192316,0.5970570746685727
-423.0444859,206.69485136007913,-2.483645458833332,1.1511,3.34315826,3.4,6.0,3.231786571610886,105.74000000000001,90.4,58.8623063692811,2.651,2.46,1.3371258562886126,7273.2,13876.581135135555,1319.6200000000001,2188.787580678704,-4.971,1.5320338696575142,0.023112303918176848,0.4233380951290391,2.6,1.247219128924647,2.2,0.8164965809277259,0.3,5.525463565850545,4.109464986637173,10.334742568003957,0.4752581539460679
-326.31845394,150.3161849315957,-1.284958853625,2.3575,0.88468063,1.5,1.0,0.7071067811865476,94.7,92.6,65.47808793787429,2.1300000000000003,2.62,1.8526197667087545,1276.0,1490.5810947412422,561.1,665.9531665214904,-3.035,2.764787514439401,0.2525039862246252,0.03182544252632169,3.0,1.4142135623730951,1.5,0.7071067811865476,0.0,4.272683253895573,2.434651557961469,18.789523116449466,1.2109678490179407
-458.40924169,417.6716158020524,-1.451445688214286,0.0,5.3162676,2.142857142857143,2.0,0.8451542547285167,123.54285714285713,49.8,28.885883848590918,2.814285714285714,1.54,0.9570490359134464,5112.571428571428,7524.267899840584,1033.5428571428572,1544.6849433737982,-4.301428571428572,1.3390748405415693,0.0466883843414763,0.3206551701247238,3.4285714285714284,2.32992949004287,2.142857142857143,0.46291004988627577,0.14285714285714285,5.887245029229636,8.675057956507773,14.91684342150187,0.46198666099933583
-383.60402748,637.5524486997233,-2.85352409027778,3.2649,3.03313728,1.5555555555555556,4.0,1.6681153124565984,96.20555555555556,127.05,77.691145066469,2.431111111111111,2.55,1.5570680362672715,6323.333333333333,12847.45760672211,1108.111111111111,1553.4068925793538,-3.8922222222222222,1.8627515879099044,0.32322921936757265,0.2016170550857832,3.5555555555555554,2.4316750354973156,1.6666666666666667,0.6255432421712243,0.0,5.050526096647988,5.882309760884017,17.70979024165898,0.8632665634019349
-150.5733063,69.72553757563249,-1.027777795625001,0.3315,0.65702552,1.0,2.0,1.2649110640673518,70.5,141.0,89.1762300167483,2.6425,1.75,1.0182484961933407,2258.5,3138.7500059737154,462.57000000000005,505.4648849524565,-2.795,2.790290307476984,0.24409608455638848,0.08402893316880179,3.75,2.2583179581272432,2.5,0.6324555320336759,0.0,6.043970583415558,8.216295873634063,17.43138439390812,0.4524203976090257
-465.98380581,44.99605581221014,-0.946948687499999,0.0,5.63289277,2.0,0.0,0.0,149.825,93.30000000000001,43.192441468386576,2.7675,1.53,0.8665967920549903,9411.0,11690.524094325283,1866.1,2283.0817103205045,-4.2875,0.8904998596294108,0.027113586080663943,0.34452059513281286,3.5,2.0976176963403033,2.5,0.6324555320336759,0.5,6.1104247925900355,10.546314260253977,11.249013953052534,0.4983002701891494
-514.33459827,276.26299083367644,-3.131908545833333,1.5774,2.37550039,3.9166666666666665,6.0,3.904210181695799,100.11666666666667,133.4,84.34772585637894,2.8141666666666665,1.9,1.269831822385491,6723.0,13268.132761297973,1256.8,2366.6878642645597,-5.216666666666667,0.48161632625388195,0.12897288592443945,0.2735064069227463,2.6666666666666665,1.3522468075656264,2.3333333333333335,0.6761234037828133,0.3333333333333333,5.83701566494596,3.8773666384582564,11.510957951403185,0.37664361037122157
-961.42854753,170.87835944715613,-2.730494912916667,1.0341,3.8626541,3.75,6.0,3.199264621385211,105.15,133.4,67.35255792338944,2.7575,1.9,1.2097982330561912,7601.25,13089.775151980715,1237.375,2046.5050308211974,-5.6375,1.3339327084183201,0.16729829867246837,0.11120484681049779,2.75,1.3284223283101428,2.375,0.6642111641550714,0.375,5.730339701514155,4.506202888615534,10.679897465447258,0.4565354502836672
-840.30228484,68.9447274633818,-3.174757593888889,0.0,4.72135985,3.8333333333333335,6.0,3.6893239368631088,109.61666666666667,133.4,70.47479060707532,2.8166666666666664,1.9,1.2469072851570713,7731.333333333333,15378.405263369945,1489.6333333333332,2861.3742824811375,-5.428333333333334,1.0624003221217717,0.22107735038125442,0.12378092397329672,2.8333333333333335,1.7159383568311666,2.3333333333333335,0.6666666666666667,0.3333333333333333,5.9120710362850355,4.931924818350093,11.490787910563633,0.4044283968160676
-685.53476936,193.12520973604154,-2.534268328,2.1792,4.08014455,3.0,3.0,1.6903085094570331,96.24,125.3,74.1259834914278,2.7520000000000002,1.8299999999999998,1.1298356391212712,5033.2,7982.398959138608,1239.32,1886.233757669348,-4.941999999999999,0.9582498928478191,0.2515731367781938,0.3702314114152433,2.6,1.0690449676496976,2.2,0.5345224838248488,0.2,5.609564927023149,4.49945586955662,9.656260486802077,0.4637324619392859
-303.19023359,133.92240303969075,-1.432946590277778,1.4376,2.605350559999999,1.3333333333333333,1.0,0.5773502691896257,106.33333333333333,81.4,42.02015389468883,2.106666666666667,2.46,1.2429534719100845,5440.666666666667,6777.046652734016,1635.0666666666666,1554.9971103938854,-2.9599999999999995,1.7600852252092796,0.16482005077110728,0.09371747130612049,2.6666666666666665,1.1547005383792515,2.0,1.0,0.3333333333333333,4.663632489434325,4.289470405864194,11.160200253307563,0.716260263498852
-840.32887196,835.8253999391333,-3.169513764833335,2.1357,0.49773668,3.6,6.0,3.623594180176458,116.67999999999999,133.4,62.3959237799059,2.8819999999999997,1.9,1.2569424600299277,7385.4,16425.5478129809,1422.54,3051.5473538917067,-5.458,1.193383935450492,0.2369712464718467,0.11529452789209262,2.8,1.841549442134554,2.3,0.6756639246921763,0.3,6.088694967885219,4.120533589378355,13.930423332318888,0.31131568045811625
-354.67250704,153.72544909964498,-1.1643603814285681,0.0,4.38942445,2.4285714285714284,1.0,0.6546536707079772,121.01428571428572,77.3,35.84225359623949,2.8857142857142857,1.56,0.8622893117410521,8641.142857142857,13054.996044207968,1642.3999999999999,2391.6651019739365,-4.724285714285714,0.4406164512848528,-0.03556122359873015,0.4416734242690379,3.142857142857143,1.7928429140015905,2.4285714285714284,0.6546536707079772,0.42857142857142855,5.9206184483870805,7.102123914831354,10.980389221403211,0.4493348243835987
-399.77170313,549.8176542566329,-2.912376178888889,2.698599999999999,3.12865424,1.5555555555555556,4.0,1.6681153124565984,93.23222222222222,135.97,83.23684074087471,2.451111111111111,2.49,1.5222751850865976,6323.333333333333,12847.45760672211,945.4444444444445,1383.2582581339077,-3.808888888888889,2.0174661249243795,0.315576995015934,0.18744365257984924,3.2222222222222223,1.8533166509519232,1.6666666666666667,0.6255432421712243,0.0,5.170391886707327,5.01947506543333,15.272712618239801,0.8238083177439182
-484.56747842,296.81138881445287,-3.009926146499997,3.4987,1.7070853700000002,1.8,6.0,2.2607766610417563,93.96900000000001,135.97,83.04186036103852,2.585,2.49,1.5187988675265727,6033.2,13966.233628927228,1133.4199999999998,2332.740649965186,-4.471590000000001,3.124111059610042,0.2628222241974205,0.30383573675897024,3.3,2.1984843263788196,1.8,0.816496580927726,0.1,5.3490962500143375,6.072331512357078,14.840569440722643,0.7834310683614608
-685.19850492,970.7966069728828,-1.9061459250000001,2.281099999999999,5.01952401,2.8,2.0,1.3093073414159542,129.86,33.7,18.89058722523696,2.858,1.48,0.9527554025786772,7893.2,16354.060448184027,1247.72,1896.6752986664399,-4.646,0.5790139401233297,0.2046133556089315,0.04319426297794666,3.0,1.6903085094570331,2.0,0.0,0.0,6.075124243170442,4.912835924488718,16.17994344954805,0.29253028644117957
-700.47067264,348.85652070342985,-0.9360247642857141,0.0,7.09452023,4.142857142857143,7.0,4.2895221179054435,74.14285714285714,133.4,74.25378104850958,1.9657142857142857,1.9,0.7981478559765728,13660.285714285714,7754.736410736345,2910.0285714285715,1486.578893970986,-3.9699999999999998,2.1608516839431626,0.08027218038229192,0.07815994315426633,3.7142857142857144,0.8944271909999159,2.857142857142857,0.4472135954999579,0.8571428571428571,4.315414333156361,6.6684669727638255,12.459161453693923,0.7602539131748839
-428.14064471,360.86229268752993,-2.341121934615382,0.7570999999999991,2.33789451,1.2307692307692308,2.0,1.1575836902790226,95.68615384615386,135.97,79.22324408909294,2.436923076923077,2.49,1.4629600131240772,4596.461538461538,6499.080187226497,1050.1076923076923,1493.4823657479187,-3.516153846153846,2.0746402097713235,0.2903857706181894,0.20758992587477548,3.230769230769231,1.7776388834631178,1.8461538461538463,0.8602325267042628,0.15384615384615385,5.171838456470845,5.425894506106945,13.879318949520382,0.8922335749964441
-268.70843822,340.6737135425195,-2.165405251,4.0946,-1.101590869999999,2.6,6.0,2.653955210788148,114.42,141.0,66.92558489130654,3.011,2.13,1.0456213047960903,8025.4,20226.782376451964,1365.04,3336.639394464984,-5.59418,3.4039394982616966,0.15811800000000062,0.3582273012196724,2.9,2.3265948246871155,2.1,0.7939992333804207,0.2,6.3247664618787525,4.913087069050342,17.033685677125977,0.24118448531759842
-830.15532625,136.51657937039403,-4.019811040833332,4.0165,3.14741998,4.0,6.0,4.242640687119285,94.0,141.0,99.7020561473032,2.7266666666666666,2.1399999999999997,1.5132085117392116,8648.0,17874.245214833547,1685.4666666666665,3384.071633402579,-6.033333333333334,2.213244225113893,0.394101412946051,0.3481116656893388,3.3333333333333335,2.8284271247461903,2.3333333333333335,0.7071067811865476,0.0,5.78904241947543,10.241243300471636,11.376381614199502,0.5100651824885054
-406.28049282,988.2110324036479,-2.717900925124999,3.950699999999999,1.59933635,1.8,6.0,2.260776661041756,92.46000000000001,141.0,86.03987447689589,2.693,2.13,1.3050478918415216,6243.2,14027.685862845185,1045.8200000000002,2303.391722848914,-4.42959,3.19404750564755,0.27405900000000044,0.32133252457539935,2.7,1.615893285805443,1.8,0.816496580927726,0.1,5.827292710246748,4.741962695085282,12.352637905045599,0.47071862768045647
-175.28011255,47.397148259900405,-1.7908991124999991,0.7227,0.8923141,1.0,2.0,1.4142135623730951,70.5,141.0,99.7020561473032,2.545,1.79,1.26572113832392,3786.0,5040.2571362977105,635.1,770.6049701370995,-3.13,2.630437226013957,0.33000000000000024,0.14142135623730923,3.0,1.4142135623730951,2.5,0.7071067811865476,0.0,5.951264188702443,5.7042178148357205,11.849287064975101,0.4730568735005466
-438.94895309,252.73007423132103,-1.9756995158912032,2.4447,0.72823227,2.6666666666666665,6.0,2.683281572999748,138.17777777777778,187.4,72.80159338915598,3.031111111111111,1.9,0.9111174457774366,3425.777777777778,8252.483129337497,668.5777777777778,1539.6006163937452,-4.7188888888888885,0.9761634084516795,0.14369063776184315,0.18013052801396137,2.6666666666666665,1.3416407864998738,2.111111111111111,0.4472135954999579,0.1111111111111111,6.543489854146012,3.96567862036743,14.040559679517836,0.23474820021296636
-421.28521935,53.46450234862669,-0.584307552499999,0.0,5.57966471,2.0,0.0,0.0,173.15,64.30000000000001,45.46696603029501,2.86,1.1600000000000001,0.8202438661763952,10111.0,13985.157918307537,2094.1,2833.942557639445,-4.255,1.0394469683442251,-0.10137985410427097,0.46864188397147816,4.0,2.8284271247461903,2.5,0.7071067811865476,0.5,6.482075786695408,13.11196091249024,13.366125587156672,0.41937258898373136
-512.32715863,72.50319461578196,-3.786714650999999,3.5394,2.43655296,2.8,8.0,3.625307868699863,87.39,141.0,87.93776614336821,2.502,2.55,1.5449086889337043,6833.2,13105.815786457988,1457.92,2518.827638860133,-5.004,2.6158527699940826,0.38956099851022724,0.27281313127520435,3.6,2.618614682831909,2.0,0.8451542547285166,0.0,5.231384675441069,8.332451510149609,14.500638923156393,0.8267585358921078
-684.34547637,314.05229399125733,-3.4642884175,3.7508,2.38988791,2.8333333333333335,5.0,2.2072142786315223,96.83583333333333,135.97,72.20820056951413,2.6225,2.49,1.334513740310276,4362.833333333333,6724.16093326225,1121.2,1704.8329491816448,-4.2975,1.3273122060418538,0.4168786733881726,0.3091296702548161,2.5833333333333335,1.1712364713391024,1.9166666666666667,0.3755338080994054,0.0,5.235719367646838,3.2522318122435343,13.085512249635721,0.4621440269106396
-613.6541434,437.5710254216988,-1.9627345175,0.0,7.1537015,2.6666666666666665,4.0,1.7748239349298849,124.07777777777778,76.7,37.23903865569035,2.933333333333333,1.78,1.0307739810453116,6803.555555555556,13248.748537126065,800.5777777777778,1489.978717297667,-5.052222222222222,1.234104938811931,0.12390368614450696,0.23192390611027378,2.888888888888889,1.8303005217723127,2.111111111111111,0.4472135954999579,0.1111111111111111,6.321042009551583,5.943005952864467,12.1547507061583,0.38816842100135246
-891.97596232,292.7134847203847,-3.3768698634375,5.403799999999999,4.87833264,3.0,3.0,1.8149704259460602,115.45,98.5,57.87784296155441,2.79,1.8299999999999998,1.1570144134543772,9088.75,22167.40271076376,1151.0,1884.9702260092004,-4.73125,0.8079440137854631,0.37715314846592085,0.2852719576934707,2.375,0.6642111641550714,2.0,0.0,0.0,5.752819206267983,3.6770839190184095,9.147296397512022,0.3616045901877652
-422.48923027,379.71621111892205,-1.9010544184999991,2.311099999999999,1.17822026,1.2,2.0,0.9354143466934854,75.16,141.0,70.52502215526061,1.966,2.62,1.5209289924253533,2704.8,3905.1669618596334,693.08,642.0873305088646,-2.688,2.3643365877133484,0.315977580659086,0.14945416706028206,3.4,1.6955824957813173,1.4,0.6123724356957945,0.0,4.1161227816783335,3.9749675220451572,18.985810555946102,1.313295687852117
-791.5953716,837.6689258086527,-3.448150932499999,4.1027,1.66049329,2.5714285714285716,5.0,2.220038609702865,94.70714285714287,127.05,71.66763938985493,2.552857142857143,2.55,1.386645489765035,4326.857142857143,6366.421421354835,1155.4,1648.550654362795,-4.195714285714286,1.4205959514030924,0.41364296481614066,0.2904554788749753,2.857142857142857,1.7928429140015905,1.8571428571428572,0.46291004988627577,0.0,5.097011747652727,4.048522262135545,14.958373675154514,0.5884075909001776
-752.68604913,111.34209089405522,-2.093056296999999,0.0,4.01795304,1.8,3.0,1.3093073414159542,107.01400000000001,138.63,71.77028314600092,2.7199999999999998,2.44,1.2965889314439087,6181.2,11227.092308976786,1199.1200000000001,2041.273871175266,-4.226000000000001,1.5837027138053046,0.08954200608359297,0.4166377998120682,3.0,1.6903085094570331,2.0,0.8451542547285166,0.2,5.629562984099025,5.696544258370686,11.134209089405521,0.6726899939889066
-283.9754845,282.50599379120706,-2.1996417928571432,4.5041,-1.150649169999999,2.2857142857142856,5.0,2.0873770280289223,104.24285714285715,94.1,57.067541437443104,2.5085714285714285,2.62,1.5243265491919469,5895.428571428572,16297.981391220552,1027.8285714285714,2157.0992764755706,-4.179714285714286,2.897775156416187,0.17932684332791873,0.2257855475863874,3.2857142857142856,1.9639610121239315,1.8571428571428572,0.8451542547285167,0.14285714285714285,4.910581077201665,3.8896723434806044,20.17899955651479,0.8857324048519415
-439.68092958,140.63330192009124,-3.253571734166666,0.0,6.12427254,3.8333333333333335,6.0,3.6893239368631088,115.2,99.9,54.77280347033553,2.7816666666666667,2.11,1.3212725347599983,8114.666666666667,15961.93644615562,1676.6333333333332,3175.812817391968,-5.6000000000000005,1.233153139989785,0.3330904560532713,0.2560864586242088,3.0,2.0,2.3333333333333335,0.6666666666666667,0.16666666666666666,5.933754655757105,5.859582321636965,11.71944182667427,0.4549092705940571
-538.0603192,79.06978600731826,-2.417624361249986,1.8148,6.09085843,2.5,4.0,1.8973665961010275,110.725,98.5,51.17306908912148,2.5975,1.8299999999999998,1.0735501851334197,6061.0,7463.395581101138,1543.1,1846.824912112678,-3.9375,1.5353273266636014,0.3093548369255241,0.3128548040057332,2.75,1.0488088481701516,2.25,0.5477225575051662,0.25,5.347651195739729,5.146334206549882,9.883723250914784,0.5133890949297345
-692.36916484,116.58253492892035,-2.725244696428571,2.442199999999999,2.99817658,1.7142857142857142,4.0,1.6903085094570331,99.88571428571429,127.05,73.46156064811817,2.5,2.55,1.500849759303042,3412.5714285714284,4890.747123760482,1074.5428571428572,1533.0175061902307,-3.9699999999999998,1.7666918237202551,0.31021536747163153,0.18978246389106385,3.5714285714285716,2.434865792722759,1.7142857142857142,0.5976143046671968,0.0,5.16488996791288,6.514413208520499,16.65464784698862,0.8547481064701969
-879.71364716,126.52058400805868,-3.058372138586206,2.5635,3.08823783,3.8,6.0,3.2071349029490923,92.82,141.0,80.74308462206355,2.64,2.11,1.3126037373969996,6973.2,11530.398654984012,1457.32,2447.606717941893,-5.708,1.18545952512698,0.27774330960749777,0.32719128277274484,3.0,1.6903085094570331,2.4,0.6546536707079771,0.2,5.623771802786334,5.096572624625939,12.652058400805867,0.4711787845776276
-328.61533182,245.85946991487663,-2.8884390590000013,2.2163,4.61401578,4.2,7.0,3.8172540616821107,104.9,111.4,61.72728037794265,2.7399999999999998,2.2199999999999998,1.2125533861590236,9613.2,18555.320576974296,1758.3200000000002,2785.074185213539,-5.565600000000001,1.2372300860043315,0.22455573688774083,0.381259694770016,3.2,1.9639610121239315,2.4,0.6546536707079771,0.2,5.594649381524016,6.290530799963566,12.292973495743832,0.6493695130621062
-513.54169998,105.73376293730534,-2.268996668999999,2.007799999999999,2.06965603,3.2,3.0,2.121320343559643,96.16,112.1,79.26667017101198,2.7880000000000003,1.63,1.1525840533340723,2369.2,3795.7492014093873,1044.92,1687.7224653360518,-4.206,1.3859292911256333,0.40200000000000014,0.3040559159102149,2.8,1.4142135623730951,2.0,0.0,0.0,5.317509695184603,5.887588007758966,10.573376293730535,0.3994916973692873
-334.93175266,138.38975205740917,-1.586021312999998,0.0,4.28762171,1.2,4.0,2.138089935299395,38.238,135.97,70.40238804797139,1.7239999999999998,2.49,1.3508092812405883,5798.4,4083.720782395808,1415.44,905.6061647947664,-2.7495802,1.8311912072123202,0.3292226483948403,0.3347885314073574,4.6,1.8126539343499315,1.4,0.6546536707079771,0.0,3.7029483067144824,5.832228264857287,27.677950411481834,0.9094948592812576
-684.54199901,137.541915912545,-2.216569472988496,2.356299999999999,2.8855650600000002,3.1666666666666665,4.0,2.3687784005919825,107.10000000000001,141.0,75.0099993334222,2.9450000000000003,1.89,1.043767215426888,8181.333333333333,18237.61538993273,1420.4666666666665,3018.7928521918234,-6.110983333333333,2.5102685784814165,0.1006686956914673,0.28003536156091013,3.0,2.1602468994692865,2.3333333333333335,0.6666666666666667,0.3333333333333333,6.125696116167859,7.310800991890143,11.461826326045419,0.3696204112080738
-216.43081318,144.63734978159653,-1.8707510703906252,2.868999999999999,1.32942344,1.6666666666666667,2.0,1.0540925533894598,126.5,195.0,84.72602905837142,2.936666666666667,2.13,1.1267850036472993,2498.0,4747.178530453642,446.9666666666667,732.4392928958533,-4.163333333333333,1.833242421988368,0.23333333333333364,0.2532017201977725,2.5,1.0801234497346432,1.8333333333333333,0.5270462766947298,0.0,6.460971489142616,3.8405858858522635,12.05311248179971,0.3336193316211312
-175.57342543,96.20782920808556,-1.133168373333332,0.4534,0.53506081,1.3333333333333333,1.0,0.7071067811865476,78.26666666666667,94.1,66.53874810965412,1.6933333333333334,2.62,1.8526197667087545,1534.0,1391.5861453751256,670.7333333333333,615.7485850572456,-2.3033333333333332,2.849640328181787,0.26662930109847643,0.038851240795284375,4.0,2.1213203435596424,1.3333333333333333,0.7071067811865476,0.0,3.447898080229441,3.22648243291277,32.06927640269519,1.139491151026873
-251.47286867,68.31753354294207,-3.011982739375,3.6087,1.43050942,3.5,8.0,4.049691346263317,89.625,111.4,65.44373919635093,2.23,2.62,1.540960739279233,3508.5,5852.055331249014,1187.6000000000001,1824.6204032620044,-4.105,2.310679553724402,0.3530806590216044,0.2312778043161311,3.5,1.8973665961010275,2.0,0.8944271909999159,0.0,4.560310982234779,5.016128337805639,17.079383385735525,1.1797875792904846
-708.05313623,150.6437935459906,-1.5725015085714271,1.5511,2.90527891,2.7142857142857144,2.0,1.164964745021435,94.15714285714286,125.3,74.18843768212325,2.757142857142857,1.6099999999999999,1.0432812249272552,6384.0,9463.468497332255,1404.1142857142856,2007.2180791191715,-5.2299999999999995,0.6619289992136618,0.07305467739355669,0.24053036960336285,2.857142857142857,1.3093073414159544,2.4285714285714284,0.6546536707079772,0.42857142857142855,5.8138063040251,5.172426786499221,10.760270967570758,0.4900724976716033
-631.88294158,313.0478282594146,-1.9033338684051722,1.6205999999999992,3.2008841,2.6666666666666665,3.0,1.5634719199411433,111.2,141.0,72.98767019161524,2.893333333333333,1.89,1.1122249972215354,5631.333333333333,11139.354339956653,759.1333333333333,1351.7888954188734,-5.175,1.2209217829164978,0.12119934990304874,0.22494576697933263,2.8333333333333335,1.7159383568311666,2.1666666666666665,0.5270462766947298,0.16666666666666666,6.2279290630562985,5.1070090402951545,13.043659510808938,0.3562804540375874
-98.91932183,97.46807538236183,-1.9609385931250012,2.2727,-0.14778873,1.0,2.0,1.2649110640673518,73.9875,141.0,84.99412185557304,2.4425000000000003,2.55,1.3558871634468703,2683.5,4026.809108959599,738.32,1063.0153723817918,-3.0500000000000003,2.5611872247065426,0.2904712729846342,0.18193467345909936,4.0,2.5298221281347035,2.0,0.8944271909999159,0.0,5.309560339503793,6.302162381898797,24.367018845590458,0.590721545852284
-228.5684329,289.0372280681903,-2.264222731499998,0.665299999999999,4.01088681,1.8,3.0,1.3093073414159542,103.31400000000001,138.63,72.20294790182936,2.668,2.44,1.3349799356437642,4021.2,6297.369201273089,772.92,1117.8741764106164,-4.192,1.5861543790834847,0.13093993426882394,0.3064159007740049,3.2,2.138089935299395,1.8,0.5345224838248488,0.0,5.580946415913826,6.8264436837758,14.451861403409515,0.6130787442421691
-405.4013155,538.963689099858,-1.851957443888889,1.3984,3.827482159999999,2.6666666666666665,4.0,1.7748239349298849,124.92222222222222,69.1,34.552250288512326,2.988888888888889,1.3900000000000001,0.9088426706531775,8525.777777777777,17863.707280405153,1019.2444444444445,2211.9801305617552,-5.062,1.2701101527032999,0.09032753894877595,0.2823300451098718,3.0,2.0124611797498106,2.111111111111111,0.4472135954999579,0.1111111111111111,6.358341230869414,5.3665386343107215,14.971213586107163,0.3246142521597599
-138.58217706,96.20782920808556,-1.133168373333332,0.4534,0.53506081,1.3333333333333333,1.0,0.7071067811865476,78.26666666666667,94.1,66.53874810965412,1.6933333333333334,2.62,1.8526197667087545,1534.0,1391.5861453751256,670.7333333333333,615.7485850572456,-2.3033333333333332,2.849640328181787,0.26662930109847643,0.038851240795284375,4.0,2.1213203435596424,1.3333333333333333,0.7071067811865476,0.0,3.447898080229441,3.22648243291277,32.06927640269519,1.139491151026873
-264.43844617,249.18038293763783,-1.758755816314655,1.658999999999999,0.43717712000000003,1.25,2.0,0.8583950752789521,79.275,141.0,65.72375201513809,1.9187500000000002,2.51,1.537166737523086,2470.75,3372.98891348998,782.2,700.8005046861917,-2.67875,2.326863147085182,0.2379836886137067,0.15780787309123423,2.625,0.6282808624375432,1.375,0.6282808624375432,0.0,4.2531236894508675,2.189288943951805,15.573773933602364,0.9195555407729296
-507.46893053,325.73314252370074,-1.371516848527778,0.0,1.726418569999999,1.6666666666666667,1.0,0.588348405414552,124.42222222222222,156.9,73.86040627687215,2.308888888888889,2.62,1.4272566477202124,5319.777777777777,9860.616730595115,1294.7555555555555,1939.199228071692,-3.3600000000000003,2.1324687751343694,0.09772272232562967,0.3547459165566347,3.5555555555555554,1.9611613513818402,1.8888888888888888,0.9198662110077999,0.2222222222222222,4.827739875040208,5.826441112147573,18.096285695761154,0.9703514798303673
-373.6301118,128.45820493772405,-1.473602805999999,0.0,3.47728695,2.0,4.0,1.6903085094570331,91.61999999999999,141.0,82.16683376782004,2.86,1.79,0.9917877076990101,2557.2,3974.3325046028617,694.52,1051.105195224803,-3.9915802000000005,1.93394723859195,0.19969620000000024,0.238278053279297,3.2,2.138089935299395,2.2,0.5345224838248488,0.0,6.0088291857911384,8.288778153721575,12.845820493772404,0.5830589839749423
-577.94631379,51.326965807119315,-1.6323327853333351,1.1973,2.7398732900000002,1.2,2.0,0.9354143466934854,90.97999999999999,87.3,51.12242658559939,2.2079999999999997,2.46,1.3751908958395558,4628.8,7702.670413564377,1329.28,1465.1675979218214,-3.308,1.774003241259722,0.11933542934671308,0.24829437032359825,2.6,1.5000000000000002,1.8,0.9354143466934854,0.2,4.695532295031425,4.927262398056897,10.265393161423864,0.7567893047195781
-793.84406193,258.8135604925488,-2.802741493571429,3.205599999999999,5.99910595,2.857142857142857,3.0,1.7928429140015905,108.71428571428571,98.5,56.896679541579076,2.698571428571429,1.8299999999999998,1.1391538212951877,5641.142857142857,8692.80862059471,1304.3999999999999,1861.6828838446145,-4.441428571428572,0.8387618425819267,0.3487448646473142,0.3176613204355493,2.5714285714285716,0.9636241116594315,2.142857142857143,0.46291004988627577,0.14285714285714285,5.471606076266102,4.533626388298227,9.243341446162457,0.4680986748428985
-506.3800611,272.5731583700253,-2.155440051818181,1.4784000000000002,1.5107732,3.1818181818181817,5.0,2.9677756498246812,121.43636363636364,90.4,49.85468113195822,3.0790909090909087,1.81,0.9398956570565938,8597.818181818182,21361.340537018306,1459.7818181818182,3505.7060678051935,-5.9419818181818185,2.7610765548827287,0.07356431013850181,0.39443567408218927,2.909090909090909,2.3858557568108956,2.272727272727273,0.6793662204867574,0.2727272727272727,6.39729303046998,6.660071677651586,12.38968901681933,0.2799704402469211
-363.24282913,442.3569297073226,-2.089097835714285,1.7417999999999991,1.36316648,2.2857142857142856,4.0,1.6903085094570334,87.05,127.05,82.41308300263982,2.6157142857142857,2.55,1.3162989239313603,5212.571428571428,7982.493810117953,1253.1142857142856,1821.8697311122048,-4.841428571428572,1.6769977425659908,0.16446173164213135,0.29804241698120776,3.142857142857143,1.927248223318863,2.142857142857143,0.8451542547285167,0.2857142857142857,5.438955458768694,4.7000323723764375,15.79846177526152,0.6170308061179901
-359.66011707,95.93334941161328,-0.799589819166665,0.0,2.97876164,1.75,1.0,0.5477225575051662,129.9,29.0,15.301241779672656,2.6799999999999997,1.53,0.9613740167073375,7236.0,9256.128434718266,1450.35,1752.9441052127133,-3.585,2.2106921992896256,0.10605111677881049,0.18011064147087236,3.25,1.6431676725154984,2.5,0.6324555320336759,0.5,5.772760092323488,6.873882831416467,11.991668676451654,0.6102744650721109
-497.64158809,1017.5916369395012,-2.383371937777779,0.8597999999999991,-0.058852930000000005,2.5555555555555554,2.0,1.1832159566199232,130.76666666666668,77.3,34.015026091420246,2.9244444444444446,1.56,1.0375644558291306,13103.555555555555,29076.35839990971,1120.8000000000002,2074.0688532447516,-5.047777777777778,0.3200859259636385,0.23667797215863237,0.20631582327738154,2.4444444444444446,0.9746794344808964,2.111111111111111,0.4472135954999579,0.1111111111111111,6.39316500955338,2.755846433833053,14.133217179715295,0.21136357929595911
-628.84320137,833.3627512821313,-2.911548753571428,3.6821,1.23328835,1.7142857142857142,4.0,1.6903085094570331,99.00857142857141,135.97,79.24127915063318,2.524285714285714,2.49,1.4641867562380344,6955.428571428572,14149.127444071291,966.2571428571429,1461.3070431246522,-3.9442857142857144,1.92012834392466,0.299664124926477,0.18144387979640184,3.142857142857143,1.7928429140015905,1.7142857142857142,0.5976143046671968,0.0,5.327891393349243,4.971519917099595,14.88147770146663,0.7566547821915477
-736.31647102,425.55639226535754,-2.796821249444444,3.0384,1.262092309999999,3.3333333333333335,5.0,2.788866755113585,109.51666666666667,98.5,63.05343853519101,2.8333333333333335,1.8299999999999998,1.2133608055497938,5731.333333333333,12075.292202583661,1138.8000000000002,2128.30257247413,-4.945,0.9148314963241407,0.19800456858725254,0.48271605375057797,2.5,1.0801234497346432,2.1666666666666665,0.5270462766947298,0.16666666666666666,5.791948606589523,3.3226820609160432,11.821010896259933,0.3116814698246951
-468.45339214,522.8819652385342,-3.339431164444443,3.7632,2.43310209,1.5555555555555556,4.0,1.6681153124565984,94.85444444444445,135.97,84.33656025504108,2.4388888888888887,2.49,1.5291870531358356,8367.777777777777,20183.388391360895,954.3333333333334,1407.7443937948642,-3.934444444444445,2.122492382328728,0.3460952699668408,0.1753130229398951,3.111111111111111,1.8177865182927715,1.6666666666666667,0.6255432421712243,0.0,5.195399155814111,4.712073121832453,14.524499034403728,0.8463106050953181
-263.72027289,71.13628093297905,-2.587468271999999,0.372399999999999,4.12362011,2.0,4.0,1.6903085094570331,108.85,127.05,65.76277713982931,2.634,2.55,1.3944686648121056,3133.2,4783.27222127877,1057.72,1613.4063486035643,-4.174,1.5895551938469188,0.28120136371768745,0.17183096126775166,3.4,2.32992949004287,1.8,0.5345224838248488,0.0,5.4605059744902436,7.097114458409221,14.22725618659581,0.8028836156907395
-522.19194288,347.3929210621433,-3.695166541833335,0.0,3.07382124,4.033333333333333,7.0,4.227105517092231,106.93333333333334,122.9,70.93448355304913,2.7376666666666667,2.11,1.4574623190612006,6981.333333333333,14084.031542765291,1568.1666666666667,3093.136153736243,-5.477333333333333,1.078974349061651,0.38724690483019797,0.3317553448491205,2.966666666666667,2.0220080975138264,2.3333333333333335,0.6917144638660746,0.0,5.846029604487046,5.66889147317035,11.579764035404775,0.5055936026016588
-536.39629629,205.11350744745477,-1.913001807692306,1.4866000000000001,4.74754579,2.1538461538461537,3.0,1.0660035817780522,118.70538461538462,138.63,52.23807506372757,2.8246153846153845,2.44,1.1375112387057187,6855.076923076923,12243.855082151507,762.9692307692308,1179.8418576618262,-4.486923076923077,1.1595159648436382,0.11269966931368956,0.2586066730520231,3.076923076923077,1.9188064472004938,1.9230769230769231,0.3692744729379982,0.0,6.145632795940134,5.303605192573096,15.777962111342674,0.40342275421159546
-192.37157005,281.0113696613671,-1.8299430271428552,2.4181,0.57973211,2.0,4.0,1.6733200530681511,84.65714285714286,112.1,62.81308780819489,2.084285714285714,2.62,1.5566052807311173,1832.2857142857142,2280.2301638211875,804.3714285714286,1013.4075271084185,-2.982857142857143,2.3843070272093736,0.314975979277592,0.18292718575259123,3.5714285714285716,1.7888543819998317,1.5714285714285714,0.6324555320336759,0.0,4.024873457128486,4.421518714297597,20.07224069009765,1.2455146948703881
-403.60951938,69.67818890775195,-1.844181115,0.0,1.53513963,1.2,2.0,1.3093073414159544,87.39,141.0,87.93776614336821,2.572,2.55,1.4564487142164866,3203.2,4886.859230922981,718.72,1106.226683047247,-3.6340000000000003,2.2367323104411554,0.3311001507425968,0.1713648031438878,3.2,2.138089935299395,2.0,0.8451542547285166,0.0,5.5765998067881055,5.975383998077482,13.935637781550389,0.7843214564122636
-382.93774119,149.23847112129258,-1.021018559729165,0.9659000000000001,-0.56361765,1.5,1.0,0.6324555320336759,114.0,92.6,48.56303120687587,2.4074999999999998,2.62,1.3971793013067437,3518.5,5786.124748050287,911.85,1214.0246109531718,-2.9425,2.595185927828679,0.15449959675832367,0.19963980203949647,3.25,1.6431676725154984,2.0,0.8944271909999159,0.25,4.9718670571956824,3.9826040885859544,18.654808890161572,0.8519127765142133
-560.5232289,164.17239814599654,-1.03533258,0.0,5.84550752,2.25,1.0,0.5477225575051662,137.75,141.60000000000002,63.458742502511036,2.76,1.56,0.8785442504507102,9161.0,11434.034878379549,1869.6,2286.3297609924953,-4.5375,0.7635378183168141,-0.019277083558895347,0.3478408699393029,3.5,2.0976176963403033,2.5,0.6324555320336759,0.5,6.064942271890113,11.571756017382853,10.260774884124785,0.5462927269596477
-949.44055142,127.37366888531922,-1.805833821666667,0.209399999999999,4.22652687,3.0,5.0,2.581988897471611,120.71666666666665,90.4,47.19946445082236,2.945,1.81,1.0249471531092063,7564.666666666667,14692.197990014214,1334.8,2491.975248673228,-5.026666666666666,0.7141272840171963,-0.010710426343086906,0.4825362000434363,2.8333333333333335,1.7159383568311666,2.3333333333333335,0.6666666666666667,0.3333333333333333,6.079764490835323,5.679972515810024,10.614472407109934,0.38047273583607805
-336.89345635,440.40510599716845,-2.3777233978571433,2.455,1.10319242,1.1428571428571428,2.0,1.0307764064044151,73.82857142857142,141.0,75.25234630893577,2.1571428571428575,2.62,1.4188221347300725,2992.285714285714,4008.898102970441,1096.6571428571428,1362.7850536676722,-3.4842857142857144,2.0752063150443623,0.2807813398492253,0.06299582433759256,2.857142857142857,1.6770509831248421,1.4285714285714286,0.6123724356957945,0.0,4.699656354509532,3.5737849871711735,15.72875378561316,1.100219977313309
-100.54217695,414.73050840842,-0.752867234583333,0.0,0.74283192,1.4166666666666667,2.0,0.9180725150319787,74.11666666666666,94.1,58.02160681283186,1.575,2.62,1.6138454519739935,2423.8333333333335,3858.0610007767223,816.3000000000001,691.7055740290497,-2.2258333333333336,2.5891429911403945,0.2203542737104863,0.23834884775729206,4.333333333333333,1.9712215212183244,1.3333333333333333,0.6761234037828132,0.0,3.278278266291461,3.7665518735244716,34.560875700701665,1.096529859614763
-135.37888628,354.20745990688965,-1.705382088965517,1.2488000000000001,0.76115725,1.1428571428571428,2.0,1.0307764064044151,75.51428571428572,141.0,74.39606844450854,2.2114285714285713,2.51,1.3589839954907488,2938.0,3661.5809768459308,706.0857142857143,660.1104566661552,-2.8528571428571428,2.290349318335524,0.2688478220649754,0.13031859568806542,2.857142857142857,1.0307764064044151,2.0,0.9354143466934853,0.0,4.9845468868930904,4.215406490916149,12.650266425246059,0.8151649253294402
-1172.28260416,845.7293596037858,-2.789071418443349,2.6058,5.85029794,3.0,3.0,1.6903085094570331,111.32,141.0,74.47734075350895,2.7539999999999996,1.89,1.132431013351365,12813.2,25867.363474905153,1155.52,1779.2214155956772,-5.472,1.025336181802966,0.21812947237523322,0.19274836321536906,2.6,1.0690449676496976,2.2,0.5345224838248487,0.2,5.972274602463405,3.6015471565691115,12.081847994339798,0.3274938758785003
-932.00799654,275.9192355007781,-3.725641982638888,2.869999999999999,2.49490876,4.0,6.0,4.0,95.26666666666667,141.0,91.51927544390732,2.766666666666667,2.1399999999999997,1.3502263184781693,7514.666666666667,14847.175324320484,1466.1333333333332,2803.8211101598076,-5.608333333333333,1.6165068649543195,0.2825866631157899,0.29270234903199605,3.0,2.1602468994692865,2.3333333333333335,0.6666666666666667,0.16666666666666666,5.800560133407325,6.98965632121403,11.496634812532418,0.44522718580280557
-529.28204909,27.771067003632275,-3.306019392499999,3.6301,2.25697064,1.0,2.0,1.4142135623730951,71.685,138.63,98.02621307589108,2.2199999999999998,2.44,1.7253405460951758,4381.0,5881.714205909702,923.6,1178.6055828817373,-3.46,2.1637467504308354,0.26000000000000023,0.042426406871192576,3.0,1.4142135623730951,1.5,0.7071067811865476,0.0,4.810303542778814,3.3530837533637103,13.885533501816138,0.9122372991730782
-170.90503102,1143.4218809585366,-0.729964483777778,0.0,3.12187007,1.0666666666666667,2.0,1.4142135623730951,100.26,87.3,61.730421997585594,2.8613333333333335,1.2399999999999998,0.8768124086713187,7911.733333333334,11651.70554039193,1558.24,2224.416512256641,-3.9866666666666664,1.5202795795510775,-0.0067887491614805565,0.35878913623020775,3.4,2.1213203435596424,2.466666666666667,0.7071067811865476,0.4666666666666667,5.893338778091887,7.606342129924962,12.704687566205962,0.46017929088723336
-540.00584987,67.7504521495989,-2.441217454999999,0.0,1.38873229,2.8,8.0,3.625307868699863,84.6,141.0,92.30616756982478,2.654,2.1399999999999997,1.2948689950283443,6703.2,13089.743815020107,1265.3200000000002,2477.5427492347562,-4.872,2.901088465682197,0.3684608477676307,0.25808804682245096,3.2,2.138089935299395,2.4,0.6546536707079771,0.0,5.853393636642202,7.154294758625084,13.55009042991978,0.4224158063692164
-220.37920913,449.95322655363185,-1.536198562399998,1.9147,1.4594664,2.0,3.0,1.3693063937629153,82.78,105.9,59.72982923129783,2.17,2.62,1.4680344001419041,1974.8,2107.2859321886053,853.28,900.4114142990413,-3.1715802,2.212265737643254,0.17769938897970014,0.18869641040860902,3.6,1.8708286933869709,1.6,0.6123724356957945,0.0,4.193342964873056,4.685353329121375,22.49766132768159,1.0262671871753115
-168.52256342,95.8476484576746,-1.1735585437499991,0.0,4.1595103,2.5,2.0,1.0954451150103324,125.75,189.60000000000002,86.95821985298457,2.7474999999999996,1.6099999999999999,0.8987713836120952,8561.0,10906.432670676513,1853.1,2271.203525886661,-4.875,1.1185883961493612,-0.031223506079393504,0.35345505279124045,3.5,2.0976176963403033,2.5,0.6324555320336759,0.5,5.978668855737274,9.803321691111673,11.980956057209324,0.49264833870032104
-421.87391833,275.13193548766117,-3.1110288485,0.0,1.48768934,1.9,7.0,2.614064523559687,93.921,138.63,84.44208873541677,2.524,2.44,1.5429553172762687,5375.2,10957.854899568618,1082.92,2052.6899684722644,-4.277,2.2447308673127537,0.2603248362430942,0.05576770921221711,2.9,1.5456030825826172,1.8,0.816496580927726,0.1,5.380020375856682,3.731545739466861,13.756596774383059,0.6650321846808341
-312.07875959,327.19939876346217,-1.862553625,0.09440000000000001,4.27009551,2.6153846153846154,6.0,2.6865202966565924,103.36153846153846,141.0,70.99518507862224,2.869230769230769,1.79,1.0008029385144361,9575.076923076924,19907.240314933704,1370.5846153846153,2679.559694524781,-4.96876923076923,2.5154337511693163,0.15355384615384654,0.3034338764727898,3.0,1.763149356173184,2.3846153846153846,0.659380473395787,0.23076923076923078,6.027880441661603,5.548334064176905,12.58459226013316,0.4044039856937678
-234.2060303,296.81138881445287,-3.009926146499997,3.4987,1.7070853700000002,1.8,6.0,2.260776661041756,93.96900000000001,135.97,83.04186036103853,2.585,2.49,1.5187988675265727,6033.2,13966.233628927226,1133.42,2332.740649965186,-4.471590000000001,3.1241110596100423,0.2628222241974205,0.30383573675897024,3.3,2.1984843263788196,1.8,0.816496580927726,0.1,5.3490962500143375,6.072331512357078,14.840569440722643,0.7834310683614608
-686.35690285,56.00426327829353,-2.156655663333334,1.2157,5.3453888,2.6666666666666665,2.0,1.4142135623730951,133.66666666666666,22.0,15.556349186104045,2.9633333333333334,1.4300000000000002,1.011162697096763,10748.0,22329.0179363088,1091.1333333333334,2123.300242546965,-4.756666666666667,0.4949747468305834,0.20418690438973464,0.054757844848306925,2.6666666666666665,1.4142135623730951,2.0,0.0,0.0,6.3789144092422925,6.205128158243331,9.334043879715589,0.35678670345310776
-354.68709054,152.3074941332601,-2.820343855714285,2.676,3.7441158,2.5714285714285716,5.0,2.220038609702865,92.71428571428571,141.0,75.77091884659406,2.6671428571428573,1.8299999999999998,1.1810104632414204,4084.0,6166.720035805096,997.8285714285714,1560.0512134450678,-4.05,1.84297314142122,0.38714285714285745,0.28361190787009316,2.7142857142857144,1.3627702877384937,2.142857142857143,0.46291004988627577,0.0,5.488660478668381,5.023274429668256,10.879106723804293,0.4672141420316548
-331.91577302,138.28293791227176,-2.354943370833332,1.9112,1.36978962,3.5,5.0,3.0276503540974917,113.14999999999999,90.4,55.98010063108735,2.841666666666667,1.81,1.196729339120217,7364.666666666667,14316.159230432968,1164.1333333333334,2168.781659006836,-5.536666666666666,1.2189248450080001,0.0892687893808491,0.3524360444639236,2.6666666666666665,1.3333333333333333,2.3333333333333335,0.6666666666666667,0.3333333333333333,5.934254004089456,4.009206425073702,11.523578159355983,0.36763971235694726
-513.12580858,272.70703247013637,-1.662092417499998,0.0,4.07304721,1.7142857142857142,2.0,0.9258200997725515,112.91,138.63,62.00189553553987,2.654285714285714,2.44,1.2563808567241292,6261.142857142857,9879.212605986659,1212.8285714285714,1811.3608940714792,-4.17,1.4359665734271116,0.19606115786605663,0.09976422366087646,2.857142857142857,1.3093073414159544,2.142857142857143,0.8451542547285167,0.2857142857142857,5.685584119518749,5.3940225034286176,9.739536873933442,0.7137348556169851
-330.73143398,74.65340065311048,-2.33650292545,0.0,0.21680324,3.2,8.0,3.909694909544003,97.9,122.9,71.69160142084786,2.5,2.62,1.555267547033996,3799.2,8224.682989982914,881.1200000000001,1562.5275823851193,-4.234,2.1084286633821474,0.2909531504713999,0.13485890648675458,2.8,1.3093073414159542,2.0,0.8451542547285166,0.0,5.115358090824398,2.937283330066007,14.930680130622097,0.8636426240200458
-696.23225561,319.5095080064391,-2.63218461228205,3.5117000000000003,0.80771515,2.3076923076923075,7.0,2.930350921261672,91.53846153846153,141.0,85.7517904490477,2.7284615384615383,1.94,1.2214166756894118,7371.2307692307695,17011.946173459863,1209.5076923076924,2682.210998249473,-4.782307692307692,3.292981667253793,0.3025410556953031,0.12491546176999359,3.076923076923077,2.021622250010899,2.3846153846153846,0.659380473395787,0.15384615384615385,6.156129191569423,7.131716896792494,12.28882723101689,0.39871310902600743
-345.5140229,299.1747288859557,-1.356453151223957,2.3858,0.34615205,1.6666666666666667,2.0,1.0540925533894598,126.5,195.0,84.72602905837142,2.9933333333333336,1.79,0.9659422573034294,2273.0,4178.53491070734,416.4666666666667,658.797200290887,-4.118333333333333,1.9629640286510035,0.21333333333333368,0.20682789409984761,2.6666666666666665,1.3333333333333333,2.1666666666666665,0.5270462766947298,0.0,6.6865871620633515,4.626070941839747,12.465613703581488,0.271356284874956
-1027.23980525,699.3823346683047,-2.883643432287355,1.173899999999999,4.79236921,3.103448275862069,6.0,3.1314033920578592,112.1103448275862,110.0,65.28877304909264,2.8124137931034485,1.94,1.2306319418507377,10190.275862068966,21258.63845381337,1773.4758620689656,3413.6751235712372,-5.704827586206896,3.0651631471233984,0.253547450939399,0.1385157976091526,3.1724137931034484,2.404576994260532,2.3448275862068964,0.6709969946465071,0.3448275862068966,6.168763260292296,8.363505390686962,12.05831611497077,0.39320161820337435
-603.85515144,191.07007935746245,-3.669621607,4.591900000000001,4.99994749,4.0,7.0,3.6839419880650364,96.72,122.9,73.1999902419978,2.6580000000000004,2.08,1.2842006963755426,5473.2,8881.325930609364,1233.1200000000001,1875.1529888061323,-4.766,0.6888188648486832,0.37995155598154995,0.263998619122581,2.6,1.0690449676496976,2.2,0.5345224838248488,0.0,5.413196746772065,4.169314928792069,9.553503967873123,0.5872787972783021
-702.13423423,97.87661227405519,-2.798580238125,0.0,5.46127876,1.0,2.0,1.2977713690461004,71.12875,141.0,90.69893318875889,2.33,2.49,1.4476114628478254,4373.5,5394.873160793739,763.1,880.9448611695584,-3.2825,2.216642791059916,0.38531801008225863,0.2021160080993673,2.75,1.2565617248750864,1.5,0.6488856845230502,0.0,5.18077618933,3.809338573164115,12.234576534256899,0.8126654095461909
-363.39125959,447.74456725491757,-0.9832464427499981,0.37400000000000005,5.32343435,2.0,0.0,0.0,157.39000000000001,93.30000000000001,44.217788024479226,2.939,1.53,0.8463089795629543,7853.2,12761.401594913728,1602.1200000000001,2542.6851983243578,-4.415000000000001,0.9595571895410925,0.016293492790557272,0.40441632344276707,3.4,2.449489742783178,2.4,0.6666666666666666,0.4,6.525103033204159,10.976814527622778,11.19361418137294,0.41677915774015295
-388.0632243,317.41574286165195,-1.9024544377272732,0.0,1.40908532,2.8181818181818183,4.0,2.3287500774185546,125.12727272727274,62.400000000000006,39.82123515450983,3.1145454545454543,1.42,0.8207032631553539,7516.0,20298.695494273292,1292.2363636363636,3348.433116227074,-5.768345454545455,2.881399067827455,0.08507997012219319,0.3612486848798175,3.090909090909091,2.7174648819470297,2.1818181818181817,0.5883484054145521,0.18181818181818182,6.469883265452521,7.372716572808832,14.427988311893266,0.2835870908425326
-467.0352588,145.26917584693376,-1.4350966490000021,0.766999999999999,3.24372955,1.8,3.0,1.3093073414159542,102.83999999999999,141.0,73.38769846312314,2.806,1.75,1.0469547677499185,3573.2,5818.967164123102,629.52,944.7410771513762,-3.9880000000000004,2.112148533737963,0.14293993426882393,0.3189610252611183,3.4,2.32992949004287,2.2,0.5345224838248488,0.0,6.02424327577079,8.444817820114011,14.526917584693376,0.48833693243678233
-251.66133136,345.97389371607574,-1.050636229583332,1.0493,2.521205649999999,1.8333333333333333,2.0,0.7510676161988108,120.74583333333334,127.05,47.365887256980905,2.7175,2.55,1.21541540856804,6529.5,10641.663729092219,1293.2,1968.3413712682445,-4.288333333333333,1.2793006903813728,0.20586308031981457,0.16403032199809192,3.0,1.7541160386140584,2.25,0.8086075400626399,0.3333333333333333,5.7803220240450095,4.646945910798773,14.415578904836488,0.5155718339530434
-203.51746296,168.5864978164532,-0.9649444916406221,0.8439999999999991,0.21520854,1.6666666666666667,2.0,1.0540925533894598,126.5,195.0,84.72602905837142,3.0516666666666663,1.44,0.8084724966118375,1429.6666666666667,2728.7088114670237,324.78000000000003,487.90869501031307,-3.955,2.4455912713833983,0.1693973897042592,0.15493105367125526,3.0,2.1602468994692865,2.1666666666666665,0.5270462766947298,0.0,6.805028681963927,6.767733112942393,14.048874818037767,0.2862258637944057
-503.16055323,149.56743644713066,-1.8814564380624992,2.011,2.61949956,2.0,2.0,0.8944271909999159,108.4,92.6,47.96898998311305,2.4375,2.62,1.3822409341355797,5618.5,10341.127578750782,768.1,934.0204794328656,-3.795,2.0330174618040053,0.14219547442968528,0.226435227858059,3.25,1.6431676725154984,1.75,0.5477225575051662,0.0,5.084907534479867,4.28230578628407,18.695929555891333,0.7913734087168077
-557.08882829,145.6420097294984,-1.1179759625,1.0829,3.6047394600000002,2.0,2.0,0.8944271909999159,149.0,131.60000000000002,59.71693227217889,2.8600000000000003,1.42,0.7696232844710456,5961.0,7294.504342311409,1286.6,1619.8918284873223,-3.7525,2.088030172195795,-0.28141033433798396,0.770275965335996,4.0,2.5298221281347035,2.25,0.5477225575051662,0.0,6.061020986381179,9.986487564177308,18.2052512161873,0.40198342225217404
-1108.35782935,657.1079050736536,-3.107877072003545,0.0,3.74148005,3.0425531914893615,6.0,3.062712577656175,103.43404255319147,110.0,69.44996550275121,2.6514893617021276,2.62,1.4755232122877633,8864.68085106383,20792.534021654665,1530.6170212765958,3243.198478643421,-5.480851063829788,3.3631025637299063,0.2758879429129716,0.09828776007051104,3.1914893617021276,2.331844763272204,2.106382978723404,0.81967981553775,0.23404255319148937,5.656854575491477,6.835643921991389,13.981019256886245,0.662337709969203
-317.72968287,146.0560950984401,-2.05098305875,2.4653,0.25078331,2.5,4.0,1.8973665961010275,89.45,112.1,65.70117198345856,2.3775,2.62,1.4150159009707277,2056.0,2773.7500968904897,904.6,1233.226246882542,-3.4925,2.1083144926694404,0.3512359879119288,0.22726740088516065,3.25,1.6431676725154984,1.75,0.5477225575051662,0.0,4.5201264972462365,4.256387162562542,18.257011887305012,0.8951892775616704
-317.53441013,187.0400915072898,-1.1255996025,0.0,6.48577288,1.95,1.0,0.2952218882514511,126.82000000000001,29.0,19.295652407598514,2.6744999999999997,1.54,1.036928022945972,8506.0,11282.942065409012,1638.8,2097.6923887448716,-4.239,1.1187304403497467,0.15441729102414375,0.10261019456062902,3.0,1.3545709229571927,2.5,0.6772854614785964,0.5,5.765061353886213,6.674296657449318,9.352004575364488,0.599378095572534
-260.35558484,239.6140132477019,-2.196907958333336,1.923,2.02882743,3.3333333333333335,5.0,2.924038303442689,106.98888888888888,125.3,69.76791526195977,2.858888888888889,1.81,1.1720260236018651,6748.0,13588.014490719386,1226.1333333333334,2295.781517914978,-5.319999999999999,0.6642138209944142,0.035991167437555184,0.40733908263390195,2.6666666666666665,1.3416407864998738,2.3333333333333335,0.6708203932499369,0.3333333333333333,5.980962670404358,3.5166497420394616,13.311889624872329,0.31329304424894405
-765.35636251,766.0815533260688,-0.9037052553787881,1.7207999999999992,2.8738182500000002,1.8181818181818181,2.0,0.9032106474595007,126.34545454545454,49.8,22.656032076991863,2.632727272727273,1.51,0.9306958347613389,6191.818181818182,6878.569427462447,1260.4545454545455,1373.3155960360275,-3.264545454545455,2.473004245851592,0.0028510000931285732,0.2771798263720331,3.8181818181818183,2.139847510553276,2.3636363636363638,0.606976978666884,0.36363636363636365,5.570688443636022,8.058441383683101,17.41094439377429,0.5611287781433261
-662.44007063,166.76267335128563,-1.618531182,2.1066,5.16892608,2.4,1.0,0.6546536707079771,123.48,49.8,29.118771559646145,2.878,1.42,0.9198757680096962,6253.2,10548.10918736488,793.52,1151.1185814551984,-4.63,0.589733596029355,0.03969471932272199,0.3186315931523145,3.4,2.32992949004287,2.0,0.0,0.0,6.117655658253024,7.542578079007699,16.676267335128564,0.39147455019282223
-403.48420208,248.92808517080482,-1.754956429833332,1.628299999999999,1.5719148600000001,2.8,6.0,2.8535691936340255,119.84,90.4,46.94446567107626,2.776,1.81,1.0940945375710718,6953.2,12040.747793578745,1277.1200000000001,2012.537102408656,-4.33,2.4713212197989503,0.02420356522151168,0.3653478777461824,3.0,1.6903085094570331,2.4,0.6546536707079771,0.4,5.8612972255538835,5.518261990818178,12.446404258540232,0.4849210230481029
-565.85550973,60.43460296937859,-2.411118379999999,1.5973000000000002,0.58220938,1.0,2.0,1.2649110640673518,71.0925,141.0,88.43312201884541,2.3825,2.44,1.3688644929283542,4083.5,4913.360520051424,779.35,909.1040402506195,-3.295,2.1642458270723317,0.29500000000000026,0.10334408546211031,3.0,1.2649110640673518,2.0,0.8944271909999159,0.0,5.350456729189392,3.7776461018102188,15.108650742344647,0.6046962294333252
-644.81671153,201.3263084014837,-2.103520399999999,0.557199999999999,5.26328679,2.4615384615384617,4.0,1.5954480704349312,119.96692307692307,138.63,51.58064237853013,2.796923076923077,2.44,1.1745792283351362,2947.3846153846152,4806.624784418045,1075.2769230769231,1769.0168918459665,-4.440769230769231,1.1911033845671304,0.21938648150013973,0.04198815782291338,3.076923076923077,1.9188064472004938,1.9230769230769231,0.3692744729379982,0.0,5.889046211534169,5.302747042852497,15.486639107806438,0.4110116395490564
-1364.02911877,593.580909827815,-3.6896490030952362,3.9283,2.3459699,3.7142857142857144,9.0,4.511889056386788,87.7357142857143,127.05,81.38017813237535,2.4814285714285713,2.55,1.4767604506389749,5841.142857142857,9183.742249991868,1244.257142857143,1805.8917670463295,-4.59,1.4385235486428438,0.34785947336121154,0.18099926155756124,3.142857142857143,1.927248223318863,2.142857142857143,0.8451542547285166,0.0,5.169015509244066,4.888392995841138,14.132878805424168,0.8042386535219173
-463.06400938,131.84034243067953,-2.600528935416664,2.4154,1.18122745,3.5,8.0,4.049691346263318,109.3,111.4,58.7454168425078,2.5075,2.2199999999999998,1.22151954548423,5786.0,7038.107245559704,1556.1,1927.1314682709117,-4.0425,2.4468326465044563,0.2525922747556868,0.3519512025592969,3.5,1.8973665961010275,2.5,0.6324555320336759,0.25,5.356856083418331,5.762822643348569,16.480042803834944,0.6583093721013986
-162.18465484,116.260355946894,-0.8891108574999991,0.8955000000000001,1.76975033,1.25,2.0,1.0488088481701516,126.2,222.8,101.38260205774954,2.7775,1.75,0.9201901977308822,4811.0,6432.905533271883,1087.35,1569.610523665027,-2.965,2.5615854465545356,-0.11258525217401358,0.8404897862966915,3.75,2.2583179581272432,2.5,0.6324555320336759,0.0,6.196810685643527,9.751712753907059,14.53254449336175,0.4767589599515305
-428.79204382,203.43243845929118,-1.0714212435000001,0.5597000000000001,5.27646049,2.4,1.0,0.7071067811865476,128.48,31.299999999999997,22.132442251138936,2.976,1.1600000000000001,0.8202438661763952,8813.2,15187.239446324667,1641.3200000000002,2742.018676085194,-4.686,0.537401153701776,-0.07491598783281432,0.5390204067219453,3.2,2.121320343559643,2.4,0.7071067811865476,0.4,6.021964739844067,8.286979123748118,10.171621922964558,0.45865498402452787
-430.33461628,597.886035878013,-2.059111636052632,3.1604,2.62620036,2.736842105263158,5.0,2.4801537836790835,116.54736842105264,94.1,53.020135490602634,2.8947368421052633,2.62,1.2714119600243752,7961.368421052632,20994.049848070186,1196.978947368421,2805.2961634471258,-5.068526315789474,2.46878357204138,0.1379730475418651,0.2797659055159881,2.9473684210526314,2.020246358451664,2.1052631578947367,0.7997092494906697,0.21052631578947367,5.806047446586024,4.236502655322233,15.733843049421395,0.5739070863337458
-543.13290069,35.06364171960439,-2.408621853333333,3.1156,2.86844198,2.75,5.0,2.4289915602982237,101.475,81.4,50.03977418014594,2.38,2.46,1.3748599928720016,5986.0,10696.163499124348,1184.85,1506.80522828931,-4.782500000000001,2.4425130501186683,0.18365653234320162,0.08559154960128854,2.5,1.0954451150103324,2.0,0.8944271909999159,0.25,5.019713198890718,4.306529707465478,8.765910429901096,0.7436092473500973
-590.57902828,131.85640893438818,-1.8400379805000011,0.0,3.2906893200000003,1.3,2.0,0.9919027007433417,107.026,135.97,65.94919236953208,2.4799999999999995,2.49,1.288847947687416,5641.0,7238.646393691518,1336.1,1722.1094575754955,-3.4400000000000004,1.9745150486687497,0.23473462044224225,0.2003184534705702,3.2,1.5862310778250641,2.1,0.8890008890013334,0.3,5.317081692789044,5.615145015234904,13.18564089343882,0.7770765306450967
-280.54391073,120.75560586356808,-3.040215971111112,3.7336,1.16496928,2.6666666666666665,7.0,3.104249287084341,97.21666666666665,99.9,56.56062314816811,2.268333333333333,2.46,1.5062128909046266,4611.0,9509.515703183359,1363.7666666666667,2089.116276410587,-4.215,2.2511905940877353,0.30489599718519006,0.24085886309323196,2.5,1.4301938838683885,1.8333333333333333,0.8790490729915326,0.0,4.889387505367929,4.210744567883357,10.062967155297335,0.7263094402794062
-791.77567466,258.8135604925488,-2.802741493571429,3.205599999999999,5.99910595,2.857142857142857,3.0,1.7928429140015905,108.71428571428571,98.5,56.896679541579076,2.698571428571429,1.8299999999999998,1.1391538212951877,5641.142857142857,8692.80862059471,1304.3999999999999,1861.6828838446145,-4.441428571428572,0.8387618425819267,0.3487448646473142,0.3176613204355493,2.5714285714285716,0.9636241116594315,2.142857142857143,0.46291004988627577,0.14285714285714285,5.471606076266102,4.533626388298227,9.243341446162457,0.4680986748428985
-638.31937567,152.06536936394178,-2.154109184999999,2.2615,3.39345985,3.0,5.0,2.581988897471611,117.63333333333333,90.4,49.58559378600917,2.901666666666667,1.81,1.088375445841696,5764.666666666667,12103.151729106668,979.6333333333333,1931.4437047049662,-4.998333333333334,0.7799323332472148,0.02378784714460558,0.41565384417289275,3.0,2.1602468994692865,2.1666666666666665,0.5270462766947298,0.16666666666666666,6.03597916221322,7.074338979149263,12.672114113661815,0.4088030594454619
-138.97910992,61.70418835153962,-0.8457294909999991,0.0,3.02730288,1.8,3.0,1.3093073414159542,106.54,141.0,73.00497047657586,2.8579999999999997,1.75,0.984610147650908,5733.2,11122.37032804994,1055.72,2006.9796539647757,-4.022,2.11616904536746,0.10154200608359296,0.4280264998139066,3.2,1.9639610121239315,2.4,0.6546536707079771,0.2,6.07672147788103,7.086137237230819,12.340837670307923,0.46380744389027745
-137.45689352,222.86870476062057,-1.07049463611111,0.28140000000000004,3.86361276,1.1111111111111112,4.0,2.3664319132398464,43.69111111111111,138.63,83.59251524508639,1.4955555555555555,2.44,1.1407519449906713,12784.666666666666,14917.947338692413,1868.6888888888889,1184.5009615867773,-2.7944444444444443,1.7606589675459585,0.2527912695931563,0.0806641768482797,3.7777777777777777,0.8944271909999159,1.3333333333333333,0.6708203932499369,0.0,3.7042074967417555,2.993319561189938,24.763189417846732,0.735147572394901
-497.89236719,187.4619492921981,-1.398802029666667,1.7273,1.453641,1.2,2.0,0.9354143466934854,109.42999999999999,127.05,60.29277008895842,2.3259999999999996,2.55,1.2320866446804786,6208.8,6293.1654594488455,1438.6799999999998,1382.724932877107,-2.666,2.436411295327618,0.15229631657621426,0.30820686193092606,4.0,2.091650066335189,2.2,0.9354143466934853,0.4,4.959639374924465,6.821766544928358,18.74619492921981,0.8295432205964776
-542.20483341,172.4851298323598,-1.7679808025000012,0.5638000000000001,1.87762574,2.5714285714285716,5.0,2.220038609702865,88.82857142857142,141.0,80.56179970326241,2.7685714285714282,1.63,1.0285530752330811,2051.1428571428573,3101.899694426903,849.24,1383.1025749379544,-3.758571428571429,2.188508950991846,0.3437691911750792,0.2661028703333441,3.142857142857143,1.927248223318863,2.142857142857143,0.46291004988627577,0.0,5.574630508912088,7.779378762777566,12.320366416597128,0.41930369154798447
-554.61110422,113.53038155551553,-1.354572157000002,0.0,5.60229493,2.2,1.0,0.5345224838248488,125.24000000000001,49.8,27.24984927874438,2.85,1.53,0.9667323458804037,5753.2,9435.898412824443,1058.72,1684.502144339898,-4.536,0.7629641444486668,0.08918274477506341,0.28744453895124006,3.2,2.138089935299395,2.2,0.5345224838248488,0.2,5.998053575021023,9.234280406391328,11.353038155551552,0.531621844622293
-233.41776753,168.6703061015562,-1.009309497291665,1.0399,-0.59218724,1.5,1.0,0.6324555320336759,113.625,94.1,49.37370757802172,2.4074999999999998,2.62,1.3971793013067437,3483.5,5798.12311011072,894.1,1211.8347808179133,-2.9125,2.6302300279633344,0.15698359155793978,0.20209790358745353,3.5,1.8973665961010275,2.0,0.8944271909999159,0.25,4.925187825621851,4.4367885211755365,21.083788262694526,0.8694884051738663
-203.38903899,47.397148259900405,-1.7908991124999991,0.7227,0.8923141,1.0,2.0,1.4142135623730951,70.5,141.0,99.7020561473032,2.545,1.79,1.26572113832392,3786.0,5040.2571362977105,635.1,770.6049701370995,-3.13,2.630437226013957,0.33000000000000024,0.14142135623730923,3.0,1.4142135623730951,2.5,0.7071067811865476,0.0,5.951264188702443,5.7042178148357205,11.849287064975101,0.4730568735005466
-457.77249886,244.070745068559,-2.371655990416668,2.735999999999999,5.8104366800000005,3.0,6.0,2.6568446566202857,111.875,133.4,61.29871891953755,2.8475,1.9,1.066533692691918,5201.25,9344.799214158706,960.625,1685.9987492145244,-4.83,0.6617979076638395,0.06907688531810308,0.32205209440992466,3.25,2.3514701283890216,2.125,0.45374260648651504,0.125,5.878313834481256,7.427054847813483,15.254421566784938,0.4124419179084736
-759.25982484,281.0322381572287,-2.835161980714285,0.161999999999999,7.5777006700000005,3.857142857142857,5.0,2.9519969028245465,101.10000000000001,98.5,61.03789806341631,2.6614285714285715,1.8299999999999998,1.1893155294417999,8169.714285714285,13106.844733082895,1501.8285714285714,2186.5603555748075,-5.091428571428572,0.9234833125570966,0.10515068900671835,0.5150635324108471,2.7142857142857144,1.164964745021435,2.2857142857142856,0.5976143046671968,0.2857142857142857,5.419132845432825,4.558268733305839,10.036865648472453,0.46133262458989255
-584.38184385,272.70703247013637,-1.662092417499998,0.0,4.07304721,1.7142857142857142,2.0,0.9258200997725515,112.91,138.63,62.00189553553987,2.654285714285714,2.44,1.2563808567241292,6261.142857142857,9879.212605986659,1212.8285714285714,1811.3608940714792,-4.17,1.4359665734271116,0.19606115786605663,0.09976422366087646,2.857142857142857,1.3093073414159544,2.142857142857143,0.8451542547285167,0.2857142857142857,5.685584119518749,5.3940225034286176,9.739536873933442,0.7137348556169851
-162.07743248,116.260355946894,-0.8891108574999991,0.8955000000000001,1.76975033,1.25,2.0,1.0488088481701516,126.2,222.8,101.38260205774954,2.7775,1.75,0.9201901977308822,4811.0,6432.905533271883,1087.35,1569.610523665027,-2.965,2.5615854465545356,-0.11258525217401358,0.8404897862966915,3.75,2.2583179581272432,2.5,0.6324555320336759,0.0,6.196810685643527,9.751712753907059,14.53254449336175,0.4767589599515305
-208.50452779,142.24093737974394,-1.147583364166665,1.4247,2.685290069999999,2.0,2.0,0.8944271909999159,124.7,49.8,25.725007288628703,2.7075,1.51,0.9274211556784759,5661.0,6882.1765161902085,1113.1,1321.2266482326186,-3.6875,2.2268610194621488,0.004422521482040781,0.30015550111087586,3.75,2.2583179581272432,2.25,0.5477225575051662,0.25,5.67709641105513,8.144979180566835,17.780117172467993,0.5079286932655179
-228.16501465,210.46488441913135,-1.43366439796875,0.036800000000000006,-0.49292054,1.8,1.0,0.5345224838248488,132.98,148.1,63.9453114555153,2.738,2.62,1.361784543478572,1651.2,2703.9418844135157,437.91999999999996,569.0918479723387,-3.882,2.1029469119037967,0.18098879032954318,0.17009277348370264,3.0,1.6903085094570331,1.8,0.5345224838248488,0.0,5.674550440630955,3.352024003699646,21.046488441913127,0.6029182322690692
-250.56561876,149.26590686018258,-1.024969332333334,0.0,3.39612036,2.0,2.0,0.8451542547285166,127.96,49.8,25.822138895584484,2.854,1.51,0.9598214119601327,4573.2,7123.328395390137,908.5200000000001,1362.922171554299,-3.9480000000000004,2.2163741303566704,0.04953801718563271,0.30818678888982415,3.4,2.32992949004287,2.2,0.5345224838248488,0.2,6.008612354595528,8.117625495525031,14.926590686018258,0.4961468588402669
-748.14966279,578.8999641172496,-2.8541914530434793,0.2536,4.46147629,3.652173913043478,7.0,3.4812932920216055,115.99260869565217,135.97,49.209332470973486,2.6917391304347826,2.49,1.3233953956147528,9804.695652173914,17576.078912553236,1871.9043478260871,3257.2083444881114,-5.559130434782609,1.7849936243040114,0.28515352087415596,0.10618793186670751,3.1739130434782608,2.0570229176122687,2.3043478260869565,0.7678230517547452,0.34782608695652173,5.710344834639124,6.051617670196704,12.584781828635862,0.5124810389245629
-432.08096542,612.9651321496989,-3.018547375384607,4.468400000000001,0.62102105,2.358974358974359,3.0,1.3663171044477713,124.62564102564102,94.1,44.374836843190906,2.6420512820512823,2.62,1.3511587273677568,13339.641025641025,28867.369012935207,1014.6307692307691,1737.4590251068464,-4.480256410256411,2.0154969703234924,0.2890234765938446,0.11116274170638635,2.717948717948718,1.4142135623730951,1.8461538461538463,0.48094533079649837,0.0,5.596579444173233,3.1469357507625517,15.7170546705051,0.657023149137923
-329.91236828,146.0560950984401,-2.05098305875,2.4653,0.25078331,2.5,4.0,1.8973665961010275,89.45,112.1,65.70117198345856,2.3775,2.62,1.4150159009707277,2056.0,2773.7500968904897,904.6,1233.226246882542,-3.4925,2.1083144926694404,0.3512359879119288,0.22726740088516065,3.25,1.6431676725154984,1.75,0.5477225575051662,0.0,4.5201264972462365,4.256387162562542,18.257011887305012,0.8951892775616704
-749.69598953,566.7567149976325,-3.461866468749999,0.0,4.42095503,3.9791666666666665,6.0,4.1434202886992475,98.16875,133.4,91.01343224050692,2.807916666666667,1.9,1.3216893048654912,6550.083333333333,13336.903795630002,1277.1541666666667,2500.0106219660493,-5.213958333333334,0.5581596725972344,0.1773225929224945,0.12639229361330165,2.6875,1.4522768879909882,2.3333333333333335,0.6969709469904515,0.3333333333333333,5.824504008887709,3.875938459534485,11.807431562450676,0.37782273698063357
-357.85051238,513.769596820174,-1.348405020000001,0.0,3.95282549,2.303030303030303,1.0,0.6297235299224025,123.27272727272727,49.8,31.057432893448137,2.87060606060606,1.53,0.9685547356045857,5001.212121212121,8437.374350533139,900.969696969697,1462.104491996807,-4.586363636363637,0.7019173249282875,0.048201177910145,0.34229837950364117,3.393939393939394,2.4774848202325597,2.090909090909091,0.3939192985791677,0.09090909090909091,5.976362035457043,8.357718794397726,15.568775661217394,0.42934888700749635
-471.4757908,176.75970785828287,-2.318079119468748,3.886599999999999,1.17998316,1.6,2.0,1.0690449676496976,126.39000000000001,181.05,80.1570823891617,2.752,2.55,1.326633763650369,2813.2,4380.858559036769,674.3199999999999,1079.2000688340547,-4.0760000000000005,1.632998993963473,0.23110015074259685,0.2558771041932591,3.2,2.138089935299395,1.8,0.5345224838248488,0.0,5.834198029784078,4.965564893207321,17.675970785828287,0.5738268163190288
-713.18178619,111.34209089405522,-2.093056296999999,0.0,4.01795304,1.8,3.0,1.3093073414159542,107.01400000000001,138.63,71.77028314600092,2.7199999999999998,2.44,1.2965889314439087,6181.2,11227.092308976786,1199.1200000000001,2041.273871175266,-4.226000000000001,1.5837027138053046,0.08954200608359297,0.4166377998120682,3.0,1.6903085094570331,2.0,0.8451542547285166,0.2,5.629562984099025,5.696544258370686,11.134209089405521,0.6726899939889066
-178.49159726,222.79354881247878,-1.615806477142857,1.704899999999999,3.70115118,2.0,3.0,1.224744871391589,106.62857142857142,141.0,64.36480848591543,2.7785714285714285,1.79,1.021577911160685,4291.142857142857,6382.442456793929,744.9714285714286,1035.5198156343647,-4.192857142857143,1.667343910021479,0.09991419181260552,0.3668312580629843,3.4285714285714284,2.32992949004287,2.142857142857143,0.46291004988627577,0.0,5.927773496518822,8.159347140865252,15.913824915177056,0.4330437667676755
-540.23982456,654.7840616005493,-1.697635304615385,2.6318,6.18216202,2.4615384615384617,4.0,1.0634923802175305,121.35128205128204,69.1,35.69597821831707,2.8974358974358974,1.42,0.9791314496644079,4972.51282051282,10201.992088158318,840.8923076923078,1514.4637410630378,-4.717384615384615,0.8817787019113048,0.018748599969683824,0.3815674266646811,3.5128205128205128,2.7376362808848644,2.0256410256410255,0.22539329856371762,0.02564102564102564,5.966274555044953,8.636766232352555,16.789334912834597,0.4195073468824335
-278.97154607,230.5991164629462,-1.357248065000004,1.8942,0.48853849,2.0,6.0,2.449489742783178,90.84285714285714,141.0,82.04668966944544,2.845714285714286,1.44,0.9101334282086649,5924.0,16286.719313600268,933.2228571428572,2171.2583610168813,-3.988285714285714,3.2733210745575905,0.1454526680644441,0.2085121731962271,3.5714285714285716,2.434865792722759,2.4285714285714284,0.6546536707079772,0.14285714285714285,6.181878808296589,8.081190521025643,16.471365461639014,0.3873692132249541
-220.45327684,138.38975205740917,-1.586021312999998,0.0,4.28762171,1.2,4.0,2.138089935299395,38.238,135.97,70.40238804797139,1.7239999999999998,2.49,1.3508092812405883,5798.4,4083.720782395808,1415.44,905.6061647947664,-2.7495802,1.8311912072123202,0.3292226483948403,0.3347885314073574,4.6,1.8126539343499315,1.4,0.6546536707079771,0.0,3.7029483067144824,5.832228264857287,27.677950411481834,0.9094948592812576
-780.63269814,132.3655227051685,-2.749603696666666,0.0,4.05739303,3.5,5.0,3.0276503540974917,119.06666666666666,76.7,44.76037434060523,2.8366666666666664,1.8399999999999999,1.2069152598440556,8031.333333333333,15829.016028940157,1386.9666666666665,2728.119618182295,-5.715,1.453587515998492,0.22347228119875343,0.1173499309731665,2.8333333333333335,1.7159383568311666,2.3333333333333335,0.6666666666666667,0.3333333333333333,5.984904053158988,5.241345892059375,11.030460225430708,0.42130616835991885
-266.86958941,209.28981749612427,-3.411476938333332,3.5662000000000003,4.15817026,2.2222222222222223,5.0,2.188987589427283,88.30444444444444,138.63,78.48127916367487,2.4911111111111115,2.44,1.4032209970872964,4398.888888888889,6138.061719033678,1061.0,1479.4731241222328,-4.032222222222223,1.5966462246429756,0.3522222222222225,0.25725311789493754,2.6666666666666665,1.0606601717798212,1.7777777777777777,0.5400617248673216,0.0,5.108494390891391,3.3976627790893357,11.627212083118016,0.6664863579283897
-688.17347733,795.8225250719996,-1.4773587758928581,0.0,1.64433667,2.357142857142857,5.0,2.1351401662213574,126.28571428571429,69.1,33.24162875601828,2.9271428571428575,1.54,0.959626152697589,8092.714285714285,17339.005382289342,1445.4142857142856,2614.4289883823803,-4.696857142857143,2.2378552757705577,0.1266470030790208,0.22581397164042996,2.857142857142857,1.6449566416599486,2.357142857142857,0.6642111641550715,0.35714285714285715,6.141275369094102,4.394420690716434,14.211116519142848,0.3247010045547429
-413.99606361,154.68489951937246,-1.032893985468749,1.0589,1.48595699,1.6,2.0,1.0690449676496976,134.34,141.3,60.696881539099095,3.0140000000000002,1.2399999999999998,0.7127211436259123,4553.2,8546.923021933515,892.9200000000001,1628.686750553516,-4.258,1.2281635535569826,0.06851910750222281,0.2784388207643796,3.0,1.6903085094570331,2.2,0.5345224838248488,0.2,6.456777821477589,5.0106199136224205,15.468489951937247,0.266076426868838
-483.02608347,131.14839020699588,-1.863680323749999,1.436299999999999,2.49211653,1.25,2.0,1.0488088481701516,127.45750000000001,217.77,98.88474841956165,2.5925000000000002,2.49,1.2864019589537323,5236.0,6653.894618943104,1241.1,1598.0764987947227,-3.1575,2.339596118991481,-0.07194923200949682,0.8800577537574651,3.75,2.2583179581272432,2.0,0.8944271909999159,0.0,5.540444115768243,8.016909289442605,16.393548775874486,0.6957900685604654
-701.1240469,1617.547896157262,-3.671023028712122,4.7121,3.12414824,3.6363636363636362,7.0,3.627154532136727,119.4,111.4,58.33230237184197,2.7563636363636363,2.2199999999999998,1.27505882217253,11341.272727272728,25842.139264194055,1290.490909090909,2190.7437161840726,-5.157272727272727,0.30527651400001277,0.3453825222120124,0.23229376753190467,2.727272727272727,1.5612494995995998,2.1818181818181817,0.5303300858899106,0.0,5.95723407180463,4.262086959807584,12.254150728464106,0.4921676279584395
-788.44674139,356.7483355293301,-2.857885393999998,2.800199999999999,4.48473545,2.933333333333333,3.0,1.7367006167610077,108.09333333333333,98.5,57.70442203662251,2.7626666666666666,1.8299999999999998,1.1295174533487098,4439.866666666667,6959.015813804003,1043.5866666666666,1618.9647751652308,-4.5326666666666675,0.7653662416588335,0.28662662284588275,0.43007195953401217,2.8,1.7870501915438117,2.0,0.0,0.0,5.540228760029097,6.236129965285317,11.891611184311005,0.42148760626482273
-140.29051559,61.70418835153962,-0.8457294909999991,0.0,3.02730288,1.8,3.0,1.3093073414159542,106.54,141.0,73.00497047657586,2.8579999999999997,1.75,0.984610147650908,5733.2,11122.37032804994,1055.72,2006.9796539647757,-4.022,2.11616904536746,0.10154200608359296,0.4280264998139066,3.2,1.9639610121239315,2.4,0.6546536707079771,0.2,6.07672147788103,7.086137237230819,12.340837670307923,0.46380744389027745
-431.31524,67.541266847953,-3.037705825999999,1.1738,2.56602198,2.8,8.0,3.625307868699863,84.6,141.0,92.30616756982478,2.586,2.1399999999999997,1.3976919750584735,6973.2,13133.385223489464,1301.92,2477.2230051295055,-4.926,2.7825296815256846,0.3924608477676307,0.2756782728181051,3.0,2.0701966780270626,2.0,0.8451542547285166,0.0,5.617197687943068,6.165888296957356,13.5082533695906,0.4804475194514071
-433.24162568,57.06920415385441,-1.092523053,0.0,6.28856925,2.0,2.0,0.8451542547285166,126.52000000000001,49.8,26.33878183537402,2.848,1.54,0.9702135258355686,4933.2,7766.354651406835,1061.52,1690.8211834152405,-4.212000000000001,1.5353082519713848,0.08442380380924304,0.28796105395524996,3.2,2.138089935299395,2.2,0.5345224838248488,0.2,6.018818777504386,9.326284267344363,11.41384083077087,0.5287898417200868
-482.81247569,90.97581873262898,-2.258839532449999,0.0,-0.4964514,3.2,8.0,3.909694909544003,100.2,111.4,67.24560527329223,2.472,2.62,1.5932536341892156,2879.2,5796.790639162821,982.32,1821.454502000295,-4.306,2.1703291389622383,0.3264773313775907,0.22896229714316907,3.0,1.6903085094570331,2.0,0.8451542547285166,0.0,5.0809638681509055,3.2124885762848505,18.195163746525797,0.7886227310406098
-952.93241134,1019.4453969077005,-2.519785754393939,3.2774,-0.88397652,3.272727272727273,6.0,3.2581259360842107,115.61818181818181,141.0,68.7504097889885,3.0127272727272727,2.1399999999999997,1.1122603458377345,9025.09090909091,22280.27879952617,1401.9636363636364,3267.643613935324,-5.708727272727272,1.811910551366663,0.19028220353074152,0.3727210163430381,2.909090909090909,2.2954805094425805,2.272727272727273,0.6793662204867574,0.18181818181818182,6.228677219289198,4.870618206921319,15.446142377389402,0.2847245874311415
-520.11636651,350.3325692370048,-2.150680372890625,3.5358,0.56288783,1.6666666666666667,2.0,1.0540925533894598,127.33833333333332,189.97,82.2273151763519,2.8766666666666665,2.49,1.3023227113294324,2381.3333333333335,4447.195570743931,495.6333333333334,859.3444698011257,-4.1866666666666665,1.7667421367527798,0.22709068010967814,0.23789379469388355,2.8333333333333335,1.7159383568311666,1.8333333333333333,0.5270462766947298,0.0,6.160822574853751,4.371653072983715,14.5971903848752,0.496671637155182
-617.27916224,274.3952424960578,-2.433770533484848,2.4069000000000003,1.33500756,3.272727272727273,6.0,3.2581259360842107,117.52727272727272,133.4,64.26307708881576,3.070909090909091,1.9,0.9696073749402185,8225.09090909091,20854.35778846308,1448.8727272727274,3489.9893259700116,-5.905618181818183,2.765785861962341,0.11949052180514474,0.30386592950422164,2.909090909090909,2.3858557568108956,2.272727272727273,0.6793662204867574,0.2727272727272727,6.367510008934418,6.578634895389596,12.472511022548082,0.2867707095655833
-315.93148284,321.71117092369605,-2.060414783749999,2.4705,-1.14813218,2.3333333333333335,6.0,2.5385910352879693,104.71666666666665,141.0,77.16866448097814,2.8316666666666666,1.8699999999999999,1.2172213347529601,4889.666666666667,10648.890322991927,1007.8000000000001,1837.0519063615666,-5.166666666666667,1.4877649157190274,0.22339601043102583,0.1171813636476125,2.3333333333333335,1.0540925533894596,2.0,0.816496580927726,0.16666666666666666,6.185313457256057,2.5809131875627256,13.404632121820669,0.2482003128753005
-463.63946243,78.40702484441908,-2.693945698125,2.8326000000000002,4.18257704,1.0,2.0,1.2977713690461004,70.5,141.0,91.49288151775006,2.4175,2.13,1.3338310474561217,4292.25,5309.422716166737,703.725,799.5288290118452,-3.23125,2.2849755267605683,0.3750000000000002,0.1941242141679283,2.625,0.9032106474595007,1.75,0.8583950752789521,0.0,5.5089545247938645,4.28485740854275,9.800878105552385,0.7185148317039979
-606.89229117,132.27154637308448,-2.055167530000002,3.2609,1.58462649,2.3333333333333335,6.0,2.5385910352879693,107.10000000000001,141.0,75.0099993334222,2.9616666666666664,1.79,0.9996138143191989,7206.333333333333,17959.511828307335,1228.1333333333334,2963.143558977714,-5.160983333333333,3.473065649073996,0.1767650000000006,0.31240089455164216,3.0,2.1602468994692865,2.3333333333333335,0.6666666666666667,0.16666666666666666,6.369303731900862,7.865005464428454,11.022628864423707,0.3663842270172291
-538.10803794,525.4502702231417,-1.6497857512037042,2.1058,4.82515871,2.2222222222222223,2.0,0.8340576562282991,115.35555555555555,81.4,39.92549583150226,2.6933333333333334,2.46,1.1772185346234019,4090.0,6487.633185363217,841.8888888888889,1118.4478841525058,-4.332222222222223,1.2894049857943408,0.04234886873817594,0.3450952513389784,3.3333333333333335,2.502172968684897,1.8888888888888888,0.41702882811414954,0.0,5.56335073626193,9.024064649055695,14.595840839531714,0.5234809221161787
-704.52426735,86.43591197380744,-2.267367855143677,0.0,3.786725569999999,2.6666666666666665,5.0,2.2962419891481978,72.825,141.0,87.41237495603552,2.3850000000000002,2.55,1.378591178110333,5844.333333333333,7526.144600355121,1180.2666666666667,1396.7943194719437,-5.14,2.1576123166803876,0.1953908503350975,0.24372580300211347,3.3333333333333335,1.9069251784911847,2.1666666666666665,0.8790490729915325,0.3333333333333333,5.012760767403843,5.671176066137017,14.405985328967907,0.7789839085456379
-518.7551666,141.5365353662609,-2.783797551,3.0834,4.00224215,3.6,7.0,3.6449573777637356,106.46,122.9,64.41880825615183,2.7399999999999998,2.08,1.1791037758762857,5513.2,8923.904110389609,1042.1200000000001,1647.2396442880695,-4.83,0.5188586375057141,0.1708914902503736,0.35775264779085236,3.2,2.138089935299395,2.2,0.5345224838248488,0.0,5.688024400833706,7.084729778553145,14.15365353662609,0.5232416536760666
-294.45355907,77.29908558651587,-1.447628566500001,0.0,1.91578066,2.0,2.0,0.8451542547285166,112.22,94.1,50.686036397752446,2.632,2.62,1.4162929479050985,2751.2,5539.096264605935,613.72,933.3574051317564,-3.998,2.0861344977870298,0.12992872459836685,0.3054890645841803,3.4,2.32992949004287,1.8,0.5345224838248488,0.0,5.282527554092464,7.356434062529205,15.459817117303174,0.9603375751109552
-726.51764325,138.17410153104706,-3.703486623611111,3.2762000000000002,3.03519462,4.0,6.0,4.05674042269688,104.90833333333335,133.4,74.18620106577387,2.7541666666666664,2.11,1.3931603333018472,6956.333333333333,13684.594408103067,1527.3,2942.6028373339327,-5.440833333333333,0.9862215051107214,0.33909157179355415,0.3271672108828814,2.9166666666666665,1.8935982376719422,2.3333333333333335,0.6761234037828133,0.08333333333333333,5.844105503590978,5.40238071856012,11.514508460920588,0.4742412828544986
-567.91916195,205.11350744745477,-1.913001807692306,1.4866000000000001,4.74754579,2.1538461538461537,3.0,1.0660035817780522,118.70538461538462,138.63,52.23807506372757,2.8246153846153845,2.44,1.1375112387057187,6855.076923076923,12243.855082151507,762.9692307692308,1179.8418576618262,-4.486923076923077,1.1595159648436382,0.11269966931368956,0.2586066730520231,3.076923076923077,1.9188064472004938,1.9230769230769231,0.3692744729379982,0.0,6.145632795940134,5.303605192573096,15.777962111342674,0.40342275421159546
-233.27634131,222.55271337121226,-2.4467161835,1.4177,6.32710102,3.4,4.0,2.32992949004287,107.47999999999999,98.5,56.24915237456599,2.818,1.8299999999999998,1.0441811556019795,9473.2,18535.00800416028,1594.92,2620.5620367721554,-5.2176,1.5818202895940576,0.2350800000000004,0.4034777954591446,2.8,1.558387444947959,2.2,0.5345224838248488,0.2,5.577483168628672,5.10115377692998,11.127635668560613,0.4253485316086581
-147.6129908,114.30716121628458,-2.54689945125,0.0,4.09160333,2.5,6.0,2.7568097504180447,87.8325,135.97,72.28720128764151,2.3725,2.49,1.3871229217340473,7236.0,10486.367988965483,1194.85,1511.5246594085058,-4.737500000000001,2.529116446508543,0.2600323513549119,0.20258520749165704,3.25,1.6431676725154984,2.0,0.8944271909999159,0.25,4.964101047928478,4.986096115528422,14.288395152035573,0.8190898773194876
-809.94506459,458.2914794656356,-3.153788929999999,1.9796,2.75093829,4.0,7.0,4.189272013130682,108.56666666666666,111.4,67.29542332135225,2.8044444444444445,2.2199999999999998,1.3298345761785562,6681.333333333333,16116.826542467968,1407.9111111111113,2699.433230883846,-5.364222222222223,1.0523933675199593,0.27557304098637864,0.36117348385434866,3.0,2.0124611797498106,2.3333333333333335,0.6708203932499369,0.1111111111111111,5.820375984436323,5.358870441360475,12.730318874045432,0.5852761798695124
-309.21367081,432.1332126609825,-1.707838569642855,0.5327000000000001,5.73472767,2.5714285714285716,2.0,0.9636241116594315,112.3,125.3,56.55072943826631,2.8128571428571427,1.6099999999999999,0.9621775897856456,7726.857142857143,11714.167563864097,1030.6857142857143,1527.8668846279957,-4.885714285714286,0.7838640552690607,0.06220193348999281,0.2563803338154739,3.142857142857143,1.7928429140015905,2.142857142857143,0.46291004988627577,0.14285714285714285,6.080984607241128,5.585109182132804,15.433329023606518,0.3763030004999543
-701.24447257,348.85652070342985,-0.9360247642857141,0.0,7.09452023,4.142857142857143,7.0,4.2895221179054435,74.14285714285714,133.4,74.25378104850958,1.9657142857142857,1.9,0.7981478559765728,13660.285714285714,7754.736410736345,2910.0285714285715,1486.578893970986,-3.9699999999999998,2.1608516839431626,0.08027218038229192,0.07815994315426633,3.7142857142857144,0.8944271909999159,2.857142857142857,0.4472135954999579,0.8571428571428571,4.315414333156361,6.6684669727638255,12.459161453693923,0.7602539131748839
-614.23385849,234.69614330367338,-2.133976629879308,1.8192,3.09685666,3.3,4.0,2.1984843263788196,92.46000000000001,141.0,86.03987447689589,2.765,1.89,1.1647961194990304,7593.2,14728.712457871756,1337.12,2452.442822076706,-6.05859,2.0577730199579025,0.10108565224464057,0.23613171139558653,3.0,1.8257418583505536,2.4,0.6666666666666666,0.4,5.778473791540734,6.292047027192229,11.73480716518367,0.42793023408425207
-131.69297672,52.72603186622967,-2.077688422499998,0.0,2.93997034,1.25,2.0,1.0488088481701516,101.3575,135.97,71.30915698562143,2.4325,2.49,1.3433502893884381,5386.0,6918.745088525809,1258.85,1631.745542662826,-3.4225000000000003,1.9889167906174456,0.2574908570900408,0.2064870457615221,3.25,1.6431676725154984,2.0,0.8944271909999159,0.25,5.20051569712223,5.768541566385609,13.181507966557412,0.8653386589496591
-441.42684972,672.0445599629521,-1.451764172333332,0.17419999999999902,2.03278278,1.8666666666666667,3.0,1.2307338795828047,133.85333333333332,15.400000000000006,9.193731880055726,2.630666666666666,1.54,0.973839429933969,11316.933333333332,20701.31679244527,1439.16,1650.5492968028766,-3.3353333333333333,2.7628983609501776,0.11749285753059963,0.2594723733534714,3.3333333333333335,1.7986923354612534,2.4,0.6301260378126043,0.4,5.738663268980035,6.044080041066118,14.93432355473227,0.5375880956208355
-485.14710652,72.50319461578196,-3.786714650999999,3.5394,2.43655296,2.8,8.0,3.625307868699863,87.39,141.0,87.93776614336821,2.502,2.55,1.5449086889337043,6833.2,13105.815786457988,1457.92,2518.827638860133,-5.004,2.6158527699940826,0.38956099851022724,0.27281313127520435,3.6,2.618614682831909,2.0,0.8451542547285166,0.0,5.231384675441069,8.332451510149609,14.500638923156393,0.8267585358921078
-277.36642173,323.20382845418004,-1.473649539210526,0.7797000000000001,4.15827743,2.1052631578947367,3.0,1.1445523142259597,110.43157894736841,141.0,59.19771617216326,2.8073684210526313,1.75,1.0044008164074738,4233.789473684211,6554.3668618715565,741.8000000000001,1069.7093640797953,-4.266842105263158,1.6467759410435896,0.0672735804244587,0.3615302507186965,3.5789473684210527,2.515949125081825,2.1052631578947367,0.41231056256176607,0.0,5.898224482195323,8.501416450719754,17.010727813377898,0.44582806007054626
-663.89790443,134.7190612798825,-2.083752250488489,1.409699999999999,3.30876953,3.1666666666666665,4.0,2.3687784005919825,105.98333333333333,141.0,75.93595620287167,2.9116666666666666,1.89,1.0856155447998665,8348.0,18728.78810815051,1267.8,2579.660385916461,-5.718,1.4654965028958613,0.10980369569146713,0.2549525650664919,2.8333333333333335,1.7159383568311666,2.3333333333333335,0.6666666666666667,0.3333333333333333,6.00912248082336,5.297088624164373,11.22658843999021,0.41394596031229874
-549.59452892,1042.8133825691384,-1.8069840201428562,0.41589999999999905,4.51541092,1.6,2.0,1.0690449676496976,128.45,191.35000000000002,83.42806995935395,2.698,2.55,1.348978449473103,5733.2,10347.531465454522,1302.3200000000002,2148.942780598338,-4.0840000000000005,1.6279171618096193,0.15854820910088835,0.4255476929920601,3.6,2.618614682831909,2.0,0.8451542547285166,0.2,5.770473210503572,8.480501775959993,14.897334036701977,0.7336896450016847
-664.72693091,147.4523745624261,-3.707996333722221,4.031499999999999,2.26788601,4.0,7.0,4.0824829046386295,104.10000000000001,111.4,73.80221315561388,2.7466666666666666,2.2199999999999998,1.391370227908845,8048.0,18596.91114136969,1616.8,3173.721932789113,-5.776666666666667,2.1924060856612413,0.3314825910763621,0.230163601096338,3.1666666666666665,2.3687784005919825,2.3333333333333335,0.6666666666666667,0.16666666666666666,5.925428867457905,7.519352310480446,12.287697880202174,0.5536457431824624
-241.30893409,77.79416386934211,-1.829857293095238,2.275299999999999,5.12774121,2.0,3.0,1.224744871391589,112.92857142857143,81.4,47.09451742430929,2.525714285714286,2.46,1.4527707517508939,1984.0,3148.1480270152483,923.6857142857143,1373.158045216521,-3.95,1.8071386222423558,0.21636966772827243,0.023470179031319486,2.4285714285714284,1.3887301496588271,1.7142857142857142,0.5976143046671968,0.0,5.337306314515005,4.196262227223497,11.113451981334586,0.5389770165993142
-890.59094494,140.5524534342617,-3.651721514555548,4.027699999999999,2.25029582,4.0,7.0,4.0824829046386295,102.18333333333334,122.9,77.81175646677335,2.77,2.08,1.3412183515992713,8814.666666666666,19026.359306090184,1532.4666666666665,3077.59590445385,-5.716666666666666,2.216719297620798,0.3018791069878697,0.14820312867971192,3.0,2.1602468994692865,2.3333333333333335,0.6666666666666667,0.16666666666666666,5.9588355632329515,6.850006183285099,11.712704452855142,0.47735132520468637
-717.8594165,145.0305800941281,-2.042750392857141,0.7009999999999991,5.76102652,3.142857142857143,4.0,2.390457218668787,114.94285714285715,76.7,44.31127718441758,2.7128571428571426,1.78,1.1154083172926919,8441.142857142857,12627.023470093249,1347.8285714285714,1923.5981359346938,-5.4557142857142855,1.6475262842039446,0.1623406717220512,0.10350098877381525,2.857142857142857,1.3093073414159544,2.4285714285714284,0.6546536707079772,0.42857142857142855,5.704083170464885,5.1908543649691445,10.35932714958058,0.5090400942607689
-496.90629093,187.4619492921981,-1.398802029666667,1.7273,1.453641,1.2,2.0,0.9354143466934854,109.42999999999999,127.05,60.29277008895842,2.3259999999999996,2.55,1.2320866446804786,6208.8,6293.1654594488455,1438.6799999999998,1382.724932877107,-2.666,2.436411295327618,0.15229631657621426,0.30820686193092606,4.0,2.091650066335189,2.2,0.9354143466934853,0.4,4.959639374924465,6.821766544928358,18.74619492921981,0.8295432205964776
-640.05506093,157.49365025018096,-2.610714884615385,0.6497,3.44783157,3.3846153846153846,7.0,3.4178674903831747,102.52076923076923,138.63,69.45893708450404,2.6953846153846155,2.44,1.323097261593555,7808.923076923077,14174.007132135152,1322.9692307692308,2259.8037505299194,-5.056153846153847,1.3936870654360098,0.024777665084158206,0.44099145598387207,2.769230769230769,1.3483997249264843,2.230769230769231,0.7977240352174656,0.3076923076923077,5.62156838771883,3.920497861184394,12.114896173090843,0.46282013676615935
-320.66329478,244.0602684640958,-3.054602234090915,3.1753,6.03354241,3.6363636363636362,7.0,3.627154532136727,116.74545454545455,111.4,57.62010282878712,2.7763636363636364,2.2199999999999998,1.2507660152882314,7995.818181818182,16476.445664948493,1275.9454545454546,2167.399370213067,-4.951818181818182,0.49821242959203677,0.2954435268378013,0.2443840333565334,2.909090909090909,1.704772712123232,2.1818181818181817,0.5303300858899106,0.0,5.910384480895304,5.920503133880767,11.09364856654981,0.5863630481602852
-389.33608598,536.5204876333061,-1.982251778235292,1.8332000000000002,2.00894872,2.1176470588235294,2.0,0.8137334712067349,121.03529411764706,94.1,43.730771836378615,2.8047058823529407,2.62,1.2948244167725098,5036.588235294118,11399.169192106514,609.0705882352942,1042.8796406416539,-4.311176470588235,1.7829678416405397,0.14323432966902322,0.24109314778837382,3.0588235294117645,2.0033755298279736,1.8823529411764706,0.45022516889074815,0.0,5.9218547384148765,5.162293476906829,15.780014342156058,0.632803268279838
-261.99202177,54.679033480568016,-1.600919785333332,1.5326,4.34328276,1.6,1.0,0.6123724356957945,121.3,145.70000000000002,69.47562522208779,2.224,2.46,1.3756271297121179,5288.8,9324.724205036844,1501.6799999999998,1832.9545793608743,-3.444,1.7503678184884457,0.08826438020278209,0.32589288430688984,2.8,2.0,1.8,0.9354143466934854,0.2,4.912280758193226,7.3178225576480544,10.935806696113604,0.6886671315813405
-444.68025381,232.93390533970975,-1.155619659791667,0.0,4.93128503,1.4583333333333333,2.0,0.8615312094432334,120.77500000000002,141.0,50.739836971561324,2.685,2.13,1.1169256830095993,5757.75,8194.242413604767,1362.4416666666666,1957.9055504472246,-3.5925,2.0391311631724722,0.1919489220549527,0.18070411046373633,2.8333333333333335,1.260976649982561,2.2916666666666665,0.8171302609462198,0.375,5.860002219567157,5.906325733588245,9.705579389154574,0.5700776316122778
-479.59922736,328.6645673176261,-2.623776220454545,2.1959,3.03694562,1.2727272727272727,2.0,1.2833778958394957,97.40181818181819,200.27,96.17289984556919,2.429090909090909,2.49,1.5527565621102593,4848.363636363636,8021.0664906269685,1023.5636363636363,1622.5168267050967,-3.652727272727273,2.0631721721089367,0.27249241949306624,0.345684473997693,3.4545454545454546,2.155703788448082,1.7272727272727273,0.8224783208299743,0.09090909090909091,5.165340487552226,6.482816921620801,14.939298514437551,0.9114213593576895
-738.56638805,119.77140138378309,-3.430814742857144,2.9787999999999992,1.8792550000000001,2.2857142857142856,8.0,3.295017884191656,90.42857142857143,127.05,78.04026090056703,2.41,2.55,1.5835719118499165,5412.571428571428,9541.038068709895,1332.685714285714,2162.5336800019686,-4.345714285714286,2.1455518770570094,0.3880422687592363,0.2535431062177696,3.5714285714285716,2.434865792722759,1.8571428571428572,0.8451542547285167,0.0,5.03345813052865,5.959897106723486,17.110200197683298,0.8556064334206542
-336.2555188,198.43275274147894,-2.893783590000014,3.9425,2.84505681,3.142857142857143,3.0,1.7928429140015905,97.72857142857143,105.9,66.16720162911963,2.758571428571429,1.8299999999999998,1.0816059488424739,3865.4285714285716,6069.1694183447735,1138.1142857142856,1631.2899243061784,-4.451128714285715,0.8231889254341055,0.31978300000000026,0.36991171167523207,2.857142857142857,1.7928429140015905,2.0,0.0,0.0,5.376170681666151,5.442065392002385,14.173768052962782,0.4476136155461725
-338.55333218,498.9382964624441,-1.82219273952381,0.9483,2.9557062,1.4285714285714286,3.0,1.4113126084211551,90.4,141.0,87.15445870482557,2.710952380952381,1.79,1.1411721038002127,4453.047619047619,7972.452281265106,622.0190476190476,862.2549267406505,-3.6671428571428573,2.303157312594469,0.25893085002566596,0.2227315511462914,2.9523809523809526,1.5230469891462777,2.3333333333333335,0.6337502222976297,0.0,6.175482271279528,5.946568662481189,11.879483249105812,0.4350814878601702
-471.51327926,128.40952222360877,-1.2602380275000011,0.8376999999999991,4.33105535,2.0,2.0,0.8944271909999159,122.9,49.8,25.925740105154183,2.7,1.54,0.9375713306197028,6111.0,7513.754960071562,1304.35,1652.334759060645,-4.0175,1.5288525108721247,0.04802975476155369,0.28683783289122733,3.5,2.0976176963403033,2.25,0.5477225575051662,0.25,5.689153093441488,7.875988996985856,16.051190277951097,0.45592937720614185
-239.06815854,231.2664114031107,-1.9725945233333322,0.6980000000000001,0.68334754,2.888888888888889,4.0,1.949358868961793,127.58888888888889,76.7,34.31090205750936,2.9244444444444446,1.78,1.0463531908490555,9492.444444444445,19162.85776704508,1074.5777777777778,1981.8623988561872,-5.09,1.1791946404220128,0.19474519456666536,0.07821043910585293,2.6666666666666665,1.3416407864998738,2.111111111111111,0.4472135954999579,0.1111111111111111,6.234772254777198,4.211510362747732,12.848133966839482,0.28785134825969916
-692.43282847,107.27274426030148,-2.180888695555554,2.2611,1.02080039,2.888888888888889,7.0,3.2480763537823427,105.24444444444445,141.0,74.57758376348754,2.8433333333333333,1.81,1.2009933388657907,5914.666666666667,13118.065322295051,993.4666666666667,2085.616747631261,-4.754444444444444,2.0162489925601945,0.09178386922744769,0.4169460217622658,2.7777777777777777,1.61245154965971,2.3333333333333335,0.6708203932499369,0.2222222222222222,6.053824199459229,4.8031709775275395,11.919193806700168,0.3881619037210009
-777.04297614,136.51657937039403,-4.019811040833332,4.0165,3.14741998,4.0,6.0,4.242640687119285,94.0,141.0,99.7020561473032,2.7266666666666666,2.1399999999999997,1.5132085117392116,8648.0,17874.245214833547,1685.4666666666665,3384.071633402579,-6.033333333333334,2.213244225113893,0.394101412946051,0.3481116656893388,3.3333333333333335,2.8284271247461903,2.3333333333333335,0.7071067811865476,0.0,5.78904241947543,10.241243300471636,11.376381614199502,0.5100651824885054
-688.76493076,140.3737488927426,-2.7410589342857152,3.0734,2.81907023,1.7142857142857142,4.0,1.6903085094570331,97.57142857142857,141.0,82.22486589486523,2.6271428571428572,2.13,1.2741215461194093,7155.428571428572,14181.114463559323,882.8285714285714,1401.6978235594963,-3.9042857142857144,2.002721362831799,0.31036581616702924,0.2034614166663506,2.5714285714285716,0.9636241116594315,1.7142857142857142,0.5976143046671968,0.0,5.780574497002161,4.382740785226234,10.026696349481615,0.5709711367555974
-501.00220931,87.56813597285675,-1.6750175293749892,0.7812999999999991,4.15341595,2.5,4.0,1.8973665961010275,107.325,112.1,58.4504833170779,2.6475,1.63,1.0032497196610624,4783.5,6676.201884305177,1464.35,1767.9951798576828,-3.76,1.6188390902124896,0.294354836925524,0.28150872199967575,3.0,1.2649110640673518,2.25,0.5477225575051662,0.25,5.320928940297533,6.2678881007475615,10.946016996607094,0.48689683551315327
-487.92113786,384.2771400263827,-2.030413166666667,0.0,4.52037488,1.8,3.0,1.3093073414159542,115.806,145.97,74.19605476612044,2.694,2.49,1.3302953485169051,6933.2,13360.409809796789,1325.3200000000002,2396.4608285672316,-4.484,1.9164997856956385,0.20159333725006318,0.302408444771805,3.4,2.32992949004287,2.0,0.8451542547285166,0.2,5.803224051849351,8.4998523367249,12.809238000879425,0.7265171025458249
-426.05646386,597.886035878013,-2.059111636052632,3.1604,2.62620036,2.736842105263158,5.0,2.4801537836790835,116.54736842105264,94.1,53.020135490602634,2.8947368421052633,2.62,1.2714119600243752,7961.368421052632,20994.049848070186,1196.978947368421,2805.2961634471258,-5.068526315789474,2.46878357204138,0.1379730475418651,0.2797659055159881,2.9473684210526314,2.020246358451664,2.1052631578947367,0.7997092494906697,0.21052631578947367,5.806047446586024,4.236502655322233,15.733843049421395,0.5739070863337458
-692.99559385,833.3627512821313,-2.911548753571428,3.6821,1.23328835,1.7142857142857142,4.0,1.6903085094570331,99.00857142857141,135.97,79.24127915063318,2.524285714285714,2.49,1.4641867562380344,6955.428571428572,14149.127444071291,966.2571428571429,1461.3070431246522,-3.9442857142857144,1.92012834392466,0.299664124926477,0.18144387979640184,3.142857142857143,1.7928429140015905,1.7142857142857142,0.5976143046671968,0.0,5.327891393349243,4.971519917099595,14.88147770146663,0.7566547821915477
-526.7404548,172.4851298323598,-1.7679808025000012,0.5638000000000001,1.87762574,2.5714285714285716,5.0,2.220038609702865,88.82857142857142,141.0,80.56179970326241,2.7685714285714282,1.63,1.0285530752330811,2051.1428571428573,3101.899694426903,849.24,1383.1025749379544,-3.758571428571429,2.188508950991846,0.3437691911750792,0.2661028703333441,3.142857142857143,1.927248223318863,2.142857142857143,0.46291004988627577,0.0,5.574630508912088,7.779378762777566,12.320366416597128,0.41930369154798447
-265.93610169,165.84962311746816,-0.8074406257142841,0.0,4.00000232,1.4285714285714286,1.0,0.7071067811865476,128.0857142857143,22.599999999999994,15.980613254815971,2.56,1.54,1.0889444430272834,7580.857142857143,9106.12112812036,1867.2285714285715,2198.9606681339255,-3.2985714285714285,2.093036072312181,0.13138248440119757,0.12203294954144635,3.142857142857143,1.4142135623730951,2.5714285714285716,0.7071067811865476,0.5714285714285714,5.597727543332627,6.051088203882043,11.846401651247726,0.529857277058582
-258.33262924,333.26860561717393,-1.6138287606944441,2.2024,4.87694722,2.1666666666666665,1.0,0.5270462766947298,140.9,98.99999999999999,40.41707559930579,2.98,1.42,0.9205795276165263,4881.333333333333,9700.389087270903,576.4666666666667,1000.5583863245785,-4.526666666666666,0.9998888827153635,0.0807264752702715,0.31117777205497077,3.1666666666666665,2.3687784005919825,2.0,0.0,0.0,6.465368447309149,7.983655321124648,13.88619190071558,0.3873204879639155
-276.35353522,121.82676206704514,-1.058444209166666,2.1576,2.7733007,1.3333333333333333,2.0,1.4142135623730951,94.0,141.0,99.7020561473032,2.8433333333333333,1.79,1.2657211383239202,2598.0,5040.2571362977105,453.4666666666667,770.6049701370995,-3.75,2.630437226013957,0.29666666666666697,0.14142135623730925,2.6666666666666665,1.4142135623730951,2.3333333333333335,0.7071067811865476,0.0,6.439637752012399,5.310802151288555,10.152230172253761,0.3977960790553215
-337.6268974,258.5959349276951,-2.119747337916659,0.8623000000000001,5.25029396,2.8333333333333335,4.0,2.068278940998476,121.91666666666667,76.7,41.33879668194408,2.9116666666666666,1.78,1.068594611835772,6848.0,13256.023938823688,860.8000000000001,1603.477504259622,-5.2283333333333335,1.379140231367999,0.13689320833851193,0.20925294192131413,2.8333333333333335,1.7159383568311666,2.1666666666666665,0.5270462766947298,0.16666666666666666,6.2277843469713705,6.10681382506145,10.774830621987297,0.43130153000637894
-782.85390604,302.9746509865423,-2.301357292142856,3.6769,2.42958006,2.857142857142857,2.0,1.3093073414159544,104.14285714285714,125.3,74.07056963271098,2.7600000000000002,1.6099999999999999,1.0391101962737157,11241.142857142857,22453.140575747653,1400.2571428571428,2001.2086783455927,-5.340000000000001,0.5847221562417486,0.14899379364418586,0.2669349206703784,2.7142857142857144,1.164964745021435,2.2857142857142856,0.5976143046671968,0.2857142857142857,5.906048427500806,4.467346593428003,10.820523249519368,0.42488670307673165
-311.76793773,261.9034629877659,-1.8570413364999991,1.5369000000000002,1.41061748,2.0,4.0,1.6903085094570331,108.4,141.0,73.31731426769922,2.8040000000000003,1.75,1.0496461988961532,7753.2,16371.985009242377,880.7199999999999,1557.73628430122,-4.034000000000001,2.1185170015164583,0.23851214263384085,0.08458841588152469,3.0,1.6903085094570331,2.2,0.5345224838248488,0.0,6.150518182303306,5.910380827589558,13.095173149388296,0.40463914059069217
-461.74246839,132.27154637308448,-2.055167530000002,3.2609,1.58462649,2.3333333333333335,6.0,2.5385910352879693,107.10000000000001,141.0,75.0099993334222,2.9616666666666664,1.79,0.9996138143191989,7206.333333333333,17959.511828307335,1228.1333333333334,2963.143558977714,-5.160983333333333,3.473065649073996,0.1767650000000006,0.31240089455164216,3.0,2.1602468994692865,2.3333333333333335,0.6666666666666667,0.16666666666666666,6.369303731900862,7.865005464428454,11.022628864423707,0.3663842270172291
-240.34482521,275.13193548766117,-3.1110288485,0.0,1.48768934,1.9,7.0,2.614064523559687,93.921,138.63,84.44208873541677,2.524,2.44,1.5429553172762687,5375.2,10957.854899568618,1082.92,2052.6899684722644,-4.277,2.2447308673127537,0.2603248362430942,0.05576770921221711,2.9,1.5456030825826172,1.8,0.816496580927726,0.1,5.380020375856682,3.731545739466861,13.756596774383059,0.6650321846808341
-180.41191164,204.24457974584027,-2.3654240366666652,2.2724,1.16992688,1.0,2.0,1.2649110640673518,73.9875,141.0,84.99412185557304,2.355,2.55,1.4138882558391945,3948.5,4722.645826229192,875.85,1083.0823034285067,-3.295,2.1642458270723317,0.35637518842824595,0.1666708823017409,3.5,2.0976176963403033,2.0,0.8944271909999159,0.0,5.171545926579537,5.725287398865147,17.02038164548669,0.7894258930191891
-577.15306998,169.0956277661006,-1.977708699999999,0.0,3.18337454,3.0,7.0,3.24037034920393,116.8,111.4,49.98119646427044,2.685714285714286,2.2199999999999998,1.1861251439636786,6669.714285714285,10129.678122089706,1477.3999999999999,2126.0081044060016,-4.677142857142857,0.8868684875931238,0.24997239850015696,0.24123761782564362,3.0,1.5811388300841898,2.4285714285714284,0.6546536707079772,0.2857142857142857,5.735584813967217,5.308564461453598,12.078259126150042,0.5755338473773058
-587.80148857,458.80328245471986,-2.190860606562499,1.358499999999999,0.453507,3.0,4.0,2.8284271247461903,125.4,62.400000000000006,44.12346314604057,3.17,1.08,0.7636753236814714,8916.5,24591.75963610575,1524.65,4057.2372890921724,-6.176475,3.3558580728332363,0.10014750000000072,0.3672783332161038,3.0,2.8284271247461903,2.25,0.7071067811865476,0.25,6.589209627510562,6.712705047938844,14.337602576709996,0.2270311700150125
-259.20028203,330.3808520600774,-1.944373283461538,1.262299999999999,3.71867152,2.1538461538461537,4.0,1.6681153124565982,111.53076923076924,141.0,67.11705381677207,2.8230769230769233,1.79,1.065321955826133,2882.769230769231,4563.870354063057,900.5076923076923,1554.668424036345,-4.182307692307693,1.775815795382628,0.24934755343279716,0.10795907702550475,3.0,1.763149356173184,2.1538461538461537,0.48900964692182575,0.0,6.134512764614641,6.181576216656759,12.706955848464515,0.40050971523158063
-856.11391622,324.0014486422718,-2.594300529408867,1.988499999999999,3.61428526,3.142857142857143,3.0,1.7928429140015905,99.65714285714286,141.0,83.44479783494167,2.6799999999999997,1.89,1.169679443266402,11069.714285714286,22421.792498753144,1171.685714285714,1687.1316834031827,-5.617142857142857,1.1481009164205531,0.1848670765749953,0.19767604222119306,2.7142857142857144,1.164964745021435,2.2857142857142856,0.5976143046671968,0.2857142857142857,5.770128196421075,4.140242294937486,11.571480308652564,0.39731273151073276
-983.50358746,461.09199216213153,-3.390186621171052,0.0,4.37499196,3.8421052631578947,7.0,4.0124805295477755,94.0,133.4,88.00774208367504,2.702105263157895,2.62,1.385246067190471,6168.105263157895,12074.907916833155,1235.4947368421053,2255.651442931731,-4.967368421052631,1.3512105683423292,0.17654223218888254,0.11948156415948004,2.736842105263158,1.3662601021279466,2.263157894736842,0.7745966692414834,0.3157894736842105,5.550312963578965,3.7330769405296267,12.133999793740303,0.5396919762563324
-797.02951593,279.9606126403276,-2.9682860459722233,0.7223,2.59770992,3.8333333333333335,6.0,3.6893239368631088,103.7,133.4,76.63763218332535,2.8216666666666668,1.9,1.2372123683686824,7064.666666666667,13787.313556712601,1266.8,2353.709888665126,-5.25,0.5450382249591916,0.0868738585633501,0.35281191017902175,2.6666666666666665,1.3333333333333333,2.3333333333333335,0.6666666666666667,0.3333333333333333,5.862037370677258,3.8626274911866467,11.665025526680317,0.3631817993144235
-115.82947354,60.89549963874947,-0.153992088999999,0.0,1.765393309999999,1.4,2.0,1.0690449676496976,129.16,222.8,96.12364061829061,2.902,1.79,0.9574668961080885,4103.2,6714.565744920303,915.9200000000001,1582.5952790094052,-3.442,2.5366794943671653,-0.028068201739210763,0.8298279379435546,3.2,2.138089935299395,2.4,0.6546536707079771,0.0,6.501114330258613,8.463478786608,12.179099927749885,0.3830549973525639
-910.72215074,266.4922950997104,-2.673982990388886,0.0,1.98714392,3.1666666666666665,5.0,2.6352313834736494,101.78333333333333,125.3,78.6816546456528,2.8483333333333336,1.94,1.1909776562882184,8448.0,18783.192060988993,1537.6333333333334,3082.907910470964,-5.863333333333333,2.186072073631405,0.1948970909850729,0.23667937818721607,3.0,2.1602468994692865,2.3333333333333335,0.6666666666666666,0.3333333333333333,6.1384332852874195,7.4970174040088775,11.1038456291546,0.41852175255578744
-389.25673498,278.0863765695177,-1.9634968209999992,1.8794,3.48520627,2.8,3.0,1.558387444947959,108.62,112.1,59.173256507600506,2.83,1.63,1.0022831079946566,3431.2,5711.526090784693,916.9200000000001,1379.8026111420018,-4.412000000000001,1.041304127387521,0.2049399342688239,0.4183805600736331,3.2,2.138089935299395,2.0,0.0,0.0,5.609916791565963,7.803341930963763,13.904318828475885,0.4182066474465233
-297.35388981,131.04061486299892,-1.8377478320000011,0.9762000000000001,2.99949297,2.0,4.0,1.6903085094570331,106.05999999999999,141.0,72.97913596168624,2.794,1.75,1.063404237074769,2793.2,4218.497565992627,837.1200000000001,1447.6315198084274,-3.97,2.111600611587604,0.24410121297509094,0.07525060174716326,3.2,1.9639610121239315,2.2,0.5345224838248488,0.0,6.05680946222397,7.073964617309918,13.104061486299887,0.4744012800476273
-320.44376678,282.50599379120706,-2.1996417928571432,4.5041,-1.150649169999999,2.2857142857142856,5.0,2.0873770280289223,104.24285714285715,94.1,57.067541437443104,2.5085714285714285,2.62,1.5243265491919469,5895.428571428572,16297.981391220552,1027.8285714285714,2157.0992764755706,-4.179714285714286,2.897775156416187,0.17932684332791873,0.2257855475863874,3.2857142857142856,1.9639610121239315,1.8571428571428572,0.8451542547285167,0.14285714285714285,4.910581077201665,3.8896723434806044,20.17899955651479,0.8857324048519415
-289.57546127,131.36128292763178,-0.508349317291668,0.0,1.28044933,1.25,2.0,1.0488088481701516,101.9,141.0,74.84095135686077,2.7024999999999997,1.51,0.9333970216365595,3508.5,5789.4517529728155,811.32,1218.0780475486781,-2.745,2.8459304278214534,0.12734368820239944,0.18144898058243245,3.75,2.2583179581272432,2.5,0.6324555320336759,0.25,6.024374311562164,8.607439531459951,16.420160365953972,0.504014702820224
-335.88254051,340.7937677956049,-2.114749792623151,1.0831,2.8120628,3.142857142857143,3.0,1.7928429140015905,97.57142857142857,141.0,82.22486589486523,2.6957142857142853,1.89,1.152320639901437,8441.142857142857,14672.652170425283,1160.257142857143,1663.650255999053,-5.4557142857142855,1.3050451552122082,0.14562929449525797,0.14818256725264953,2.857142857142857,1.3093073414159544,2.2857142857142856,0.5976143046671968,0.2857142857142857,5.734443812462555,4.804613839231277,12.171205992700175,0.40832232906784094
-458.5735739,86.43591197380744,-2.267367855143677,0.0,3.786725569999999,2.6666666666666665,5.0,2.2962419891481978,72.825,141.0,87.41237495603552,2.3850000000000002,2.55,1.378591178110333,5844.333333333333,7526.144600355121,1180.2666666666667,1396.7943194719437,-5.14,2.1576123166803876,0.1953908503350975,0.24372580300211347,3.3333333333333335,1.9069251784911847,2.1666666666666665,0.8790490729915325,0.3333333333333333,5.012760767403843,5.671176066137017,14.405985328967907,0.7789839085456379
-505.98366462,877.9795561350725,-1.665833239658202,2.1989,0.30597816,2.625,5.0,2.3953506879020425,139.825,144.4,57.34020418862705,3.046875,1.81,0.9201385319791727,4015.125,10680.225108145227,701.6375,1700.5636688472675,-4.829375,1.0463547184016095,0.08850342644043949,0.3396879450514238,2.625,1.3428621256572062,2.125,0.47907013758040845,0.125,6.570787049493039,3.8942734244946746,13.718430564610507,0.22632159707029073
-491.07768294,260.7343446146149,-1.2817707551851831,0.6733,1.91378328,1.7777777777777777,3.0,1.1902380714238083,133.33333333333334,15.400000000000006,9.43133076506174,2.5977777777777775,1.54,0.9786427676464312,10698.666666666666,19369.001910268893,1474.8666666666666,1634.02998748493,-3.1355555555555554,2.823157216073286,0.09768742734039347,0.26088820601531476,3.4444444444444446,1.848422751068236,2.4444444444444446,0.6454972243679028,0.4444444444444444,5.662500488401349,6.668741918128121,14.485241367478604,0.5969565177902088
-379.93838379,369.3944520236352,-1.791552153214285,1.093199999999999,4.82226466,3.0,6.0,2.7774602993176543,113.10000000000001,141.0,59.23114528209438,2.9792857142857145,2.13,0.943465712689342,10764.142857142857,21889.327979354577,1820.4857142857143,3613.367524250214,-6.099542857142858,3.4797695390496712,0.10445428571428646,0.37049827899019083,3.2142857142857144,2.517287169529442,2.2142857142857144,0.7889543583705185,0.2857142857142857,6.157486059319655,8.124442923190454,13.192659000844115,0.3438284118874687
-502.82131438,244.0602684640958,-3.054602234090915,3.1753,6.03354241,3.6363636363636362,7.0,3.627154532136727,116.74545454545455,111.4,57.62010282878712,2.7763636363636364,2.2199999999999998,1.2507660152882314,7995.818181818182,16476.445664948493,1275.9454545454546,2167.399370213067,-4.951818181818182,0.49821242959203677,0.2954435268378013,0.2443840333565334,2.909090909090909,1.704772712123232,2.1818181818181817,0.5303300858899106,0.0,5.910384480895304,5.920503133880767,11.09364856654981,0.5863630481602852
-756.43024956,246.45962658047478,-3.977348098750001,4.3829,0.9005326300000001,4.5,7.0,4.445751441809691,95.525,141.0,81.39535324213395,2.6174999999999997,2.2199999999999998,1.4571810013132327,6176.25,11933.619415455698,1568.125,2665.4075982306877,-5.50375,1.386114968493722,0.4008827009644449,0.30345326643563547,3.25,2.2491828581535485,2.375,0.6642111641550714,0.0,5.538460678788336,5.8791863569787814,15.403726661279673,0.5597709811600562
-165.70573318,292.7343311663189,-0.9997084205555551,1.4174,0.17168123,1.3333333333333333,1.0,0.5773502691896257,104.5,94.1,50.4738546180099,2.063333333333333,2.62,1.3150792118094383,4570.666666666667,5910.262374322592,1162.0666666666666,1185.2605676952783,-2.22,2.402144874898265,0.13264478874391958,0.21794538159487575,4.0,1.7320508075688772,2.0,1.0,0.3333333333333333,4.273415411550636,4.749830453067004,24.394527597193242,0.9896161991445156
-199.34555605,79.80142772398956,-1.8817130741666652,0.0,7.3462941,2.5,2.0,1.0801234497346432,129.08333333333334,37.8,23.892037260234723,2.9616666666666664,1.48,0.9573719815782741,4598.0,10172.471217293596,849.3000000000001,1573.7329527803204,-4.675,0.6329691935631623,0.1557133316908242,0.20521021529121086,3.0,2.0,2.0,0.0,0.0,6.363064726055739,6.33547994616043,13.300237953998261,0.36539716950832885
-403.50397966,386.8345933490016,-1.859907702999998,3.7256,1.48502834,2.6,6.0,2.653955210788148,113.08,141.0,68.58088845202842,3.005,1.79,0.9987655424050492,8090.4,20808.76574489912,1163.54,2803.979585145556,-5.0956,2.3374072592623163,0.1570800000000004,0.3016379401808096,2.8,1.8415494421345537,2.3,0.6756639246921763,0.2,6.309213654370802,3.170408482082519,19.34172966745008,0.21807535981053208
-771.98374828,119.04414777961351,-2.671460970666666,2.9057,1.77877982,2.8,8.0,3.625307868699863,86.12,141.0,89.8758826700149,2.71,1.9,1.1964232409262918,5133.2,9594.997595473531,974.1200000000001,1796.33150456304,-4.290000000000001,2.278219856441804,0.2186431479713174,0.126784102476904,3.0,1.6903085094570331,2.4,0.6546536707079771,0.2,5.816523977190286,5.810462314644299,11.904414777961351,0.5007706477712099
-358.85168302,90.97581873262898,-2.258839532449999,0.0,-0.4964514,3.2,8.0,3.909694909544003,100.2,111.4,67.24560527329223,2.472,2.62,1.5932536341892156,2879.2,5796.790639162821,982.32,1821.454502000295,-4.306,2.1703291389622383,0.3264773313775907,0.22896229714316907,3.0,1.6903085094570331,2.0,0.8451542547285166,0.0,5.0809638681509055,3.2124885762848505,18.195163746525797,0.7886227310406098
-588.88610892,69.89891131305731,-2.767403298055555,1.5783,4.64551689,3.3333333333333335,6.0,3.1269438398822857,113.14999999999999,133.4,68.98674993552505,2.8766666666666665,1.9,1.1396393191610132,4431.333333333333,9679.305163308183,1132.6333333333334,2103.5382536204197,-4.916666666666667,0.6694608112337702,0.1922869674553401,0.0915945546166725,2.8333333333333335,1.7159383568311666,2.1666666666666665,0.5270462766947298,0.16666666666666666,6.011508410437915,5.477597925464092,11.64981855217622,0.39890758057811904
-321.91519429,262.02917709843825,-2.187828246427204,1.372099999999999,1.9854164300000001,3.25,6.0,2.754217545095936,94.63333333333333,141.0,94.08823822045225,2.8091666666666666,1.9,1.2795685656836502,5006.333333333333,9902.759707706304,940.3000000000001,1779.472822736313,-5.533333333333334,1.2110255394263394,0.15112352185858255,0.16252888858403922,2.6666666666666665,1.3522468075656264,2.3333333333333335,0.6761234037828133,0.3333333333333333,5.9200393783941365,4.317888338911626,10.917882379101593,0.4061714909070216
-804.21779817,134.17854118320494,-2.9035625028571412,0.0,7.2054822,3.142857142857143,3.0,1.7928429140015905,94.95714285714287,125.3,71.17755464831794,2.6871428571428573,1.8299999999999998,1.153510170863575,5155.428571428572,7641.466314037602,1296.9714285714285,1848.6538314599163,-4.777142857142857,0.9782564665187315,0.3154093834129957,0.37919760551828435,2.5714285714285716,0.9636241116594315,2.142857142857143,0.46291004988627577,0.14285714285714285,5.403873374999306,4.301896783877441,9.584181513086065,0.46916021770336425
-597.38303864,549.8176542566329,-2.912376178888889,2.698599999999999,3.12865424,1.5555555555555556,4.0,1.6681153124565984,93.23222222222222,135.97,83.23684074087471,2.451111111111111,2.49,1.5222751850865976,6323.333333333333,12847.45760672211,945.4444444444445,1383.2582581339077,-3.808888888888889,2.0174661249243795,0.315576995015934,0.18744365257984924,3.2222222222222223,1.8533166509519232,1.6666666666666667,0.6255432421712243,0.0,5.170391886707327,5.01947506543333,15.272712618239801,0.8238083177439182
-578.13175687,134.24335401371286,-2.4100714059523822,3.5376000000000003,0.38632554,1.8571428571428572,6.0,2.0090703413180027,96.37857142857143,81.4,52.33546772331534,2.0785714285714283,2.46,1.5873694649267442,3509.4285714285716,8804.72312919709,1204.5142857142857,1717.0429367215763,-3.5714285714285716,2.382724948838657,0.22732385676496597,0.048889182501065956,2.2142857142857144,1.031327476428493,1.5714285714285714,0.8312094145936335,0.07142857142857142,4.534624271008658,2.9376579649442602,9.588811000979488,0.8014480657191296
-240.85977561,71.74228473402489,-0.471315778666665,0.0,2.70883702,1.2,2.0,0.9354143466934854,117.38,87.3,40.720418711010325,2.588,1.51,0.8782582194320757,7948.8,8262.329060258977,1657.28,1640.6489843961137,-2.848,2.3925979603769623,-0.010284726664159782,0.2559338561733251,3.8,1.8371173070873836,2.6,0.6123724356957945,0.6,5.488893135793067,8.197237490295123,14.348456946804978,0.6637392051918866
-355.96082366,279.6471227954062,-3.081071199499997,3.706,1.52493835,1.8,6.0,2.260776661041756,93.171,138.63,84.62603825064717,2.6,2.44,1.4889220560153202,6195.2,14012.464514773186,1164.02,2346.238977597977,-4.54659,3.001488597623964,0.19605900000000043,0.2232200514066775,3.0,1.8257418583505536,1.8,0.816496580927726,0.1,5.455528377428207,4.751220201213991,13.982356139770308,0.6366719552739813
-308.02997619,278.2199660312183,-3.661658828500002,3.6122,1.83711263,2.8,8.0,3.625307868699863,93.826,135.97,78.69679499736405,2.5200000000000005,2.49,1.5142419131131497,5933.2,10841.941391782982,1321.52,2386.904867336418,-4.65,2.152257950551998,0.38556769090935106,0.27001398247284064,3.2,1.9639610121239315,2.0,0.8451542547285166,0.0,5.341614387697048,5.415575897777201,13.910998301560914,0.745067862009971
-630.88105298,142.98032483777925,-2.376879317777779,2.8606,1.92110029,2.0,3.0,1.161895003862225,118.48333333333332,127.05,56.992854815318736,2.8477777777777775,2.55,1.2736895226074525,5414.666666666667,11390.20797878599,711.5777777777778,1255.2928893290202,-4.456666666666667,1.3679967105223612,0.17589428936132953,0.2927783536306135,3.111111111111111,2.2693611435820435,1.8888888888888888,0.4472135954999579,0.0,6.095091909474338,5.537944443440147,15.88670275975325,0.5077519659813254
-458.39290435,740.3611893489781,-2.260509666249999,1.231899999999999,1.18420206,3.3214285714285716,5.0,3.1509635714446826,118.17142857142858,90.4,55.09995073889424,3.0010714285714286,1.81,1.076485684331858,7980.0,18957.076736670137,1346.0,3086.012635100511,-5.673489285714287,2.177930899303938,0.052568109200627856,0.4245746273184645,2.7857142857142856,2.014235055087379,2.2857142857142856,0.6761234037828133,0.2857142857142857,6.247526093854305,5.051925640288436,13.220735524088893,0.27160670421932515
-329.74440938,200.70719338966217,-0.9408138862239581,1.1499,0.18101349,1.6666666666666667,2.0,1.0540925533894598,135.45000000000002,141.3,58.74372306893733,3.0849999999999995,1.2399999999999998,0.7242352288218701,3831.3333333333335,8566.843941097042,759.1333333333333,1629.3458455602495,-4.38,1.2476644848141936,0.09543258958518575,0.28214001304266306,2.8333333333333335,1.7159383568311666,2.1666666666666665,0.5270462766947298,0.16666666666666666,6.625838473871359,4.126421586789357,16.725599449138514,0.21408083087350221
-327.04248216,42.81809943999384,-0.8500714260000001,0.0,3.91066914,1.2,2.0,1.3093073414159544,95.34,141.0,78.09817996781817,2.818,1.8699999999999999,1.0522221384153767,5063.2,8743.576842459841,1249.72,1909.1572306723644,-4.312,1.174381296075269,0.15307725506713749,0.29456463661836646,2.6,1.6035674514745464,2.0,0.8451542547285166,0.2,6.162265555634596,6.338033166087647,8.563619887998767,0.4450787140180929
-449.49614402,243.5485698025016,-2.015733355,0.0,3.49888427,1.8,3.0,1.3093073414159542,107.546,135.97,70.38587601825485,2.71,2.49,1.3203354552104227,6073.2,11190.223105142146,1178.72,2032.025109518651,-4.176,1.7134676619567202,0.13405082221520637,0.46861724087712286,3.2,1.9639610121239315,2.0,0.8451542547285166,0.2,5.556104575953877,6.505115969837816,12.177428490125079,0.7642114659729133
-666.50579363,127.37366888531922,-1.805833821666667,0.209399999999999,4.22652687,3.0,5.0,2.581988897471611,120.71666666666665,90.4,47.19946445082236,2.945,1.81,1.0249471531092063,7564.666666666667,14692.197990014214,1334.8,2491.975248673228,-5.026666666666666,0.7141272840171963,-0.010710426343086906,0.4825362000434363,2.8333333333333335,1.7159383568311666,2.3333333333333335,0.6666666666666667,0.3333333333333333,6.079764490835323,5.679972515810024,10.614472407109934,0.38047273583607805
-453.81205635,410.7811382141837,-2.153766481666667,0.0009999999999990002,2.13662833,3.2,8.0,3.909694909544003,115.64000000000001,111.4,58.03777095256896,2.694,2.2199999999999998,1.257253241907021,4673.2,7285.108607877541,1262.92,1982.3938890716374,-4.232,2.366860488374541,0.2480738198045495,0.3327818092342656,3.2,1.9639610121239315,2.4,0.6546536707079771,0.2,5.735894486410485,5.936794749819197,13.692704607139458,0.647069318689929
-169.28039707,116.260355946894,-0.8891108574999991,0.8955000000000001,1.76975033,1.25,2.0,1.0488088481701516,126.2,222.8,101.38260205774954,2.7775,1.75,0.9201901977308822,4811.0,6432.905533271883,1087.35,1569.610523665027,-2.965,2.5615854465545356,-0.11258525217401358,0.8404897862966915,3.75,2.2583179581272432,2.5,0.6324555320336759,0.0,6.196810685643527,9.751712753907059,14.53254449336175,0.4767589599515305
-215.4352719,204.24457974584027,-2.3654240366666652,2.2724,1.16992688,1.0,2.0,1.2649110640673518,73.9875,141.0,84.99412185557304,2.355,2.55,1.4138882558391945,3948.5,4722.645826229192,875.85,1083.0823034285067,-3.295,2.1642458270723317,0.35637518842824595,0.1666708823017409,3.5,2.0976176963403033,2.0,0.8944271909999159,0.0,5.171545926579537,5.725287398865147,17.02038164548669,0.7894258930191891
-507.21033687,84.98847683834407,-1.481519387499999,1.8157,4.16044822,3.0,2.0,1.4142135623730951,78.35,125.3,88.6004796826744,2.635,1.6099999999999999,1.1384419177103413,7011.0,9601.095874950943,1612.1,2152.2916205756133,-5.495,0.7141778489984129,0.038932841945483965,0.27020976624478094,3.0,1.4142135623730951,2.5,0.7071067811865476,0.5,5.5143572001933565,5.614899220280719,10.623559604793007,0.5835529458776588
-850.42793215,246.45962658047478,-3.977348098750001,4.3829,0.9005326300000001,4.5,7.0,4.445751441809691,95.525,141.0,81.39535324213395,2.6174999999999997,2.2199999999999998,1.4571810013132327,6176.25,11933.619415455698,1568.125,2665.4075982306877,-5.50375,1.386114968493722,0.4008827009644449,0.30345326643563547,3.25,2.2491828581535485,2.375,0.6642111641550714,0.0,5.538460678788336,5.8791863569787814,15.403726661279673,0.5597709811600562
-754.56422531,283.59853794732845,-3.989558998636363,3.4628,5.87718823,4.363636363636363,7.0,4.319288135792749,95.10909090909091,141.0,84.3706554437027,2.647272727272727,2.2199999999999998,1.442315846130798,6850.363636363636,13399.037717313882,1600.1272727272728,2796.2666157306962,-5.6481818181818175,1.6220954811600945,0.3990332587776102,0.30830578739436826,3.272727272727273,2.3518609652783473,2.3636363636363638,0.6614378277661477,0.0,5.605705207845805,7.574199224105779,12.890842633969475,0.6092313635411474
-414.29058153,87.92172579606212,-2.486541740625,1.8327,4.18554699,1.0,2.0,1.2977713690461004,70.5,141.0,91.49288151775006,2.4225,2.13,1.3290875382045104,4161.0,5200.116759822751,686.225,784.0801724582155,-3.1862500000000002,2.3542028486584536,0.3650000000000002,0.19238120052590738,2.75,1.2565617248750864,1.75,0.8583950752789521,0.0,5.4790675654992755,4.708865469316406,10.990215724507765,0.7009546972178158
-538.35696269,94.81007501883072,-2.089444236874999,1.4627000000000001,2.57712492,1.0,2.0,1.2977713690461004,70.5,141.0,91.49288151775006,2.5025,2.13,1.2241387950202722,3954.75,4873.867058636618,657.975,740.4215520477791,-3.1637500000000003,2.37248204474377,0.3450000000000002,0.15667599822899664,2.875,1.2030662579644695,2.25,0.8583950752789521,0.0,5.800016322083877,4.983357696640781,11.85125937735384,0.5133870611190426
-487.49319549,300.30559622315633,-2.570062335909088,1.370399999999999,3.65151314,1.8181818181818181,3.0,1.286953767623375,109.40545454545455,135.97,70.42093618466741,2.7345454545454544,2.49,1.3618163422429619,5177.636363636364,10236.284079195926,696.4909090909091,1106.0852640054472,-4.23,1.712985332686769,0.20933054653228342,0.28390368450251335,3.090909090909091,1.984313483298443,1.8181818181818181,0.5303300858899106,0.0,5.840813173820839,5.869625828091246,13.650254373779832,0.6586237245400189
-707.85346976,596.8276909170065,-3.953871922749999,4.097300000000001,1.5409672300000001,4.8,7.0,4.949747468305833,96.44,111.4,78.7716954241814,2.552,2.2199999999999998,1.5697770542341356,4693.2,7904.039600103229,1497.72,2488.167341639223,-5.186,0.34648232278140845,0.40495147377548124,0.30927343371305727,3.2,2.121320343559643,2.4,0.7071067811865476,0.0,5.393348497105174,5.026122839880902,14.920692272925162,0.6912867587908417
-618.06523221,252.29133819395093,-3.820938063,4.4855,2.26463076,2.8,8.0,3.625307868699863,85.074,141.0,91.53588195737389,2.524,2.44,1.5045075131560017,6941.2,13126.148450435001,1380.72,2489.6137485848794,-5.004,2.6158527699940826,0.3404608477676307,0.25701269363475165,3.2,2.138089935299395,2.0,0.8451542547285166,0.0,5.375675341736301,7.017975214246263,12.614566909697547,0.677659280050377
-588.84340641,146.56131453997776,-1.744743971061009,1.214799999999999,1.7979913600000001,2.3846153846153846,5.0,2.161923459209012,86.76923076923077,141.0,92.97264674880596,2.7346153846153842,1.89,1.2106771371570466,4152.0,7312.152600443586,754.123076923077,1256.7723463041277,-4.81923076923077,2.512519954495711,0.18925127095741578,0.17007790704561607,2.923076923076923,1.6352103973123033,2.3846153846153846,0.659380473395787,0.23076923076923078,5.915126165245738,5.864760818792032,11.273947272305982,0.49752155209743637
-1094.21965926,400.6006403959258,-2.531957335249997,0.32080000000000003,4.62743978,2.9,3.0,1.6925911688487758,104.78,98.5,60.179425414698365,2.7485,1.8299999999999998,1.1422222295252449,5238.2,8550.784291513848,1232.1200000000001,1884.779208805622,-4.6265,0.7049793939867647,0.30234770609594436,0.35907579059334366,2.55,0.9932202608115113,2.15,0.4793012932694108,0.15,5.594064961761705,4.1757979104097185,10.015016009898144,0.4127875710483678
-312.29552783,257.00605812411413,-1.405377440642856,0.6513,0.27050279,1.1428571428571428,2.0,1.0307764064044151,74.25714285714285,141.0,75.02183015629517,2.1914285714285713,2.62,1.3985371822014603,2560.8571428571427,3119.2852145964466,630.657142857143,579.1939355690804,-2.7071428571428577,2.447719601996928,0.2771451349855002,0.06150445163986191,3.4285714285714284,1.6007810593582121,2.0,0.9354143466934853,0.0,4.7021469131439355,4.535901717661402,18.357575580293865,0.9580776064202732
-435.23837445,160.09294737403405,-2.005649442692309,0.5366000000000001,4.67696158,3.076923076923077,6.0,2.796101181678127,108.89230769230768,141.0,61.4706470971752,2.882307692307692,2.13,1.020327487534361,11882.76923076923,22491.98366287218,1671.7384615384615,3028.9023109190744,-5.459384615384616,2.169076007721428,0.1116615384615389,0.3402687734450784,3.0,1.8829377433825436,2.230769230769231,0.7977240352174656,0.3076923076923077,5.851026504641925,5.560200620914077,12.314842105694927,0.45258457512191697
-916.35352594,227.17483461696207,-3.729354905714285,4.1546,1.18791056,3.7142857142857144,9.0,4.511889056386788,89.36714285714287,138.63,79.65006802077626,2.457142857142857,2.44,1.5040231761132254,4604.0,6794.685864703386,1333.685714285714,2044.402850991667,-4.692857142857143,1.518695398783349,0.36353676698248666,0.25562460281128824,3.142857142857143,1.7928429140015905,2.142857142857143,0.8451542547285167,0.0,5.219903607535688,4.12092189235315,16.226773901211576,0.6770660869153853
-454.0778439,204.06411833749345,-2.693179919947917,1.9570999999999992,4.23612083,4.0,6.0,3.4641016151377544,125.7,153.9,78.08245641627829,2.44,2.11,1.059292216529509,8874.0,10815.860021283559,1910.0666666666666,2439.4630584071842,-5.023333333333333,1.5602670711558753,0.29509812462956253,0.4016237165027286,3.6666666666666665,1.5275252316519465,2.3333333333333335,0.5773502691896258,0.0,5.391315502710225,6.060150352803222,17.00534319479112,0.4483676267467465
-335.20720977,364.7918664933926,-1.448841951594827,0.0,1.23382912,0.75,2.0,1.0488088481701516,55.425,127.05,65.63633902039327,1.5375,2.55,1.3895430903717956,4705.5,4300.807505573808,1383.05,1072.951225359289,-2.52,1.8396956269992057,0.36674222116334476,0.215376746769745,4.25,2.2583179581272432,1.25,0.5477225575051662,0.0,3.5215771448358537,2.8554185776988117,45.598983311674075,0.595371491724325
-373.648654,89.54423795505451,-1.104204954999999,0.6381999999999991,0.67584501,1.5,1.0,0.6324555320336759,116.8,81.4,42.523217187790486,2.4475,2.46,1.3253641009171782,3686.0,5742.549399003896,1057.6,1277.4429208383442,-3.1375,2.399022717691519,0.13750780479881766,0.18625096223205853,2.75,1.6431676725154984,2.0,0.8944271909999159,0.25,5.247631758646444,5.444915835955173,11.193029744381814,0.7088539320926397
-408.02329545,103.68707388128288,-2.286241100833322,0.0,3.1364664700000002,1.1666666666666667,2.0,1.1481209945740989,94.88333333333333,127.05,73.91706040003092,2.3333333333333335,2.55,1.479711274048236,4961.0,6440.399324152614,1292.7666666666667,1602.994260183678,-3.4766666666666666,1.9363320526660242,0.30307014252134373,0.22426244460297026,3.6666666666666665,2.2962419891481978,1.8333333333333333,0.8790490729915326,0.16666666666666666,4.895698912655164,6.184929089433431,17.281178980213813,0.9285619012262512
-410.87971417,152.97874422435984,-1.078691433571428,0.125,2.95619077,1.7142857142857142,2.0,0.9258200997725515,112.57142857142857,141.0,63.05892935523542,2.7528571428571427,1.75,1.0534636748771713,5941.142857142857,9804.168588630335,1110.4,1787.7652977949874,-4.024285714285715,1.8513084176178904,0.2046325864374852,0.11637222245065294,3.0,1.5811388300841898,2.4285714285714284,0.6546536707079772,0.2857142857142857,6.004620337097231,6.378124522364771,10.927053158882845,0.5207211689824379
-486.07778888,464.7531201547575,-2.070055870833334,0.9862000000000001,2.27155718,1.3333333333333333,2.0,1.0606601717798212,105.1711111111111,138.63,72.33345995572634,2.5555555555555554,2.44,1.3423548959446852,4932.222222222223,7120.23887707896,1151.6666666666667,1663.4538541841189,-3.652222222222223,1.9434290999845265,0.20498207726713258,0.10706460810037578,2.888888888888889,1.2909944487358056,2.0,0.8660254037844386,0.2222222222222222,5.499318498106806,4.105246628085861,12.909808893187709,0.6368450565354882
-530.24652363,75.65513999311729,-2.636561944791666,0.0,2.84985343,1.125,2.0,1.2030662579644695,77.95,141.0,85.182825054177,2.33375,2.46,1.441635584291237,3748.5,5106.386465676301,758.1,872.5463377832419,-3.305,2.1904385525806425,0.3471301005764035,0.2041523894001954,2.375,0.6282808624375432,1.5,0.6488856845230502,0.0,5.209715131898543,3.1574130062613275,9.456892499139661,0.777219711758037
-399.93042202,598.8016249694853,-1.7498698746875,3.0199,-0.18573861,1.7777777777777777,2.0,0.8944271909999159,137.59666666666666,192.63,74.91900546590297,2.9711111111111115,2.44,1.1183894670462522,2296.8888888888887,4349.121037635076,468.2444444444444,821.3260241828455,-4.314444444444444,1.4861678909194618,0.17000000000000032,0.18444511378727288,2.6666666666666665,1.3416407864998738,1.8888888888888888,0.4472135954999579,0.0,6.458188270550173,3.2611079655541806,16.63337847137459,0.28456134658817767
-200.91453909,198.65882309090384,-0.8022593106410231,0.0,3.66176291,1.9230769230769231,3.0,1.270977818604485,118.78461538461539,105.9,46.36757612151638,2.6884615384615387,1.51,0.9029236699999363,5182.461538461538,6472.0428114967035,1289.246153846154,1425.828086249693,-3.1481386153846156,2.5180989369417426,0.04245492868617087,0.22134771218361082,3.769230769230769,2.1303665267886505,2.3846153846153846,0.6201736729460422,0.38461538461538464,5.5548567901844175,8.774490544569803,15.281447930069525,0.7050940012060839
-319.83050722,129.6009765025592,-1.233878036499999,1.7072,0.47156282,1.3333333333333333,1.0,0.7071067811865476,79.26666666666667,92.6,65.4780879378743,1.6933333333333334,2.62,1.8526197667087545,1627.3333333333333,1490.5810947412422,718.0666666666666,665.9531665214904,-2.3833333333333333,2.764787514439401,0.2600053149661668,0.03182544252632169,3.3333333333333335,1.4142135623730951,1.3333333333333333,0.7071067811865476,0.0,3.5357290782954793,2.4138111047782043,21.600162750426534,1.390564443526172
-377.10930501,35.06364171960439,-2.408621853333333,3.1156,2.86844198,2.75,5.0,2.4289915602982237,101.475,81.4,50.03977418014594,2.38,2.46,1.3748599928720016,5986.0,10696.163499124348,1184.85,1506.80522828931,-4.782500000000001,2.4425130501186683,0.18365653234320162,0.08559154960128854,2.5,1.0954451150103324,2.0,0.8944271909999159,0.25,5.019713198890718,4.306529707465478,8.765910429901096,0.7436092473500973
-330.2651545,190.78341189801554,-1.2282467955,2.0976,5.5547172400000004,1.9,2.0,0.5904437765029023,120.9,141.0,42.155021902018184,2.662,1.79,1.0565010626652698,8218.5,11195.512268499751,1537.8,2043.843914038968,-4.2010000000000005,1.2688353396978096,0.173046323639039,0.12647692557335616,3.0,1.3545709229571927,2.5,0.6772854614785964,0.45,5.77892096245368,6.559556878616309,9.539170594900778,0.5876178265607269
-584.18769082,97.66062516736574,-0.851877498249999,0.136,3.11928098,1.6,1.0,0.7071067811865476,131.95999999999998,22.599999999999994,15.980613254815971,2.8240000000000003,1.54,1.0889444430272832,5373.2,9106.12112812036,1334.1200000000001,2198.9606681339255,-3.806,2.0930360723121813,0.16096773908083845,0.12203294954144635,2.8,1.4142135623730951,2.4,0.7071067811865476,0.4,6.120938070306107,5.954172773044494,9.766062516736573,0.47770174341867583
-361.04484821,837.6689258086527,-3.448150932499999,4.1027,1.66049329,2.5714285714285716,5.0,2.220038609702865,94.70714285714287,127.05,71.66763938985493,2.552857142857143,2.55,1.386645489765035,4326.857142857143,6366.421421354835,1155.4,1648.550654362795,-4.195714285714286,1.4205959514030924,0.41364296481614066,0.2904554788749753,2.857142857142857,1.7928429140015905,1.8571428571428572,0.46291004988627577,0.0,5.097011747652727,4.048522262135545,14.958373675154514,0.5884075909001776
-180.4496541,133.5742810249583,-0.635057482500004,1.1867,0.46310693,1.0,2.0,1.4142135623730951,70.5,141.0,99.7020561473032,2.7199999999999998,1.44,1.0182337649086284,1256.0,1462.2968234937803,360.04,381.61138767075596,-2.64,3.3234018715767735,0.1981921691127768,0.0449830658303815,4.0,2.8284271247461903,2.5,0.7071067811865476,0.0,6.273148659530589,10.770191921803868,16.69678512811979,0.4504443672828707
-719.01303212,368.1089652407629,-2.693698897604167,2.9909,4.64269902,3.5,6.0,2.9104275004359956,96.3,133.4,79.62213703413363,2.795,1.9,1.1474370417177067,3873.75,8294.365309193521,1120.625,1874.8449394706815,-4.5725,1.2485426798990142,0.3154019674820734,0.2839654934446959,2.75,1.3284223283101428,2.125,0.45374260648651504,0.125,5.497846461207095,4.823340265268299,11.503405163773841,0.3740574792077643
-439.58692603,775.501167767512,-2.075194557812495,1.5148000000000001,3.33759946,1.5,2.0,1.131370849898476,121.29375,191.35000000000002,86.87578834174685,2.585,2.55,1.3990625432767472,5874.875,9820.886888667439,1354.8625,2051.4292658534437,-3.9493750000000003,1.6847771365970041,0.18210774313914424,0.4200794137335082,3.75,2.592296279363144,1.9375,0.8602325267042626,0.1875,5.500210258123203,8.213101230366679,16.156274328489832,0.7952795129485185
-140.47523986,47.2272551844032,-1.101630799999998,0.0,3.1975459,1.5,2.0,1.0954451150103324,98.5,141.0,73.47652686402645,2.62,1.75,1.041882910887783,5986.0,8770.399854054547,1101.6,1599.2970755928993,-3.635,2.1069314179631005,0.22280351313279953,0.12054891201710642,3.25,1.6431676725154984,2.5,0.6324555320336759,0.25,5.791537905630422,7.141232267380485,11.8068137961008,0.5868239236899488
-651.83433162,763.5775368214536,-2.049996815666667,2.5914,0.46587923000000003,2.1333333333333333,7.0,2.819860440381014,91.34666666666666,141.0,84.40005350862087,2.7213333333333334,1.81,1.1856691318924435,5133.2,10205.355700206726,859.4533333333333,1618.2324540942413,-4.128666666666667,2.362662522144961,0.19240365486980204,0.35959838911592285,2.8,1.3198240351921795,2.4,0.6599120175960898,0.13333333333333333,6.030059420822731,4.414724740679716,12.72629228035756,0.3665847827321598
-662.91590052,264.57220185605274,-2.235131224999993,0.5192999999999991,6.2679598,3.0,5.0,2.581988897471611,119.63333333333333,90.4,47.82535357364799,2.9066666666666663,1.81,1.0803600222970942,7231.333333333333,14075.676956288029,983.4666666666667,1934.8819131352118,-5.008333333333334,0.7561488683527278,0.050300222798834206,0.3778578454801819,2.8333333333333335,1.7159383568311666,2.1666666666666665,0.5270462766947298,0.16666666666666666,6.204852537744315,5.9423945580201165,11.023841744002198,0.4035973513139959
-738.62300859,131.89768341011103,-3.370001377142852,5.1095,4.27532642,2.5714285714285716,5.0,2.220038609702865,92.71428571428571,141.0,75.77091884659406,2.6128571428571425,2.13,1.269403684525027,4426.857142857143,6474.714025676016,1043.9714285714285,1569.3714310421956,-4.14,1.5787653403846944,0.415714285714286,0.2920494087356745,2.4285714285714284,0.6546536707079772,1.8571428571428572,0.46291004988627577,0.0,5.362770892995718,3.582135926109096,9.421263100722216,0.5173516703769623
-683.63700788,671.4465340654475,-2.462709077199999,0.0,-0.63870958,2.2,3.0,1.3093073414159542,121.0,92.6,48.65887086940791,2.6079999999999997,2.62,1.436125740615056,10639.2,26455.176841485787,895.1200000000001,1598.119659385456,-4.294,2.158944848101233,0.2784466320353231,0.10209958632953933,2.6,1.0690449676496976,1.8,0.5345224838248488,0.0,5.4815094710644425,2.2788317619666247,16.786163351636187,0.6301839533889941
-423.1782284,252.73007423132103,-1.9756995158912032,2.4447,0.72823227,2.6666666666666665,6.0,2.683281572999748,138.17777777777778,187.4,72.80159338915598,3.031111111111111,1.9,0.9111174457774366,3425.777777777778,8252.483129337497,668.5777777777778,1539.6006163937452,-4.7188888888888885,0.9761634084516795,0.14369063776184315,0.18013052801396137,2.6666666666666665,1.3416407864998738,2.111111111111111,0.4472135954999579,0.1111111111111111,6.543489854146012,3.96567862036743,14.040559679517836,0.23474820021296636
-529.14789381,1020.0944985470918,-1.572585075950002,0.49140000000000006,1.19517403,2.0,2.0,0.8451542547285166,112.52,92.6,49.9973142135798,2.632,2.62,1.4162929479050985,2779.2,5534.534075111602,627.92,943.5085524633195,-4.022,2.0237765263416385,0.12794152875867396,0.3037295053807509,3.2,2.138089935299395,1.8,0.5345224838248488,0.0,5.322542516037523,5.783549589434709,17.001574975784862,0.7584457195748228
-299.30009614,689.7394353836759,-3.51104348520936,2.9462,3.42338802,3.9285714285714284,6.0,3.797152531429146,102.38571428571429,141.0,74.57130541861751,2.702142857142857,2.11,1.401959634342776,7085.571428571428,13286.991712780971,1562.4142857142856,2903.9219479166163,-5.591428571428572,1.1479653695978453,0.3531856906931109,0.34530571267876553,3.0,1.927248223318863,2.357142857142857,0.6776309271789385,0.07142857142857142,5.771228349397512,5.429641659841702,12.316775631851355,0.4757226788391661
-560.39810495,325.0855629977142,-1.9229492799999992,0.547299999999999,4.44816107,2.7083333333333335,4.0,1.8539317509182847,123.53750000000001,76.7,38.29331360868196,2.9279166666666665,1.78,1.039319135652888,6814.666666666667,13235.160360276628,815.6333333333333,1518.097788755315,-5.09625,1.275379417013877,0.1271510666930082,0.22629421118761447,2.875,1.8003496163964212,2.125,0.46933966408105793,0.125,6.297597483719142,5.214143920883027,13.545231791571425,0.3470127420105431
-489.8031496,206.56740910925978,-0.8401073900967221,0.42639999999999906,1.05826351,1.7142857142857142,1.0,0.5976143046671968,144.31428571428572,69.4,28.78119425696479,2.8814285714285717,1.51,0.8899839484908862,4126.857142857143,6432.738274971686,884.1142857142858,1354.358858332184,-3.551428571428571,2.471360238526838,0.08799726130972707,0.21776010893431672,3.142857142857143,1.7928429140015905,2.2857142857142856,0.5976143046671968,0.2857142857142857,6.255832973335955,5.766886493426907,14.754814936375698,0.42895740996408765
-267.30788756,96.90008949874165,-1.3149112078764351,2.1322,0.91858194,1.3333333333333333,1.0,0.5773502691896257,80.73333333333333,92.6,52.238810604122044,1.7299999999999998,2.62,1.481924424523734,1717.3333333333333,1302.0143368386284,759.4,582.8511645351667,-2.4333333333333336,2.215408164048633,0.22365844989222117,0.05479620693907772,3.0,1.0,1.3333333333333333,0.5773502691896257,0.0,3.730181552414593,2.676309056127636,16.15001491645693,1.443467010626896
-195.75179061,207.94774285999776,-1.655289340642857,1.4031,1.92785761,1.1428571428571428,2.0,1.0307764064044151,74.25714285714285,141.0,75.02183015629517,2.18,2.62,1.4049755335948024,2860.8571428571427,3675.5692076194127,670.657142857143,625.8874619290596,-2.81,2.3378903417397487,0.3000022778426431,0.10431988363938634,3.142857142857143,1.224744871391589,2.0,0.9354143466934853,0.0,4.760978998840871,4.104683126085716,14.853410204285554,1.0822988516859966
-262.42553535,46.659781588973956,-1.5362787543749992,0.0,5.41851006,2.75,3.0,1.6431676725154984,129.05,176.4,80.32357063776486,2.7424999999999997,1.63,0.9069674746097568,6508.5,10235.318832356908,1688.8500000000001,2148.1664544443474,-4.1325,1.106575799482349,0.17181007294786454,0.49420892763419016,3.5,2.0976176963403033,2.25,0.5477225575051661,0.25,5.620228876635344,10.562793266450296,11.66494539724349,0.4568886399057301
-539.15554244,100.33403783892136,-1.6732092212499992,0.0,4.21711629,1.25,2.0,1.0488088481701516,126.2,222.8,101.38260205774954,2.6825,2.13,1.1048393548385214,5411.0,6780.055574993467,1168.1,1575.6714936813448,-3.1225,2.3759356051879856,-0.06258525217401356,0.8901891491233199,3.25,2.073644135332772,2.0,0.8944271909999159,0.0,5.950223282293133,8.383303448815058,12.541754729865161,0.5233063390086993
-505.12212425,106.52686856388705,-1.9729209909999992,0.0,5.51865551,2.2,5.0,2.138089935299395,103.84,98.5,61.001206077069845,2.826,1.8299999999999998,1.0353605307193376,5613.2,9180.487475385731,1259.72,1923.2501999034268,-4.3100000000000005,1.1761013075897357,0.22651910750222282,0.4215188122774981,2.8,1.558387444947959,2.2,0.5345224838248488,0.2,5.720296157650602,5.655312262493193,10.652686856388698,0.42035605749419375
-264.65161582,449.90207595569206,-2.795236929,0.0,6.35357894,3.8,7.0,3.625307868699863,111.97999999999999,111.4,57.739711513951,2.7,2.2199999999999998,1.2508282969982047,3813.2,6164.569872609582,1350.92,2086.520504846012,-4.884,0.6612542195382521,0.3075769498628314,0.2417634967907255,3.2,1.9639610121239315,2.2,0.5345224838248488,0.0,5.680321622454543,5.660660031695506,14.996735865189732,0.532294646300057
-181.5161498,265.9450071380185,-1.511590225,0.880799999999999,3.8192828800000003,1.8,3.0,1.3093073414159542,102.84,141.0,73.38769846312314,2.798,1.79,1.062288634438467,3783.2,6018.345192587648,657.52,969.1149069419698,-4.0600000000000005,1.9252829105651683,0.15893993426882397,0.3397009137760192,3.2,2.138089935299395,2.2,0.5345224838248488,0.0,6.076906464890745,8.051848175627185,13.297250356900927,0.4538925660814768
-612.21692293,597.886035878013,-2.059111636052632,3.1604,2.62620036,2.736842105263158,5.0,2.4801537836790835,116.54736842105264,94.1,53.020135490602634,2.8947368421052633,2.62,1.2714119600243752,7961.368421052632,20994.049848070186,1196.978947368421,2805.2961634471258,-5.068526315789474,2.46878357204138,0.1379730475418651,0.2797659055159881,2.9473684210526314,2.020246358451664,2.1052631578947367,0.7997092494906697,0.21052631578947367,5.806047446586024,4.236502655322233,15.733843049421395,0.5739070863337458
-382.58402349,525.4502702231417,-1.6497857512037042,2.1058,4.82515871,2.2222222222222223,2.0,0.8340576562282991,115.35555555555555,81.4,39.92549583150226,2.6933333333333334,2.46,1.1772185346234019,4090.0,6487.633185363217,841.8888888888889,1118.4478841525058,-4.332222222222223,1.2894049857943408,0.04234886873817594,0.3450952513389784,3.3333333333333335,2.502172968684897,1.8888888888888888,0.41702882811414954,0.0,5.56335073626193,9.024064649055695,14.595840839531714,0.5234809221161787
-461.5172708,86.40533251899623,-3.44194683646875,2.161299999999999,3.72558747,4.8,7.0,4.286607049870562,107.24000000000001,165.4,82.98575178908727,2.374,2.2199999999999998,1.2458832208517778,5728.8,6252.070177149326,1671.28,2016.9526742092885,-4.884,0.9192592126272112,0.3449514737754812,0.35642803471865303,3.6,1.695582495781317,2.4,0.6123724356957945,0.0,5.132955759218074,5.5495961096630415,17.281066503799238,0.6601239872233678
-538.2351719,95.77691937589844,-1.2908290455,0.0,5.72063841,1.8,2.0,0.7878385971583354,115.3,141.0,53.56288601840541,2.649,1.79,1.0431128811200736,7726.0,10510.406665579694,1437.5,1919.5636043211705,-4.082,1.484178630386704,0.19048562101247915,0.13954060785124028,3.0,1.3130643285972257,2.5,0.6565321642986128,0.4,5.797821060802882,6.591390526236122,9.577691937589844,0.5852544359009882
-263.29127424,294.4862930428952,-1.9530687513636371,0.0,3.36417993,2.8181818181818183,4.0,2.3287500774185546,126.21818181818183,62.400000000000006,37.96283607789233,3.117272727272727,1.3900000000000001,0.8123020468918045,8316.0,20964.92878044738,1294.3272727272727,3349.2397695366863,-5.7738000000000005,2.873984551708923,0.09954126593359063,0.328249944251573,3.0,2.5191573682788944,2.1818181818181817,0.5883484054145521,0.18181818181818182,6.567998220288633,6.963144270875051,13.385740592858873,0.2758720549769267
-580.48256481,1070.4520788843113,-2.078901624233332,3.3802,0.29395752,2.0,5.0,1.8569533817705186,97.72,92.6,57.92565984920256,2.2840000000000003,2.62,1.6220804010856573,4543.0,13394.373046557454,1040.7,2174.9274779823713,-3.9005900000000007,3.518616139831505,0.19606218897970037,0.21430395279613246,3.2,1.7419766814227708,1.7,0.8407714027749386,0.1,4.535453491549757,3.911293249674639,17.84086798140519,1.083124659209057
-762.888945,311.33817996894476,-2.865416462333333,4.0047,0.67719556,2.4,7.0,2.8876002656388655,95.11999999999999,99.9,55.71180173842142,2.1746666666666665,2.46,1.5290486277036295,4103.6,8684.113243361662,1312.3600000000001,1928.336072277615,-3.9526666666666666,2.296689433280254,0.28685557169631554,0.22161857162849077,2.4,1.3117119482928092,1.7333333333333334,0.8744746321952063,0.0,4.716314377259339,3.585106353619572,10.377939332298158,0.733291472810194
-457.05754489,113.6752137295987,-2.5005107850000012,2.977899999999999,6.43632044,2.8,3.0,1.5583874449479593,111.33999999999999,98.5,52.72472989838016,2.79,1.8299999999999998,1.0778285047790699,4453.2,6925.442244775007,979.92,1511.0338334115108,-4.554,0.7262722826677532,0.216939934268824,0.44223685816734043,3.0,2.0701966780270626,2.0,0.0,0.0,5.632444360845702,8.296037257213657,11.36752137295987,0.4935614489709231
-652.4577001,147.4242919480222,-2.594193788125,3.2945,5.06981207,1.25,2.0,1.2565617248750864,84.5,141.0,85.77326291787521,2.45,2.13,1.3067275317009521,5523.5,7664.47331249152,954.475,1335.2127332967937,-3.52875,2.0734455179216726,0.3314017565663999,0.2280714238479636,2.625,0.9032106474595007,1.75,0.8583950752789521,0.125,5.4641681483785725,4.406484180092723,9.214018246751387,0.7642785258261473
-260.84922848,98.39510984595381,-1.484000282499999,0.0,-0.79849085,1.4,2.0,1.0690449676496976,94.454,138.63,78.46845662885364,2.428,2.62,1.6580194725721926,2279.2,4305.38652653361,597.72,896.1489289493923,-3.572,2.3566683505079187,0.2529887903295432,0.037684855894396026,3.0,1.6903085094570331,1.6,0.6546536707079771,0.0,4.9813272621359586,2.928769454374492,19.679021969190764,0.8283435663983828
-817.49435801,354.33464490495084,-2.8390510185,3.3093,-0.21774262,2.8,6.0,2.8535691936340255,111.2,94.1,51.508043754627025,2.548,2.62,1.496624774045156,5931.2,13980.704621523399,1249.72,2557.1480855493237,-4.593999999999999,2.649752009959746,0.265638462815731,0.06507824001382967,3.2,1.9639610121239315,2.0,0.8451542547285166,0.2,5.205837442117583,4.243448237642563,17.71673224524754,0.7884747740480932
-323.4235954,281.0113696613671,-1.8299430271428552,2.4181,0.57973211,2.0,4.0,1.6733200530681511,84.65714285714286,112.1,62.81308780819489,2.084285714285714,2.62,1.5566052807311173,1832.2857142857142,2280.2301638211875,804.3714285714286,1013.4075271084185,-2.982857142857143,2.3843070272093736,0.314975979277592,0.18292718575259123,3.5714285714285716,1.7888543819998317,1.5714285714285714,0.6324555320336759,0.0,4.024873457128486,4.421518714297597,20.07224069009765,1.2455146948703881
-465.65589136,289.0372280681903,-2.264222731499998,0.665299999999999,4.01088681,1.8,3.0,1.3093073414159542,103.31400000000001,138.63,72.20294790182936,2.668,2.44,1.3349799356437642,4021.2,6297.369201273089,772.92,1117.8741764106164,-4.192,1.5861543790834847,0.13093993426882394,0.3064159007740049,3.2,2.138089935299395,1.8,0.5345224838248488,0.0,5.580946415913826,6.8264436837758,14.451861403409515,0.6130787442421691
-572.06099828,482.85282155493263,-1.30018301033482,0.0,1.78136697,2.142857142857143,1.0,0.5222329678670935,143.31428571428572,91.8,37.02053484216564,3.114285714285714,1.3900000000000001,0.7940403012442128,3744.285714285714,10080.383380155195,467.0,959.165082009064,-4.65,0.8419296018940389,0.13053913218135607,0.23781533792379383,2.7142857142857144,1.7320508075688772,2.0,0.0,0.0,6.834855356837316,3.8615621572544474,17.244743626961874,0.19603961460333727
-1095.83316603,400.6006403959258,-2.531957335249997,0.32080000000000003,4.62743978,2.9,3.0,1.6925911688487758,104.78,98.5,60.179425414698365,2.7485,1.8299999999999998,1.1422222295252449,5238.2,8550.784291513848,1232.1200000000001,1884.779208805622,-4.6265,0.7049793939867647,0.30234770609594436,0.35907579059334366,2.55,0.9932202608115113,2.15,0.4793012932694108,0.15,5.594064961761705,4.1757979104097185,10.015016009898144,0.4127875710483678
-759.9605155,221.6295420985327,-2.280801145625002,2.7077,4.24645744,2.5,2.0,0.9701425001453319,127.625,49.8,29.038372179299742,2.8925,1.54,0.9709122453833271,9138.75,22174.56098113066,912.25,1549.2044789655943,-4.81125,0.6247987911414082,0.11582806630195042,0.36017408899519016,3.125,2.3199898579900022,2.0,0.0,0.0,6.12019520073089,7.88266260285151,13.851846381158294,0.4007926210631662
-673.49485985,317.54911392948304,-1.6868005221666662,0.0,2.9522065,2.6666666666666665,4.0,1.5135220179034115,90.35666666666665,141.0,87.4149959665033,2.7786666666666666,2.13,1.147564361923857,5483.2,9158.850146170096,1248.6866666666667,2044.6962977097214,-5.245333333333334,1.1826875241312402,0.10055075076002166,0.28229468939906927,2.7666666666666666,1.3447564999109927,2.3333333333333335,0.7567610089517057,0.36666666666666664,5.85996971698456,4.8453530491696055,10.584970464316102,0.49396335847899375
-135.36381079,496.23797729143234,-1.255203589545454,1.291,2.119454,1.2727272727272727,2.0,0.8224783208299743,76.85454545454546,141.0,66.99836477372371,1.8518181818181816,2.62,1.6339099622396218,1848.0,2242.87601608502,651.5272727272727,566.7885475616624,-2.4209090909090913,2.5906568551578713,0.27087851908057164,0.04781180083030222,3.909090909090909,1.9250668437592438,1.5454545454545454,0.8744746321952063,0.0,3.7926004266466564,4.612581668368349,22.556271695065107,1.3920225204029373
-929.81359752,99.6975000973038,-2.443056250999997,1.613299999999999,4.20061057,3.8,5.0,2.9760952365713798,107.58,90.4,55.00184412492782,2.722,1.81,1.1751717199748177,8793.2,14061.54864464488,1378.9199999999998,2131.97111076648,-5.646,1.2098878342344679,0.06112254725701884,0.35298076027158226,2.8,1.3093073414159542,2.4,0.6546536707079771,0.4,5.6567396006368735,5.027905264506697,9.969750009730378,0.49177504051377335
-774.40096931,126.80711745538089,-2.6997670455555562,2.8812,-0.63153672,2.888888888888889,7.0,3.2480763537823427,105.50777777777779,138.63,73.82883027652544,2.7666666666666666,2.44,1.3768496649961461,6163.555555555556,13171.01263381066,1073.1333333333334,2113.676654079332,-4.867777777777778,1.5839002493844114,0.08511720256078102,0.40938020168606215,2.6666666666666665,1.3416407864998738,2.111111111111111,0.806225774829855,0.2222222222222222,5.802141734336955,3.1160519012480474,14.089679717264538,0.3980035741895845
-328.37380009,131.64008058050916,-2.562331308333333,3.6767000000000003,2.17770549,2.3333333333333335,6.0,2.5385910352879693,107.10000000000001,141.0,75.0099993334222,2.905,2.13,1.1526708116370432,7431.333333333333,17977.197087174383,1258.6333333333334,2963.7223190515747,-5.205983333333333,3.373730576495073,0.19676500000000055,0.34907466094900985,2.8333333333333335,2.068278940998476,2.0,0.816496580927726,0.16666666666666666,6.1543936869586044,6.865742069203465,10.97000671504243,0.4263485141370502
-934.49766498,107.83263051258717,-2.9546040562528733,2.004899999999999,3.64199834,3.8,6.0,3.2071349029490923,86.11999999999999,141.0,89.8758826700149,2.6820000000000004,1.9,1.2405759031307078,6513.2,10555.448505054492,1232.9199999999998,1940.6465682491344,-5.502,1.0257540780184244,0.14332758280107746,0.14580358098368218,2.8,1.3093073414159542,2.4,0.6546536707079771,0.4,5.599119798181187,4.644506562662106,10.783263051258718,0.476709444523271
-425.33493017,612.88433874197,-1.984542681666666,2.8402000000000003,0.04901417,1.8666666666666667,3.0,1.2307338795828044,100.42666666666668,94.1,56.948050372040576,2.201333333333333,2.62,1.5669533008545031,5219.6,13461.293472069334,838.8933333333333,1250.378438713656,-3.2846666666666664,2.4585454212268063,0.2416523424149797,0.05564137099084547,3.466666666666667,1.8109146210426053,1.6,0.6301260378126043,0.0,4.409926607344741,4.172899070060457,20.429477958065668,1.138438248615822
-382.9495452,181.42934836019495,-1.121507194999999,0.0,2.32109026,2.625,4.0,2.0662116951635836,132.6625,86.7,40.862918115610356,3.0625,1.78,1.047480493668204,5979.0,15792.482885610727,1023.275,2627.582652436383,-5.375,1.2041722340391214,0.15662599129422872,0.22434487828851704,2.75,2.1838568563966754,2.25,0.6793662204867574,0.25,6.611042296448835,6.227560992460498,11.339334272512184,0.30015769084261573
-312.53749392,176.20682525541724,-0.817315429666662,1.3818000000000001,2.77871752,2.0,3.0,1.3693063937629153,113.66,105.9,49.84899698088218,2.614,1.51,0.8625760836007452,5562.8,6212.581709724227,1414.48,1364.670029714143,-3.0235802,2.4316276516872914,0.020892365833617664,0.21342951029613952,4.0,2.091650066335189,2.4,0.6123724356957945,0.4,5.344049574934367,8.574442815502788,17.620682525541724,0.6872963191138416
-775.44228241,75.22064438468182,-2.877109646666667,0.0,8.02572838,4.125,7.0,3.916899955724922,80.8,133.4,80.81208872570073,2.42,2.46,1.3422996763214359,7498.5,11317.867736692417,1581.975,2084.5501827038192,-4.81625,1.4913496183693902,0.16083600302262305,0.10859473742524041,2.75,1.2565617248750864,2.25,0.8583950752789521,0.375,5.014869990511468,4.7360852934014135,9.402580548085227,0.6762942096141296
-763.85097052,135.04259794686644,-2.596938715999999,1.3088,4.32610285,2.4,6.0,2.6186146828319083,99.986,135.97,72.83030648608546,2.686,2.49,1.3357608853597798,8933.2,18527.369144823868,1367.52,2502.8999158119423,-4.8056,2.4266840397075655,0.19358881613161377,0.3213006191145077,3.2,1.9639610121239315,2.0,0.8451542547285166,0.2,5.454374327335747,5.694668847826521,13.504259794686643,0.7256185673847445
-388.07799449,148.25316581408305,-1.5759408007692302,0.9173999999999991,2.65102971,1.6923076923076923,2.0,0.9780192938436515,112.98,138.63,65.92064166728117,2.7115384615384617,2.44,1.3038729932814375,5419.692307692308,9597.927312480135,1061.0461538461539,1765.3650478509855,-4.21,1.513211384986306,0.20489555058412273,0.09614547554884346,2.769230769230769,1.318760946791574,2.076923076923077,0.8340576562282991,0.23076923076923078,5.798763033079259,4.303660213272959,11.404089678006388,0.5869302152503347
-404.46547151,51.04811002645878,-0.724300867916666,0.0,2.76508001,1.5,1.0,0.6324555320336759,131.5,22.599999999999994,12.440578764671681,2.6775,1.54,0.964587994949139,6211.0,7618.201467538122,1453.85,1758.4968342308723,-3.18,2.3643688375547502,0.10010244057153503,0.18188593143642273,3.25,1.6431676725154984,2.5,0.6324555320336759,0.5,5.797752442042944,6.616801943326625,12.762027506614695,0.5734362492989785
-682.45525166,72.50319461578196,-3.786714650999999,3.5394,2.43655296,2.8,8.0,3.625307868699863,87.39,141.0,87.93776614336821,2.502,2.55,1.5449086889337043,6833.2,13105.815786457988,1457.92,2518.827638860133,-5.004,2.6158527699940826,0.38956099851022724,0.27281313127520435,3.6,2.618614682831909,2.0,0.8451542547285166,0.0,5.231384675441069,8.332451510149609,14.500638923156393,0.8267585358921078
-642.69626717,86.28438363840138,-2.629010076874999,0.0,8.85626296,2.0,8.0,3.178877656956105,70.5,141.0,91.49288151775006,2.3737500000000002,2.1399999999999997,1.383754427559122,6561.0,10594.371574219565,1165.725,1974.0372179608814,-4.0875,2.8649735922361526,0.4115380298547693,0.2453418724575347,2.875,1.6463676125912685,1.75,0.8583950752789521,0.0,5.29326543632893,6.069908802197831,10.785547954800172,0.7142560923019462
-529.17806502,156.1095265204487,-2.076633188636363,2.5598,-0.20574979000000002,2.5454545454545454,7.0,3.0669610365963247,98.92727272727274,141.0,79.35144138577445,2.7927272727272725,1.81,1.1776220743515298,5432.181818181818,11687.944077124943,915.5818181818181,1857.9280173085285,-4.426363636363636,2.334890254380278,0.12782316573154814,0.38090050970400197,2.909090909090909,1.704772712123232,2.3636363636363638,0.6614378277661477,0.18181818181818182,6.011216986430698,4.666466129285427,14.191775138222608,0.37244685659796317
-335.80349481,264.0651098774407,-1.027251272138884,1.4858,0.025970260000000002,1.3333333333333333,1.0,0.5773502691896257,105.0,92.6,49.618141843483016,2.063333333333333,2.62,1.3150792118094383,4617.333333333333,5882.55398048614,1185.7333333333333,1179.9352581109413,-2.2600000000000002,2.371476333426079,0.12933279567776476,0.21452239029572445,3.6666666666666665,1.5275252316519465,2.0,1.0,0.3333333333333333,4.327503145510133,4.099159392580221,22.00542582312006,0.9492250073126061
-583.31604733,408.9712179142129,-2.9919900877407413,3.0662,1.81306057,2.888888888888889,7.0,3.2480763537823427,100.88888888888889,141.0,81.61004840091691,2.81,1.94,1.269180838178705,8964.666666666666,20801.008816881935,1464.8000000000002,3280.139790923551,-5.5166666666666675,3.256340737699297,0.29033708044877105,0.12192610321240659,3.111111111111111,2.3664319132398464,2.3333333333333335,0.6708203932499369,0.2222222222222222,6.249429741355043,8.499004163891378,11.360311608728134,0.4036936202224017
-349.70433827,149.99748174795735,-1.080805735714285,0.32019999999999904,2.87230555,1.4285714285714286,2.0,0.9636241116594315,114.39999999999999,141.0,63.145862889028606,2.75,1.75,1.057473403920874,4769.714285714285,7480.90762255108,1114.4,1795.8934155455884,-3.5614285714285714,2.2295675429489528,0.1978340993434561,0.12915653965228968,3.0,1.5811388300841898,2.4285714285714284,0.6546536707079772,0.2857142857142857,6.034339405709879,6.719774197109469,10.714105839139808,0.5310707192793177
-651.23745304,112.58150624819807,-2.010695488333333,3.734,3.2989026,1.3333333333333333,2.0,1.4142135623730951,94.0,141.0,99.7020561473032,2.73,2.13,1.5061374439273463,3048.0,5994.85129089955,514.4666666666667,900.0055110942377,-3.84,2.439518395093589,0.33666666666666695,0.22627416997969493,2.3333333333333335,0.7071067811865476,1.6666666666666667,0.7071067811865476,0.0,6.0124027754961915,3.321847885834422,9.38179218734984,0.5665841519109013
-178.85022237,122.74472794051745,-1.303622809500002,2.03,-0.021722250000000002,1.2,2.0,0.9354143466934854,75.16,141.0,70.52502215526061,2.104,2.62,1.4660661649461801,1422.8,1226.411024086134,546.456,489.5763776981075,-2.438,2.6225154908980044,0.2392544483041966,0.05493292501217494,4.0,2.091650066335189,1.8,0.9354143466934854,0.0,4.38053226554624,5.459037163593853,24.548945588103486,1.0156844840449823
-387.44653871,278.2199660312183,-3.661658828500002,3.6122,1.83711263,2.8,8.0,3.625307868699863,93.826,135.97,78.69679499736405,2.5200000000000005,2.49,1.5142419131131497,5933.2,10841.941391782982,1321.52,2386.904867336418,-4.65,2.152257950551998,0.38556769090935106,0.27001398247284064,3.2,1.9639610121239315,2.0,0.8451542547285166,0.0,5.341614387697048,5.415575897777201,13.910998301560914,0.745067862009971
-868.85870982,517.9927358767272,-2.146047897647069,0.0,3.964289469999999,1.7058823529411764,3.0,1.3479885647629608,112.87058823529412,137.05,73.00436547254404,2.621176470588235,2.55,1.4116700022037554,6601.176470588235,12649.845723536248,1386.8823529411766,2322.8244224566297,-4.40764705882353,1.863878725249855,0.2269571077428634,0.3077987995466924,3.6470588235294117,2.613286875312951,1.9411764705882353,0.8482406469404489,0.17647058823529413,5.561770113668004,8.244807501713925,15.235080466962563,0.7972499537049791
-779.55671866,87.42001939959368,-3.426551008,5.853700000000001,5.87476121,3.2,3.0,2.121320343559643,101.6,98.5,69.65001794687494,2.708,1.8299999999999998,1.2940054095713818,4413.2,7409.0648532726445,1170.92,1910.461101409814,-4.49,0.8838834764831844,0.4260000000000003,0.3464823227814081,2.4,0.7071067811865476,2.0,0.0,0.0,5.36030216150896,3.873499124580814,8.74200193995937,0.4364400264646263
-540.62958195,209.28981749612427,-3.411476938333332,3.5662000000000003,4.15817026,2.2222222222222223,5.0,2.188987589427283,88.30444444444444,138.63,78.48127916367487,2.4911111111111115,2.44,1.4032209970872964,4398.888888888889,6138.061719033678,1061.0,1479.4731241222328,-4.032222222222223,1.5966462246429756,0.3522222222222225,0.25725311789493754,2.6666666666666665,1.0606601717798212,1.7777777777777777,0.5400617248673216,0.0,5.108494390891391,3.3976627790893357,11.627212083118016,0.6664863579283897
-791.19134461,425.36203009916295,-2.937264426388889,1.5244,2.52106648,3.0,5.0,2.32379000772445,129.3111111111111,90.4,39.83342817282992,2.8966666666666665,1.81,1.0984261468118828,13836.888888888889,29382.699974644944,1174.1333333333334,2190.1937832073218,-5.194444444444445,0.46330875234556035,0.19805308744202715,0.34652815268216813,2.4444444444444446,0.9746794344808964,2.111111111111111,0.4472135954999579,0.1111111111111111,6.27976573614046,3.171606676945178,11.815611947198972,0.2528220614743467
-230.70235125,59.1512951730479,-0.745885760625001,0.0,2.71141489,1.25,2.0,1.0488088481701516,100.1,141.0,74.02842697234624,2.695,1.54,0.9434193129250642,3958.5,6760.880978097455,1002.57,1628.7951958180624,-3.075,2.5442248328321933,0.17095092148191238,0.08918264242604595,3.5,2.0976176963403033,2.5,0.6324555320336759,0.25,6.03716852226283,8.313315940559018,14.787823793261962,0.4438232321527442
-406.74975643,110.83397731096576,-2.624149660416652,2.1264,2.05572858,3.5,8.0,4.049691346263317,106.425,122.9,64.99183794908403,2.5425,2.08,1.163524817096739,6936.0,8748.85555944319,1429.6000000000001,1720.3582696636186,-3.9525,2.3689385808838526,0.2081870486229482,0.27275376235868526,3.25,1.6431676725154984,2.5,0.6324555320336759,0.25,5.40222162385858,5.5381151818901335,13.85424716387072,0.6518601534026838
-632.2121013,714.2177558563346,-2.817252799750002,2.5909,-1.898334049999999,3.6,6.0,3.623594180176458,112.92999999999999,99.9,63.322983326682454,2.867,2.11,1.295561822061228,6815.4,14865.543880718433,1267.34,2678.471722099555,-5.3469999999999995,0.8390483740005953,0.14313491969357167,0.4890172749473756,2.7,1.6218615177038684,2.3,0.6756639246921763,0.2,6.040166485271225,2.8374266267264003,17.855443896408367,0.23826890868978257
-366.19022031,127.42365027123795,-1.788510993611109,1.044,2.8773962600000003,2.0,3.0,1.2792042981336627,96.21666666666665,105.9,58.23178216872169,2.435,2.46,1.408592140465727,1906.0,2282.5664980853935,920.4333333333334,1076.123978156623,-3.734650166666667,1.7906283794066793,0.16376043487040884,0.16372963584862793,2.6666666666666665,1.9069251784911847,1.6666666666666667,0.6030226891555273,0.0,4.969199365881144,7.013112304061234,10.618637522603162,0.8269024076928574
-662.64487574,258.5959349276951,-2.119747337916659,0.8623000000000001,5.25029396,2.8333333333333335,4.0,2.068278940998476,121.91666666666667,76.7,41.33879668194408,2.9116666666666666,1.78,1.068594611835772,6848.0,13256.023938823688,860.8000000000001,1603.477504259622,-5.2283333333333335,1.379140231367999,0.13689320833851193,0.20925294192131413,2.8333333333333335,1.7159383568311666,2.1666666666666665,0.5270462766947298,0.16666666666666666,6.2277843469713705,6.10681382506145,10.774830621987297,0.43130153000637894
-396.48954263,203.59309349228687,-1.884719061666666,0.542199999999999,4.61215386,2.0,3.0,1.161895003862225,116.93333333333334,141.0,62.795811962263855,2.9322222222222223,1.79,1.0335593838769015,5342.444444444444,11360.683421343982,604.5777777777778,1068.1419465595384,-4.383333333333334,1.6458903365655928,0.16417198339322037,0.26621947204953267,2.888888888888889,1.8303005217723127,2.111111111111111,0.4472135954999579,0.0,6.487635054599416,6.605277567763193,11.310727416238159,0.40546334036819404
-548.24764223,185.62154968060707,-1.9064492869047611,1.179099999999999,3.63401476,2.5714285714285716,5.0,2.220038609702865,88.82857142857142,141.0,80.56179970326241,2.71,1.79,1.1163556780883053,2108.285714285714,3330.1935164706056,890.1142857142858,1311.1893521314369,-3.81,1.8971952983285618,0.31000000000000033,0.12247448713915869,3.142857142857143,1.7928429140015905,2.142857142857143,0.46291004988627577,0.0,5.437783759087954,6.423869057579629,13.258682120043362,0.48617384955976145
-518.817109,111.10588952872253,-2.563697553749998,1.7796,3.390052889999999,3.5,8.0,4.049691346263318,130.725,204.70000000000002,92.46263569680458,2.6950000000000003,2.08,1.080055554126731,7236.0,9009.101708827578,1603.1,1913.71927303876,-4.0175,2.2265915655997626,-0.07764580719707653,0.8740724582504621,3.5,2.0976176963403033,2.5,0.6324555320336759,0.0,5.767557262463955,8.18781058031179,13.888236191090316,0.5269358244021192
-485.56156686,474.1302304899515,-2.164592917222222,1.6688,0.948287999999999,3.0,5.0,2.32379000772445,126.06666666666666,90.4,40.06185217884965,2.921111111111111,1.81,1.0545638909046715,9748.0,19485.018290984488,1156.3555555555556,2157.607565800602,-4.943333333333333,0.657403985384938,0.13701653754021356,0.299724991114169,2.6666666666666665,1.3416407864998738,2.111111111111111,0.4472135954999579,0.1111111111111111,6.21945782010396,4.0937211625280785,13.17028418027643,0.2707874459705568
-454.17156363,355.97721771872534,-1.115564977222222,0.0,7.12109264,6.0,6.0,3.064523510731495,74.26666666666667,99.9,50.87147488054321,1.7744444444444445,2.11,0.8695976080923866,14024.666666666666,10669.389648815946,3569.4666666666667,1965.2812848789997,-5.544444444444444,1.6140362584149899,0.4886655626744216,0.35157552399825376,4.666666666666667,1.2510864843424485,2.5555555555555554,0.6593804733957871,0.0,4.078925048202549,7.727126451088062,19.77651209548474,0.6585117253783952
-208.88153543,513.3019755752496,-1.7107601362272722,0.0,2.71475087,2.090909090909091,8.0,2.9803276566808004,80.36363636363636,111.4,61.54323205491166,1.8090909090909089,2.62,1.6512882671346245,2388.0,4022.0496530705223,923.8,1275.6836778301872,-2.901818181818182,2.667987785491045,0.2943115017394731,0.15985040479919835,3.3636363636363638,1.4245742398014511,1.5454545454545454,0.8744746321952063,0.0,3.7601635638055866,2.5070921647892854,23.331907980693156,1.1519985578987864
-653.22205397,103.48547026309927,-1.9663922169999992,2.1201,2.24983274,2.0,4.0,1.6903085094570331,108.4,141.0,73.31731426769922,2.796,1.79,1.0649144834881612,7963.2,16348.302454470835,908.7199999999999,1564.6310528135928,-4.106,1.9292041290201956,0.25451214263384087,0.12391330128987314,2.8,1.3093073414159542,2.2,0.5345224838248488,0.0,6.20428525102762,5.970667060365747,10.348547026309927,0.4097495342606824
-368.30834782,278.0863765695177,-1.9634968209999992,1.8794,3.48520627,2.8,3.0,1.5583874449479593,108.61999999999999,112.1,59.173256507600506,2.83,1.63,1.0022831079946566,3431.2,5711.526090784693,916.92,1379.8026111420015,-4.412000000000001,1.0413041273875208,0.2049399342688239,0.4183805600736331,3.2,2.138089935299395,2.0,0.0,0.0,5.609916791565963,7.803341930963763,13.904318828475885,0.4182066474465233
-443.39016288,131.14839020699588,-1.863680323749999,1.436299999999999,2.49211653,1.25,2.0,1.0488088481701516,127.45750000000001,217.77,98.88474841956165,2.5925000000000002,2.49,1.2864019589537323,5236.0,6653.894618943104,1241.1,1598.0764987947227,-3.1575,2.339596118991481,-0.07194923200949682,0.8800577537574651,3.75,2.2583179581272432,2.0,0.8944271909999159,0.0,5.540444115768243,8.016909289442605,16.393548775874486,0.6957900685604654
-764.12230435,325.71793582560326,-2.483427134051725,0.0,4.19968042,3.2857142857142856,3.0,1.9639610121239315,86.64285714285714,141.0,84.82534577420999,2.6385714285714283,1.89,1.2244473972251435,5426.857142857143,8015.7920203985905,1117.257142857143,1579.9585039758842,-5.377142857142857,1.4451767069413046,0.2266920497568004,0.3048310038748424,2.7142857142857144,1.164964745021435,2.2857142857142856,0.5976143046671968,0.2857142857142857,5.4537290313281215,4.095911432592844,11.632783422342973,0.42722149962479306
-536.97491555,815.7946760958519,-2.309565526354167,1.6295000000000002,3.09924655,1.375,2.0,1.2275379077928685,109.33437500000001,191.35000000000002,89.40234043931622,2.498125,2.55,1.5173749412484596,5124.875,8759.896513744146,1232.675,1881.7326574124716,-3.85,1.8236257727132807,0.24262402200923958,0.3835814727393073,3.75,2.6275672377773884,1.8125,0.8399282422057223,0.125,5.254047217096721,7.454751187193036,16.99572241866358,0.8711891990379049
-145.69851305,53.856444714571445,-1.2931675128448261,0.0,0.76093729,1.25,2.0,1.0488088481701516,83.7,141.0,76.22881345003344,2.375,2.51,1.3893451694953272,2336.0,3144.5816255902787,594.1,639.496314297432,-3.03,2.483352572632408,0.24399184430685347,0.08418334740483417,3.0,1.5491933384829668,2.0,0.8944271909999159,0.0,5.192400029867136,5.161379039834977,13.464111178642854,0.7768264910236714
-474.50481935,331.9848734985325,-1.751737501999998,2.2239,4.28242699,2.4,1.0,0.7071067811865476,125.88,37.8,26.728636328851497,2.884,1.3900000000000001,0.9828784258493012,8013.2,13773.025883951572,798.12,1251.437581343952,-4.642,0.6151828996322964,0.07150957010779635,0.28017414432487153,3.2,2.121320343559643,2.0,0.0,0.0,6.323616265000195,5.832523094199037,16.599243674926626,0.340430415772667
-463.63859726,42.9164487435527,-0.9427949424999991,0.0,4.73658869,1.5,1.0,0.7071067811865476,129.7,22.599999999999994,15.980613254815971,2.67,1.54,1.0889444430272832,6661.0,9106.12112812036,1645.1,2198.9606681339255,-3.51,2.093036072312181,0.14370967385104794,0.12203294954144633,3.0,1.4142135623730951,2.5,0.7071067811865476,0.5,5.810065366588724,6.155599930561004,10.729112185888175,0.5224464610911854
-718.1158213,269.7160781941889,-1.518546462142857,0.2841,2.9505883600000002,1.1428571428571428,3.0,1.7928429140015905,54.17142857142857,127.05,64.71569416631928,1.577142857142857,2.55,1.1990770260019639,7717.428571428572,4380.592360465811,1762.314285714286,920.1641903176069,-2.9757142857142855,1.6418565275756762,0.24591462250573834,0.4970580513433419,5.428571428571429,1.851640199545103,1.4285714285714286,0.6546536707079772,0.0,3.5108431115100034,6.053607453653915,38.530868313455564,0.7479658639503615
-443.00315902,417.6716158020524,-1.451445688214286,0.0,5.3162676,2.142857142857143,2.0,0.8451542547285167,123.54285714285713,49.8,28.885883848590918,2.814285714285714,1.54,0.9570490359134464,5112.571428571428,7524.267899840584,1033.5428571428572,1544.6849433737982,-4.301428571428572,1.3390748405415693,0.0466883843414763,0.3206551701247238,3.4285714285714284,2.32992949004287,2.142857142857143,0.46291004988627577,0.14285714285714285,5.887245029229636,8.675057956507773,14.91684342150187,0.46198666099933583
-276.80048587,65.56081830486396,-1.674364853237547,2.8819,3.58552983,1.3333333333333333,1.0,0.5773502691896257,84.46666666666667,88.2,49.07721806840047,1.7833333333333332,2.51,1.434933215635255,1940.6666666666667,1501.7860477888764,953.7333333333332,782.264413950509,-2.6933333333333334,2.0137609921073887,0.2010027272795465,0.03244052986900221,2.3333333333333335,0.5773502691896258,1.3333333333333333,0.5773502691896257,0.0,4.008560373265935,2.326659199916996,10.92680305081066,1.1623971354179417
-434.13511318,215.4009946835376,-1.7247621721428552,0.7118000000000001,3.4263668800000002,1.1428571428571428,3.0,1.7928429140015905,52.50285714285714,135.97,74.13978949062566,1.6199999999999999,2.49,1.1702350191307727,10231.714285714286,8651.78368067203,1490.0285714285715,765.2025931551908,-2.8500000000000005,1.8221553171999363,0.27824631045303555,0.3927533861553676,4.571428571428571,1.3887301496588271,1.4285714285714286,0.6546536707079772,0.0,3.831934899770008,4.702521625798106,30.7715706690768,0.7450576843868104
-451.67582389,87.20233463225763,-1.741881976724138,0.09050000000000001,5.32632052,3.125,3.0,1.8848425873126298,84.5,141.0,85.77326291787521,2.54,1.89,1.1767215831327842,7211.0,9208.336817654337,1318.6,1629.7342682974906,-5.5649999999999995,1.5156586200828925,0.11518507187220006,0.1550375564360148,3.0,1.2977713690461004,2.5,0.6488856845230502,0.5,5.40700720333074,5.474778986089386,10.900291829032204,0.5551139267885111
-285.61672979,209.7742886267484,-2.216683605344827,2.8582,0.09320264,2.5,4.0,1.8973665961010275,90.925,112.1,64.23590117683413,2.4050000000000002,2.51,1.3670552293159188,2158.5,2790.711665507564,953.35,1241.3915079458213,-3.56,1.9798585808082356,0.3214918443068534,0.2494130281123728,2.75,1.0488088481701516,1.75,0.5477225575051662,0.0,4.749911756205586,3.948785801948034,13.110893039171774,0.6757997684980069
-198.97917942,289.0372280681903,-2.264222731499998,0.665299999999999,4.01088681,1.8,3.0,1.3093073414159542,103.31400000000001,138.63,72.20294790182936,2.668,2.44,1.3349799356437642,4021.2,6297.369201273089,772.92,1117.8741764106164,-4.192,1.5861543790834847,0.13093993426882394,0.3064159007740049,3.2,2.138089935299395,1.8,0.5345224838248488,0.0,5.580946415913826,6.8264436837758,14.451861403409515,0.6130787442421691
-839.44856646,243.64934366980023,-2.630985755555555,0.0,5.44398491,3.2222222222222223,5.0,2.906888370749727,124.60000000000001,54.900000000000006,33.66228601862922,2.876666666666667,1.8399999999999999,1.1470047951076752,8292.444444444445,16472.595357137867,1381.6888888888889,2872.310694893573,-5.348888888888889,1.3418662377450294,0.21336340557015238,0.2039583230472216,3.0,2.0124611797498106,2.2222222222222223,0.5916079783099616,0.2222222222222222,6.175380676934637,5.500875537751666,13.536074648322234,0.35903091763612455
-1554.06375128,347.01746793379124,-3.681184836666666,4.2495,1.95986909,2.5,8.0,3.4429142505420267,83.50750000000001,141.0,90.1712776926872,2.460833333333333,2.49,1.5422959603358535,6379.5,12124.167026957397,1279.0333333333333,2301.4416711821436,-4.684166666666666,2.741008137484472,0.3826867266375424,0.25503559631185413,3.4166666666666665,2.2604769624043892,1.9166666666666667,0.8482406469404488,0.0,5.191098484229684,7.003923722745759,14.459061163907968,0.7957033331737031
-320.76327967,189.1249297683843,-2.411562925,0.0,6.94554231,1.8,4.0,1.7780017780026671,73.64,141.0,85.82567102243718,2.479,2.13,1.2417268153144505,5481.0,7045.735498134842,1080.8,1479.7892613695085,-4.157000000000001,2.2291619284443667,0.24957313677819376,0.30989649527597407,2.7,0.9919027007433417,1.9,0.8890008890013334,0.2,5.426645624225367,4.646473198985113,9.456246488419215,0.7394421769158878
-583.84015633,529.6404451676653,-1.7284567990909112,0.0,4.357835899999999,2.4545454545454546,3.0,0.9275204136012635,119.9060606060606,98.5,38.77050880425967,2.868181818181818,1.8299999999999998,1.0081754049067173,4422.424242424242,7371.568723221433,807.2727272727273,1278.5369211812106,-4.613939393939394,0.6642869906014669,0.04292109260998273,0.41106001450682816,3.484848484848485,2.700762419587999,2.0,0.0,0.0,5.8957514832594144,8.95021885862994,16.049710459626223,0.4383430737159179
-247.80721811,116.260355946894,-0.8891108574999991,0.8955000000000001,1.76975033,1.25,2.0,1.0488088481701516,126.2,222.8,101.38260205774954,2.7775,1.75,0.9201901977308822,4811.0,6432.905533271883,1087.35,1569.610523665027,-2.965,2.5615854465545356,-0.11258525217401358,0.8404897862966915,3.75,2.2583179581272432,2.5,0.6324555320336759,0.0,6.196810685643527,9.751712753907059,14.53254449336175,0.4767589599515305
-379.95572154,87.85832335519181,-2.304877096666654,1.4090999999999991,4.20479798,2.5,4.0,1.8973665961010275,112.52499999999999,98.5,51.7536761979282,2.605,1.8299999999999998,1.065851772058385,5611.0,6821.884900817368,1351.8500000000001,1603.8413125992233,-3.6075000000000004,2.212299708448202,0.2657476036460112,0.37704328011772054,3.0,1.5491933384829668,2.25,0.5477225575051661,0.25,5.3363182379301755,6.306938406220665,10.982290419398973,0.6179966081583991
-499.44225715,570.5122499903749,-2.717323549087469,0.0,2.69338002,1.853658536585366,5.0,2.065292255049012,80.56975609756098,141.0,89.85610211696434,2.434634146341464,2.49,1.5147075258573484,4397.707317073171,6564.593673546402,876.5512195121951,1201.759851423664,-4.310975609756097,2.395931479471187,0.2751478539704785,0.23139675941196794,3.1707317073170733,1.7881641043812313,1.853658536585366,0.8498365855987976,0.14634146341463414,5.1263990929066745,5.090816684748072,13.91493292659451,0.862204118030373
-1477.87284591,132.3655227051685,-2.749603696666666,0.0,4.05739303,3.5,5.0,3.0276503540974917,119.06666666666666,76.7,44.76037434060523,2.8366666666666664,1.8399999999999999,1.2069152598440556,8031.333333333333,15829.016028940157,1386.9666666666665,2728.119618182295,-5.715,1.453587515998492,0.22347228119875343,0.1173499309731665,2.8333333333333335,1.7159383568311666,2.3333333333333335,0.6666666666666667,0.3333333333333333,5.984904053158988,5.241345892059375,11.030460225430708,0.42130616835991885
-355.49252942,353.677994573698,-1.8920842635000001,4.1933,-1.6598926,2.6,6.0,2.653955210788148,114.42,141.0,66.92558489130654,3.0449999999999995,1.79,0.9297790761437809,7890.4,20225.808772994445,1346.74,3337.6454211601485,-5.5671800000000005,3.4751967756610878,0.14611800000000064,0.33271334997588153,3.0,2.377430106868229,2.3,0.6756639246921763,0.2,6.456371405792145,5.118410645623788,17.6838997286849,0.21065169708871262
-345.7054994,150.3161849315957,-1.284958853625,2.3575,0.88468063,1.5,1.0,0.7071067811865476,94.7,92.6,65.4780879378743,2.13,2.62,1.8526197667087545,1276.0,1490.5810947412422,561.1,665.9531665214904,-3.035,2.764787514439401,0.2525039862246252,0.03182544252632169,3.0,1.4142135623730951,1.5,0.7071067811865476,0.0,4.272683253895573,2.434651557961469,18.789523116449466,1.2109678490179407
-641.55289937,117.57007878380284,-1.939425192999999,1.080999999999999,4.17601123,2.0,4.0,1.6903085094570331,106.06,141.0,72.97913596168625,2.786,1.79,1.0783452932287374,3003.2,4554.209230402761,865.12,1456.5455767475514,-4.042,1.9258838416240402,0.2601012129750909,0.11637260738871429,3.0,1.6903085094570331,2.2,0.5345224838248488,0.0,6.1097573409153085,6.556764836010606,11.757007878380278,0.43872355207476227
-402.12761113,279.6471227954062,-3.081071199499997,3.706,1.52493835,1.8,6.0,2.260776661041756,93.171,138.63,84.62603825064717,2.6,2.44,1.4889220560153202,6195.2,14012.464514773186,1164.02,2346.238977597977,-4.54659,3.001488597623964,0.19605900000000043,0.2232200514066775,3.0,1.8257418583505536,1.8,0.816496580927726,0.1,5.455528377428207,4.751220201213991,13.982356139770308,0.6366719552739813
-448.5782274,220.4426983744759,-2.4660533835714302,1.3966,2.46052846,1.7142857142857142,4.0,1.6903085094570331,87.02285714285713,135.97,83.36031451304802,2.5700000000000003,2.49,1.443433406846329,3094.0,4580.9437892207325,813.2571428571429,1114.6039540059573,-3.862557285714286,1.9126255741669247,0.26050988018801935,0.2630170873095575,3.4285714285714284,2.220038609702865,1.7142857142857142,0.5976143046671968,0.0,5.207453922656393,6.725802960146619,15.745907026748279,0.8625260277510697
-528.45909005,1020.0944985470918,-1.572585075950002,0.49140000000000006,1.19517403,2.0,2.0,0.8451542547285166,112.52,92.6,49.9973142135798,2.632,2.62,1.4162929479050985,2779.2,5534.534075111602,627.92,943.5085524633195,-4.022,2.0237765263416385,0.12794152875867396,0.3037295053807509,3.2,2.138089935299395,1.8,0.5345224838248488,0.0,5.322542516037523,5.783549589434709,17.001574975784862,0.7584457195748228
-357.8205594,513.769596820174,-1.348405020000001,0.0,3.95282549,2.303030303030303,1.0,0.6297235299224025,123.27272727272727,49.8,31.057432893448137,2.87060606060606,1.53,0.9685547356045857,5001.212121212121,8437.374350533139,900.969696969697,1462.104491996807,-4.586363636363637,0.7019173249282875,0.048201177910145,0.34229837950364117,3.393939393939394,2.4774848202325597,2.090909090909091,0.3939192985791677,0.09090909090909091,5.976362035457043,8.357718794397726,15.568775661217394,0.42934888700749635
-452.21858887,216.25322779642678,-2.802277456,2.7983000000000002,4.65652721,3.2,6.0,3.2071349029490928,107.0,141.0,73.0508629068033,2.7060000000000004,2.1399999999999997,1.2286345498734996,8673.2,14269.295968216911,1666.52,2676.8808853375813,-5.348000000000001,1.9777042968336505,0.29870365827387013,0.2933183049430979,3.2,2.138089935299395,2.4,0.6546536707079771,0.2,5.777441010670269,8.75927158845285,10.81266138982134,0.5293583299222266
-235.48402295,265.64819324465566,-0.762977022464283,0.0,-0.7632056500000001,1.5714285714285714,1.0,0.6546536707079772,151.14285714285714,174.4,72.8647671080769,2.8085714285714287,2.62,1.1930513101168065,4031.1428571428573,7147.993544644939,1092.9714285714285,1754.7609776181564,-3.282857142857143,2.6080904344530915,-0.18938200642040837,0.8962546360859021,3.4285714285714284,2.32992949004287,2.142857142857143,0.8451542547285167,0.0,5.937990836142277,6.213753053660772,18.97487094604683,0.5182293272690149
-643.35381138,821.4794606135702,-2.885069807857142,0.0,6.41246686,3.0,3.0,1.7320508075688772,101.81428571428572,98.5,60.47964238367438,2.6942857142857144,1.8299999999999998,1.1444181303801757,5498.285714285715,8366.587049516836,1306.4,1865.2282326836037,-4.5842857142857145,0.7225599332531919,0.322235910567566,0.3648413221314759,2.5714285714285716,0.9636241116594315,2.142857142857143,0.46291004988627577,0.14285714285714285,5.44829595587494,4.290880538212045,9.779517388256787,0.4424344996067671
-379.4059366,270.8505755335312,-1.960145810277778,0.974399999999999,4.8029141200000005,2.1666666666666665,2.0,0.7928249671720918,124.76666666666667,81.4,36.45010679976515,2.8874999999999997,2.46,1.1845306484607552,5323.0,11954.573475094316,659.7166666666667,1158.5261836858563,-4.511666666666667,1.264140588926496,0.129030215034975,0.24465964527937586,2.75,1.8631770102243563,1.9166666666666667,0.3964124835860459,0.0,6.256326323961063,6.133481838615246,11.285440647230466,0.4306317718635881
-181.73194219,445.980004643397,-0.9961129615624991,0.0,2.94924025,1.75,2.0,0.8583950752789521,130.5,37.8,16.276039864912182,2.7,1.51,0.9615338623371787,6811.0,9179.374683438265,1190.725,1446.3901311814,-3.27625,2.6043117082415868,0.05034314612770292,0.23397227827770023,3.5,1.9466570535691503,2.375,0.6282808624375432,0.375,5.850865204973923,7.5861323335099025,13.936875145106157,0.6086462944963537
-948.53980477,422.54500797171465,-2.08253282224138,0.0,3.22936748,2.8421052631578947,5.0,2.16794833886788,89.78684210526316,141.0,95.05261832269535,2.7089473684210525,2.55,1.369985401382073,4729.684210526316,8503.286376454693,906.8105263157895,1515.2570514602464,-5.454210526315789,1.7433072018436682,0.16505441045293634,0.2075716678857075,2.8421052631578947,1.6733200530681511,2.263157894736842,0.7745966692414834,0.3157894736842105,5.711109126005656,5.179135921528519,11.11960547293986,0.574856413885422
-535.9309005,342.04668809016573,-2.572980549166666,0.0,5.85306321,1.6666666666666667,3.0,1.3614912914100352,100.0425,138.63,76.87396307450584,2.598333333333333,2.44,1.3911304404832152,5547.833333333333,9571.13290692127,801.8666666666667,1116.7079754524118,-4.08,1.6965129228983127,0.17896232087824862,0.2072580817140005,3.0,1.623005342401378,1.75,0.5738190417570044,0.0,5.596747198738527,4.61925905110724,14.251945337090232,0.6148904751914606
-148.81654978,142.59546003697025,-0.8797196933499991,0.5612,0.47419197,1.2,1.0,0.5345224838248488,101.8,174.4,93.98388919688007,1.688,2.62,1.4706266885728878,3942.4,5820.941111931252,1263.04,1338.642546974893,-1.8399999999999999,2.105452106182559,-0.04106341826966094,0.8149970620746755,4.0,1.6903085094570331,1.6,1.0690449676496976,0.0,3.6148665348527227,3.8459224141342596,28.51909200739405,1.0169853068844792
-316.37727984,244.14297018463395,-1.021530094444444,0.0,-3.3994126700000002,2.3333333333333335,1.0,0.6708203932499369,125.45555555555555,77.3,36.000006944443776,3.0088888888888885,1.56,0.8813171960196852,6770.222222222223,13349.094268900792,1297.4666666666667,2447.717193223106,-4.783333333333334,0.44658705758228134,0.0234523816454322,0.4474939547666795,2.888888888888889,1.8303005217723127,2.3333333333333335,0.6708203932499369,0.3333333333333333,6.247411837519362,2.4535781279712157,27.126996687181553,0.14887447374880308
-244.58512754,204.06411833749345,-2.693179919947917,1.9570999999999992,4.23612083,4.0,6.0,3.4641016151377544,125.7,153.9,78.08245641627829,2.44,2.11,1.059292216529509,8874.0,10815.860021283559,1910.0666666666666,2439.4630584071842,-5.023333333333333,1.5602670711558753,0.29509812462956253,0.4016237165027286,3.6666666666666665,1.5275252316519465,2.3333333333333335,0.5773502691896258,0.0,5.391315502710225,6.060150352803222,17.00534319479112,0.4483676267467465
-210.41843982,133.92240303969075,-1.432946590277778,1.4376,2.605350559999999,1.3333333333333333,1.0,0.5773502691896257,106.33333333333333,81.4,42.02015389468883,2.106666666666667,2.46,1.2429534719100845,5440.666666666667,6777.046652734016,1635.0666666666666,1554.9971103938854,-2.9599999999999995,1.7600852252092796,0.16482005077110728,0.09371747130612049,2.6666666666666665,1.1547005383792515,2.0,1.0,0.3333333333333333,4.663632489434325,4.289470405864194,11.160200253307563,0.716260263498852
-1605.52551164,342.1745563544334,-3.7170369547999993,3.7527,5.87268298,3.52,8.0,4.0,102.864,127.05,72.14207402713558,2.6452,2.55,1.49833832011298,6662.08,12908.532270056447,1540.1280000000002,2861.008693813416,-5.196000000000001,1.6831959880469103,0.3931224849858712,0.31304110254295725,3.16,2.20327719085612,2.2,0.79555728417573,0.0,5.612185046542241,5.674071417673258,13.686982254177336,0.6047372859112677
-850.7591534,231.7876400252598,-0.638052871999998,0.0,5.94104232,6.285714285714286,5.0,3.5355339059327378,46.714285714285715,110.0,77.78174593052022,1.7771428571428571,1.94,1.3717871555019023,30888.85714285714,25298.866417292298,4925.171428571428,3988.647931317077,-8.615714285714287,2.9910616844190963,0.37701445315954424,0.12128073622180309,5.428571428571429,2.8284271247461903,2.857142857142857,0.7071067811865476,0.8571428571428571,4.477005212525753,15.78508477543843,16.55626000180427,0.6689319750111508
-351.17839063,970.2777395941903,-1.287806514875,1.521599999999999,1.32930781,1.3333333333333333,1.0,0.6030226891555273,90.93333333333334,92.6,55.25563731010126,1.873333333333333,2.62,1.4989208239142042,3422.3333333333335,5666.193415175819,1079.3999999999999,1327.4087457078992,-2.5416666666666665,2.255894299586993,0.22374054417497438,0.09857090144504875,3.3333333333333335,1.2060453783110545,1.6666666666666667,0.9534625892455924,0.16666666666666666,3.91717000410991,2.9140409830696954,20.214119574878964,1.2031381153301215
-263.49405081,87.56813597285675,-1.6750175293749892,0.7812999999999991,4.15341595,2.5,4.0,1.8973665961010275,107.325,112.1,58.4504833170779,2.6475,1.63,1.0032497196610624,4783.5,6676.201884305177,1464.35,1767.9951798576828,-3.76,1.6188390902124896,0.294354836925524,0.28150872199967575,3.0,1.2649110640673518,2.25,0.5477225575051662,0.25,5.320928940297533,6.2678881007475615,10.946016996607094,0.48689683551315327
-178.33184618,44.99835105523658,-1.654502145625,0.0,5.39406436,3.0,4.0,2.1908902300206647,137.9,141.0,63.178920535254484,2.705,1.78,0.970175241902204,10236.0,12668.792902246054,1805.6,2230.358414246464,-5.1975,1.7063030211542145,0.02370640413825953,0.34374453699409124,3.5,2.0976176963403033,2.5,0.6324555320336759,0.5,5.857897431407857,10.298631080777971,11.249587763809146,0.524676834524926
-594.24281228,594.0289866900115,-2.850313608,2.7752,3.96780106,3.6,6.0,3.1167748898959187,99.84,105.9,67.4115611110481,2.7960000000000003,2.11,1.135548954722529,5287.2,10759.187648570074,1394.92,2413.1342310660752,-5.057580199999999,1.2229210418152807,0.2587550747777376,0.36092532495330676,3.4,2.32992949004287,2.2,0.5345224838248488,0.0,5.675195240383504,7.7470643396923045,14.850724667250287,0.5756202826266338
-400.98590383,183.28220454838268,-3.6698924778571422,3.8409999999999993,2.32775586,2.2857142857142856,8.0,3.295017884191656,81.24857142857142,141.0,91.27694298906253,2.437142857142857,2.44,1.536777704902604,6209.714285714285,11471.55695000216,1250.1142857142856,2181.886687512176,-4.562857142857142,2.60993021253169,0.3174720341197363,0.22136167594386244,3.142857142857143,1.927248223318863,1.8571428571428572,0.8451542547285167,0.0,5.207680163179136,5.846310114581437,13.091586039170194,0.7428511128743246
-461.83717775,109.2793890851786,-2.259269779999999,0.0,4.1620923,1.5714285714285714,3.0,1.3887301496588271,106.12857142857142,137.05,77.25168167378993,2.5342857142857147,2.55,1.4832709992253124,6126.857142857143,11634.307960265007,1335.3999999999999,2169.8957947330096,-4.227142857142857,1.9533268324286428,0.2566320161454593,0.30081661144818506,3.7142857142857144,2.618614682831909,1.8571428571428572,0.8451542547285167,0.14285714285714285,5.340457510637027,8.066736629317633,15.611341297882657,0.8893227346308955
-502.3200555,418.0195308127929,-3.338367075000007,3.5881,2.06002435,4.0,7.0,4.058397249567139,110.4,111.4,64.740277489456,2.70625,2.2199999999999998,1.3367728919700168,6963.75,14417.766062580364,1345.25,2232.356217621404,-5.025,0.4753698250712128,0.32966476025582625,0.269698112210764,3.0,1.8149704259460602,2.25,0.5940885257860046,0.0,5.74369794639858,5.250692239732368,13.063110337899777,0.5890937499386062
-412.34737682,152.52431613939416,-1.084837146875,0.0,6.25605264,1.875,1.0,0.42919753763947605,127.3,29.0,17.96042432976635,2.67375,1.54,0.9944252505580138,8198.5,10479.091141787761,1639.85,2011.0990962000958,-4.1175,1.3024955803541545,0.15263268816196113,0.10084928673054491,3.0,1.2977713690461004,2.5,0.6488856845230502,0.5,5.77253774143803,6.611131849864195,9.532769758712135,0.5880123861215413
-268.04885187,155.6910133506794,-2.557473098821839,0.0,2.06503091,3.3333333333333335,5.0,2.7888667551135855,108.35000000000001,141.0,74.15945657837577,2.8183333333333334,1.89,1.243500882365768,6814.666666666667,14306.6306927165,1285.3,2629.2212167610896,-5.661666666666666,1.3436372691731613,0.20777842276329025,0.16130669400360118,2.8333333333333335,1.7159383568311666,2.3333333333333335,0.6666666666666667,0.3333333333333333,5.985043125393185,4.518847316630844,12.974251112556617,0.3581864488752718
-134.25756496,234.5558145823458,-1.217806291583332,1.029399999999999,1.520070609999999,1.3333333333333333,1.0,0.5773502691896257,102.60000000000001,92.6,48.27960231816331,2.0533333333333332,2.62,1.3167130793507495,5217.333333333333,6907.477204691546,1440.7333333333333,1594.6821668700422,-2.6999999999999997,2.0392890918160673,0.18747577338378196,0.11485832486946751,3.3333333333333335,1.1547005383792515,2.0,1.0,0.3333333333333333,4.339761475303884,3.359754683242923,19.546317881862148,0.9518077662543954
-997.02898427,231.942668887704,-1.992954802000002,1.790499999999999,5.84192907,3.0,4.0,2.0701966780270626,115.7,76.7,42.93882691856936,2.8,1.78,1.0584355031298385,6413.2,10914.639265029067,1010.32,1576.8844291377675,-5.264,1.436702573852461,0.08645699922113988,0.28767169803138715,3.2,2.138089935299395,2.2,0.5345224838248488,0.2,5.798913473101439,8.848127222442859,11.597133444385202,0.5409209302256726
-376.029244,64.18701003620627,-1.688998426810345,0.0,5.4649746,3.0,3.0,1.8090680674665818,89.16666666666667,141.0,81.71374647901271,2.555,1.89,1.1424554894850587,7377.666666666667,9311.108605023648,1354.1000000000001,1657.1000348363239,-5.426666666666667,1.5218708582172498,0.11967640013813326,0.14842246780637408,3.0,1.2792042981336627,2.5,0.6396021490668313,0.5,5.4451439476393935,5.60267739699829,10.697835006034373,0.5609921910423804
-345.30711443,132.65363346808087,-0.45785339499999805,0.8689999999999991,2.13002525,1.6,1.0,0.7071067811865476,173.72,81.80000000000001,57.841334701059594,3.08,0.8999999999999999,0.6363961030678927,5133.2,8681.857059408432,1305.72,2148.7560866696804,-3.382,2.842569260369921,-0.3661364034784218,1.0538302335293803,3.6,2.8284271247461903,2.4,0.7071067811865476,0.0,6.773529909451551,11.06406561725529,13.265363346808087,0.3516876973975537
-612.39175761,440.40510599716845,-2.3777233978571433,2.455,1.10319242,1.1428571428571428,2.0,1.0307764064044151,73.82857142857142,141.0,75.25234630893577,2.1571428571428575,2.62,1.4188221347300725,2992.285714285714,4008.898102970441,1096.6571428571428,1362.7850536676722,-3.4842857142857144,2.0752063150443623,0.2807813398492253,0.06299582433759256,2.857142857142857,1.6770509831248421,1.4285714285714286,0.6123724356957945,0.0,4.699656354509532,3.5737849871711735,15.72875378561316,1.100219977313309
-182.36476079,209.9891859626689,-1.7076779870000012,0.14019999999999902,4.45001187,1.2,4.0,2.138089935299395,53.422000000000004,138.63,84.06906234077519,1.69,2.44,1.2807921655868182,11528.4,14212.218726956644,1690.8400000000001,1273.5261105629968,-3.0140000000000002,1.7986026322040756,0.2505121426338407,0.07243988435668405,3.6,1.0690449676496976,1.4,0.6546536707079771,0.0,3.977061996587754,3.3034314559399744,20.99891859626689,0.7845459526715245
-371.92925161,129.7370225187281,-2.62474909625,0.5407000000000001,1.57081224,1.0,2.0,1.2977713690461004,72.38625,141.0,89.06738925637917,2.2874999999999996,2.49,1.5243117515093407,3898.5,4818.838427409004,795.725,947.6611602977312,-3.23875,2.293225147897033,0.35095403024677535,0.16973939968839172,3.5,1.9466570535691503,1.75,0.8583950752789521,0.0,4.922929649661749,5.622317037100928,16.217127814841014,0.9230103208077828
-345.82435282,81.03448816622719,-1.969664193333334,0.0,7.90941535,4.666666666666667,6.0,3.055050463303893,105.23333333333333,99.9,55.664201542224006,2.223333333333333,2.11,1.0915279810125498,23807.333333333332,25106.99028823115,2648.4,2340.4189112208096,-5.669999999999999,0.8336066218546968,0.46083985387201726,0.24935233814115093,3.3333333333333335,1.5275252316519465,2.3333333333333335,0.5773502691896258,0.0,5.025511997949571,5.545434293647622,13.505748027704533,0.5449183445291428
-279.35627804,26.32170194637648,-1.346151347499999,0.0,1.54992079,1.0,2.0,1.4142135623730951,70.5,141.0,99.7020561473032,2.565,1.75,1.2374368670764582,3261.0,4297.795016051836,565.1,671.6100207709828,-2.95,2.884995667241114,0.2900000000000002,0.08485281374238539,3.5,2.1213203435596424,2.5,0.7071067811865476,0.0,5.823165111461915,8.100938400185731,13.16085097318824,0.6269849055241156
-221.08193661,79.65491918762994,-1.6376950989999992,0.0,1.0511327,1.2,2.0,1.3093073414159544,87.39,141.0,87.93776614336821,2.58,2.55,1.447534850308324,2993.2,4591.981396179338,690.72,1087.754326254653,-3.5620000000000003,2.3765280798437276,0.3151001507425968,0.1598219234884531,3.4,2.32992949004287,2.0,0.8451542547285166,0.0,5.528272334254519,6.206805522797609,15.93098383752599,0.7525289792441755
-799.56189858,172.94002035294054,-1.8014381423076862,1.1236,3.15412685,1.6923076923076923,2.0,0.9780192938436516,134.51076923076923,202.93,84.30042677441097,2.796923076923077,2.44,1.222001209705514,6065.846153846154,11074.391925597502,1271.5076923076924,2242.9413481641354,-4.180000000000001,1.535265874155948,0.08628622118264434,0.3863696685965613,3.230769230769231,2.265046309153236,2.076923076923077,0.8340576562282991,0.23076923076923078,6.123582135231503,7.61811527671505,13.303078488687733,0.5031470584149484
-618.45960523,175.71849611799263,-2.2890218171428582,2.161,-0.53606004,3.4285714285714284,5.0,3.5355339059327378,115.17142857142858,90.4,63.9224530192639,2.922857142857143,1.81,1.2798632739476512,6672.857142857143,15965.056905629868,1115.857142857143,2538.371923103468,-5.2700000000000005,0.6929646455628162,0.035150689006718396,0.4822274418950668,2.5714285714285716,1.4142135623730951,2.2857142857142856,0.7071067811865476,0.2857142857142857,6.121389373424049,3.4375305107592986,12.551321151285189,0.2860926240171497
-259.06307612,106.52686856388705,-1.9729209909999992,0.0,5.51865551,2.2,5.0,2.138089935299395,103.84,98.5,61.001206077069845,2.826,1.8299999999999998,1.0353605307193376,5613.2,9180.487475385731,1259.72,1923.2501999034268,-4.3100000000000005,1.1761013075897357,0.22651910750222282,0.4215188122774981,2.8,1.558387444947959,2.2,0.5345224838248488,0.2,5.720296157650602,5.655312262493193,10.652686856388698,0.42035605749419375
-729.5248869,430.2301978550438,-2.693702212592591,2.878,-0.58656794,2.888888888888889,7.0,3.2480763537823427,106.79444444444444,127.05,70.28559240697912,2.7544444444444447,2.55,1.4091078737981702,6103.555555555556,13151.289586956862,1116.0222222222221,2148.538069944305,-4.867777777777778,1.5839002493844114,0.11239506408444579,0.4497563452410851,2.888888888888889,1.9493588689617927,2.111111111111111,0.806225774829855,0.2222222222222222,5.715097975851663,3.881340683153763,15.934451772409032,0.4718666636685025
-525.89362619,202.46357062059715,-2.530143647499999,0.8961999999999991,4.00969535,3.6,7.0,3.6449573777637356,100.96000000000001,122.9,68.30522883143198,2.712,2.08,1.2115633348222925,6573.2,10394.934563114313,1314.72,2004.5104254441496,-4.948,0.21016999921831975,0.2150818307761419,0.2522402122437864,2.8,1.3093073414159542,2.4,0.6546536707079771,0.2,5.730222123508528,4.982917303561328,10.123178531029858,0.5962083023450919
-661.70687698,221.6295420985327,-2.280801145625002,2.7077,4.24645744,2.5,2.0,0.9701425001453319,127.625,49.8,29.038372179299742,2.8925,1.54,0.9709122453833271,9138.75,22174.56098113066,912.25,1549.2044789655943,-4.81125,0.6247987911414082,0.11582806630195042,0.36017408899519016,3.125,2.3199898579900022,2.0,0.0,0.0,6.12019520073089,7.88266260285151,13.851846381158294,0.4007926210631662
-589.76907419,303.9663425045353,-1.37299685625,0.0,1.00352803,2.3333333333333335,1.0,0.6666666666666667,117.61666666666667,77.3,47.129637997525265,2.97,1.56,0.9479451460923253,7464.666666666667,15227.164819638763,741.3000000000001,1608.535464327722,-4.876666666666667,0.22666666666666657,0.0676085623288271,0.3479286945877971,2.6666666666666665,1.3333333333333333,2.1666666666666665,0.5270462766947298,0.16666666666666666,6.469520629490434,4.3233948741807176,12.665264271022302,0.2670787242102433
-435.61553102,323.20382845418004,-1.473649539210526,0.7797000000000001,4.15827743,2.1052631578947367,3.0,1.1445523142259597,110.43157894736841,141.0,59.19771617216326,2.8073684210526313,1.75,1.0044008164074738,4233.789473684211,6554.3668618715565,741.8000000000001,1069.7093640797953,-4.266842105263158,1.6467759410435896,0.0672735804244587,0.3615302507186965,3.5789473684210527,2.515949125081825,2.1052631578947367,0.41231056256176607,0.0,5.898224482195323,8.501416450719754,17.010727813377898,0.44582806007054626
-370.18990458,591.8883239012027,-1.6252489201649172,1.4874,0.93173527,1.2173913043478262,2.0,0.9084608988939904,78.1304347826087,141.0,67.82687920115943,2.037391304347826,2.51,1.4552487056103924,2495.5652173913045,3124.2065903645216,743.1217391304348,660.8971017005179,-2.7082608695652177,2.3093774261444455,0.2369423379249624,0.11767763995222832,2.782608695652174,0.9084608988939904,1.7391304347826086,0.9281410362291553,0.0,4.544230560181623,3.565941468967317,12.867137476113102,0.9922724265487265
-474.93873153,87.85832335519181,-2.304877096666654,1.4090999999999991,4.20479798,2.5,4.0,1.8973665961010275,112.525,98.5,51.7536761979282,2.605,1.8299999999999998,1.065851772058385,5611.0,6821.884900817368,1351.85,1603.8413125992236,-3.6075,2.2122997084482026,0.26574760364601124,0.37704328011772054,3.0,1.5491933384829668,2.25,0.5477225575051662,0.25,5.3363182379301755,6.306938406220665,10.982290419398973,0.6179966081583991
-578.43506476,330.4169572489336,-1.954579286249999,1.0688,1.9737528800000002,3.0,4.0,2.1602468994692865,126.93333333333334,62.400000000000006,32.61151807431097,3.0216666666666665,1.4300000000000002,0.8487801704668753,11281.333333333334,22157.21286122823,1546.9666666666665,3120.1571516689846,-5.664316666666667,2.6003428625428953,0.1305251188615344,0.2685839902028101,3.0,2.1602468994692865,2.1666666666666665,0.5270462766947298,0.16666666666666666,6.339202543313206,6.442351868917993,13.767373218705567,0.26761750353031005
-429.79775643,247.91957719409973,-1.761097008833333,0.062200000000000005,1.8908272,2.4,4.0,1.8126539343499315,118.22,98.5,51.21651519355284,2.772,1.8299999999999998,1.1016027284954277,4533.2,7060.411278995823,1099.52,1658.7620134132735,-3.8840000000000003,2.217199005180056,0.2585980829168091,0.3567844490515099,2.8,1.558387444947959,2.2,0.5345224838248488,0.2,5.71829488736785,4.898784503477466,12.395978859704986,0.4526121239431946
-441.68905553,410.7811382141837,-2.153766481666667,0.0009999999999990002,2.13662833,3.2,8.0,3.909694909544003,115.64000000000001,111.4,58.03777095256896,2.694,2.2199999999999998,1.257253241907021,4673.2,7285.108607877541,1262.92,1982.3938890716374,-4.232,2.366860488374541,0.2480738198045495,0.3327818092342656,3.2,1.9639610121239315,2.4,0.6546536707079771,0.2,5.735894486410485,5.936794749819197,13.692704607139458,0.647069318689929
-521.13827798,347.3929210621433,-3.695166541833335,0.0,3.07382124,4.033333333333333,7.0,4.227105517092231,106.93333333333334,122.9,70.93448355304913,2.7376666666666667,2.11,1.4574623190612006,6981.333333333333,14084.031542765291,1568.1666666666667,3093.136153736243,-5.477333333333333,1.078974349061651,0.38724690483019797,0.3317553448491205,2.966666666666667,2.0220080975138264,2.3333333333333335,0.6917144638660746,0.0,5.846029604487046,5.66889147317035,11.579764035404775,0.5055936026016588
-248.2997727,287.45097002815373,-2.066409340876436,2.7011000000000003,2.9069103800000002,2.0,3.0,1.2792042981336627,105.98333333333333,88.2,50.46286213192286,2.356666666666667,2.51,1.453735001485984,2144.3333333333335,3093.0505389281366,909.6,1279.0414194729085,-3.5666666666666664,2.1633517765474273,0.20040680322171345,0.03835999122796613,2.8333333333333335,1.365150674334655,1.6666666666666667,0.6030226891555273,0.0,4.946606586422658,4.9145953388090025,11.977123751173073,0.8953517955858018
-694.65098851,131.64714277394958,-3.021072628571429,3.845999999999999,4.08233728,2.5714285714285716,5.0,2.220038609702865,92.71428571428571,141.0,75.77091884659406,2.6614285714285715,1.8299999999999998,1.1893996084459706,4234.0,6279.178767960027,1017.8285714285714,1562.3417643305283,-4.101428571428571,1.69089367748875,0.3985714285714289,0.2834103536771875,2.5714285714285716,0.9636241116594315,2.142857142857143,0.46291004988627577,0.0,5.522890116646791,4.6258886692085825,9.403367340996397,0.46013260198879025
-251.32182044,222.55271337121226,-2.4467161835,1.4177,6.32710102,3.4,4.0,2.32992949004287,107.47999999999999,98.5,56.24915237456599,2.818,1.8299999999999998,1.0441811556019795,9473.2,18535.00800416028,1594.92,2620.5620367721554,-5.2176,1.5818202895940576,0.2350800000000004,0.4034777954591446,2.8,1.558387444947959,2.2,0.5345224838248488,0.2,5.577483168628672,5.10115377692998,11.127635668560613,0.4253485316086581
-401.33923481,379.07993911815055,-0.8250872030295131,1.7022,1.411950319999999,1.6666666666666667,1.0,0.6030226891555273,144.86666666666667,69.4,30.002787749262115,2.7883333333333336,1.51,0.8745310431623027,4777.666666666667,6347.46748353589,1016.4333333333334,1341.8239072925396,-3.311666666666667,2.450384941929811,0.06433013819468152,0.21287146318689865,3.3333333333333335,1.7580981459830651,2.3333333333333335,0.6030226891555273,0.3333333333333333,6.064174549228127,6.004620274359064,15.794997463256273,0.45794596056943615
-815.79960101,156.53296801198508,-2.507166292857142,1.9961000000000002,4.15426158,3.4285714285714284,4.0,2.32992949004287,118.02857142857144,76.7,45.0742007297808,2.7114285714285713,1.78,1.1172159274605016,13155.42857142857,23180.164094082065,1345.9714285714285,1920.4993852046473,-5.708571428571429,1.3370196066518352,0.2117708338929322,0.1494395451854894,2.7142857142857144,1.164964745021435,2.2857142857142856,0.5976143046671968,0.2857142857142857,5.769898349753479,4.160027120616284,11.180926286570363,0.4111910168458538
-754.91552483,1050.033369910741,-2.494557517352938,4.6158,-0.3945823,3.0588235294117645,4.0,2.458750606599731,118.39999999999999,98.5,53.71421430293678,3.0341176470588236,1.8299999999999998,0.9759959947756864,7592.0,19407.940783466584,1420.6117647058825,3274.906535793322,-5.680452941176471,2.8391917677555543,0.1959864705882359,0.40440916705170527,2.823529411764706,2.2258808266718715,2.176470588235294,0.5640760748177661,0.17647058823529413,6.201081317393192,5.044562919840981,15.44166720456972,0.22147025690621325
-730.63413586,226.11301305390992,-1.8430667804999992,0.0,5.06281883,2.4,6.0,2.6186146828319083,98.97999999999999,141.0,75.18407886172255,2.826,1.79,1.027743714579244,8803.2,18542.31358657428,1272.52,2496.284121878529,-4.7236,2.6176665726777135,0.17708000000000038,0.2938965610064678,3.0,1.6903085094570331,2.4,0.6546536707079771,0.2,6.017608227233298,6.149654102148063,11.305650652695496,0.45623877975958643
-459.52989806,151.67047904498918,-1.985844491666664,3.262699999999999,1.26578932,2.3333333333333335,6.0,2.5385910352879693,107.10000000000001,141.0,75.0099993334222,2.9683333333333333,1.75,0.9821885992234101,7031.333333333333,17965.237222047595,1204.8,2964.8198326373895,-5.100983333333334,3.609989058539898,0.16343166666666722,0.2930294013026293,3.1666666666666665,2.3687784005919825,2.3333333333333335,0.6666666666666667,0.16666666666666666,6.323272785716853,7.888244022045853,12.639206587082429,0.38931294668263355
-499.7275381,150.6437935459906,-1.5725015085714271,1.5511,2.90527891,2.7142857142857144,2.0,1.164964745021435,94.15714285714286,125.3,74.18843768212325,2.757142857142857,1.6099999999999999,1.0432812249272552,6384.0,9463.468497332255,1404.1142857142856,2007.2180791191715,-5.2299999999999995,0.6619289992136618,0.07305467739355669,0.24053036960336285,2.857142857142857,1.3093073414159544,2.4285714285714284,0.6546536707079772,0.42857142857142855,5.8138063040251,5.172426786499221,10.760270967570758,0.4900724976716033
-249.91283933,125.00498495957883,-1.504170098062499,0.0,1.58643865,2.0,2.0,0.8944271909999159,98.525,92.6,54.16104688796184,2.395,2.62,1.4042649322688365,4743.5,8437.163006603583,1103.1,1606.7330381864936,-3.9275,2.0869187813616517,0.15766483660555275,0.1927539549342179,3.0,1.2649110640673518,2.0,0.8944271909999159,0.25,4.924021817408391,3.454588391983123,15.625623119947347,0.9074484539552505
-715.23698555,548.3064632846365,-2.174808889621211,0.0,2.03039165,3.3181818181818183,6.0,3.3430039897786057,115.64545454545454,90.4,59.00075583574492,2.877727272727273,1.81,1.218458818299532,6883.181818181818,14782.702153969449,1175.8181818181818,2374.3858562993914,-5.062727272727273,1.54105614889726,0.028234312896596826,0.4468973676192487,2.6818181818181817,1.5022505639062869,2.3181818181818183,0.6877303054053769,0.3181818181818182,6.032638663549326,3.9582823498334325,12.461510529196284,0.3376394018352787
-212.04168606,311.1958717643233,-2.260618635000001,0.3106,3.74981058,1.8,3.0,1.3093073414159542,103.846,135.97,70.87660887566706,2.658,2.49,1.3573714093265494,3913.2,6164.187491354512,752.52,1086.7005054620286,-4.142,1.713963660224869,0.17544875040043734,0.3651371652034506,3.4,2.32992949004287,1.8,0.5345224838248488,0.0,5.508122390174284,7.355103204305899,15.559793588216163,0.6861523203010268
-405.60841627,87.92172579606212,-2.486541740625,1.8327,4.18554699,1.0,2.0,1.2977713690461004,70.5,141.0,91.49288151775006,2.4225,2.13,1.3290875382045104,4161.0,5200.116759822751,686.225,784.0801724582155,-3.1862500000000002,2.3542028486584536,0.3650000000000002,0.19238120052590738,2.75,1.2565617248750864,1.75,0.8583950752789521,0.0,5.4790675654992755,4.708865469316406,10.990215724507765,0.7009546972178158
-426.16409204,152.52431613939416,-1.084837146875,0.0,6.25605264,1.875,1.0,0.42919753763947605,127.3,29.0,17.96042432976635,2.67375,1.54,0.9944252505580138,8198.5,10479.091141787761,1639.85,2011.0990962000958,-4.1175,1.3024955803541545,0.15263268816196113,0.10084928673054491,3.0,1.2977713690461004,2.5,0.6488856845230502,0.5,5.77253774143803,6.611131849864195,9.532769758712135,0.5880123861215413
-428.66074881,86.18009943056134,-2.077012358124999,1.5432000000000001,1.34843143,1.0,2.0,1.2977713690461004,70.5,141.0,91.49288151775006,2.535,1.8699999999999999,1.1749132106805076,3861.0,4728.604289461721,830.35,1143.6284987520617,-3.4400000000000004,2.2399624056995617,0.3203488422280719,0.12119949536101209,2.75,1.2565617248750864,2.25,0.8583950752789521,0.0,5.945582213413536,5.18771965053864,10.772512428820168,0.4570213698789032
-371.88326593,679.6395670121804,-2.134418422629311,0.0714,1.46187107,3.066666666666667,4.0,2.0862461282142593,96.95666666666666,112.1,76.17593261162676,2.758666666666667,2.51,1.1946894238182826,2269.5333333333333,3606.6455316802935,1000.8866666666667,1603.6930150224255,-4.146,1.521326803251277,0.38553224590758056,0.29447464509457516,2.7666666666666666,1.3447564999109927,1.9666666666666666,0.25273830731089986,0.0,5.299405790799571,5.2673453268656845,11.327326116869672,0.41770826938053296
-590.05660778,722.9102622621566,-2.496202980041666,4.662000000000001,0.31328897,1.8,4.0,1.531282986977553,90.45,98.5,54.58151922930792,2.027,2.46,1.5336012384647744,2658.8,3917.13656853469,1122.78,1193.5591426052383,-3.3,1.9469693513695623,0.2675204023056132,0.1985541780371071,2.1,0.3939192985791677,1.5,0.6565321642986128,0.0,4.370632004025766,2.3095914763835164,9.036378278276958,0.8371783027040178
-608.59411355,178.58018615603595,-2.466229184545452,3.1883,-0.85885084,3.272727272727273,6.0,3.2581259360842107,119.35454545454546,99.9,55.145667240360915,3.0154545454545456,2.11,1.1025233295979238,8616.0,21655.0077775593,1384.3272727272727,3224.8401921049335,-5.570545454545455,1.4753622241021667,0.19055403398988105,0.3736250977942738,2.8181818181818183,2.0380986614602725,2.272727272727273,0.6793662204867574,0.18181818181818182,6.2478976101114725,3.822631712374231,16.23456237782145,0.27089713990769343
-777.07454843,491.4574037777165,-2.406476838215685,2.7997,3.8366377,2.823529411764706,5.0,2.2087051361325662,116.34117647058824,110.0,52.26712056247113,2.8776470588235292,1.94,1.0833007618111143,6943.64705882353,16069.60836906535,1164.8352941176472,2540.979382155735,-5.2688235294117645,2.087129478364833,0.11951955349502441,0.352989879999818,3.411764705882353,2.6711673731039647,2.1176470588235294,0.45022516889074815,0.11764705882352941,6.087440615382263,9.28367920697551,14.454629522874015,0.4237266730242213
-736.28934279,174.04930479353644,-2.522345725624999,1.311799999999999,3.66468242,3.875,5.0,3.5355339059327378,107.1,90.4,63.9224530192639,2.76125,1.81,1.279863273947651,8688.75,15965.05690562987,1436.375,2538.3719231034684,-5.3575,0.6929646455628162,-0.025739720678682243,0.4822274418950668,2.75,1.4142135623730951,2.375,0.7071067811865476,0.375,5.73540119826758,4.4425250338479385,10.878081549596025,0.4072625002842235
-469.47942057,141.5365353662609,-2.783797551,3.0834,4.00224215,3.6,7.0,3.6449573777637356,106.46,122.9,64.41880825615183,2.7399999999999998,2.08,1.1791037758762857,5513.2,8923.904110389609,1042.1200000000001,1647.2396442880695,-4.83,0.5188586375057141,0.1708914902503736,0.35775264779085236,3.2,2.138089935299395,2.2,0.5345224838248488,0.0,5.688024400833706,7.084729778553145,14.15365353662609,0.5232416536760666
-644.15300128,355.4899098043147,-3.2976162166666683,2.5453,1.2689821000000001,3.5714285714285716,8.0,4.025429372458677,92.81428571428572,141.0,91.46205859953791,2.745,2.13,1.320960148636481,6107.0,11666.541108167898,1172.4857142857143,2183.682173928865,-4.909285714285715,1.3709690450367507,0.202347354244739,0.17594858627942359,2.642857142857143,1.2657175104763823,2.2142857142857144,0.7889543583705185,0.2857142857142857,5.746621177179634,3.3610414194902805,12.696068207296955,0.38401279194994364
-377.08001522,101.20389607996164,-1.314804237777778,0.0,0.98915905,2.6666666666666665,4.0,1.7748239349298849,115.30000000000001,77.3,51.72077435615209,2.8955555555555557,1.78,1.098981346520495,6025.777777777777,11798.0099084549,1098.3555555555556,2031.2950986993494,-5.17,1.0847396000884266,0.1376542303008336,0.19741211791442875,2.6666666666666665,1.3416407864998738,2.3333333333333335,0.6708203932499369,0.3333333333333333,6.142950839891964,4.362174686594064,11.24487734221795,0.3708819846014954
-208.4646528,284.23135478673646,-2.306927035968752,4.2602,1.86459675,1.6,2.0,1.0690449676496976,124.074,192.63,85.98552519382051,2.774,2.44,1.271658085223495,2921.2,4612.57616274711,597.12,895.7159243548466,-4.0760000000000005,1.632998993963473,0.1820000000000003,0.17121415161804157,2.8,1.3093073414159542,1.8,0.5345224838248488,0.0,5.995115334330203,3.9034417751982398,14.211567739336823,0.4716437685753064
-287.57080273,149.38125101812372,-3.639240691,3.1163,2.20775892,2.8,8.0,3.625307868699863,95.61,127.05,75.16755569107877,2.508,2.55,1.5366336118746253,5933.2,10841.941391782982,1419.1200000000001,2425.2005254352534,-4.7,2.029707931135484,0.3901590255203342,0.27411719342468394,3.4,2.32992949004287,2.0,0.8451542547285166,0.0,5.26696494482569,6.148305064373248,14.938125101812371,0.8025456289795284
-610.5570927,201.3263084014837,-2.103520399999999,0.557199999999999,5.26328679,2.4615384615384617,4.0,1.5954480704349312,119.96692307692307,138.63,51.58064237853013,2.796923076923077,2.44,1.1745792283351362,2947.3846153846152,4806.624784418045,1075.2769230769231,1769.0168918459665,-4.440769230769231,1.1911033845671304,0.21938648150013973,0.04198815782291338,3.076923076923077,1.9188064472004938,1.9230769230769231,0.3692744729379982,0.0,5.889046211534169,5.302747042852497,15.486639107806438,0.4110116395490564
-255.70348555,638.8385424823483,-2.509190043444444,3.4079,0.04627805,2.4,7.0,2.8876002656388655,85.57333333333332,133.4,68.57658556851088,2.1386666666666665,2.62,1.5928738364426511,3472.9333333333334,7771.430987162872,901.16,1438.5937563754242,-3.4553333333333334,2.631612958758541,0.22840634597329737,0.0942737020873001,3.466666666666667,1.8109146210426053,1.7333333333333334,0.8744746321952063,0.13333333333333333,4.2487962562039145,3.7457952058984985,21.294618082744943,1.1129294238441496
-320.62635211,88.66194038208619,-0.6081255025000001,0.0,2.73267253,2.0,0.0,0.0,157.075,64.30000000000001,45.46696603029501,3.15,1.1600000000000001,0.8202438661763952,5166.5,13985.157918307537,1092.15,2833.942557639445,-4.6225000000000005,1.0394469683442251,0.06431007294786473,0.46864188397147816,3.0,2.8284271247461903,2.25,0.7071067811865476,0.25,6.991010894233806,9.105315952245515,11.082742547760773,0.29370732687987977
-1365.31674482,143.83052778680639,-1.5461592956249999,0.0,4.97880079,6.5,6.0,4.242640687119285,66.075,99.9,70.6399674405361,1.8575,2.11,1.4919953083036153,15805.5,14692.264699494084,3534.0499999999997,3246.892917852389,-6.197500000000001,1.138441917710341,0.6014707804165154,0.35022601046023555,4.25,2.1213203435596424,2.75,0.7071067811865476,0.0,4.267730385270569,6.688575565289361,17.978815973350795,0.6632857820905
-632.40443227,427.0174871570919,-1.272770595898438,2.3763,2.03187838,2.125,1.0,0.45374260648651504,144.8375,131.3,52.44488143027205,3.0225,1.56,0.7856582103748498,3513.75,7231.221644410316,695.875,1392.60839265535,-4.57,0.8764366357419049,0.11320642174662032,0.20731509655670496,2.75,1.3284223283101428,2.125,0.45374260648651504,0.125,6.601543609760921,4.6174347537451546,13.344296473659123,0.2582670879381268
-361.61646981,409.87716106509606,-1.673642153333334,1.2366,2.69828597,2.6666666666666665,2.0,1.1708833169600992,100.94666666666667,125.3,72.70388240066023,2.8213333333333335,1.6099999999999999,1.0235122956539597,5266.533333333334,8403.469586829846,1134.7866666666666,1800.3384989961587,-5.1353333333333335,0.8151815550795636,0.054057471883474054,0.29848140933407924,3.066666666666667,1.9344083032987032,2.2666666666666666,0.5956833971812706,0.26666666666666666,5.886370228422277,6.363272891405644,13.662572035503201,0.43151337622056674
-598.07942348,699.3001778338033,-2.507684173809523,3.3185000000000002,-0.57073005,3.4285714285714284,7.0,3.572856857257085,117.22857142857144,111.4,58.601983319505415,2.9847619047619047,2.2199999999999998,1.1366456199300299,8101.428571428572,20872.991478590367,1343.7619047619048,3013.5970689323335,-5.49152380952381,1.3890513426987,0.18315987470844824,0.3585594575797264,2.857142857142857,2.032892781536815,2.2857142857142856,0.6776309271789384,0.19047619047619047,6.1459437405533,3.8067377121569517,16.650004234138173,0.32463864578447466
-276.99268777,125.00498495957883,-1.504170098062499,0.0,1.58643865,2.0,2.0,0.8944271909999159,98.525,92.6,54.16104688796184,2.395,2.62,1.4042649322688365,4743.5,8437.163006603583,1103.1,1606.7330381864936,-3.9275,2.0869187813616517,0.15766483660555275,0.1927539549342179,3.0,1.2649110640673518,2.0,0.8944271909999159,0.25,4.924021817408391,3.454588391983123,15.625623119947347,0.9074484539552505
-687.2589003,409.87716106509606,-1.673642153333334,1.2366,2.69828597,2.6666666666666665,2.0,1.1708833169600992,100.94666666666667,125.3,72.70388240066023,2.8213333333333335,1.6099999999999999,1.0235122956539597,5266.533333333334,8403.469586829846,1134.7866666666666,1800.3384989961587,-5.1353333333333335,0.8151815550795636,0.054057471883474054,0.29848140933407924,3.066666666666667,1.9344083032987032,2.2666666666666666,0.5956833971812706,0.26666666666666666,5.886370228422277,6.363272891405644,13.662572035503201,0.43151337622056674
-458.86857338,129.5060897329676,-2.404590689679803,4.267200000000001,2.16781498,1.1428571428571428,2.0,1.0307764064044151,75.51428571428572,141.0,74.39606844450854,2.1885714285714286,2.51,1.3740951568213897,3109.4285714285716,3979.444088060542,1152.3714285714286,1358.6461699059103,-3.5614285714285714,1.9320714272510735,0.24678803287199638,0.08921153315069189,2.2857142857142856,0.5590169943749475,1.4285714285714286,0.6123724356957945,0.0,4.973675846109325,2.8722026506328815,9.250434980926258,0.9462177670455058
-910.98023437,250.04723401126037,-3.306844249473683,0.0,3.90834503,4.2631578947368425,7.0,4.261405222234223,104.41052631578947,111.4,68.30337286460201,2.7210526315789476,2.2199999999999998,1.3524241434660158,6929.684210526316,15345.320836478724,1523.7578947368422,2647.6499235873953,-5.370315789473684,0.9981128363279139,0.2961943906417641,0.36315797312776055,3.1052631578947367,2.0053120943495752,2.3684210526315788,0.6684373647831918,0.10526315789473684,5.645753372967549,5.501336474437752,13.160380737434757,0.6340504756448205
-649.97486171,137.22105676351921,-1.918304684166666,0.0,4.04805222,2.8333333333333335,4.0,2.068278940998476,117.71666666666665,77.3,46.96228392136727,3.0,1.56,0.9015542135667716,8681.333333333334,18578.157832369827,1564.8,3138.2868957442365,-5.724316666666667,2.5432158781310283,0.08770689566216057,0.2944439882069096,3.0,2.1602468994692865,2.3333333333333335,0.6666666666666667,0.3333333333333333,6.269053301812968,7.4245877756069785,11.435088063626601,0.35316888979942623
-505.46878608,70.07409939156388,-2.3668584595,0.0,1.66756478,2.8,8.0,3.625307868699863,84.6,141.0,92.30616756982478,2.724,2.1399999999999997,1.208588314640562,5691.2,13278.516010028057,1155.296,2501.6415108255846,-4.676,3.348449534592732,0.3157377154127413,0.2736366443584005,3.6,2.618614682831909,2.4,0.6546536707079771,0.0,5.978032488125442,10.120430269410022,14.014819878312775,0.46308171491978095
-428.04343237,176.75970785828287,-2.318079119468748,3.886599999999999,1.17998316,1.6,2.0,1.0690449676496976,126.39000000000001,181.05,80.1570823891617,2.752,2.55,1.326633763650369,2813.2,4380.858559036769,674.3199999999999,1079.2000688340547,-4.0760000000000005,1.632998993963473,0.23110015074259685,0.2558771041932591,3.2,2.138089935299395,1.8,0.5345224838248488,0.0,5.834198029784078,4.965564893207321,17.675970785828287,0.5738268163190288
-294.86284902,330.35511116971674,-1.953662920722222,2.7733,0.25982805000000003,1.7777777777777777,3.0,1.1902380714238083,97.4,92.6,57.56691758293126,2.1166666666666663,2.62,1.6051635430696773,4667.555555555556,12528.053985622295,842.4222222222222,1183.6552778012128,-3.1744444444444446,2.448579520184441,0.2413991781073561,0.049238403699100555,3.111111111111111,1.2909944487358056,1.5555555555555556,0.6454972243679028,0.0,4.30429053903218,2.9458547807780224,18.35306173165093,1.1515444536906385
-685.23410467,208.8354535331768,-2.721982793333333,0.0,5.13439532,3.6666666666666665,6.0,3.4318767136623336,108.36666666666667,133.4,71.4136152595879,2.9433333333333334,1.9,1.0482260146446365,9098.0,18958.24809065085,1624.8,3205.8216793826814,-5.87765,2.4584840637406353,0.11396762330943148,0.27096023576143713,3.0,2.1602468994692865,2.3333333333333335,0.6666666666666667,0.3333333333333333,6.051009128376258,7.053817244896397,11.601969640732044,0.36515566675462596
-740.17260071,369.14164863154537,-3.405739620104166,0.0,5.34740528,3.75,8.0,4.076197322920545,90.5,141.0,91.52035502889719,2.713125,2.13,1.3188966834208287,6526.25,11861.569827355517,1254.0625,2222.8011527384506,-4.955625,1.292134489308887,0.19475491870518324,0.17143302655856657,2.6875,1.2860194997923453,2.25,0.7844645405527362,0.3125,5.661911735667495,3.8113326444234783,11.535676519735793,0.43698756665448524
-419.19989829,341.11013077776954,-2.288425597777783,2.012899999999999,2.97320869,1.7777777777777777,3.0,1.3385315336840844,101.69999999999999,127.05,66.1575888504108,2.557777777777778,2.55,1.3715608505154508,4323.333333333333,6087.5721761634995,934.5555555555555,1233.4531878700004,-4.1033333333333335,1.5839862688798791,0.17448898334602272,0.38135738020247445,3.7777777777777777,2.581988897471611,1.7777777777777777,0.5400617248673216,0.0,5.236739736589251,7.522216218459005,18.950562820987198,0.7158860876009174
-491.21266284,223.51876103395378,-1.133686287460938,0.0,2.03208408,1.875,1.0,0.45374260648651504,151.675,76.6,35.747858841680376,3.025,1.54,0.7788377464492318,3126.25,5980.1417945022795,695.875,1392.60839265535,-4.242500000000001,1.4431786812042207,0.13342741846276224,0.17834136038998427,2.75,1.3284223283101428,2.125,0.45374260648651504,0.125,6.64057890650708,4.479186328862902,13.969922564622111,0.24670090867666716
-612.44128887,757.2211267990086,-2.63646675,3.0839,1.8173203900000001,2.5714285714285716,5.0,2.220038609702865,89.16714285714285,138.63,79.91336143420752,2.6257142857142854,2.44,1.2870481176486204,2944.0,4328.827323883455,1010.2571428571429,1435.8198613634354,-3.992857142857143,1.587981647968803,0.3614285714285716,0.2512397830189884,2.857142857142857,1.3093073414159544,1.8571428571428572,0.46291004988627577,0.0,5.167369150371364,4.272222383813584,13.521805835696583,0.4907806370110573
