y_relaxed,mp_volume,mp_density,mp_energy_per_atom,mp_formation_energy_per_atom,mp_band_gap,mp_efermi,mp_spacegroup_number,MagpieData mean NUnfilled,MagpieData range NUnfilled,MagpieData std_dev NUnfilled,MagpieData mean ElectronAffinity,MagpieData range ElectronAffinity,MagpieData std_dev ElectronAffinity,MagpieData mean Electronegativity,MagpieData range Electronegativity,MagpieData std_dev Electronegativity,DemlData mean heat_fusion,DemlData std_dev heat_fusion,DemlData mean boiling_point,DemlData std_dev boiling_point,DemlData mean GGAU_Etot,DemlData std_dev GGAU_Etot,DemlData mean FERE correction,DemlData std_dev FERE correction,PymatgenData mean row,PymatgenData std_dev row,PymatgenData mean block,PymatgenData std_dev block,transition metal fraction,band center,density,vpa,packing fraction,en_mean,en_max,en_min,en_range,en_std,en_weighted_mean,en_diff_mean,en_diff_max,en_diff_min,en_diff_weighted_mean,en_diff_std,n_atoms
-135.37888628,354.20745990688965,4.215406485026651,-4.569212344999999,-1.705382088965517,1.2488000000000001,0.76115725,96,1.1428571428571428,2.0,1.0307764064044151,75.51428571428572,141.0,74.39606844450854,2.2114285714285713,2.51,1.3589839954907488,2938.0,3661.5809768459308,706.0857142857143,660.1104566661552,-2.8528571428571428,2.290349318335524,0.2688478220649754,0.13031859568806542,2.857142857142857,1.0307764064044151,2.0,0.9354143466934853,0.0,4.9845468868930904,4.215406490916149,12.650266425246059,0.8151649253294402,2.0066666666666664,3.44,0.93,2.51,1.0552830057488,2.2114285714285713,2.15,2.51,1.79,2.15,0.3599999999999999,28
-193.57204912,47.397148259900405,5.70421780686615,-4.894751419999999,-1.7908991124999991,0.7227,0.8923141,186,1.0,2.0,1.4142135623730951,70.5,141.0,99.7020561473032,2.545,1.79,1.26572113832392,3786.0,5040.2571362977105,635.1,770.6049701370995,-3.13,2.630437226013957,0.33000000000000024,0.14142135623730923,3.0,1.4142135623730951,2.5,0.7071067811865476,0.0,5.951264188702443,5.7042178148357205,11.849287064975101,0.4730568735005466,2.545,3.44,1.65,1.79,0.895,2.545,1.79,1.79,1.79,1.79,0.0,4
-318.34844735,94.53809659793289,5.313385853159397,-6.7230247174999995,-1.724905211666666,0.0,4.0943811,10,2.375,7.0,2.8237712744707766,115.85000000000001,133.4,54.80618482194179,2.625,1.9,1.0673134004297153,7361.0,9528.268943130834,1690.1,2081.22636316592,-3.9525,1.9471950136164153,0.1431842228703592,0.11267941110039618,3.0,1.2977713690461004,2.5,0.6488856845230502,0.5,5.624578180753075,5.313385860582922,11.817262074741611,0.4869057111964292,2.2933333333333334,3.44,1.54,1.9,0.8240280469876144,2.625,1.72,1.9,1.54,1.63,0.17999999999999994,8
-654.6086745,103.48547026309927,5.97066705202391,-6.111723113,-1.9663922169999992,2.1201,2.24983274,148,2.0,4.0,1.6903085094570331,108.4,141.0,73.31731426769922,2.796,1.79,1.0649144834881612,7963.2,16348.302454470835,908.7199999999999,1564.6310528135928,-4.106,1.9292041290201956,0.25451214263384087,0.12391330128987314,2.8,1.3093073414159542,2.2,0.5345224838248488,0.0,6.20428525102762,5.970667060365747,10.348547026309927,0.4097495342606824,2.3666666666666667,3.44,1.65,1.79,0.7730602966277742,2.796,1.075,1.79,0.3599999999999999,1.4325,0.7150000000000001,10
-507.21033687,84.98847683834407,5.6148992124359385,-8.190510495,-1.481519387499999,1.8157,4.16044822,12,3.0,2.0,1.4142135623730951,78.35,125.3,88.6004796826744,2.635,1.6099999999999999,1.1384419177103413,7011.0,9601.095874950943,1612.1,2152.2916205756133,-5.495,0.7141778489984129,0.038932841945483965,0.27020976624478094,3.0,1.4142135623730951,2.5,0.7071067811865476,0.5,5.5143572001933565,5.614899220280719,10.623559604793007,0.5835529458776588,2.635,3.44,1.83,1.6099999999999999,0.8049999999999999,2.635,1.6099999999999999,1.6099999999999999,1.6099999999999999,1.6099999999999999,0.0,8
-417.04405194,248.858487577255,4.121739039793437,-6.521447505555555,-1.427935919179836,1.5967,0.39565042,14,2.3333333333333335,3.0,1.3416407864998738,137.33333333333334,195.0,75.88280437622215,3.032222222222222,1.89,0.907438703164021,2814.6666666666665,6029.07769065883,532.3555555555555,1037.201821247919,-4.874444444444445,1.3715301673678197,0.13482468601653372,0.1922735066725777,2.6666666666666665,1.3416407864998738,2.111111111111111,0.4472135954999579,0.1111111111111111,6.597223444178881,4.1217390455520695,13.825471532069722,0.23840026773076964,2.513333333333333,3.44,1.55,1.89,0.772024754928378,3.032222222222222,1.4449999999999998,1.89,0.9999999999999998,1.6675,0.44500000000000006,18
-405.81551659,596.8276909170065,5.026122832858722,-9.526285125749999,-3.953871922749999,4.097300000000001,1.5409672300000001,206,4.8,7.0,4.949747468305833,96.44,111.4,78.7716954241814,2.552,2.2199999999999998,1.5697770542341356,4693.2,7904.039600103229,1497.72,2488.167341639223,-5.186,0.34648232278140845,0.40495147377548124,0.30927343371305727,3.2,2.121320343559643,2.4,0.7071067811865476,0.0,5.393348497105174,5.026122839880902,14.920692272925162,0.6912867587908417,2.33,3.44,1.22,2.2199999999999998,1.11,2.552,2.2199999999999998,2.2199999999999998,2.2199999999999998,2.2199999999999998,0.0,40
-799.56189858,172.94002035294054,7.618115266071504,-6.555921816153841,-1.8014381423076862,1.1236,3.15412685,166,1.6923076923076923,2.0,0.9780192938436516,134.51076923076923,202.93,84.30042677441097,2.796923076923077,2.44,1.222001209705514,6065.846153846154,11074.391925597502,1271.5076923076924,2242.9413481641354,-4.180000000000001,1.535265874155948,0.08628622118264434,0.3863696685965613,3.230769230769231,2.265046309153236,2.076923076923077,0.8340576562282991,0.23076923076923078,6.123582135231503,7.61811527671505,13.303078488687733,0.5031470584149484,2.2399999999999998,3.44,1.0,2.44,0.9965273035229223,2.796923076923077,1.8,2.44,1.1600000000000001,1.6720000000000002,0.6399999999999999,13
-501.66829966,318.38120756608186,4.147474486516418,-6.633664460416667,-1.340701675807292,0.9489000000000001,1.5189896200000002,63,2.3333333333333335,2.0,1.0540925533894596,129.11666666666667,179.3,76.96061402503953,3.0233333333333334,1.6099999999999999,0.8836540298354578,3348.0,7130.743579739774,742.1333333333333,1577.7296825220444,-4.906666666666667,1.0421985308844846,0.11631094731516156,0.22983721148228808,2.6666666666666665,1.3333333333333333,2.1666666666666665,0.5270462766947298,0.16666666666666666,6.518781110680763,4.147474492311007,13.265883648586744,0.2699126814149636,2.606666666666667,3.44,1.83,1.6099999999999999,0.6584999789082928,3.0233333333333334,1.1649999999999998,1.6099999999999999,0.7199999999999998,1.432,0.44500000000000006,24
-478.60546739,114.30716121628458,4.986096108562165,-7.85724884375,-2.54689945125,0.0,4.09160333,123,2.5,6.0,2.7568097504180447,87.8325,135.97,72.28720128764151,2.3725,2.49,1.3871229217340473,7236.0,10486.367988965483,1194.85,1511.5246594085058,-4.737500000000001,2.529116446508543,0.2600323513549119,0.20258520749165704,3.25,1.6431676725154984,2.0,0.8944271909999159,0.25,4.964101047928478,4.986096115528422,14.288395152035573,0.8190898773194876,2.0166666666666666,3.44,0.95,2.49,1.0473564605976111,2.3725,2.1350000000000002,2.49,1.78,2.1350000000000002,0.3550000000000001,8
-283.9754845,282.50599379120706,3.889672338046201,-6.856579260714286,-2.1996417928571432,4.5041,-1.150649169999999,12,2.2857142857142856,5.0,2.0873770280289223,104.24285714285715,94.1,57.067541437443104,2.5085714285714285,2.62,1.5243265491919469,5895.428571428572,16297.981391220552,1027.8285714285714,2157.0992764755706,-4.179714285714286,2.897775156416187,0.17932684332791873,0.2257855475863874,3.2857142857142856,1.9639610121239315,1.8571428571428572,0.8451542547285167,0.14285714285714285,4.910581077201665,3.8896723434806044,20.17899955651479,0.8857324048519415,2.14,3.44,0.82,2.62,1.0697040089046441,2.5085714285714285,1.95,2.62,1.2799999999999998,2.1733333333333333,0.6700000000000002,14
-637.64803022,291.8581581647271,5.90093287138487,-6.966845545357144,-2.064265934642857,0.5741,3.53324469,74,3.142857142857143,3.0,1.7928429140015905,91.07142857142857,125.3,76.45729900688731,2.744285714285714,1.63,1.0627524910075992,3695.4285714285716,6275.746762622869,1206.9714285714285,1726.8539279775312,-4.574285714285714,1.3687194223590375,0.2982665262701384,0.34756452828402135,2.857142857142857,1.3093073414159544,2.142857142857143,0.46291004988627577,0.14285714285714285,5.3730236080313025,5.900932879629278,10.423505648740255,0.4593834132233848,2.36,3.44,1.81,1.63,0.7637189710008955,2.744285714285714,1.6199999999999999,1.63,1.6099999999999999,1.623333333333333,0.010000000000000009,28
-442.41085375,193.01612307726546,6.7246489797814455,-4.763012430714285,-0.65898790047619,0.0,3.05043119,141,1.4285714285714286,1.0,0.6123724356957945,130.14285714285714,22.599999999999994,12.112596748839614,2.5685714285714285,1.54,0.9339733668579635,7066.571428571428,7383.151867596927,1648.6571428571428,1708.019306828819,-2.9214285714285713,2.3011518854695363,0.08154564636746854,0.17878935006939325,3.4285714285714284,1.6007810593582121,2.5714285714285716,0.6123724356957945,0.5714285714285714,5.584171962936115,6.724648989176696,13.78686593409039,0.5972650770468575,2.4233333333333333,3.44,1.9,1.54,0.7189962138673301,2.5685714285714285,1.525,1.54,1.51,1.5250000000000001,0.015000000000000013,14
-529.28204909,27.771067003632275,3.353083748678994,-6.7827998350000005,-3.306019392499999,3.6301,2.25697064,225,1.0,2.0,1.4142135623730951,71.685,138.63,98.02621307589108,2.2199999999999998,2.44,1.7253405460951758,4381.0,5881.714205909702,923.6,1178.6055828817373,-3.46,2.1637467504308354,0.26000000000000023,0.042426406871192576,3.0,1.4142135623730951,1.5,0.7071067811865476,0.0,4.810303542778814,3.3530837533637103,13.885533501816138,0.9122372991730782,2.2199999999999998,3.44,1.0,2.44,1.22,2.2199999999999998,2.44,2.44,2.44,2.44,0.0,2
-367.93871876,278.0863765695177,7.803341920061429,-6.315899490499999,-1.9634968209999992,1.8794,3.48520627,54,2.8,3.0,1.5583874449479593,108.61999999999999,112.1,59.173256507600506,2.83,1.63,1.0022831079946566,3431.2,5711.526090784693,916.92,1379.8026111420015,-4.412000000000001,1.0413041273875208,0.2049399342688239,0.4183805600736331,3.2,2.138089935299395,2.0,0.0,0.0,5.609916791565963,7.803341930963763,13.904318828475885,0.4182066474465233,2.4233333333333333,3.44,1.81,1.63,0.7239858807708583,2.83,1.525,1.63,1.42,1.525,0.10499999999999998,20
-791.77567466,258.8135604925488,4.533626381964133,-7.526046116428573,-2.802741493571429,3.205599999999999,5.99910595,74,2.857142857142857,3.0,1.7928429140015905,108.71428571428571,98.5,56.896679541579076,2.698571428571429,1.8299999999999998,1.1391538212951877,5641.142857142857,8692.80862059471,1304.3999999999999,1861.6828838446145,-4.441428571428572,0.8387618425819267,0.3487448646473142,0.3176613204355493,2.5714285714285716,0.9636241116594315,2.142857142857143,0.46291004988627577,0.14285714285714285,5.471606076266102,4.533626388298227,9.243341446162457,0.4680986748428985,2.32,3.44,1.61,1.8299999999999998,0.8013738203859668,2.698571428571429,1.68,1.8299999999999998,1.53,1.7299999999999998,0.1499999999999999,28
-384.9629457,141.73504179825846,3.710461604240207,-5.075604036363637,-1.841294021990595,1.653599999999999,1.84141551,5,1.6363636363636365,2.0,0.8451542547285166,97.47272727272728,88.2,55.33353413618183,2.1727272727272724,2.51,1.574053003282563,3073.6363636363635,7071.456225054154,735.5454545454545,815.3639082379982,-3.2018181818181817,2.3874223996364186,0.1648737101278689,0.14338969770617388,2.727272727272727,1.1338934190276817,1.5454545454545454,0.6546536707079771,0.0,4.650150230500473,3.710461609424229,12.885003799841678,0.9838009327945937,2.14,3.44,0.93,2.51,1.0266774891204475,2.1727272727272724,1.8149999999999997,2.51,1.1199999999999997,2.2783333333333333,0.6950000000000001,11
-666.50579363,127.37366888531922,5.679972507874327,-7.845843481666667,-1.805833821666667,0.209399999999999,4.22652687,109,3.0,5.0,2.581988897471611,120.71666666666665,90.4,47.19946445082236,2.945,1.81,1.0249471531092063,7564.666666666667,14692.197990014214,1334.8,2491.975248673228,-5.026666666666666,0.7141272840171963,-0.010710426343086906,0.4825362000434363,2.8333333333333335,1.7159383568311666,2.3333333333333335,0.6666666666666667,0.3333333333333333,6.079764490835323,5.679972515810024,10.614472407109934,0.38047273583607805,2.4499999999999997,3.44,1.63,1.81,0.7486432172047421,2.945,1.485,1.81,1.1600000000000001,1.485,0.32499999999999996,12
-782.56213437,131.36462388371612,4.634255277198486,-9.186236886666665,-3.55875977333333,4.1495,3.01747659,141,3.3333333333333335,6.0,3.1269438398822857,123.11666666666667,99.9,52.012461113766875,2.8316666666666666,2.11,1.238720217715759,12014.666666666666,26426.778371778713,1369.3,2631.3306025659335,-5.33,0.8333466665600013,0.3454199269360088,0.26094937840917143,2.6666666666666665,1.5634719199411433,2.1666666666666665,0.5270462766947298,0.0,6.155638167489276,4.6342552836731725,10.947051990309676,0.3774673103057293,2.223333333333333,3.44,1.33,2.11,0.8912288644836908,2.8316666666666666,1.3399999999999999,2.11,0.5699999999999998,1.802,0.77,12
-451.67582389,87.20233463225763,5.474778978440372,-8.37413529875,-1.741881976724138,0.09050000000000001,5.32632052,65,3.125,3.0,1.8848425873126298,84.5,141.0,85.77326291787521,2.54,1.89,1.1767215831327842,7211.0,9208.336817654337,1318.6,1629.7342682974906,-5.5649999999999995,1.5156586200828925,0.11518507187220006,0.1550375564360148,3.0,1.2977713690461004,2.5,0.6488856845230502,0.5,5.40700720333074,5.474778986089386,10.900291829032204,0.5551139267885111,2.3000000000000003,3.44,1.55,1.89,0.8193900170248597,2.54,1.71,1.89,1.53,1.8,0.17999999999999994,8
-312.07875959,327.19939876346217,5.548334056425125,-7.604101747307693,-1.862553625,0.09440000000000001,4.27009551,186,2.6153846153846154,6.0,2.6865202966565924,103.36153846153846,141.0,70.99518507862224,2.869230769230769,1.79,1.0008029385144361,9575.076923076924,19907.240314933704,1370.5846153846153,2679.559694524781,-4.96876923076923,2.5154337511693163,0.15355384615384654,0.3034338764727898,3.0,1.763149356173184,2.3846153846153846,0.659380473395787,0.23076923076923078,6.027880441661603,5.548334064176905,12.58459226013316,0.4044039856937678,2.4166666666666665,3.44,1.65,1.79,0.752964511484808,2.869230769230769,1.535,1.79,1.2799999999999998,1.484,0.2550000000000001,26
-681.08987792,311.1958717643233,7.355103194029816,-6.345887718,-2.260618635000001,0.3106,3.74981058,14,1.8,3.0,1.3093073414159542,103.846,135.97,70.87660887566706,2.658,2.49,1.3573714093265494,3913.2,6164.187491354512,752.52,1086.7005054620286,-4.142,1.713963660224869,0.17544875040043734,0.3651371652034506,3.4,2.32992949004287,1.8,0.5345224838248488,0.0,5.508122390174284,7.355103204305899,15.559793588216163,0.6861523203010268,2.1366666666666667,3.44,0.95,2.49,1.0198801672527786,2.658,1.955,2.49,1.42,1.955,0.5350000000000001,20
-394.54583063,640.6037446984542,5.7121711766165895,-6.6198656775,-2.438738281388889,0.42209999999999903,2.26629469,140,1.4444444444444444,3.0,1.4142135623730951,90.0611111111111,127.05,77.93910317900654,2.4166666666666665,2.55,1.56487115735783,4590.0,7201.542226133414,1120.0,1580.5601978825214,-3.9322222222222223,1.883724340582865,0.29468373723465674,0.2632211569185951,3.5555555555555554,2.4316750354973156,1.7777777777777777,0.8340576562282991,0.1111111111111111,5.013197822474205,5.712171184597272,17.794548463845945,0.8724219477769143,2.07,3.44,0.89,2.55,1.0496666137398103,2.4166666666666665,2.0549999999999997,2.55,1.56,2.3024999999999998,0.4949999999999999,36
-759.25982484,281.0322381572287,4.558268726937316,-11.235359751428572,-2.835161980714285,0.161999999999999,7.5777006700000005,1,3.857142857142857,5.0,2.9519969028245465,101.10000000000001,98.5,61.03789806341631,2.6614285714285715,1.8299999999999998,1.1893155294417999,8169.714285714285,13106.844733082895,1501.8285714285714,2186.5603555748075,-5.091428571428572,0.9234833125570966,0.10515068900671835,0.5150635324108471,2.7142857142857144,1.164964745021435,2.2857142857142856,0.5976143046671968,0.2857142857142857,5.419132845432825,4.558268733305839,10.036865648472453,0.46133262458989255,2.2266666666666666,3.44,1.61,1.8299999999999998,0.8579950789809668,2.6614285714285715,1.8199999999999998,1.8299999999999998,1.81,1.8166666666666667,0.009999999999999898,28
-426.8943416,77.29908558651587,7.356434052251263,-5.390518846000001,-1.447628566500001,0.0,1.91578066,221,2.0,2.0,0.8451542547285166,112.22,94.1,50.686036397752446,2.632,2.62,1.4162929479050985,2751.2,5539.096264605935,613.72,933.3574051317564,-3.998,2.0861344977870298,0.12992872459836685,0.3054890645841803,3.4,2.32992949004287,1.8,0.5345224838248488,0.0,5.282527554092464,7.356434062529205,15.459817117303174,0.9603375751109552,2.0933333333333333,3.44,0.82,2.62,1.0708667309966986,2.632,2.02,2.62,1.42,2.02,0.6000000000000001,5
-449.52555678,258.5959349276951,6.106813816529397,-7.715396126249992,-2.119747337916659,0.8623000000000001,5.25029396,65,2.8333333333333335,4.0,2.068278940998476,121.91666666666667,76.7,41.33879668194408,2.9116666666666666,1.78,1.068594611835772,6848.0,13256.023938823688,860.8000000000001,1603.477504259622,-5.2283333333333335,1.379140231367999,0.13689320833851193,0.20925294192131413,2.8333333333333335,1.7159383568311666,2.1666666666666665,0.5270462766947298,0.16666666666666666,6.2277843469713705,6.10681382506145,10.774830621987297,0.43130153000637894,2.3833333333333333,3.44,1.66,1.78,0.7639517145881815,2.9116666666666666,1.085,1.78,0.3899999999999999,1.502,0.6950000000000001,24
-612.48097588,1002.9626950383653,3.362714362781847,-6.60618519703125,-1.73185696134375,2.1388,1.64300027,61,2.25,3.0,1.3784048752090223,86.525,125.3,70.44074815048461,2.3825,2.62,1.4118463089160946,4143.5,7135.631688925655,1086.6,1572.3172504300778,-4.265000000000001,2.3837533429446935,0.1457184140850546,0.2187590548843701,3.0,1.2649110640673518,2.0,0.8944271909999159,0.25,4.853977921794106,3.362714367480019,15.671292109974457,0.9237565636676387,2.03,3.44,0.82,2.62,1.078919212298431,2.3825,2.115,2.62,1.6099999999999999,2.115,0.5050000000000001,64
-285.61672979,209.7742886267484,3.948785796431041,-5.783118308124999,-2.216683605344827,2.8582,0.09320264,33,2.5,4.0,1.8973665961010275,90.925,112.1,64.23590117683413,2.4050000000000002,2.51,1.3670552293159188,2158.5,2790.711665507564,953.35,1241.3915079458213,-3.56,1.9798585808082356,0.3214918443068534,0.2494130281123728,2.75,1.0488088481701516,1.75,0.5477225575051662,0.0,4.749911756205586,3.948785801948034,13.110893039171774,0.6757997684980069,2.06,3.44,0.93,2.51,1.0398397312406689,2.4050000000000002,2.07,2.51,1.63,2.07,0.43999999999999995,16
-738.56638805,119.77140138378309,5.959897098396696,-8.027599675714287,-3.430814742857144,2.9787999999999992,1.8792550000000001,139,2.2857142857142856,8.0,3.295017884191656,90.42857142857143,127.05,78.04026090056703,2.41,2.55,1.5835719118499165,5412.571428571428,9541.038068709895,1332.685714285714,2162.5336800019686,-4.345714285714286,2.1455518770570094,0.3880422687592363,0.2535431062177696,3.5714285714285716,2.434865792722759,1.8571428571428572,0.8451542547285167,0.0,5.03345813052865,5.959897106723486,17.110200197683298,0.8556064334206542,1.8866666666666667,3.44,0.89,2.55,1.1129640105991248,2.41,2.33,2.55,2.11,2.403333333333333,0.21999999999999997,7
-777.07454843,491.4574037777165,9.283679194004945,-7.9195099782352925,-2.406476838215685,2.7997,3.8366377,2,2.823529411764706,5.0,2.2087051361325662,116.34117647058824,110.0,52.26712056247113,2.8776470588235292,1.94,1.0833007618111143,6943.64705882353,16069.60836906535,1164.8352941176472,2540.979382155735,-5.2688235294117645,2.087129478364833,0.11951955349502441,0.352989879999818,3.411764705882353,2.6711673731039647,2.1176470588235294,0.45022516889074815,0.11764705882352941,6.087440615382263,9.28367920697551,14.454629522874015,0.4237266730242213,2.32,3.44,1.5,1.94,0.8199186951562129,2.8776470588235292,1.68,1.94,1.42,1.5933333333333333,0.26,34
-498.9176439,928.6532929159865,6.202404431213878,-6.45084857462963,-2.391840418518519,2.516,2.99332622,2,1.7777777777777777,3.0,1.3385315336840842,99.12666666666667,138.63,71.9586461969651,2.582222222222222,2.44,1.3217854087054626,4443.333333333333,6215.51566645922,848.7777777777778,1102.2791237552613,-4.1033333333333335,1.5839862688798791,0.11993326029869324,0.31071029271082545,3.3333333333333335,2.1213203435596424,1.7777777777777777,0.5400617248673217,0.0,5.3974707457109705,6.2024044398794835,17.197283202147897,0.5666044307151874,2.1533333333333333,3.44,1.0,2.44,1.0005776109605669,2.582222222222222,1.93,2.44,1.42,1.93,0.51,54
-446.11923766,854.6926762601632,5.672920227036166,-6.841925506911765,-1.8433700310294112,1.342499999999999,4.14588751,1,2.5294117647058822,5.0,1.7940875118009154,126.78823529411765,90.4,37.261457969328035,3.006470588235294,1.81,1.018422493369034,6133.176470588235,13797.212195766217,717.7882352941176,1576.7717871493005,-4.842941176470588,0.6934177132147693,0.0966543007412635,0.3240781219462231,2.823529411764706,1.9445436482630059,2.0588235294117645,0.3535533905932738,0.058823529411764705,6.513116671088436,5.672920234962009,12.569009945002401,0.33810300740747046,2.373333333333333,3.44,1.63,1.81,0.7734913631637325,3.006470588235294,1.115,1.81,0.41999999999999993,1.4625,0.6950000000000001,68
-707.0346809,221.38251842468068,6.561382893694423,-8.974905162857143,-3.267546114380951,0.0,3.29983376,143,3.2857142857142856,5.0,2.698484423119426,106.52380952380952,110.0,69.1872623589579,2.814285714285714,1.94,1.2536397916757138,7328.952380952381,17528.156184732143,1410.6571428571428,2898.9178140063987,-5.356190476190476,2.3348803745880353,0.3478357421932577,0.26882180255472143,2.761904761904762,1.949358868961793,2.142857142857143,0.49543369430686235,0.14285714285714285,5.87591990810255,6.5613829028615696,10.542024686889556,0.3780875620350566,2.1833333333333336,3.44,1.5,1.94,0.8897315450304222,2.814285714285714,1.8849999999999998,1.94,1.8299999999999998,1.877142857142857,0.05500000000000005,21
-420.8286843,277.27154852600364,8.095767564980198,-7.191348434166667,-1.8304135737499991,1.3615,3.28164955,36,2.1666666666666665,6.0,2.5278931746494004,95.35000000000001,141.0,78.7928280752605,2.8125,1.79,1.0279051631304532,7800.333333333333,16596.811712626924,1318.95,2739.675191269676,-4.850983333333333,3.5543945870552704,0.1934316666666672,0.30687883844899516,3.1666666666666665,2.0121581666968624,2.4166666666666665,0.6533217188282376,0.16666666666666666,6.123022503756089,8.09576757629109,11.552981188583486,0.41737729383162425,2.483333333333333,3.44,1.65,1.79,0.7359498775203528,2.8125,1.435,1.79,1.08,1.5060000000000002,0.355,24
-627.15689015,54.679033480568016,7.317822547424058,-5.557899998,-1.600919785333332,1.5326,4.34328276,71,1.6,1.0,0.6123724356957945,121.3,145.70000000000002,69.47562522208779,2.224,2.46,1.3756271297121179,5288.8,9324.724205036844,1501.6799999999998,1832.9545793608743,-3.444,1.7503678184884457,0.08826438020278209,0.32589288430688984,2.8,2.0,1.8,0.9354143466934854,0.2,4.912280758193226,7.3178225576480544,10.935806696113604,0.6886671315813405,2.233333333333333,3.44,0.98,2.46,1.004832766627805,2.224,1.81,2.46,1.1600000000000001,2.026666666666667,0.6499999999999999,5
-320.62635211,88.66194038208619,9.105315939524148,-5.83687958625,-0.6081255025000001,0.0,2.73267253,167,2.0,0.0,0.0,157.075,64.30000000000001,45.46696603029501,3.15,1.1600000000000001,0.8202438661763952,5166.5,13985.157918307537,1092.15,2833.942557639445,-4.6225000000000005,1.0394469683442251,0.06431007294786473,0.46864188397147816,3.0,2.8284271247461903,2.25,0.7071067811865476,0.25,6.991010894233806,9.105315952245515,11.082742547760773,0.29370732687987977,2.86,3.44,2.28,1.1600000000000001,0.5800000000000001,3.15,1.1600000000000001,1.1600000000000001,1.1600000000000001,1.1600000000000001,0.0,8
-537.29664358,64.74041172752274,11.648979383694853,-6.248954900000001,-0.9266031233333341,0.6463999999999991,4.60796705,58,2.0,0.0,0.0,162.43333333333334,64.30000000000001,45.46696603029501,3.0533333333333332,1.1600000000000001,0.8202438661763952,6814.666666666667,13985.157918307536,1426.1333333333332,2833.942557639445,-4.5,1.0394469683442251,0.009080097263819495,0.4686418839714781,3.3333333333333335,2.8284271247461903,2.3333333333333335,0.7071067811865476,0.3333333333333333,6.8170741945429345,11.648979399970067,10.79006862125379,0.37428097058018617,2.86,3.44,2.28,1.1600000000000001,0.5800000000000001,3.0533333333333332,1.1600000000000001,1.1600000000000001,1.1600000000000001,1.1600000000000001,0.0,6
-359.31809963,837.6689258086527,4.048522256479207,-7.619861021071428,-3.448150932499999,4.1027,1.66049329,173,2.5714285714285716,5.0,2.220038609702865,94.70714285714287,127.05,71.66763938985493,2.552857142857143,2.55,1.386645489765035,4326.857142857143,6366.421421354835,1155.4,1648.550654362795,-4.195714285714286,1.4205959514030924,0.41364296481614066,0.2904554788749753,2.857142857142857,1.7928429140015905,1.8571428571428572,0.46291004988627577,0.0,5.097011747652727,4.048522262135545,14.958373675154514,0.5884075909001776,1.9799999999999998,3.44,0.89,2.55,1.0734057946554973,2.552857142857143,2.19,2.55,1.8299999999999998,2.07,0.36,56
-508.09509638,210.2927453202032,5.795669555847594,-6.732293454117646,-1.729143318113589,1.096199999999999,4.22848423,1,2.411764705882353,3.0,1.159202311936963,123.81176470588237,141.0,52.27311689578114,3.001764705882353,1.89,1.033070363044067,5568.470588235294,12624.684723786175,638.6117647058824,1285.920096176275,-4.901764705882353,0.9514216336619638,0.12167752207216274,0.25623106046635535,2.823529411764706,1.9445436482630059,2.0588235294117645,0.3535533905932738,0.058823529411764705,6.521655696948903,5.7956695639449345,12.370161489423719,0.3491874461631898,2.3466666666666662,3.44,1.55,1.89,0.7995971207774297,3.001764705882353,1.1949999999999998,1.89,0.4999999999999998,1.5425,0.6950000000000001,17
-322.43745292,217.33326084757346,3.528010671080982,-8.051763469285714,-1.659267693990148,0.0,0.13042807,2,3.0,4.0,2.393172105652397,110.98571428571428,141.0,76.4105716150943,2.987142857142857,1.89,1.0959553740085322,7187.142857142857,18783.828683205134,1099.5714285714287,2594.294898075741,-5.614,1.481417993925844,0.1269745963069719,0.2568781041422916,2.7142857142857144,1.7320508075688772,2.2857142857142856,0.674199862463242,0.2857142857142857,6.207122448828082,3.528010676010095,15.523804346255247,0.2649201891040551,2.3833333333333333,3.44,1.55,1.89,0.7875842106650494,2.987142857142857,1.585,1.89,1.2799999999999998,1.5849999999999997,0.30500000000000005,14
-207.04036958,572.546228906111,4.276527359106488,-5.1955850825,-2.143403017894088,2.1748,1.1317019,96,1.1428571428571428,2.0,1.0307764064044151,79.5,127.05,68.36550322531093,1.9942857142857144,2.55,1.5494152122655824,3123.714285714286,4006.061844255528,981.2285714285715,1060.6039093365628,-3.0414285714285714,2.1136993636749764,0.298990894554399,0.1879831266644466,3.4285714285714284,2.0766559657295187,1.4285714285714286,0.6123724356957945,0.0,4.245454096220529,4.276527365081382,20.448079603789676,0.9419810236942687,1.7533333333333332,3.44,0.89,2.55,1.1927652279006495,1.9942857142857144,2.53,2.55,2.51,2.53,0.020000000000000018,28
-598.17980048,205.7041419513851,7.785037426935283,-9.442702570000002,-3.325803555518519,2.8397,2.50467019,136,2.888888888888889,7.0,3.2480763537823427,100.88888888888889,141.0,81.61004840091691,2.7722222222222226,2.13,1.345890040084999,9114.666666666666,20786.186706560682,1485.1333333333334,3277.5847156099567,-5.546666666666667,3.178421778178598,0.3036704137821043,0.15902129511587054,3.0,2.32379000772445,2.111111111111111,0.806225774829855,0.2222222222222222,6.108050225469519,7.7850374378120435,11.428007886188063,0.4385515983761877,2.0833333333333335,3.44,1.31,2.13,0.9624390312580267,2.7722222222222226,2.035,2.13,1.94,2.0033333333333334,0.09499999999999997,18
-295.77111349,210.46488441913135,3.352023999016409,-5.297730111,-1.43366439796875,0.036800000000000006,-0.49292054,2,1.8,1.0,0.5345224838248488,132.98,148.1,63.9453114555153,2.738,2.62,1.361784543478572,1651.2,2703.9418844135157,437.91999999999996,569.0918479723387,-3.882,2.1029469119037967,0.18098879032954318,0.17009277348370264,3.0,1.6903085094570331,1.8,0.5345224838248488,0.0,5.674550440630955,3.352024003699646,21.046488441913127,0.6029182322690692,2.27,3.44,0.82,2.62,1.0877806151364653,2.738,2.175,2.62,1.73,2.3975,0.44500000000000006,10
-644.81671153,201.3263084014837,5.302747035443835,-6.53641081076923,-2.103520399999999,0.557199999999999,5.26328679,8,2.4615384615384617,4.0,1.5954480704349312,119.96692307692307,138.63,51.58064237853013,2.796923076923077,2.44,1.1745792283351362,2947.3846153846152,4806.624784418045,1075.2769230769231,1769.0168918459665,-4.440769230769231,1.1911033845671304,0.21938648150013973,0.04198815782291338,3.076923076923077,1.9188064472004938,1.9230769230769231,0.3692744729379982,0.0,5.889046211534169,5.302747042852497,15.486639107806438,0.4110116395490564,2.1333333333333333,3.44,1.0,2.44,1.0036378275498035,2.796923076923077,1.96,2.44,1.48,1.672,0.48,13
-672.62162568,334.9949856779148,8.51929362332651,-6.291581664074074,-1.3358870674074081,0.0,4.33835653,150,2.3333333333333335,1.0,0.6708203932499369,121.34444444444443,77.3,40.96483858139807,2.9511111111111115,1.56,0.9853628773198227,4370.222222222223,8596.794623579186,823.911111111111,1568.091173369712,-4.745555555555556,0.5424158920975679,0.06945007962902218,0.3342407363043197,3.111111111111111,2.3664319132398464,2.111111111111111,0.4472135954999579,0.1111111111111111,6.187493701533167,8.519293635229127,12.407221691774623,0.4482088237395448,2.4466666666666668,3.44,1.88,1.56,0.7047142841054254,2.9511111111111115,1.49,1.56,1.42,1.4666666666666666,0.07000000000000006,27
-695.91399136,608.2714305252761,7.325375122422999,-9.989777457954546,-3.154825579045454,0.0,0.40581463,51,3.3636363636363638,5.0,3.5355339059327378,111.0,110.0,77.78174593052023,2.9109090909090907,1.94,1.3717871555019021,9979.636363636364,25298.866417292298,1628.6,3988.6479313170767,-6.1436363636363645,2.9910616844190963,0.27677732600530985,0.12128073622180309,3.090909090909091,2.82842712474619,2.272727272727273,0.7071067811865475,0.2727272727272727,6.387580834590481,7.325375132657547,13.824350693756275,0.2995266836631674,2.4699999999999998,3.44,1.5,1.94,0.97,2.9109090909090907,1.94,1.94,1.94,1.9400000000000002,0.0,44
-248.62530852,113.79724006134056,5.011409566417091,-4.6247941799999985,-1.689312636999997,0.0,5.18116312,221,1.2,4.0,2.138089935299395,36.642,138.63,71.75523843495431,1.754,2.44,1.3201623276811725,6122.4,4398.785351824817,1476.6399999999999,936.4520031938179,-2.8995802,1.6754275749193954,0.19569620000000007,0.21421105571108418,4.0,1.6903085094570331,1.4,0.6546536707079771,0.0,3.8517710311335405,5.011409573418715,22.759448012268113,0.8666368053243719,2.2566666666666664,3.44,1.0,2.44,0.9974745889272346,1.754,1.775,2.44,1.1099999999999999,2.1075,0.665,5
-674.50344417,149.38125101812372,6.148305055783227,-8.701352408,-3.639240691,3.1163,2.20775892,140,2.8,8.0,3.625307868699863,95.61,127.05,75.16755569107877,2.508,2.55,1.5366336118746253,5933.2,10841.941391782982,1419.1200000000001,2425.2005254352534,-4.7,2.029707931135484,0.3901590255203342,0.27411719342468394,3.4,2.32992949004287,2.0,0.8451542547285166,0.0,5.26696494482569,6.148305064373248,14.938125101812371,0.8025456289795284,1.8866666666666667,3.44,0.89,2.55,1.1129640105991248,2.508,2.33,2.55,2.11,2.33,0.21999999999999997,10
-137.96421276,116.260355946894,9.751712740282583,-4.4215644075,-0.8891108574999991,0.8955000000000001,1.76975033,2,1.25,2.0,1.0488088481701516,126.2,222.8,101.38260205774954,2.7775,1.75,0.9201901977308822,4811.0,6432.905533271883,1087.35,1569.610523665027,-2.965,2.5615854465545356,-0.11258525217401358,0.8404897862966915,3.75,2.2583179581272432,2.5,0.6324555320336759,0.0,6.196810685643527,9.751712753907059,14.53254449336175,0.4767589599515305,2.5566666666666666,3.44,1.69,1.75,0.7145317036742006,2.7775,1.325,1.75,0.8999999999999999,1.325,0.42500000000000004,8
-529.14789381,1020.0944985470918,5.7835495813543,-5.545642485500002,-1.572585075950002,0.49140000000000006,1.19517403,201,2.0,2.0,0.8451542547285166,112.52,92.6,49.9973142135798,2.632,2.62,1.4162929479050985,2779.2,5534.534075111602,627.92,943.5085524633195,-4.022,2.0237765263416385,0.12794152875867396,0.3037295053807509,3.2,2.138089935299395,1.8,0.5345224838248488,0.0,5.322542516037523,5.783549589434709,17.001574975784862,0.7584457195748228,2.0933333333333333,3.44,0.82,2.62,1.0708667309966986,2.632,2.02,2.62,1.42,2.02,0.6000000000000001,60
-240.85977561,71.74228473402489,8.197237478842462,-4.623651614,-0.471315778666665,0.0,2.70883702,71,1.2,2.0,0.9354143466934854,117.38,87.3,40.720418711010325,2.588,1.51,0.8782582194320757,7948.8,8262.329060258977,1657.28,1640.6489843961137,-2.848,2.3925979603769623,-0.010284726664159782,0.2559338561733251,3.8,1.8371173070873836,2.6,0.6123724356957945,0.6,5.488893135793067,8.197237490295123,14.348456946804978,0.6637392051918866,2.5233333333333334,3.44,1.93,1.51,0.6574867975015839,2.588,1.375,1.51,1.2399999999999998,1.42,0.13500000000000012,5
-649.30047806,449.7186249219648,4.442346388167345,-8.820104258461539,-3.162139099615384,0.0,7.97904536,87,5.589743589743589,7.0,4.949747468305833,77.97435897435898,122.9,86.9034234078267,2.3733333333333335,2.08,1.4707821048680187,8313.28205128205,11156.730793561346,1635.2256410256412,2130.37131035883,-5.056666666666667,0.0919238815542511,0.36320911790140953,0.18367648763873115,3.0256410256410255,1.4142135623730951,2.5128205128205128,0.7071067811865476,0.0,4.992643955750328,4.44234639437391,11.531246792870892,0.8012487555725979,2.4,3.44,1.36,2.08,1.04,2.3733333333333335,2.08,2.08,2.08,2.08,0.0,39
-471.4757908,176.75970785828287,4.96556488626975,-6.369833005999999,-2.318079119468748,3.886599999999999,1.17998316,11,1.6,2.0,1.0690449676496976,126.39000000000001,181.05,80.1570823891617,2.752,2.55,1.326633763650369,2813.2,4380.858559036769,674.3199999999999,1079.2000688340547,-4.0760000000000005,1.632998993963473,0.23110015074259685,0.2558771041932591,3.2,2.138089935299395,1.8,0.5345224838248488,0.0,5.834198029784078,4.965564893207321,17.675970785828287,0.5738268163190288,2.2933333333333334,3.44,0.89,2.55,1.0567350135624771,2.752,2.1049999999999995,2.55,1.6599999999999997,2.3274999999999997,0.44500000000000006,10
-287.57080273,149.38125101812372,6.148305055783227,-8.701352408,-3.639240691,3.1163,2.20775892,140,2.8,8.0,3.625307868699863,95.61,127.05,75.16755569107877,2.508,2.55,1.5366336118746253,5933.2,10841.941391782982,1419.1200000000001,2425.2005254352534,-4.7,2.029707931135484,0.3901590255203342,0.27411719342468394,3.4,2.32992949004287,2.0,0.8451542547285166,0.0,5.26696494482569,6.148305064373248,14.938125101812371,0.8025456289795284,1.8866666666666667,3.44,0.89,2.55,1.1129640105991248,2.508,2.33,2.55,2.11,2.33,0.21999999999999997,10
-276.72571748,270.9121553948899,7.701226062859422,-9.111064951,-3.812364923999999,4.1704,2.09226381,62,2.8,8.0,3.625307868699863,85.606,141.0,90.68462761523743,2.5140000000000002,2.49,1.5227231246309074,6833.2,13105.815786457988,1360.3200000000002,2484.700083079876,-4.954,2.7220344282487368,0.3849696638992441,0.2686717576787315,3.4,2.32992949004287,2.0,0.8451542547285166,0.0,5.30552983409664,7.701226062859422,13.545607769744496,0.765165944500387,1.8966666666666665,3.44,0.95,2.49,1.1006159891422418,2.5140000000000002,2.315,2.49,2.1399999999999997,2.315,0.17500000000000027,20
-380.36320934,498.9382964624441,5.946568654173021,-5.462751778095238,-1.82219273952381,0.9483,2.9557062,15,1.4285714285714286,3.0,1.4113126084211551,90.4,141.0,87.15445870482557,2.710952380952381,1.79,1.1411721038002127,4453.047619047619,7972.452281265106,622.0190476190476,862.2549267406505,-3.6671428571428573,2.303157312594469,0.25893085002566596,0.2227315511462914,2.9523809523809526,1.5230469891462777,2.3333333333333335,0.6337502222976297,0.0,6.175482271279528,5.946568662481189,11.879483249105812,0.4350814878601702,2.38,3.44,1.65,1.79,0.7671158104658427,2.710952380952381,1.095,1.79,0.3999999999999999,1.5914285714285714,0.6950000000000001,42
-255.70348555,638.8385424823483,3.745795200665111,-6.263184410333333,-2.509190043444444,3.4079,0.04627805,14,2.4,7.0,2.8876002656388655,85.57333333333332,133.4,68.57658556851088,2.1386666666666665,2.62,1.5928738364426511,3472.9333333333334,7771.430987162872,901.16,1438.5937563754242,-3.4553333333333334,2.631612958758541,0.22840634597329737,0.0942737020873001,3.466666666666667,1.8109146210426053,1.7333333333333334,0.8744746321952063,0.13333333333333333,4.2487962562039145,3.7457952058984985,21.294618082744943,1.1129294238441496,1.9333333333333333,3.44,0.82,2.62,1.1051797239463916,2.1386666666666665,2.26,2.62,1.9,2.4400000000000004,0.3600000000000001,30
-310.82038946,415.7907225286904,4.744516357315888,-7.629496790555556,-2.562479393333333,0.0,4.341172,33,3.3333333333333335,8.0,3.9686269665968856,108.66666666666667,122.9,63.96484385973282,2.6355555555555554,2.08,1.1915186388247003,6590.0,9333.54353929953,1450.7777777777778,1976.5069925671062,-4.361111111111111,1.6200398657646258,0.24937269502440992,0.18931058792089797,2.888888888888889,1.2909944487358056,2.4444444444444446,0.6454972243679028,0.2222222222222222,5.616678137591296,4.744516363944625,11.549742292463623,0.5719266828987977,2.233333333333333,3.44,1.36,2.08,0.881261721750254,2.6355555555555554,1.81,2.08,1.54,1.81,0.27,36
-793.91443521,104.25051788767347,5.593280875660874,-7.861668011000001,-2.135882778586207,1.6731999999999991,3.4436629,148,3.0,3.0,1.6903085094570331,108.4,141.0,73.31731426769922,2.7760000000000002,1.89,1.1039733433634813,9133.2,16567.51490977794,1139.52,1747.0468928206494,-5.2459999999999996,1.2075240311125428,0.16319657746360097,0.1329816549519245,2.8,1.3093073414159542,2.2,0.5345224838248488,0.2,5.920630304053708,5.59328088347545,10.425051788767346,0.42953469578890574,2.3333333333333335,3.44,1.55,1.89,0.8047497885816574,2.7760000000000002,1.1749999999999998,1.89,0.45999999999999974,1.5324999999999998,0.7150000000000001,10
-592.55041455,119.77140138378309,5.959897098396696,-8.027599675714287,-3.430814742857144,2.9787999999999992,1.8792550000000001,139,2.2857142857142856,8.0,3.295017884191656,90.42857142857143,127.05,78.04026090056703,2.41,2.55,1.5835719118499165,5412.571428571428,9541.038068709895,1332.685714285714,2162.5336800019686,-4.345714285714286,2.1455518770570094,0.3880422687592363,0.2535431062177696,3.5714285714285716,2.434865792722759,1.8571428571428572,0.8451542547285167,0.0,5.03345813052865,5.959897106723486,17.110200197683298,0.8556064334206542,1.8866666666666667,3.44,0.89,2.55,1.1129640105991248,2.41,2.33,2.55,2.11,2.403333333333333,0.21999999999999997,7
-335.80349481,264.0651098774407,4.099159386853135,-4.001340740833331,-1.027251272138884,1.4858,0.025970260000000002,139,1.3333333333333333,1.0,0.5773502691896257,105.0,92.6,49.618141843483016,2.063333333333333,2.62,1.3150792118094383,4617.333333333333,5882.55398048614,1185.7333333333333,1179.9352581109413,-2.2600000000000002,2.371476333426079,0.12933279567776476,0.21452239029572445,3.6666666666666665,1.5275252316519465,2.0,1.0,0.3333333333333333,4.327503145510133,4.099159392580221,22.00542582312006,0.9492250073126061,2.063333333333333,3.44,0.82,2.62,1.0737576800915352,2.063333333333333,2.065,2.62,1.51,2.065,0.555,12
-541.10551372,287.2830710325699,7.102476472936274,-8.386117031363638,-2.067069726363636,2.782999999999999,1.88574116,13,2.909090909090909,4.0,2.3858557568108956,126.5909090909091,62.400000000000006,37.476418226358334,3.1090909090909093,1.48,0.8378727643447835,7161.454545454545,20233.10254926888,1386.6000000000001,3414.4458041138637,-5.760163636363637,2.892933946505892,0.13106236953413272,0.3031192765540217,3.0,2.5191573682788944,2.1818181818181817,0.5883484054145521,0.18181818181818182,6.485757733602647,7.102476482859402,13.058321410571363,0.28278916168739543,2.5866666666666664,3.44,1.96,1.48,0.625104435718989,3.1090909090909093,1.28,1.48,1.08,1.2133333333333334,0.19999999999999996,22
-628.84320137,833.3627512821313,4.971519910153703,-6.882938475714285,-2.911548753571428,3.6821,1.23328835,33,1.7142857142857142,4.0,1.6903085094570331,99.00857142857141,135.97,79.24127915063318,2.524285714285714,2.49,1.4641867562380344,6955.428571428572,14149.127444071291,966.2571428571429,1461.3070431246522,-3.9442857142857144,1.92012834392466,0.299664124926477,0.18144387979640184,3.142857142857143,1.7928429140015905,1.7142857142857142,0.5976143046671968,0.0,5.327891393349243,4.971519917099595,14.88147770146663,0.7566547821915477,2.1333333333333333,3.44,0.95,2.49,1.020272294809359,2.524285714285714,1.775,2.49,1.0599999999999998,2.204,0.7150000000000002,56
-635.04526026,497.82238866711674,7.430381330389186,-7.176059058529412,-1.9904402094117661,2.354899999999999,3.337088,4,2.823529411764706,5.0,2.2087051361325662,118.6470588235294,90.4,45.17953375445867,2.892941176470588,1.81,1.0462694345768349,5390.705882352941,10831.822469003082,923.5411764705883,1733.8783496402946,-4.8864705882352935,0.7727154645723027,0.01910902990726501,0.4020895117083909,3.176470588235294,2.35956936061807,2.1176470588235294,0.45022516889074815,0.11764705882352941,6.001157583218635,7.430381340770442,14.641834960797551,0.3985103759900365,2.3633333333333333,3.44,1.63,1.81,0.777788888809525,2.892941176470588,1.615,1.81,1.42,1.55,0.19500000000000006,34
-531.82963193,155.51158454528982,4.627600053788692,-7.88001573,-3.013763015555556,1.6920000000000002,1.8345027999999992,123,3.111111111111111,7.0,3.433899629672753,97.88888888888889,99.9,62.663579267918195,2.388888888888889,2.62,1.5424912209366595,5276.666666666667,10965.141243960334,1304.111111111111,2388.3945217795713,-4.452222222222222,2.564047906468728,0.35227518345253395,0.26056779043384815,3.3333333333333335,1.9364916731037085,2.0,0.8660254037844386,0.0,4.90749823685135,4.627600060254081,17.27906494947665,0.9288320702866023,1.8633333333333333,3.44,0.82,2.62,1.1341467669084495,2.388888888888889,2.365,2.62,2.11,2.3649999999999998,0.2550000000000001,9
-459.61453048,44.99835105523658,10.298631066389376,-8.059527845625,-1.654502145625,0.0,5.39406436,166,3.0,4.0,2.1908902300206647,137.9,141.0,63.178920535254484,2.705,1.78,0.970175241902204,10236.0,12668.792902246054,1805.6,2230.358414246464,-5.1975,1.7063030211542145,0.02370640413825953,0.34374453699409124,3.5,2.0976176963403033,2.5,0.6324555320336759,0.5,5.857897431407857,10.298631080777971,11.249587763809146,0.524676834524926,2.4599999999999995,3.44,1.66,1.78,0.7377443098165289,2.705,1.4700000000000002,1.78,1.1600000000000001,1.4700000000000002,0.30999999999999994,4
-720.57135324,197.76519734263016,3.615630360957872,-4.8230165,-1.9233487985517241,1.5152,0.7175575200000001,36,1.2,2.0,0.9354143466934854,80.31,127.05,64.42971461212598,1.9259999999999997,2.55,1.545327635163495,2728.8,3552.588000317515,927.0799999999999,965.6614391182864,-2.874,2.183139940544353,0.26548710163356193,0.1725130358894289,3.2,1.8371173070873836,1.4,0.6123724356957945,0.0,4.149934025946762,3.615630366009401,19.776519734263015,0.9334036059811273,1.7533333333333332,3.44,0.89,2.55,1.1927652279006495,1.9259999999999997,2.53,2.55,2.51,2.523333333333333,0.020000000000000018,10
-411.7662548,86.18009943056134,5.187719643290688,-5.4908233225,-2.077012358124999,1.5432000000000001,1.34843143,121,1.0,2.0,1.2977713690461004,70.5,141.0,91.49288151775006,2.535,1.8699999999999999,1.1749132106805076,3861.0,4728.604289461721,830.35,1143.6284987520617,-3.4400000000000004,2.2399624056995617,0.3203488422280719,0.12119949536101209,2.75,1.2565617248750864,2.25,0.8583950752789521,0.0,5.945582213413536,5.18771965053864,10.772512428820168,0.4570213698789032,2.22,3.44,1.57,1.8699999999999999,0.863288287113098,2.535,1.83,1.8699999999999999,1.79,1.81,0.039999999999999925,8
-391.41725217,270.8505755335312,6.133481830045935,-6.450113695833334,-1.960145810277778,0.974399999999999,4.8029141200000005,14,2.1666666666666665,2.0,0.7928249671720918,124.76666666666667,81.4,36.45010679976515,2.8874999999999997,2.46,1.1845306484607552,5323.0,11954.573475094316,659.7166666666667,1158.5261836858563,-4.511666666666667,1.264140588926496,0.129030215034975,0.24465964527937586,2.75,1.8631770102243563,1.9166666666666667,0.3964124835860459,0.0,6.256326323961063,6.133481838615246,11.285440647230466,0.4306317718635881,2.1566666666666667,3.44,0.98,2.46,1.0071191036262241,2.8874999999999997,1.765,2.46,1.0699999999999998,2.080909090909091,0.6950000000000001,24
-344.59772815,156.88332389410033,3.997876048238741,-6.512563965833332,-1.437157760229884,0.7090000000000001,1.71783128,9,2.1666666666666665,2.0,0.8790490729915325,100.53333333333335,88.2,51.9733673056779,2.5016666666666665,2.51,1.266830332329113,5944.333333333333,9338.735450701119,1304.4333333333334,1781.072163817983,-4.25,1.7385887694020428,0.10787835419555576,0.1941386613088404,2.8333333333333335,1.1481209945740989,2.1666666666666665,0.8790490729915325,0.3333333333333333,5.302555466413584,3.9978760538243208,13.073610324508358,0.6088008430960371,2.0833333333333335,3.44,0.93,2.51,1.0347409767129592,2.5016666666666665,2.035,2.51,1.56,1.8766666666666667,0.47499999999999987,12
-151.59645735,273.4878134372338,5.81352277375989,-5.274442168000002,-1.4144812314687512,3.0904,1.41065876,62,1.6,2.0,1.0690449676496976,123.6,195.0,87.18453335966682,2.912,1.75,0.9374509510978618,2473.2,3703.9679881368925,453.71999999999997,595.9574912932729,-3.872,2.1277822122710637,0.19400000000000028,0.1870064933937551,3.0,1.6903085094570331,2.2,0.5345224838248488,0.0,6.471309801026898,5.813522781882174,13.67439067186169,0.36101781895184815,2.56,3.44,1.69,1.75,0.7144695001654492,2.912,1.305,1.75,0.8599999999999999,1.5274999999999999,0.44500000000000006,20
-323.4235954,281.0113696613671,4.421518708120131,-4.803311777857141,-1.8299430271428552,2.4181,0.57973211,12,2.0,4.0,1.6733200530681511,84.65714285714286,112.1,62.81308780819489,2.084285714285714,2.62,1.5566052807311173,1832.2857142857142,2280.2301638211875,804.3714285714286,1013.4075271084185,-2.982857142857143,2.3843070272093736,0.314975979277592,0.18292718575259123,3.5714285714285716,1.7888543819998317,1.5714285714285714,0.6324555320336759,0.0,4.024873457128486,4.421518714297597,20.07224069009765,1.2455146948703881,2.0233333333333334,3.44,0.82,2.62,1.0801954555645115,2.084285714285714,2.125,2.62,1.63,2.3725,0.4950000000000001,14
-397.94858993,145.6420097294984,9.986487550224822,-5.382935542499999,-1.1179759625,1.0829,3.6047394600000002,11,2.0,2.0,0.8944271909999159,149.0,131.60000000000002,59.71693227217889,2.8600000000000003,1.42,0.7696232844710456,5961.0,7294.504342311409,1286.6,1619.8918284873223,-3.7525,2.088030172195795,-0.28141033433798396,0.770275965335996,4.0,2.5298221281347035,2.25,0.5477225575051662,0.0,6.061020986381179,9.986487564177308,18.2052512161873,0.40198342225217404,2.6666666666666665,3.44,2.02,1.42,0.5865909041989049,2.8600000000000003,1.16,1.42,0.8999999999999999,1.16,0.26,8
-491.21266284,223.51876103395378,4.479186322604868,-5.6125406187500015,-1.133686287460938,0.0,2.03208408,15,1.875,1.0,0.45374260648651504,151.675,76.6,35.747858841680376,3.025,1.54,0.7788377464492318,3126.25,5980.1417945022795,695.875,1392.60839265535,-4.242500000000001,1.4431786812042207,0.13342741846276224,0.17834136038998427,2.75,1.3284223283101428,2.125,0.45374260648651504,0.125,6.64057890650708,4.479186328862902,13.969922564622111,0.24670090867666716,2.6299999999999994,3.44,1.9,1.54,0.6312421616675068,3.025,1.095,1.54,0.6499999999999999,1.2857142857142858,0.44500000000000006,16
-395.92367183,324.2898700132274,5.341650468674866,-7.035309243333333,-3.0589600226666662,2.691799999999999,1.37811955,225,1.6,8.0,2.6396480703843594,83.52,127.05,83.2342465478429,2.279333333333333,2.55,1.6774077543023187,4718.4,7710.315620501014,1217.4399999999998,1817.5390137357747,-3.8733333333333335,2.2016178069187977,0.38521992641110586,0.23172800986467115,3.8,2.6120070147611187,1.6666666666666667,0.8032193289024988,0.0,4.738139435552911,5.3416504761378825,21.619324667548494,0.8406533565034383,1.8866666666666667,3.44,0.89,2.55,1.1129640105991248,2.279333333333333,2.33,2.55,2.11,2.487142857142857,0.21999999999999997,15
-371.92925161,129.7370225187281,5.622317029245783,-5.85339140625,-2.62474909625,0.5407000000000001,1.57081224,221,1.0,2.0,1.2977713690461004,72.38625,141.0,89.06738925637917,2.2874999999999996,2.49,1.5243117515093407,3898.5,4818.838427409004,795.725,947.6611602977312,-3.23875,2.293225147897033,0.35095403024677535,0.16973939968839172,3.5,1.9466570535691503,1.75,0.8583950752789521,0.0,4.922929649661749,5.622317037100928,16.217127814841014,0.9230103208077828,2.026666666666667,3.44,0.95,2.49,1.0440412933510925,2.2874999999999996,2.12,2.49,1.75,2.305,0.3700000000000001,8
-650.67077459,290.4126576988975,5.723273606957043,-8.69063146909091,-3.391358489545456,2.8091,3.4072269,63,4.0,7.0,4.295534064959305,107.18181818181819,111.4,68.0206230586748,2.708181818181818,2.2199999999999998,1.385918817154142,5041.272727272727,9406.859844232413,1210.7636363636364,2166.9190612629063,-5.044545454545455,0.506238500466765,0.3132645435077819,0.3407997895186916,3.090909090909091,2.0160645150967413,2.272727272727273,0.6221710168382552,0.0,5.76491048551401,5.723273614953237,13.200575349949885,0.6362709909596163,2.2366666666666664,3.44,1.22,2.2199999999999998,0.9158723831529273,2.708181818181818,1.525,2.2199999999999998,0.8299999999999998,2.04625,0.695,22
-233.28131252,298.31367379714715,3.086961243518458,-4.48539464375,-1.719177010064655,1.7869000000000002,0.5915842,9,1.25,2.0,0.8583950752789521,81.01875,127.05,62.36844628580435,1.86625,2.55,1.5820963773956442,2383.25,3103.4380765107658,879.7,891.0342187297682,-2.7275,2.2924475543561917,0.23617128282782954,0.1517801316876472,3.0,1.5894388284780525,1.375,0.6282808624375432,0.0,4.068118595823257,3.0869612478313666,18.644604612321686,0.9524216573327656,1.7533333333333332,3.44,0.89,2.55,1.1927652279006495,1.86625,2.53,2.55,2.51,2.518,0.020000000000000018,16
-341.90198067,356.7483355293301,6.236129956572592,-7.344153459666663,-2.857885393999998,2.800199999999999,4.48473545,55,2.933333333333333,3.0,1.7367006167610077,108.09333333333333,98.5,57.70442203662251,2.7626666666666666,1.8299999999999998,1.1295174533487098,4439.866666666667,6959.015813804003,1043.5866666666666,1618.9647751652308,-4.5326666666666675,0.7653662416588335,0.28662662284588275,0.43007195953401217,2.8,1.7870501915438117,2.0,0.0,0.0,5.540228760029097,6.236129965285317,11.891611184311005,0.42148760626482273,2.356666666666667,3.44,1.61,1.8299999999999998,0.784106001904221,2.7626666666666666,1.625,1.8299999999999998,1.42,1.6933333333333334,0.20499999999999996,30
-759.21386395,208.0327443556739,7.0625547238901,-7.736518667857142,-3.005133088214286,2.1403,1.61815022,12,3.7142857142857144,9.0,4.511889056386788,89.02857142857144,141.0,80.30210813813403,2.6,2.2199999999999998,1.3220438721918422,3711.1428571428573,6499.099300232742,1172.6685714285716,2052.61990669764,-4.458571428571429,2.2689912799681338,0.34587738672899426,0.27048761447600267,3.4285714285714284,2.220038609702865,2.4285714285714284,0.6546536707079772,0.0,5.6313054201009525,7.062554733757455,14.859481739690992,0.6404215916397025,2.22,3.44,1.22,2.2199999999999998,0.9195651146058119,2.6,1.8299999999999998,2.2199999999999998,1.44,1.9599999999999997,0.3899999999999999,14
-317.62755573,538.6539781098929,4.74416993043778,-5.422337313750001,-1.50242969321875,3.9227,0.65472555,61,1.6,2.0,1.0690449676496976,123.6,195.0,87.18453335966682,2.904,1.79,0.9561305947859394,2683.2,4111.505667896234,481.71999999999997,647.6058457337854,-3.944,1.9500842472643516,0.21000000000000033,0.21380899352993948,2.8,1.3093073414159542,2.2,0.5345224838248488,0.0,6.52788119037898,4.744169937066032,13.466349452747323,0.2879912945011447,2.5466666666666664,3.44,1.65,1.79,0.7307682411149394,2.904,1.345,1.79,0.8999999999999999,1.5675,0.44500000000000006,40
-369.36857022,1147.9956810076205,4.302175398727449,-6.405229010625,-1.31058676809375,0.0,2.58895785,15,2.2,1.0,0.5345224838248488,136.34,131.3,56.00609660691286,2.95,1.56,0.8504620592864296,4453.2,8293.562494919952,885.72,1610.198804052291,-4.62,0.7817562645370086,0.10313027479459232,0.20814604064187633,2.8,1.3093073414159542,2.2,0.5345224838248488,0.2,6.404780418301203,4.3021754047381755,14.349946012595257,0.2702582579542453,2.623333333333333,3.44,1.88,1.56,0.6389748734409585,2.95,1.115,1.56,0.6699999999999999,1.3375,0.44500000000000006,80
-218.87921827,291.9020885644545,4.764929121330527,-6.465833464999999,-3.010709257499999,2.8163,1.99983909,62,1.0,2.0,1.2649110640673518,74.58,138.63,84.17485087601878,2.1925,2.55,1.578743171006608,4246.0,5095.7277792284,1020.1,1188.8404501866514,-3.46,1.9353139280230482,0.3213751884282459,0.15941519410396335,3.5,2.0976176963403033,1.5,0.6324555320336759,0.0,4.649454607595298,4.7649291279877835,18.243880535278407,0.9300152668046425,1.7766666666666666,3.44,0.89,2.55,1.177011280980584,2.1925,2.495,2.55,2.44,2.495,0.05499999999999994,16
-332.27018182,101.26706381606004,5.330427562165263,-7.099244788,-1.280436607,0.0,3.48442019,146,2.4,2.0,1.0690449676496976,110.14,125.3,64.86081802047916,2.812,1.6099999999999999,1.0283620818702774,6333.2,10104.46755506833,1318.12,2009.7759690359235,-4.924,0.9989136956857543,0.12381594728443321,0.19981118628130262,2.8,1.3093073414159542,2.4,0.6546536707079771,0.4,5.97368900769608,5.330427569612597,10.126706381606004,0.4841528953434312,2.393333333333333,3.44,1.83,1.6099999999999999,0.7408253655364551,2.812,1.5699999999999998,1.6099999999999999,1.53,1.57,0.039999999999999925,10
-302.66648848,453.463543407749,5.309108237537013,-7.168219441071426,-1.8522391850615731,0.0,5.72285837,135,2.7142857142857144,3.0,1.3627702877384937,110.05714285714285,141.0,63.31756695984366,2.7728571428571427,1.89,1.039319832527848,7641.142857142857,11639.455387357508,916.4,1276.7906484619944,-5.024285714285715,1.164685733209975,0.08013857495539753,0.23590954744161502,3.142857142857143,1.7928429140015905,2.142857142857143,0.46291004988627577,0.14285714285714285,6.010604238582372,5.309108244954563,16.19512655027675,0.35860220056057046,2.3466666666666662,3.44,1.55,1.89,0.7995971207774297,2.7728571428571427,1.1949999999999998,1.89,0.4999999999999998,1.4266666666666665,0.6950000000000001,28
-372.31942382,152.97874422435984,6.3781245134536615,-5.694709657857143,-1.078691433571428,0.125,2.95619077,141,1.7142857142857142,2.0,0.9258200997725515,112.57142857142857,141.0,63.05892935523542,2.7528571428571427,1.75,1.0534636748771713,5941.142857142857,9804.168588630335,1110.4,1787.7652977949874,-4.024285714285715,1.8513084176178904,0.2046325864374852,0.11637222245065294,3.0,1.5811388300841898,2.4285714285714284,0.6546536707079772,0.2857142857142857,6.004620337097231,6.378124522364771,10.927053158882845,0.5207211689824379,2.3466666666666662,3.44,1.69,1.75,0.7783029972674881,2.7528571428571427,1.6400000000000001,1.75,1.53,1.6033333333333335,0.10999999999999999,14
-189.95446941,127.04381855262282,6.117652859039323,-6.010447314999999,-0.9811618024999991,0.0,4.35159094,59,1.8333333333333333,2.0,0.8790490729915326,120.58333333333333,77.3,35.01597687290241,2.6666666666666665,1.56,0.9892880819513137,7177.666666666667,8995.369404714445,1645.1000000000001,1989.034763168032,-3.9466666666666668,1.740496271965922,0.11674834489619206,0.16045521254356188,3.0,1.2792042981336627,2.5,0.6396021490668313,0.5,5.764572317340578,6.11765286758652,10.586984879385236,0.5294601584897213,2.4066666666666667,3.44,1.88,1.56,0.7307226255943876,2.6666666666666665,1.55,1.56,1.54,1.5466666666666666,0.010000000000000009,12
-289.57546127,131.36128292763178,8.607439519434182,-3.77048224875,-0.508349317291668,0.0,1.28044933,2,1.25,2.0,1.0488088481701516,101.9,141.0,74.84095135686077,2.7024999999999997,1.51,0.9333970216365595,3508.5,5789.4517529728155,811.32,1218.0780475486781,-2.745,2.8459304278214534,0.12734368820239944,0.18144898058243245,3.75,2.2583179581272432,2.5,0.6324555320336759,0.25,6.024374311562164,8.607439531459951,16.420160365953972,0.504014702820224,2.4566666666666666,3.44,1.93,1.51,0.6959086785555191,2.7024999999999997,1.475,1.51,1.44,1.475,0.03500000000000003,8
-487.49319549,300.30559622315633,5.869625819890577,-6.7772064899999975,-2.570062335909088,1.370399999999999,3.65151314,74,1.8181818181818181,3.0,1.286953767623375,109.40545454545455,135.97,70.42093618466741,2.7345454545454544,2.49,1.3618163422429619,5177.636363636364,10236.284079195926,696.4909090909091,1106.0852640054472,-4.23,1.712985332686769,0.20933054653228342,0.28390368450251335,3.090909090909091,1.984313483298443,1.8181818181818181,0.5303300858899106,0.0,5.840813173820839,5.869625828091246,13.650254373779832,0.6586237245400189,2.1466666666666665,3.44,0.95,2.49,1.0188337559298977,2.7345454545454544,1.795,2.49,1.0999999999999999,2.181111111111111,0.6950000000000002,22
-379.13865304,288.00607787197475,6.932041572936582,-6.398555725833333,-1.951885891944443,0.9405999999999991,5.1518326,14,2.6666666666666665,3.0,1.5634719199411433,116.01666666666667,112.1,58.45296779843128,2.9316666666666666,1.66,1.0226246188661365,3974.6666666666665,10068.546491149775,760.9666666666667,1356.0663151598121,-4.466666666666667,1.1925509539544956,0.1939623208782487,0.24603713567769514,3.0,2.0,2.0,0.0,0.0,6.023624068549848,6.932041582621591,12.000253244665615,0.4442641854672325,2.4233333333333333,3.44,1.78,1.66,0.7272933077896121,2.9316666666666666,0.9649999999999999,1.66,0.2699999999999998,1.382,0.6950000000000001,24
-396.48954263,203.59309349228687,6.605277558534719,-6.240887075,-1.884719061666666,0.542199999999999,4.61215386,136,2.0,3.0,1.161895003862225,116.93333333333334,141.0,62.795811962263855,2.9322222222222223,1.79,1.0335593838769015,5342.444444444444,11360.683421343982,604.5777777777778,1068.1419465595384,-4.383333333333334,1.6458903365655928,0.16417198339322037,0.26621947204953267,2.888888888888889,1.8303005217723127,2.111111111111111,0.4472135954999579,0.0,6.487635054599416,6.605277567763193,11.310727416238159,0.40546334036819404,2.38,3.44,1.65,1.79,0.7671158104658427,2.9322222222222223,1.095,1.79,0.3999999999999999,1.4425,0.6950000000000001,18
-149.60863766,45.97085781258352,5.435675009466814,-7.329014053750001,-1.539728060732759,0.17869999999999903,3.72212939,12,2.5,4.0,1.8973665961010275,100.1,141.0,74.02842697234624,2.5825,1.89,1.0958968929602821,6686.0,8176.507420653393,1428.6,1736.690673666442,-4.745,2.230865302971025,0.1227103804627242,0.14081478959865704,3.0,1.2649110640673518,2.5,0.6324555320336759,0.5,5.546133991606356,5.435675017061193,11.492714453145881,0.5135773730121755,2.296666666666667,3.44,1.55,1.89,0.8209885640020951,2.5825,1.7149999999999999,1.89,1.54,1.7149999999999999,0.17499999999999993,4
-340.65535635,204.06411833749345,6.060150344336365,-8.357037624166667,-2.693179919947917,1.9570999999999992,4.23612083,198,4.0,6.0,3.4641016151377544,125.7,153.9,78.08245641627829,2.44,2.11,1.059292216529509,8874.0,10815.860021283559,1910.0666666666666,2439.4630584071842,-5.023333333333333,1.5602670711558753,0.29509812462956253,0.4016237165027286,3.6666666666666665,1.5275252316519465,2.3333333333333335,0.5773502691896258,0.0,5.391315502710225,6.060150352803222,17.00534319479112,0.4483676267467465,2.44,3.44,1.33,2.11,0.8649084729996964,2.44,1.6649999999999998,2.11,1.2199999999999998,1.6649999999999998,0.44500000000000006,12
-223.66280152,251.9482984262174,4.745191647481997,-6.816495861666667,-2.045007684444444,2.004099999999999,1.1087523,15,2.6666666666666665,2.0,1.3416407864998738,132.36666666666667,33.7,17.955444856644462,2.957777777777778,1.48,0.9706466916442873,7992.444444444444,18351.95405944555,1066.9111111111113,1967.4057049830876,-4.721111111111111,0.5551396220771853,0.2072919434682069,0.046963257123787586,2.7777777777777777,1.61245154965971,2.0,0.0,0.0,6.324736610883342,4.745191654111677,13.997127690345412,0.2743514014327672,2.47,3.44,1.96,1.48,0.6861972505531239,2.957777777777778,0.7649999999999999,1.48,0.04999999999999982,1.1224999999999998,0.7150000000000001,18
-338.09372392,390.0948599940293,5.676722733642449,-5.058117122499998,-1.588238867416664,1.1376,1.66398399,193,2.0,3.0,1.2792042981336627,92.48333333333333,105.9,62.321297249889554,2.3816666666666664,2.62,1.4991345988451288,1682.6666666666667,2138.6284474783447,726.1,916.4575365851035,-3.4746501666666667,2.2411477474418913,0.18641615748308352,0.1780345226157623,3.3333333333333335,1.9069251784911847,1.6666666666666667,0.6030226891555273,0.0,4.624107928747022,5.676722741573605,16.25395249975122,1.1930209665405742,2.1966666666666668,3.44,0.82,2.62,1.0737576800915352,2.3816666666666664,1.865,2.62,1.1099999999999999,2.1166666666666667,0.7550000000000001,24
-362.28924155,204.06411833749345,6.060150344336365,-8.357037624166667,-2.693179919947917,1.9570999999999992,4.23612083,198,4.0,6.0,3.4641016151377544,125.7,153.9,78.08245641627829,2.44,2.11,1.059292216529509,8874.0,10815.860021283559,1910.0666666666666,2439.4630584071842,-5.023333333333333,1.5602670711558753,0.29509812462956253,0.4016237165027286,3.6666666666666665,1.5275252316519465,2.3333333333333335,0.5773502691896258,0.0,5.391315502710225,6.060150352803222,17.00534319479112,0.4483676267467465,2.44,3.44,1.33,2.11,0.8649084729996964,2.44,1.6649999999999998,2.11,1.2199999999999998,1.6649999999999998,0.44500000000000006,12
-590.05660778,722.9102622621566,2.309591473156702,-5.804406398374999,-2.496202980041666,4.662000000000001,0.31328897,61,1.8,4.0,1.531282986977553,90.45,98.5,54.58151922930792,2.027,2.46,1.5336012384647744,2658.8,3917.13656853469,1122.78,1193.5591426052383,-3.3,1.9469693513695623,0.2675204023056132,0.1985541780371071,2.1,0.3939192985791677,1.5,0.6565321642986128,0.0,4.370632004025766,2.3095914763835164,9.036378278276958,0.8371783027040178,2.01,3.44,0.98,2.46,1.0433599570617993,2.027,2.145,2.46,1.8299999999999998,2.355,0.31500000000000006,80
-332.26772494,31.795526085917224,3.442778640368225,-6.984548611875,-3.096943435208333,6.1183,4.08666556,166,2.5,4.0,1.8973665961010275,96.025,98.5,57.40107141857197,2.3674999999999997,2.46,1.385564866760124,3536.0,5424.956552821414,1146.85,1436.482006848676,-3.8950000000000005,1.6202839257364743,0.34676020115280676,0.27283353632566837,2.25,0.5477225575051662,1.75,0.5477225575051662,0.0,4.840238442302151,3.4427786451782563,7.948881521479307,0.7158503593793093,2.01,3.44,0.98,2.46,1.0433599570617993,2.3674999999999997,2.145,2.46,1.8299999999999998,2.145,0.31500000000000006,4
-575.57532935,240.75479429732084,5.561551400341559,-8.758069667000001,-2.7617290999999993,0.24370000000000003,5.08592387,164,3.2,7.0,3.374109569147894,103.38,141.0,64.99294636284061,2.5685,2.13,1.265385823395885,9467.1,15315.855355873902,1759.1599999999999,2846.3751025849324,-5.0875,2.2783330050831645,0.314974508729282,0.14732010915701071,3.05,1.7283458818128643,2.15,0.8548504142651104,0.3,5.555525155795948,5.561551408111804,12.037739714866044,0.535749952373312,2.1166666666666667,3.44,1.31,2.13,0.943197870132361,2.5685,1.9849999999999999,2.13,1.8399999999999999,1.9366666666666665,0.14500000000000002,20
-604.67724602,140.63330192009124,5.859582313450328,-9.660380015833333,-3.253571734166666,0.0,6.12427254,15,3.8333333333333335,6.0,3.6893239368631088,115.2,99.9,54.77280347033553,2.7816666666666667,2.11,1.3212725347599983,8114.666666666667,15961.93644615562,1676.6333333333332,3175.812817391968,-5.6000000000000005,1.233153139989785,0.3330904560532713,0.2560864586242088,3.0,2.0,2.3333333333333335,0.6666666666666667,0.16666666666666666,5.933754655757105,5.859582321636965,11.71944182667427,0.4549092705940571,2.1233333333333335,3.44,1.33,2.11,0.9375262959275091,2.7816666666666667,1.9749999999999999,2.11,1.8399999999999999,1.9749999999999999,0.135,12
-259.23757131,149.23847112129258,3.9826040830217133,-4.4885759125,-1.021018559729165,0.9659000000000001,-0.56361765,63,1.5,1.0,0.6324555320336759,114.0,92.6,48.56303120687587,2.4074999999999998,2.62,1.3971793013067437,3518.5,5786.124748050287,911.85,1214.0246109531718,-2.9425,2.595185927828679,0.15449959675832367,0.19963980203949647,3.25,1.6431676725154984,2.0,0.8944271909999159,0.25,4.9718670571956824,3.9826040885859544,18.654808890161572,0.8519127765142133,2.063333333333333,3.44,0.82,2.62,1.0737576800915352,2.4074999999999998,2.065,2.62,1.51,2.065,0.555,8
-399.31557934,388.28158042161505,9.048323853594393,-6.115731398666667,-1.1872659216666661,0.0,3.64466633,148,1.8,3.0,1.3093073414159542,114.8,151.0,76.87838262012095,2.842,1.75,1.0021548212298763,6593.2,13342.820712706462,1202.3200000000002,2388.778992348542,-4.33,2.3204679331056113,0.16908452111844977,0.25079337397634816,3.4,2.32992949004287,2.4,0.6546536707079771,0.2,6.346996489131861,9.048323866236137,12.942719347387168,0.44223877700677033,2.4433333333333334,3.44,1.69,1.75,0.7348620429864521,2.842,1.4949999999999999,1.75,1.2399999999999998,1.4949999999999999,0.2550000000000001,30
-797.38189987,640.0923644978835,8.076897143271973,-9.489772522826085,-3.43277349637681,0.0,4.94369657,127,2.8260869565217392,7.0,3.214550253664318,100.51521739130435,127.05,77.8944478124083,2.6856521739130437,2.55,1.4662423628672943,9014.347826086956,20228.992219639174,1584.2173913043478,3202.5062296756128,-5.510434782608696,3.0794967121268373,0.3071341987494042,0.15723902268273082,3.391304347826087,2.6666666666666665,2.0869565217391304,0.816496580927726,0.21739130434782608,5.7719789268618555,8.076897154556502,13.915051402127903,0.6321313851854042,1.9433333333333334,3.44,0.89,2.55,1.087208453895674,2.6856521739130437,2.245,2.55,1.94,2.16875,0.30499999999999994,46
-320.76327967,189.1249297683843,4.646473192493355,-7.068688674000001,-2.411562925,0.0,6.94554231,2,1.8,4.0,1.7780017780026671,73.64,141.0,85.82567102243718,2.479,2.13,1.2417268153144505,5481.0,7045.735498134842,1080.8,1479.7892613695085,-4.157000000000001,2.2291619284443667,0.24957313677819376,0.30989649527597407,2.7,0.9919027007433417,1.9,0.8890008890013334,0.2,5.426645624225367,4.646473198985113,9.456246488419215,0.7394421769158878,2.1933333333333334,3.44,1.31,2.13,0.906727939106078,2.479,1.8699999999999999,2.13,1.6099999999999999,1.922,0.26,20
-499.51116192,131.64008058050916,6.865742059611087,-8.2924053525,-2.562331308333333,3.6767000000000003,2.17770549,13,2.3333333333333335,6.0,2.5385910352879693,107.10000000000001,141.0,75.0099993334222,2.905,2.13,1.1526708116370432,7431.333333333333,17977.197087174383,1258.6333333333334,2963.7223190515747,-5.205983333333333,3.373730576495073,0.19676500000000055,0.34907466094900985,2.8333333333333335,2.068278940998476,2.0,0.816496580927726,0.16666666666666666,6.1543936869586044,6.865742069203465,10.97000671504243,0.4263485141370502,2.3699999999999997,3.44,1.31,2.13,0.8695976080923866,2.905,1.605,2.13,1.08,1.605,0.5249999999999999,12
-548.24764223,185.62154968060707,6.423869048604607,-5.702154303571428,-1.9064492869047611,1.179099999999999,3.63401476,227,2.5714285714285716,5.0,2.220038609702865,88.82857142857142,141.0,80.56179970326241,2.71,1.79,1.1163556780883053,2108.285714285714,3330.1935164706056,890.1142857142858,1311.1893521314369,-3.81,1.8971952983285618,0.31000000000000033,0.12247448713915869,3.142857142857143,1.7928429140015905,2.142857142857143,0.46291004988627577,0.0,5.437783759087954,6.423869057579629,13.258682120043362,0.48617384955976145,2.2899999999999996,3.44,1.65,1.79,0.8149028571962836,2.71,1.725,1.79,1.66,1.7033333333333331,0.06500000000000006,14
-426.05646386,597.886035878013,4.236502649403261,-7.831067512368421,-2.059111636052632,3.1604,2.62620036,2,2.736842105263158,5.0,2.4801537836790835,116.54736842105264,94.1,53.020135490602634,2.8947368421052633,2.62,1.2714119600243752,7961.368421052632,20994.049848070186,1196.978947368421,2805.2961634471258,-5.068526315789474,2.46878357204138,0.1379730475418651,0.2797659055159881,2.9473684210526314,2.020246358451664,2.1052631578947367,0.7997092494906697,0.21052631578947367,5.806047446586024,4.236502655322233,15.733843049421395,0.5739070863337458,2.14,3.44,0.82,2.62,1.0697040089046441,2.8947368421052633,1.95,2.62,1.2799999999999998,1.7266666666666668,0.6700000000000002,38
-248.71079802,79.97569649952503,4.192360054844873,-5.021622034,-1.274736737783332,0.0,1.13954676,221,2.4,4.0,1.8126539343499315,100.06,112.1,67.50860262641665,2.584,2.62,1.4585119618491795,1251.2,1729.6618992491815,729.52,1184.3412828596809,-3.754,2.1383003931694375,0.2750015944898503,0.09315885060868552,3.0,1.6903085094570331,1.8,0.5345224838248488,0.0,5.0106073608360955,4.192360060702172,15.995139299905006,0.7866778037686692,2.013333333333333,3.44,0.82,2.62,1.0822610077466936,2.584,2.14,2.62,1.66,2.14,0.4800000000000001,5
-469.47942057,141.5365353662609,7.08472976865481,-7.797074836999999,-2.783797551,3.0834,4.00224215,161,3.6,7.0,3.6449573777637356,106.46,122.9,64.41880825615183,2.7399999999999998,2.08,1.1791037758762857,5513.2,8923.904110389609,1042.1200000000001,1647.2396442880695,-4.83,0.5188586375057141,0.1708914902503736,0.35775264779085236,3.2,2.138089935299395,2.2,0.5345224838248488,0.0,5.688024400833706,7.084729778553145,14.15365353662609,0.5232416536760666,2.2733333333333334,3.44,1.36,2.08,0.8678453523269889,2.7399999999999998,1.75,2.08,1.42,1.75,0.33000000000000007,10
-398.93364095,165.6867949097015,6.703754651637985,-5.385026715555556,-1.553810961111112,0.0,2.60177867,123,2.0,2.0,0.8660254037844386,109.02222222222223,94.1,50.249058863491825,2.542222222222222,2.62,1.4036262560477655,3032.222222222222,5557.246545427571,671.8888888888889,926.0751949310956,-3.887777777777778,2.089148550646092,0.11880969399818533,0.3096828099999049,3.5555555555555554,2.3003622903070435,1.7777777777777777,0.5400617248673216,0.0,5.077763021647473,6.703754661004045,18.40964387885572,0.8906060028325383,2.0933333333333333,3.44,0.82,2.62,1.0708667309966986,2.542222222222222,2.02,2.62,1.42,2.0200000000000005,0.6000000000000001,9
-435.4132913,298.11228727832986,3.9598849973372383,-7.169586492187499,-2.717096784687499,3.8385,0.8360709,217,2.25,6.0,2.406132515928939,103.6125,81.4,49.64990857043577,2.2875,2.46,1.5158357083592013,4586.0,11023.286051283485,1277.85,2050.1246781084983,-4.0725,2.3779137251402807,0.23679634703307736,0.05876269876045287,2.375,1.287592612918428,1.75,0.8583950752789521,0.125,4.905692992091417,3.9598850028697385,9.316008977447808,0.7339424669622369,2.0066666666666664,3.44,0.98,2.46,1.0446477343530156,2.2875,2.15,2.46,1.8399999999999999,2.3049999999999997,0.31000000000000005,32
-244.58512754,204.06411833749345,6.060150344336365,-8.357037624166667,-2.693179919947917,1.9570999999999992,4.23612083,198,4.0,6.0,3.4641016151377544,125.7,153.9,78.08245641627829,2.44,2.11,1.059292216529509,8874.0,10815.860021283559,1910.0666666666666,2439.4630584071842,-5.023333333333333,1.5602670711558753,0.29509812462956253,0.4016237165027286,3.6666666666666665,1.5275252316519465,2.3333333333333335,0.5773502691896258,0.0,5.391315502710225,6.060150352803222,17.00534319479112,0.4483676267467465,2.44,3.44,1.33,2.11,0.8649084729996964,2.44,1.6649999999999998,2.11,1.2199999999999998,1.6649999999999998,0.44500000000000006,12
-574.60037903,134.06377366980044,7.150870686610233,-6.779329534999999,-1.5651373466666652,0.0,6.07802721,109,2.3333333333333335,1.0,0.6666666666666667,129.48333333333332,37.8,23.185687635071577,3.015,1.3900000000000001,0.8551705482923666,7048.0,13676.394651612927,1031.4666666666667,2069.9136256804964,-4.718333333333334,0.5451860029180663,0.03691399261457592,0.4140804521400261,3.0,2.0,2.1666666666666665,0.5270462766947298,0.16666666666666666,6.380492325270177,7.150870696600975,11.171981139150036,0.398245689262096,2.59,3.44,2.05,1.3900000000000001,0.6083310502240262,3.015,0.6950000000000001,1.1600000000000001,0.22999999999999998,0.9740000000000002,0.4650000000000001,12
-205.37692796,257.00605812411413,4.535901711324128,-4.123469275,-1.405377440642856,0.6513,0.27050279,14,1.1428571428571428,2.0,1.0307764064044151,74.25714285714285,141.0,75.02183015629517,2.1914285714285713,2.62,1.3985371822014603,2560.8571428571427,3119.2852145964466,630.657142857143,579.1939355690804,-2.7071428571428577,2.447719601996928,0.2771451349855002,0.06150445163986191,3.4285714285714284,1.6007810593582121,2.0,0.9354143466934853,0.0,4.7021469131439355,4.535901717661402,18.357575580293865,0.9580776064202732,1.9833333333333332,3.44,0.82,2.62,1.0895360888418928,2.1914285714285713,2.185,2.62,1.75,2.185,0.43500000000000005,14
-406.74183569,304.92591943230804,4.250628469313457,-5.024495348749999,-1.639996911468749,1.1394,0.45764756,2,1.75,2.0,0.8583950752789521,100.05,92.6,55.79869834361824,2.2800000000000002,2.62,1.5791270073249835,2347.25,4382.193046265402,661.725,807.7447948976277,-3.4075,2.370642817554144,0.17746544858648378,0.24809021068090376,3.25,1.8064212949190015,1.625,0.6282808624375432,0.0,4.565665390070728,4.2506284752521655,19.057869964519252,1.0139060267833584,2.0933333333333333,3.44,0.82,2.62,1.0708667309966986,2.2800000000000002,2.02,2.62,1.42,2.3200000000000003,0.6000000000000001,16
-684.22272825,384.2771400263827,8.499852324849448,-7.105362223666666,-2.030413166666667,0.0,4.52037488,15,1.8,3.0,1.3093073414159542,115.806,145.97,74.19605476612044,2.694,2.49,1.3302953485169051,6933.2,13360.409809796789,1325.3200000000002,2396.4608285672316,-4.484,1.9164997856956385,0.20159333725006318,0.302408444771805,3.4,2.32992949004287,2.0,0.8451542547285166,0.2,5.803224051849351,8.4998523367249,12.809238000879425,0.7265171025458249,2.1966666666666668,3.44,0.95,2.49,1.0165409758369583,2.694,1.865,2.49,1.2399999999999998,1.865,0.6250000000000002,30
-798.93776568,87.42001939959368,3.873499124580814,-7.893557943,-3.426551008,5.853700000000001,5.87476121,167,3.2,3.0,2.121320343559643,101.6,98.5,69.65001794687494,2.708,1.8299999999999998,1.2940054095713818,4413.2,7409.0648532726445,1170.92,1910.461101409814,-4.49,0.8838834764831844,0.4260000000000003,0.3464823227814081,2.4,0.7071067811865476,2.0,0.0,0.0,5.36030216150896,3.873499124580814,8.74200193995937,0.4364400264646263,2.525,3.44,1.61,1.8299999999999998,0.9149999999999999,2.708,1.8299999999999998,1.8299999999999998,1.8299999999999998,1.8299999999999998,0.0,10
-526.02977494,240.75479429732084,5.561551400341559,-8.758069667000001,-2.7617290999999993,0.24370000000000003,5.08592387,164,3.2,7.0,3.374109569147894,103.38,141.0,64.99294636284061,2.5685,2.13,1.265385823395885,9467.1,15315.855355873902,1759.1599999999999,2846.3751025849324,-5.0875,2.2783330050831645,0.314974508729282,0.14732010915701071,3.05,1.7283458818128643,2.15,0.8548504142651104,0.3,5.555525155795948,5.561551408111804,12.037739714866044,0.535749952373312,2.1166666666666667,3.44,1.31,2.13,0.943197870132361,2.5685,1.9849999999999999,2.13,1.8399999999999999,1.9366666666666665,0.14500000000000002,20
-285.13141237,492.6133731728575,8.051104990329549,-6.240245064999998,-1.779286491428569,2.0548,4.07626557,135,2.857142857142857,2.0,1.3093073414159544,105.92857142857143,105.9,61.145879431312224,2.9114285714285715,1.48,0.8214142855900599,2489.714285714286,3581.6265658416783,1039.9714285714285,1492.0081395794825,-4.480828857142858,0.784551617577336,0.12249543783935067,0.2053535050459589,3.5714285714285716,2.434865792722759,2.0,0.0,0.0,5.746136004345656,8.05110500157804,17.593334756173483,0.5298046523047653,2.5766666666666667,3.44,1.96,1.48,0.6288790733431101,2.9114285714285715,1.295,1.48,1.1099999999999999,1.2333333333333332,0.18500000000000005,28
-262.42553535,46.659781588973956,10.562793251692632,-6.2850665925,-1.5362787543749992,0.0,5.41851006,166,2.75,3.0,1.6431676725154984,129.05,176.4,80.32357063776486,2.7424999999999997,1.63,0.9069674746097568,6508.5,10235.318832356908,1688.8500000000001,2148.1664544443474,-4.1325,1.106575799482349,0.17181007294786454,0.49420892763419016,3.5,2.0976176963403033,2.25,0.5477225575051661,0.25,5.620228876635344,10.562793266450296,11.66494539724349,0.4568886399057301,2.51,3.44,1.81,1.63,0.68503041295016,2.7424999999999997,1.395,1.63,1.1600000000000001,1.395,0.23499999999999988,4
-375.22362992,272.1124358142246,3.985285485264772,-9.01962217,-2.9836072214942533,1.8237,1.88602483,186,3.75,6.0,3.7090622611575097,95.89999999999999,141.0,91.52007742254467,2.8074999999999997,1.9,1.2829491694640793,5923.0,11730.700556354559,1144.6333333333334,2183.492040876593,-5.3,0.8046010546493566,0.16442244947654672,0.1360579013487707,2.6666666666666665,1.3522468075656264,2.3333333333333335,0.6761234037828133,0.3333333333333333,5.847859841506415,3.9852854908327586,11.338018158926028,0.39112060867322224,2.1766666666666663,3.44,1.54,1.9,0.8933208954358014,2.8074999999999997,1.895,1.9,1.89,1.8974999999999997,0.0050000000000000044,24
-455.7617159,67.85317071985968,6.7836397495334655,-5.4150766325,-1.7506179754166662,0.0,1.64758652,123,1.25,2.0,1.0488088481701516,105.38749999999999,127.05,67.24838102140453,2.425,2.55,1.365532863024541,4936.0,6142.708978944062,1189.6,1396.7610303842243,-3.1550000000000002,2.384374131716749,0.21962279207425686,0.2921065676169695,3.75,2.2583179581272432,2.0,0.8944271909999159,0.25,5.098999027609438,6.7836397590111375,16.963292679964916,0.8930549487355195,2.0866666666666664,3.44,0.89,2.55,1.0469107995537261,2.425,2.03,2.55,1.51,2.03,0.5199999999999999,4
-565.75835032,134.06377366980044,7.150870686610233,-6.779329534999999,-1.5651373466666652,0.0,6.07802721,109,2.3333333333333335,1.0,0.6666666666666667,129.48333333333332,37.8,23.185687635071577,3.015,1.3900000000000001,0.8551705482923666,7048.0,13676.394651612927,1031.4666666666667,2069.9136256804964,-4.718333333333334,0.5451860029180663,0.03691399261457592,0.4140804521400261,3.0,2.0,2.1666666666666665,0.5270462766947298,0.16666666666666666,6.380492325270177,7.150870696600975,11.171981139150036,0.398245689262096,2.59,3.44,2.05,1.3900000000000001,0.6083310502240262,3.015,0.6950000000000001,1.1600000000000001,0.22999999999999998,0.9740000000000002,0.4650000000000001,12
-640.87059067,75.65513999311729,3.157413001849991,-5.96058406125,-2.636561944791666,0.0,2.84985343,221,1.125,2.0,1.2030662579644695,77.95,141.0,85.182825054177,2.33375,2.46,1.441635584291237,3748.5,5106.386465676301,758.1,872.5463377832419,-3.305,2.1904385525806425,0.3471301005764035,0.2041523894001954,2.375,0.6282808624375432,1.5,0.6488856845230502,0.0,5.209715131898543,3.1574130062613275,9.456892499139661,0.777219711758037,1.9100000000000001,3.44,0.98,2.46,1.0902293336725075,2.33375,2.295,2.46,2.13,2.2125,0.16500000000000004,8
-782.83858917,518.5696943364608,4.100241203264657,-7.841648403,-3.404013206000001,4.6708,0.72029117,15,2.0,4.0,1.6903085094570331,114.11,127.05,67.03171424248161,2.622,2.55,1.4051537790779849,11773.2,25988.642167575545,1117.32,1736.4543315947833,-4.464,1.7076633994187165,0.33054518828806967,0.17079834679891384,3.0,2.0701966780270626,1.8,0.5345224838248488,0.0,5.593356571911858,4.100241208993255,17.28565647788202,0.5775815773111171,2.0766666666666667,3.44,0.89,2.55,1.0485015763247834,2.622,1.7799999999999998,2.55,1.0099999999999998,2.165,0.77,30
-351.11880582,165.25786310812856,2.749514861687902,-6.576617355625,-2.180159844375,1.1496,0.90060469,31,2.125,5.0,1.9934101962532236,100.8875,81.4,52.09034408955676,2.295,2.46,1.5103154079790575,3798.5,8360.537857288722,1018.725,1315.6507419284353,-4.10375,2.4450675375453117,0.2010884673244074,0.06692161466307374,2.25,0.8583950752789521,1.75,0.8583950752789521,0.125,4.888027557897097,2.74951486552935,10.328616444258035,0.6465448078330175,2.026666666666667,3.44,0.98,2.46,1.0372185026416672,2.295,2.12,2.46,1.78,2.29,0.33999999999999997,16
-661.53580284,134.24335401371286,2.93765796083995,-6.206609344285715,-2.4100714059523822,3.5376000000000003,0.38632554,146,1.8571428571428572,6.0,2.0090703413180027,96.37857142857143,81.4,52.33546772331534,2.0785714285714283,2.46,1.5873694649267442,3509.4285714285716,8804.72312919709,1204.5142857142857,1717.0429367215763,-3.5714285714285716,2.382724948838657,0.22732385676496597,0.048889182501065956,2.2142857142857144,1.031327476428493,1.5714285714285714,0.8312094145936335,0.07142857142857142,4.534624271008658,2.9376579649442602,9.588811000979488,0.8014480657191296,2.0066666666666664,3.44,0.98,2.46,1.0446477343530156,2.0785714285714283,2.15,2.46,1.8399999999999999,2.3825,0.31000000000000005,14
-312.29552783,257.00605812411413,4.535901711324128,-4.123469275,-1.405377440642856,0.6513,0.27050279,14,1.1428571428571428,2.0,1.0307764064044151,74.25714285714285,141.0,75.02183015629517,2.1914285714285713,2.62,1.3985371822014603,2560.8571428571427,3119.2852145964466,630.657142857143,579.1939355690804,-2.7071428571428577,2.447719601996928,0.2771451349855002,0.06150445163986191,3.4285714285714284,1.6007810593582121,2.0,0.9354143466934853,0.0,4.7021469131439355,4.535901717661402,18.357575580293865,0.9580776064202732,1.9833333333333332,3.44,0.82,2.62,1.0895360888418928,2.1914285714285713,2.185,2.62,1.75,2.185,0.43500000000000005,14
-456.49625903,189.1249297683843,4.646473192493355,-7.068688674000001,-2.411562925,0.0,6.94554231,2,1.8,4.0,1.7780017780026671,73.64,141.0,85.82567102243718,2.479,2.13,1.2417268153144505,5481.0,7045.735498134842,1080.8,1479.7892613695085,-4.157000000000001,2.2291619284443667,0.24957313677819376,0.30989649527597407,2.7,0.9919027007433417,1.9,0.8890008890013334,0.2,5.426645624225367,4.646473198985113,9.456246488419215,0.7394421769158878,2.1933333333333334,3.44,1.31,2.13,0.906727939106078,2.479,1.8699999999999999,2.13,1.6099999999999999,1.922,0.26,20
-291.51651112,67.85317071985968,6.7836397495334655,-5.4150766325,-1.7506179754166662,0.0,1.64758652,123,1.25,2.0,1.0488088481701516,105.38749999999999,127.05,67.24838102140453,2.425,2.55,1.365532863024541,4936.0,6142.708978944062,1189.6,1396.7610303842243,-3.1550000000000002,2.384374131716749,0.21962279207425686,0.2921065676169695,3.75,2.2583179581272432,2.0,0.8944271909999159,0.25,5.098999027609438,6.7836397590111375,16.963292679964916,0.8930549487355195,2.0866666666666664,3.44,0.89,2.55,1.0469107995537261,2.425,2.03,2.55,1.51,2.03,0.5199999999999999,4
-271.36145178,97.46807538236183,6.302162373093815,-4.99208084,-1.9609385931250012,2.2727,-0.14778873,166,1.0,2.0,1.2649110640673518,73.9875,141.0,84.99412185557304,2.4425000000000003,2.55,1.3558871634468703,2683.5,4026.809108959599,738.32,1063.0153723817918,-3.0500000000000003,2.5611872247065426,0.2904712729846342,0.18193467345909936,4.0,2.5298221281347035,2.0,0.8944271909999159,0.0,5.309560339503793,6.302162381898797,24.367018845590458,0.590721545852284,2.11,3.44,0.89,2.55,1.0439348638684312,2.4425000000000003,1.9949999999999999,2.55,1.44,1.9949999999999999,0.5549999999999999,4
-345.5140229,299.1747288859557,4.626070935376495,-5.447703002499999,-1.356453151223957,2.3858,0.34615205,62,1.6666666666666667,2.0,1.0540925533894598,126.5,195.0,84.72602905837142,2.9933333333333336,1.79,0.9659422573034294,2273.0,4178.53491070734,416.4666666666667,658.797200290887,-4.118333333333333,1.9629640286510035,0.21333333333333368,0.20682789409984761,2.6666666666666665,1.3333333333333333,2.1666666666666665,0.5270462766947298,0.0,6.6865871620633515,4.626070941839747,12.465613703581488,0.271356284874956,2.5466666666666664,3.44,1.65,1.79,0.7307682411149394,2.9933333333333336,1.345,1.79,0.8999999999999999,1.612,0.44500000000000006,24
-309.14590151,440.0128771259694,6.095155746463137,-3.060429541428573,-0.6940673616071451,0.626799999999999,0.77686204,71,1.1428571428571428,1.0,0.4509876168016973,123.16428571428571,175.9,103.89891151287064,1.8085714285714283,2.62,1.3268594244317633,5591.0,6690.54396967612,1610.8857142857144,1505.5462192523632,-1.5392857142857144,1.8156105103858948,-0.27479267013901953,0.9470298048698329,4.928571428571429,1.6493450163779706,1.8571428571428572,1.1789107296460477,0.0,3.8101674561150674,6.095155754978901,31.429491223283527,0.9860409164738115,2.2666666666666666,3.44,0.82,2.62,1.0869324828259677,1.8085714285714283,1.76,2.62,0.8999999999999999,1.9033333333333333,0.8600000000000001,14
-628.05718672,489.8968337838239,5.825361699006772,-9.53353126075,-2.6181616165431043,0.0,5.40309175,71,3.8,5.0,3.0912061651652345,110.42999999999999,141.0,60.2122495842831,2.6990000000000003,1.89,1.2351405677987513,9493.2,16262.01687641754,1792.6200000000001,3008.39487767148,-5.803,1.3552511042443594,0.24131672614416208,0.14280391525006209,3.1,1.8708286933869707,2.4,0.6666666666666666,0.4,5.731323086302234,5.825361707145597,12.247420844595599,0.45097547265153637,2.1966666666666668,3.44,1.55,1.89,0.8794063654281538,2.6990000000000003,1.8649999999999998,1.89,1.8399999999999999,1.8524999999999998,0.025000000000000022,40
-264.65161582,449.90207595569206,5.6606600237867895,-7.867746203,-2.795236929,0.0,6.35357894,185,3.8,7.0,3.625307868699863,111.97999999999999,111.4,57.739711513951,2.7,2.2199999999999998,1.2508282969982047,3813.2,6164.569872609582,1350.92,2086.520504846012,-4.884,0.6612542195382521,0.3075769498628314,0.2417634967907255,3.2,1.9639610121239315,2.2,0.5345224838248488,0.0,5.680321622454543,5.660660031695506,14.996735865189732,0.532294646300057,2.2066666666666666,3.44,1.22,2.2199999999999998,0.9229421554042389,2.7,1.8499999999999999,2.2199999999999998,1.48,1.8499999999999996,0.3699999999999999,30
-434.13511318,215.4009946835376,4.702521619228042,-4.578430149999998,-1.7247621721428552,0.7118000000000001,3.4263668800000002,139,1.1428571428571428,3.0,1.7928429140015905,52.50285714285714,135.97,74.13978949062566,1.6199999999999999,2.49,1.1702350191307727,10231.714285714286,8651.78368067203,1490.0285714285715,765.2025931551908,-2.8500000000000005,1.8221553171999363,0.27824631045303555,0.3927533861553676,4.571428571428571,1.3887301496588271,1.4285714285714286,0.6546536707079772,0.0,3.831934899770008,4.702521625798106,30.7715706690768,0.7450576843868104,2.1466666666666665,3.44,0.95,2.49,1.0188337559298977,1.6199999999999999,1.795,2.49,1.0999999999999999,1.5633333333333332,0.6950000000000002,7
-533.61315233,596.8276909170065,5.026122832858722,-9.526285125749999,-3.953871922749999,4.097300000000001,1.5409672300000001,206,4.8,7.0,4.949747468305833,96.44,111.4,78.7716954241814,2.552,2.2199999999999998,1.5697770542341354,4693.2,7904.039600103229,1497.72,2488.167341639223,-5.186000000000001,0.34648232278140845,0.40495147377548124,0.30927343371305727,3.2,2.1213203435596424,2.4,0.7071067811865476,0.0,5.393348497105174,5.026122839880902,14.920692272925162,0.6912867587908417,2.33,3.44,1.22,2.2199999999999998,1.11,2.552,2.2199999999999998,2.2199999999999998,2.2199999999999998,2.2199999999999998,0.0,40
-537.52670716,96.2035530614629,4.249345495632964,-7.288770495,-2.1186856943125,3.056,5.66452069,194,2.75,5.0,2.4289915602982237,98.675,92.6,54.007508737211715,2.34,2.62,1.4412217039720157,5818.5,10776.969870979505,1039.1,1473.705104829321,-4.5875,2.823478351253999,0.20064832430270763,0.09991628666406276,3.0,1.2649110640673518,2.0,0.8944271909999159,0.25,4.7559256895290485,4.24934550156988,12.025444132682862,1.203819067970847,1.9733333333333334,3.44,0.82,2.62,1.0923166004211213,2.34,2.2,2.62,1.78,2.2,0.42000000000000004,8
-589.29142527,63.59654676556202,4.961051500094684,-5.8521444559999996,-1.184232334449999,0.0,2.08343411,221,2.0,2.0,0.8451542547285166,116.22,92.6,48.122640944035595,2.684,2.62,1.38258556955541,4939.2,11251.797773816286,1054.1200000000001,2007.0065883584653,-4.056,2.026954083629636,0.08654360057344297,0.4141312001507386,3.0,1.6903085094570331,2.0,0.8451542547285166,0.2,5.3689080841447,4.9610515070259495,12.719309353112404,0.9060644293436924,2.1799999999999997,3.44,0.82,2.62,1.0719452722348595,2.684,1.8900000000000001,2.62,1.1600000000000001,1.89,0.73,5
-425.33493017,612.88433874197,4.172899064230347,-5.302208493666667,-1.984542681666666,2.8402000000000003,0.04901417,14,1.8666666666666667,3.0,1.2307338795828044,100.42666666666668,94.1,56.948050372040576,2.201333333333333,2.62,1.5669533008545031,5219.6,13461.293472069334,838.8933333333333,1250.378438713656,-3.2846666666666664,2.4585454212268063,0.2416523424149797,0.05564137099084547,3.466666666666667,1.8109146210426053,1.6,0.6301260378126043,0.0,4.409926607344741,4.172899070060457,20.429477958065668,1.138438248615822,2.09,3.44,0.82,2.62,1.071105348071172,2.201333333333333,1.905,2.62,1.19,2.3022222222222224,0.7150000000000001,30
-427.94176063,193.3885738258328,2.93750058883325,-4.99144954,-2.036438191818181,3.5116,0.13176584,137,1.2727272727272727,2.0,0.8224783208299743,83.78181818181818,141.0,61.81804419613495,1.9354545454545453,2.46,1.5375123146326533,2385.2727272727275,2717.003518151395,1020.9818181818181,952.4455142668576,-2.944545454545455,2.0742390525344048,0.23565862069703253,0.08321798170008751,2.1818181818181817,0.7669649888473704,1.5454545454545454,0.8744746321952063,0.0,4.372640537421782,2.9375005929373397,8.790389719356035,0.9364091256703111,2.0233333333333334,3.44,0.98,2.46,1.0384068994805886,1.9354545454545453,2.125,2.46,1.79,2.3642857142857143,0.33499999999999996,22
-219.19775827,287.45097002815373,4.9145953319426425,-5.65589207875,-2.066409340876436,2.7011000000000003,2.9069103800000002,15,2.0,3.0,1.2792042981336627,105.98333333333333,88.2,50.46286213192286,2.356666666666667,2.51,1.453735001485984,2144.3333333333335,3093.0505389281366,909.6,1279.0414194729085,-3.5666666666666664,2.1633517765474273,0.20040680322171345,0.03835999122796613,2.8333333333333335,1.365150674334655,1.6666666666666667,0.6030226891555273,0.0,4.946606586422658,4.9145953388090025,11.977123751173073,0.8953517955858018,2.11,3.44,0.93,2.51,1.0301779781507012,2.356666666666667,1.9949999999999999,2.51,1.48,2.1666666666666665,0.5149999999999999,24
-572.47083343,222.484758011856,11.741399139834995,-6.216748883125,-1.2262215181249991,0.0,5.00443984,223,1.75,2.0,0.8583950752789521,149.23125000000002,191.35000000000002,76.78150090730806,2.68625,2.55,1.1233584514865749,8611.0,11885.440611366319,1849.725,2411.9851860852577,-4.05625,1.3666083641821574,0.01965270363591967,0.4717524155053304,4.0,2.5955427380922007,2.25,0.8583950752789521,0.375,5.914846299491615,11.741399156239332,13.905297375741,0.6846928964425912,2.203333333333333,3.44,0.89,2.55,1.0424437101776232,2.68625,1.855,2.55,1.1600000000000001,1.5075,0.6949999999999998,16
-460.06041146,474.1302304899515,4.093721156808591,-7.4998960072222225,-2.164592917222222,1.6688,0.948287999999999,15,3.0,5.0,2.32379000772445,126.06666666666666,90.4,40.06185217884965,2.921111111111111,1.81,1.0545638909046715,9748.0,19485.018290984488,1156.3555555555556,2157.607565800602,-4.943333333333333,0.657403985384938,0.13701653754021356,0.299724991114169,2.6666666666666665,1.3416407864998738,2.111111111111111,0.4472135954999579,0.1111111111111111,6.21945782010396,4.0937211625280785,13.17028418027643,0.2707874459705568,2.36,3.44,1.63,1.81,0.7792731656272187,2.921111111111111,1.095,1.81,0.3799999999999999,1.4525,0.7150000000000001,36
-613.24456738,708.6107543368812,2.8756480102853472,-8.8769093765,-2.586424955000001,0.0,0.56814929,205,3.5,5.0,3.378319623460881,117.42999999999999,90.4,54.777972802467104,2.8939999999999997,1.8399999999999999,1.2297613766411193,7395.4,16227.630599368635,1300.84,2773.7196115466068,-5.391,0.990749606413596,0.10593031854779689,0.4147892401313026,2.7,1.6218615177038684,2.3,0.6756639246921763,0.3,6.088900110212799,2.87564801430302,17.71526885842203,0.2241879084382364,2.223333333333333,3.44,1.6,1.8399999999999999,0.8604004235754936,2.8939999999999997,1.825,1.8399999999999999,1.81,1.8199999999999998,0.014999999999999902,40
-316.83479597,35.06364171960439,4.306529701448667,-7.77309494,-2.408621853333333,3.1156,2.86844198,166,2.75,5.0,2.4289915602982237,101.475,81.4,50.03977418014594,2.38,2.46,1.3748599928720016,5986.0,10696.163499124348,1184.85,1506.80522828931,-4.782500000000001,2.4425130501186683,0.18365653234320162,0.08559154960128854,2.5,1.0954451150103324,2.0,0.8944271909999159,0.25,5.019713198890718,4.306529707465478,8.765910429901096,0.7436092473500973,2.026666666666667,3.44,0.98,2.46,1.0372185026416672,2.38,2.12,2.46,1.78,2.12,0.33999999999999997,4
-459.52989806,151.67047904498918,7.888244011024899,-7.604175231666665,-1.985844491666664,3.262699999999999,1.26578932,13,2.3333333333333335,6.0,2.5385910352879693,107.10000000000001,141.0,75.0099993334222,2.9683333333333333,1.75,0.9821885992234101,7031.333333333333,17965.237222047595,1204.8,2964.8198326373895,-5.100983333333334,3.609989058539898,0.16343166666666722,0.2930294013026293,3.1666666666666665,2.3687784005919825,2.3333333333333335,0.6666666666666667,0.16666666666666666,6.323272785716853,7.888244022045853,12.639206587082429,0.38931294668263355,2.4966666666666666,3.44,1.69,1.75,0.7209407434425908,2.9683333333333333,1.415,1.75,1.08,1.415,0.33499999999999996,12
-516.15132958,158.49182334671468,4.764959943056233,-7.280330524999999,-2.719260483999999,2.284099999999999,2.05880835,225,1.8,6.0,2.260776661041756,93.299,135.97,83.31608564843754,2.565,2.49,1.5264610487442296,6133.2,14350.985781084479,1041.8200000000002,1997.2085202435255,-4.2358,2.467667499662159,0.2683032241974204,0.2856685669279328,3.2,2.0,1.8,0.816496580927726,0.1,5.287784860652653,4.764959949713532,15.849182334671468,0.7491218477473879,2.1833333333333336,3.44,0.95,2.49,1.0166721311328555,2.565,1.885,2.49,1.2799999999999998,2.1875000000000004,0.6050000000000002,10
-505.10869842,105.63300172350391,5.180825840455934,-6.092731081666668,-1.755058311944445,0.0,2.9340178,12,1.8333333333333333,2.0,0.8790490729915326,108.64999999999999,81.4,46.57098687146127,2.4266666666666667,2.46,1.4098097872988526,4727.666666666667,9838.692531392204,1244.7666666666667,1785.4883055038217,-3.8200000000000003,1.8058994233546692,0.09529860660673613,0.3592695068678795,2.5,1.4301938838683885,1.8333333333333333,0.8790490729915326,0.16666666666666666,5.05245774775674,5.180825847694255,8.802750143625326,0.7300830460137693,2.233333333333333,3.44,0.98,2.46,1.004832766627805,2.4266666666666667,1.81,2.46,1.1600000000000001,2.026666666666667,0.6499999999999999,12
-315.78149443,54.679033480568016,7.317822547424058,-5.557899998,-1.600919785333332,1.5326,4.34328276,71,1.6,1.0,0.6123724356957945,121.3,145.70000000000002,69.47562522208779,2.224,2.46,1.3756271297121179,5288.8,9324.724205036844,1501.6799999999998,1832.9545793608743,-3.444,1.7503678184884457,0.08826438020278209,0.32589288430688984,2.8,2.0,1.8,0.9354143466934854,0.2,4.912280758193226,7.3178225576480544,10.935806696113604,0.6886671315813405,2.233333333333333,3.44,0.98,2.46,1.004832766627805,2.224,1.81,2.46,1.1600000000000001,2.026666666666667,0.6499999999999999,5
-612.21692293,597.886035878013,4.236502649403261,-7.831067512368421,-2.059111636052632,3.1604,2.62620036,2,2.736842105263158,5.0,2.4801537836790835,116.54736842105264,94.1,53.020135490602634,2.8947368421052633,2.62,1.2714119600243752,7961.368421052632,20994.049848070186,1196.978947368421,2805.2961634471258,-5.068526315789474,2.46878357204138,0.1379730475418651,0.2797659055159881,2.9473684210526314,2.020246358451664,2.1052631578947367,0.7997092494906697,0.21052631578947367,5.806047446586024,4.236502655322233,15.733843049421395,0.5739070863337458,2.14,3.44,0.82,2.62,1.0697040089046441,2.8947368421052633,1.95,2.62,1.2799999999999998,1.7266666666666668,0.6700000000000002,38
-439.58692603,775.501167767512,8.213101218891854,-6.476503855624995,-2.075194557812495,1.5148000000000001,3.33759946,1,1.5,2.0,1.131370849898476,121.29375,191.35000000000002,86.87578834174685,2.585,2.55,1.3990625432767472,5874.875,9820.886888667439,1354.8625,2051.4292658534437,-3.9493750000000003,1.6847771365970041,0.18210774313914424,0.4200794137335082,3.75,2.592296279363144,1.9375,0.8602325267042626,0.1875,5.500210258123203,8.213101230366679,16.156274328489832,0.7952795129485185,2.203333333333333,3.44,0.89,2.55,1.0424437101776232,2.585,1.855,2.55,1.1600000000000001,1.9542857142857142,0.6949999999999998,48
-257.26336071,69.72553757563249,8.216295862154777,-3.819178855,-1.027777795625001,0.3315,0.65702552,166,1.0,2.0,1.2649110640673518,70.5,141.0,89.1762300167483,2.6425,1.75,1.0182484961933407,2258.5,3138.7500059737154,462.57000000000005,505.4648849524565,-2.795,2.790290307476984,0.24409608455638848,0.08402893316880179,3.75,2.2583179581272432,2.5,0.6324555320336759,0.0,6.043970583415558,8.216295873634063,17.43138439390812,0.4524203976090257,2.3766666666666665,3.44,1.69,1.75,0.7624667570166948,2.6425,1.595,1.75,1.44,1.595,0.15500000000000003,4
-538.35696269,94.81007501883072,4.983357689678351,-5.239637344999999,-2.089444236874999,1.4627000000000001,2.57712492,8,1.0,2.0,1.2977713690461004,70.5,141.0,91.49288151775006,2.5025,2.13,1.2241387950202722,3954.75,4873.867058636618,657.975,740.4215520477791,-3.1637500000000003,2.37248204474377,0.3450000000000002,0.15667599822899664,2.875,1.2030662579644695,2.25,0.8583950752789521,0.0,5.800016322083877,4.983357696640781,11.85125937735384,0.5133870611190426,2.1333333333333333,3.44,1.31,2.13,0.9343209060893134,2.5025,1.96,2.13,1.79,1.875,0.16999999999999993,8
-507.29593266,168.1248937093548,8.7289892060389,-10.271371718571428,-3.346563131380951,1.2267000000000001,3.28430992,15,3.4285714285714284,5.0,3.5355339059327378,109.57142857142857,110.0,77.78174593052023,2.8857142857142857,1.94,1.3717871555019021,10444.285714285714,25298.866417292298,1701.857142857143,3988.647931317077,-6.198571428571428,2.9910616844190963,0.27900481771984836,0.12128073622180309,3.142857142857143,2.8284271247461903,2.2857142857142856,0.7071067811865476,0.2857142857142857,6.337331651113998,8.72898921823449,12.00892097923963,0.3576388223540068,2.4699999999999998,3.44,1.5,1.94,0.97,2.8857142857142857,1.94,1.94,1.94,1.94,0.0,14
-411.44116026,262.0072345601061,1.087483236411541,-5.907274822222223,-1.8301323900000002,0.16110000000000002,-3.90404263,2,1.8888888888888888,5.0,1.949358868961793,98.72222222222223,141.0,86.65996768981628,2.7633333333333336,2.13,1.3667132105895514,3270.222222222222,6183.13980110429,673.2444444444444,1297.3305238064816,-4.084444444444445,2.0117467534458706,0.35555555555555585,0.2611130023572168,2.3333333333333335,0.6708203932499369,1.7777777777777777,0.5916079783099616,0.0,5.897398847996629,1.0874832379309043,29.111914951122895,0.15985908529112086,2.1199999999999997,3.44,1.31,2.13,0.9413819628609845,2.7633333333333336,1.98,2.13,1.8299999999999998,2.03,0.15000000000000002,9
-776.02533939,260.6270713042678,4.965751099145152,-9.1199802675,-3.823918631500001,4.6014,2.47366841,36,4.4,7.0,4.268749491621899,97.73,111.4,72.27673284751539,2.591,2.2199999999999998,1.4224450780258617,4623.2,7339.970753801861,1416.02,2230.578601070932,-5.0120000000000005,0.6494955307347731,0.410213605331611,0.30099554116846783,3.0,1.8257418583505536,2.3,0.6236095644623235,0.0,5.385067862308019,4.965751106082984,13.03135356521339,0.666830010882652,2.09,3.44,1.22,2.2199999999999998,0.9677809669548166,2.591,2.025,2.2199999999999998,1.8299999999999998,2.1225,0.19499999999999995,20
-508.50131209,144.58519292438015,4.637370473472626,-6.403964646249999,-1.333769276640624,1.3657,1.56744891,63,2.1666666666666665,1.0,0.5270462766947298,137.11666666666667,131.3,54.16274344766684,3.0316666666666663,1.56,0.8612555434428919,3748.0,8316.89268897946,753.1333333333333,1611.1123748654047,-4.6816666666666675,0.7800178060645654,0.12427522899549366,0.21191400811212507,2.6666666666666665,1.3333333333333333,2.1666666666666665,0.5270462766947298,0.16666666666666666,6.58134281087004,4.637370479951666,12.04876607703168,0.2807443186849178,2.623333333333333,3.44,1.88,1.56,0.6389748734409585,3.0316666666666663,1.115,1.56,0.6699999999999999,1.3820000000000001,0.44500000000000006,12
-356.00593024,89.54423795505451,5.444915828347883,-4.76615059375,-1.104204954999999,0.6381999999999991,0.67584501,14,1.5,1.0,0.6324555320336759,116.8,81.4,42.523217187790486,2.4475,2.46,1.3253641009171782,3686.0,5742.549399003896,1057.6,1277.4429208383442,-3.1375,2.399022717691519,0.13750780479881766,0.18625096223205853,2.75,1.6431676725154984,2.0,0.8944271909999159,0.25,5.247631758646444,5.444915835955173,11.193029744381814,0.7088539320926397,2.1166666666666667,3.44,0.98,2.46,1.0129275503323139,2.4475,1.9849999999999999,2.46,1.51,1.9849999999999999,0.475,8
-506.3800611,272.5731583700253,6.660071668346557,-8.935790467272726,-2.155440051818181,1.4784000000000002,1.5107732,13,3.1818181818181817,5.0,2.9677756498246812,121.43636363636364,90.4,49.85468113195822,3.0790909090909087,1.81,0.9398956570565938,8597.818181818182,21361.340537018306,1459.7818181818182,3505.7060678051935,-5.9419818181818185,2.7610765548827287,0.07356431013850181,0.39443567408218927,2.909090909090909,2.3858557568108956,2.272727272727273,0.6793662204867574,0.2727272727272727,6.39729303046998,6.660071677651586,12.38968901681933,0.2799704402469211,2.4766666666666666,3.44,1.63,1.81,0.7435201558950654,3.0790909090909087,1.445,1.81,1.08,1.3233333333333335,0.365,22
-644.42072327,112.58150624819807,3.321847881193346,-5.852826163333333,-2.010695488333333,3.734,3.2989026,205,1.3333333333333333,2.0,1.4142135623730951,94.0,141.0,99.7020561473032,2.73,2.13,1.5061374439273463,3048.0,5994.85129089955,514.4666666666667,900.0055110942377,-3.84,2.439518395093589,0.33666666666666695,0.22627416997969493,2.3333333333333335,0.7071067811865476,1.6666666666666667,0.7071067811865476,0.0,6.0124027754961915,3.321847885834422,9.38179218734984,0.5665841519109013,2.375,3.44,1.31,2.13,1.065,2.73,2.13,2.13,2.13,2.13,0.0,12
-286.83621728,173.48774044385902,4.055334983367866,-5.9466759442857136,-1.404653371108373,0.0,2.86933997,14,2.0,2.0,0.9354143466934853,93.71428571428571,88.2,50.92961442029578,2.277142857142857,2.51,1.323019746640238,5466.571428571428,8488.13180269958,1283.2285714285715,1596.4066884725835,-3.818571428571429,2.0333531419800153,0.11617678605724967,0.17567886624940854,2.857142857142857,1.0307764064044151,2.0,0.9354143466934853,0.2857142857142857,4.850809974179803,4.055334989033723,12.391981460275643,0.8321553352052758,2.0833333333333335,3.44,0.93,2.51,1.0347409767129592,2.277142857142857,2.035,2.51,1.56,2.0349999999999997,0.47499999999999987,14
-336.89345635,440.40510599716845,3.573784982178108,-5.846834382142857,-2.3777233978571433,2.455,1.10319242,62,1.1428571428571428,2.0,1.0307764064044151,73.82857142857142,141.0,75.25234630893577,2.1571428571428575,2.62,1.4188221347300725,2992.285714285714,4008.898102970441,1096.6571428571428,1362.7850536676722,-3.4842857142857144,2.0752063150443623,0.2807813398492253,0.06299582433759256,2.857142857142857,1.6770509831248421,1.4285714285714286,0.6123724356957945,0.0,4.699656354509532,3.5737849871711735,15.72875378561316,1.100219977313309,1.9433333333333334,3.44,0.82,2.62,1.1017057481721495,2.1571428571428575,2.245,2.62,1.8699999999999999,2.2449999999999997,0.3750000000000001,28
-729.24094978,204.89256809876557,8.008982075790861,-6.101159605384614,-1.733906121153846,0.577399999999999,4.17007737,2,2.1538461538461537,3.0,1.0660035817780522,114.83076923076922,141.0,55.56313362456997,2.839230769230769,2.13,1.0810159363050365,4159.692307692308,6943.769083927626,725.5846153846154,1125.6351257683975,-4.438461538461539,1.2981560348852874,0.0837537450289598,0.395303008370434,3.3076923076923075,2.5135993750360894,1.9230769230769231,0.3692744729379982,0.0,5.939964128254463,8.0089820869805,15.76096677682812,0.43927671933351825,2.2566666666666664,3.44,1.31,2.13,0.8855255815364994,2.839230769230769,1.775,2.13,1.42,1.5619999999999998,0.355,13
-302.22089551,31.733696867729034,5.121430775621985,-6.48022517,-1.745659770833334,0.6623,3.95624374,166,2.0,2.0,0.8944271909999159,101.325,81.4,50.21883112936819,2.435,2.46,1.3334316630408924,4911.0,8368.198946009828,1248.8500000000001,1628.003905400721,-4.1225,1.6615986278280324,0.14067304464604674,0.17933087694855077,2.5,1.0954451150103321,2.0,0.8944271909999159,0.25,5.197132781718959,5.121430782777321,7.933424216932259,0.7842011824327622,2.1,3.44,0.98,2.46,1.016267681273,2.435,2.01,2.46,1.56,2.01,0.44999999999999996,4
-443.39016288,131.14839020699588,8.01690927824189,-5.57923834875,-1.863680323749999,1.436299999999999,2.49211653,12,1.25,2.0,1.0488088481701516,127.45750000000001,217.77,98.88474841956165,2.5925000000000002,2.49,1.2864019589537323,5236.0,6653.894618943104,1241.1,1598.0764987947227,-3.1575,2.339596118991481,-0.07194923200949682,0.8800577537574651,3.75,2.2583179581272432,2.0,0.8944271909999159,0.0,5.540444115768243,8.016909289442605,16.393548775874486,0.6957900685604654,2.31,3.44,0.95,2.49,1.029465880930495,2.5925000000000002,1.695,2.49,0.8999999999999999,1.695,0.7950000000000002,8
-454.0778439,204.06411833749345,6.060150344336365,-8.357037624166667,-2.693179919947917,1.9570999999999992,4.23612083,198,4.0,6.0,3.4641016151377544,125.7,153.9,78.08245641627829,2.44,2.11,1.059292216529509,8874.0,10815.860021283559,1910.0666666666666,2439.4630584071842,-5.023333333333333,1.5602670711558753,0.29509812462956253,0.4016237165027286,3.6666666666666665,1.5275252316519465,2.3333333333333335,0.5773502691896258,0.0,5.391315502710225,6.060150352803222,17.00534319479112,0.4483676267467465,2.44,3.44,1.33,2.11,0.8649084729996964,2.44,1.6649999999999998,2.11,1.2199999999999998,1.6649999999999998,0.44500000000000006,12
-785.94731857,133.06058275559766,7.385085491332305,-9.829883052500001,-3.039436780388889,1.8279,3.29941421,109,3.6666666666666665,5.0,3.3333333333333335,107.60000000000001,110.0,67.2775346357658,2.815,1.94,1.2511261593726934,9948.0,20184.655161780694,1628.6333333333332,3188.7628715712167,-5.858333333333334,2.1855040100118277,0.1449240455904972,0.3877615836559874,3.0,2.1602468994692865,2.3333333333333335,0.6666666666666667,0.3333333333333333,6.033189246371187,7.385085501650276,11.088381896299806,0.4012482047239589,2.19,3.44,1.5,1.94,0.8854753902095002,2.815,1.875,1.94,1.81,1.875,0.06499999999999995,12
-138.97910992,61.70418835153962,7.086137227330518,-5.479369706,-0.8457294909999991,0.0,3.02730288,221,1.8,3.0,1.3093073414159542,106.54,141.0,73.00497047657586,2.8579999999999997,1.75,0.984610147650908,5733.2,11122.37032804994,1055.72,2006.9796539647757,-4.022,2.11616904536746,0.10154200608359296,0.4280264998139066,3.2,1.9639610121239315,2.4,0.6546536707079771,0.2,6.07672147788103,7.086137237230819,12.340837670307923,0.46380744389027745,2.47,3.44,1.69,1.75,0.7269571284929165,2.8579999999999997,1.455,1.75,1.1600000000000001,1.455,0.29499999999999993,5
-382.9495452,181.42934836019495,6.227560983759745,-7.143913155,-1.121507194999999,0.0,2.32109026,14,2.625,4.0,2.0662116951635836,132.6625,86.7,40.862918115610356,3.0625,1.78,1.047480493668204,5979.0,15792.482885610727,1023.275,2627.582652436383,-5.375,1.2041722340391214,0.15662599129422872,0.22434487828851704,2.75,2.1838568563966754,2.25,0.6793662204867574,0.25,6.611042296448835,6.227560992460498,11.339334272512184,0.30015769084261573,2.4333333333333336,3.44,1.66,1.78,0.7451770855903238,3.0625,1.5099999999999998,1.78,1.2399999999999998,1.5099999999999998,0.27000000000000013,16
-748.14966279,578.8999641172496,6.051617661741767,-9.453075039130436,-2.8541914530434793,0.2536,4.46147629,55,3.652173913043478,7.0,3.4812932920216055,115.99260869565217,135.97,49.209332470973486,2.6917391304347826,2.49,1.3233953956147528,9804.695652173914,17576.078912553236,1871.9043478260871,3257.2083444881114,-5.559130434782609,1.7849936243040114,0.28515352087415596,0.10618793186670751,3.1739130434782608,2.0570229176122687,2.3043478260869565,0.7678230517547452,0.34782608695652173,5.710344834639124,6.051617670196704,12.584781828635862,0.5124810389245629,1.9966666666666668,3.44,0.95,2.49,1.0545246427761763,2.6917391304347826,2.165,2.49,1.8399999999999999,1.9122222222222223,0.3250000000000002,46
-396.54258053,126.69864603214664,4.602410793568205,-6.210125199999999,-2.897675411874999,2.941299999999999,4.8650930599999995,47,1.0,2.0,1.2977713690461004,72.38625,141.0,89.06738925637917,2.24,2.49,1.5638818100449514,4198.5,5168.07849867057,836.1,974.9367029386277,-3.3175,2.1712353990055377,0.3759540302467753,0.18999880386466922,3.25,1.8064212949190015,1.5,0.6488856845230502,0.0,4.8239872003968856,4.602410799998401,15.83733075401833,0.9336109761027,1.8999999999999997,3.44,0.95,2.49,1.0988175462741756,2.24,2.31,2.49,2.13,2.4000000000000004,0.18000000000000016,8
-777.04297614,136.51657937039403,10.24124328616322,-10.637514720833332,-4.019811040833332,4.0165,3.14741998,14,4.0,6.0,4.242640687119285,94.0,141.0,99.7020561473032,2.7266666666666666,2.1399999999999997,1.5132085117392116,8648.0,17874.245214833547,1685.4666666666665,3384.071633402579,-6.033333333333334,2.213244225113893,0.394101412946051,0.3481116656893388,3.3333333333333335,2.8284271247461903,2.3333333333333335,0.7071067811865476,0.0,5.78904241947543,10.241243300471636,11.376381614199502,0.5100651824885054,2.37,3.44,1.3,2.1399999999999997,1.0699999999999998,2.7266666666666666,2.1399999999999997,2.1399999999999997,2.1399999999999997,2.1399999999999997,0.0,12
-474.93873153,87.85832335519181,6.30693839740901,-6.425985976249988,-2.304877096666654,1.4090999999999991,4.20479798,194,2.5,4.0,1.8973665961010275,112.525,98.5,51.7536761979282,2.605,1.8299999999999998,1.065851772058385,5611.0,6821.884900817368,1351.85,1603.8413125992236,-3.6075,2.2122997084482026,0.26574760364601124,0.37704328011772054,3.0,1.5491933384829668,2.25,0.5477225575051662,0.25,5.3363182379301755,6.306938406220665,10.982290419398973,0.6179966081583991,2.3266666666666667,3.44,1.61,1.8299999999999998,0.7980114173507933,2.605,1.67,1.8299999999999998,1.51,1.67,0.15999999999999992,8
-254.32055519,544.3166321035511,2.8337942604274162,-5.241021294000002,-1.528302706566668,0.8768,0.48277762,14,1.7333333333333334,2.0,0.8744746321952063,93.65333333333334,92.6,57.30485170918571,2.1839999999999997,2.62,1.5714792581588628,3195.6,6680.3638197860055,881.56,1297.7586352223273,-3.380666666666667,2.420284074235915,0.20342337217609488,0.15757965624295403,3.066666666666667,1.2833778958394957,1.7333333333333334,0.8744746321952063,0.13333333333333333,4.437311992600544,2.833794264386614,18.143887736785036,1.0823070669543524,2.0466666666666664,3.44,0.82,2.62,1.076083433361724,2.1839999999999997,2.09,2.62,1.56,2.355,0.53,30
-589.24303723,343.53422771533457,7.087114592527115,-8.146801430416668,-2.020210412916667,0.9171,3.91707039,52,3.0,4.0,2.1602468994692865,124.98333333333333,62.400000000000006,34.108886101881296,3.013333333333333,1.48,0.8688178430743952,7148.0,17959.525903170903,1510.6333333333332,3086.0802945556106,-5.610983333333333,2.661468580084646,0.13518267747924276,0.2697495442159136,3.1666666666666665,2.3687784005919825,2.1666666666666665,0.5270462766947298,0.16666666666666666,6.258613494900045,7.087114602428781,14.313926154805607,0.3108296969724286,2.5866666666666664,3.44,1.96,1.48,0.625104435718989,3.013333333333333,1.28,1.48,1.08,1.28,0.19999999999999996,24
-532.80608414,201.19735291641985,4.880483751867384,-5.066491792,-1.805457756666666,1.9587999999999992,0.50252106,70,1.4,1.0,0.6432675209026769,108.47999999999999,163.20000000000002,71.00939228794631,2.12,2.46,1.5337580621152243,2838.8,4564.8447040851015,1156.48,1279.1329401671626,-3.0230000000000006,2.1356582607937424,0.06948630143600765,0.5822230688755122,2.4,1.5756771943166707,1.6,0.8709883407113854,0.0,4.633942993722544,4.880483758686086,10.059867645820992,0.773125103287818,2.32,3.44,0.98,2.46,1.016267681273,2.12,1.68,2.46,0.8999999999999999,2.2,0.78,20
-725.98012011,117.02743487608689,3.152644305839352,-8.02515245,-2.526702651666667,2.7654,2.94061199,12,2.888888888888889,7.0,3.2480763537823427,105.24444444444445,141.0,74.57758376348754,2.801111111111111,2.13,1.2916984942315293,6181.333333333333,13177.700778208618,1029.3555555555556,2092.2300633534546,-4.8244444444444445,1.7477814508685003,0.11400609144966992,0.45286138810116006,2.5555555555555554,1.1832159566199232,2.111111111111111,0.806225774829855,0.2222222222222222,5.9455500939515815,3.152644310244029,13.003048319565202,0.343319739420946,2.1266666666666665,3.44,1.31,2.13,0.9378106892592389,2.801111111111111,1.97,2.13,1.81,1.9166666666666667,0.15999999999999992,9
-408.06615275,69.17709751024132,7.8865712781699315,-5.268046396,-0.8889363144999991,0.0,2.05720544,221,1.8,1.0,0.5345224838248488,135.04000000000002,158.4,67.64321315338506,2.684,2.62,1.38258556955541,4571.2,10358.995483567478,1065.92,2075.417848461915,-3.8900000000000006,2.1003231043954034,0.10843684868783468,0.3627185399681808,3.4,2.32992949004287,2.0,0.8451542547285166,0.2,5.612569393796193,7.886571289188549,13.835419502048264,0.9740496328538432,2.1799999999999997,3.44,0.82,2.62,1.0719452722348595,2.684,1.8900000000000001,2.62,1.1600000000000001,1.89,0.73,5
-540.62958195,209.28981749612427,3.397662774342337,-7.43838321,-3.411476938333332,3.5662000000000003,4.15817026,46,2.2222222222222223,5.0,2.188987589427283,88.30444444444444,138.63,78.48127916367487,2.4911111111111115,2.44,1.4032209970872964,4398.888888888889,6138.061719033678,1061.0,1479.4731241222328,-4.032222222222223,1.5966462246429756,0.3522222222222225,0.25725311789493754,2.6666666666666665,1.0606601717798212,1.7777777777777777,0.5400617248673216,0.0,5.108494390891391,3.3976627790893357,11.627212083118016,0.6664863579283897,2.016666666666667,3.44,1.0,2.44,1.036800634430533,2.4911111111111115,2.135,2.44,1.8299999999999998,2.135,0.30500000000000005,18
-512.32715863,72.50319461578196,8.332451498508037,-9.130724048000001,-3.786714650999999,3.5394,2.43655296,221,2.8,8.0,3.625307868699863,87.39,141.0,87.93776614336821,2.502,2.55,1.5449086889337043,6833.2,13105.815786457988,1457.92,2518.827638860133,-5.004,2.6158527699940826,0.38956099851022724,0.27281313127520435,3.6,2.618614682831909,2.0,0.8451542547285166,0.0,5.231384675441069,8.332451510149609,14.500638923156393,0.8267585358921078,1.8766666666666667,3.44,0.89,2.55,1.118043926785626,2.502,2.3449999999999998,2.55,2.1399999999999997,2.3449999999999998,0.20500000000000007,5
-361.61646981,409.87716106509606,6.3632728825152824,-7.419762320333334,-1.673642153333334,1.2366,2.69828597,55,2.6666666666666665,2.0,1.1708833169600992,100.94666666666667,125.3,72.70388240066023,2.8213333333333335,1.6099999999999999,1.0235122956539597,5266.533333333334,8403.469586829846,1134.7866666666666,1800.3384989961587,-5.1353333333333335,0.8151815550795636,0.054057471883474054,0.29848140933407924,3.066666666666667,1.9344083032987032,2.2666666666666666,0.5956833971812706,0.26666666666666666,5.886370228422277,6.363272891405644,13.662572035503201,0.43151337622056674,2.43,3.44,1.83,1.6099999999999999,0.7183778021811827,2.8213333333333335,1.515,1.6099999999999999,1.42,1.5466666666666666,0.09499999999999997,30
-119.11678058,168.6703061015562,4.436788514976738,-4.439157937499999,-1.009309497291665,1.0399,-0.59218724,63,1.5,1.0,0.6324555320336759,113.625,94.1,49.37370757802172,2.4074999999999998,2.62,1.3971793013067437,3483.5,5798.12311011072,894.1,1211.8347808179133,-2.9125,2.6302300279633344,0.15698359155793978,0.20209790358745353,3.5,1.8973665961010275,2.0,0.8944271909999159,0.25,4.925187825621851,4.4367885211755365,21.083788262694526,0.8694884051738663,2.063333333333333,3.44,0.82,2.62,1.0737576800915352,2.4074999999999998,2.065,2.62,1.51,2.065,0.555,8
-443.95250142,247.91957719409973,4.898784496633195,-6.0475763135,-1.761097008833333,0.062200000000000005,1.8908272,62,2.4,4.0,1.8126539343499315,118.22,98.5,51.21651519355284,2.772,1.8299999999999998,1.1016027284954277,4533.2,7060.411278995823,1099.52,1658.7620134132735,-3.8840000000000003,2.217199005180056,0.2585980829168091,0.3567844490515099,2.8,1.558387444947959,2.2,0.5345224838248488,0.2,5.71829488736785,4.898784503477466,12.395978859704986,0.4526121239431946,2.3266666666666667,3.44,1.61,1.8299999999999998,0.7980114173507933,2.772,1.67,1.8299999999999998,1.51,1.67,0.15999999999999992,20
-379.93838379,369.3944520236352,8.124442911839498,-8.791169294642858,-1.791552153214285,1.093199999999999,4.82226466,85,3.0,6.0,2.7774602993176543,113.10000000000001,141.0,59.23114528209438,2.9792857142857145,2.13,0.943465712689342,10764.142857142857,21889.327979354577,1820.4857142857143,3613.367524250214,-6.099542857142858,3.4797695390496712,0.10445428571428646,0.37049827899019083,3.2142857142857144,2.517287169529442,2.2142857142857144,0.7889543583705185,0.2857142857142857,6.157486059319655,8.124442923190454,13.192659000844115,0.3438284118874687,2.3699999999999997,3.44,1.31,2.13,0.8695976080923866,2.9792857142857145,1.605,2.13,1.08,1.29,0.5249999999999999,28
-327.30723445,82.36626947327036,4.418663347307127,-6.567944927142856,-1.794291299999999,0.0,3.09116558,121,2.0,3.0,1.224744871391589,133.4857142857143,22.599999999999994,13.048262062709453,2.7800000000000002,1.54,1.0081666528902848,11041.142857142857,22417.121173653984,1419.1142857142856,2029.9800287546814,-4.2057142857142855,1.8304624708370445,0.20886626901879385,0.1543854718496308,2.7142857142857144,1.164964745021435,2.2857142857142856,0.5976143046671968,0.2857142857142857,6.084998885189146,4.418663353480604,11.766609924752904,0.3618760943080176,2.4133333333333336,3.44,1.9,1.54,0.7259629620181888,2.7800000000000002,0.77,1.54,0.0,1.232,0.77,7
-463.09584983,291.2230911313625,5.92560400502563,-7.145007251818182,-1.5074706507575741,1.9011,1.41119634,2,2.5454545454545454,5.0,2.2980970388562794,125.63636363636364,69.1,35.72952648020961,2.9327272727272726,1.51,0.9276196014530956,8741.272727272728,18573.916166226227,1393.2181818181818,2583.0333062602967,-4.646,2.8343377533385117,0.08243462083346288,0.2728058316938746,3.090909090909091,1.984313483298443,2.3636363636363638,0.6614378277661477,0.36363636363636365,6.079467940173381,5.925604013304506,13.23741323324375,0.4545527002426152,2.51,3.44,1.93,1.51,0.6642790578263525,2.9327272727272726,1.395,1.51,1.2799999999999998,1.395,0.1150000000000001,22
-542.20483341,172.4851298323598,7.779378751908711,-5.504796245714286,-1.7679808025000012,0.5638000000000001,1.87762574,227,2.5714285714285716,5.0,2.220038609702865,88.82857142857142,141.0,80.56179970326241,2.7685714285714282,1.63,1.0285530752330811,2051.1428571428573,3101.899694426903,849.24,1383.1025749379544,-3.758571428571429,2.188508950991846,0.3437691911750792,0.2661028703333441,3.142857142857143,1.927248223318863,2.142857142857143,0.46291004988627577,0.0,5.574630508912088,7.779378762777566,12.320366416597128,0.41930369154798447,2.4166666666666665,3.44,1.81,1.63,0.7277514838337481,2.7685714285714282,1.535,1.63,1.44,1.5666666666666664,0.09499999999999997,14
-316.27154523,87.35959763657713,6.296421914378502,-6.688139230999999,-1.136651947999999,0.0,3.54713025,148,2.2,1.0,0.5345224838248488,119.74000000000001,77.3,40.33941709331669,2.822,1.56,1.011519366384761,6813.2,10795.65687804922,1331.3200000000002,2031.268024799147,-4.654000000000001,0.6935210368629265,0.13337308530083175,0.1765163475522846,2.8,1.3093073414159542,2.4,0.6546536707079771,0.4,6.042551309825109,6.296421923175464,8.735959763657714,0.5340300570051518,2.41,3.44,1.88,1.56,0.7284229540589726,2.822,1.545,1.56,1.53,1.545,0.015000000000000013,10
-228.16501465,210.46488441913135,3.352023999016409,-5.297730111,-1.43366439796875,0.036800000000000006,-0.49292054,2,1.8,1.0,0.5345224838248488,132.98,148.1,63.9453114555153,2.738,2.62,1.361784543478572,1651.2,2703.9418844135157,437.91999999999996,569.0918479723387,-3.882,2.1029469119037967,0.18098879032954318,0.17009277348370264,3.0,1.6903085094570331,1.8,0.5345224838248488,0.0,5.674550440630955,3.352024003699646,21.046488441913127,0.6029182322690692,2.27,3.44,0.82,2.62,1.0877806151364653,2.738,2.175,2.62,1.73,2.3975,0.44500000000000006,10
-717.8594165,145.0305800941281,5.1908543577168125,-8.453904055714284,-2.042750392857141,0.7009999999999991,5.76102652,166,3.142857142857143,4.0,2.390457218668787,114.94285714285715,76.7,44.31127718441758,2.7128571428571426,1.78,1.1154083172926919,8441.142857142857,12627.023470093249,1347.8285714285714,1923.5981359346938,-5.4557142857142855,1.6475262842039446,0.1623406717220512,0.10350098877381525,2.857142857142857,1.3093073414159544,2.4285714285714284,0.6546536707079772,0.42857142857142855,5.704083170464885,5.1908543649691445,10.35932714958058,0.5090400942607689,2.3366666666666664,3.44,1.66,1.78,0.7868220185587647,2.7128571428571426,1.655,1.78,1.53,1.6966666666666665,0.125,14
-717.42028608,114.21872186793517,8.14993901333421,-7.239532932000003,-2.101949517000002,0.0,5.1646301,63,1.8,3.0,1.3093073414159542,115.274,148.63,75.61448632938759,2.7039999999999997,2.44,1.3069484632969601,7041.2,13378.914177594106,1345.72,2402.0858887939157,-4.534000000000001,1.7860891035203943,0.15708452111844978,0.2370071039768995,3.2,2.138089935299395,2.0,0.8451542547285166,0.2,5.879949677713818,8.149939024720789,11.421872186793518,0.6557481052960439,2.2133333333333334,3.44,1.0,2.44,0.9961704450321519,2.7039999999999997,1.8399999999999999,2.44,1.2399999999999998,1.8399999999999999,0.6000000000000001,10
-422.13145229,64.48031649722306,11.548302349446649,-7.505678238333331,-1.260892841666664,0.0,5.64300938,136,2.3333333333333335,1.0,0.7071067811865476,144.33333333333334,10.0,7.071067811865475,3.026666666666667,1.2399999999999998,0.8768124086713187,8814.666666666666,18227.798605426822,1627.1333333333332,3260.3279466949334,-5.25,0.5515432893255066,0.0884742018640828,0.3002215547242374,3.3333333333333335,2.8284271247461903,2.3333333333333335,0.7071067811865476,0.3333333333333333,6.722142178378707,11.548302365581204,10.746719416203844,0.3757907134060303,2.8200000000000003,3.44,2.2,1.2399999999999998,0.6199999999999999,3.026666666666667,1.2399999999999998,1.2399999999999998,1.2399999999999998,1.2399999999999998,0.0,6
-773.35602964,449.01846596094214,6.769811100565001,-9.462706663611113,-3.277808968055557,3.179899999999999,2.26373337,13,4.0,7.0,4.189272013130682,109.3111111111111,111.4,66.53647120189046,2.8266666666666667,2.2199999999999998,1.3109004538865643,6570.222222222223,15708.554923989666,1509.6888888888889,2983.142036175951,-5.626211111111112,2.0871509916630377,0.26948304098637876,0.3789858514890704,3.111111111111111,2.2693611435820435,2.3333333333333335,0.6708203932499369,0.1111111111111111,5.895409383679129,6.76981111002335,12.472735165581726,0.575412555614152,2.34,3.44,1.22,2.2199999999999998,0.9064215354899728,2.8266666666666667,1.65,2.2199999999999998,1.08,1.8399999999999999,0.5699999999999998,36
-567.22912622,149.26590686018258,8.1176254841836,-5.340340333,-1.024969332333334,0.0,3.39612036,65,2.0,2.0,0.8451542547285166,127.96000000000001,49.8,25.822138895584484,2.854,1.51,0.9598214119601327,4573.2,7123.328395390137,908.52,1362.9221715542988,-3.948,2.21637413035667,0.0495380171856327,0.30818678888982415,3.4,2.32992949004287,2.2,0.5345224838248488,0.2,6.008612354595528,8.117625495525031,14.926590686018258,0.4961468588402669,2.4633333333333334,3.44,1.93,1.51,0.6915843324489711,2.854,1.4649999999999999,1.51,1.42,1.465,0.04500000000000004,10
-546.03766797,62.21966740434897,7.20074117228947,-6.972364688333332,-1.218954728333332,0.0,4.08526215,136,2.3333333333333335,1.0,0.7071067811865476,130.56666666666666,31.299999999999997,22.132442251138936,3.0533333333333332,1.1600000000000001,0.8202438661763952,7381.333333333333,15187.239446324667,1382.8,2742.018676085194,-4.736666666666667,0.537401153701776,-0.0240966565273452,0.5390204067219454,3.0,2.1213203435596424,2.3333333333333335,0.7071067811865476,0.3333333333333333,6.251863430637978,7.200741182349888,10.369944567391494,0.38944444976966236,2.86,3.44,2.28,1.1600000000000001,0.5800000000000001,3.0533333333333332,1.1600000000000001,1.1600000000000001,1.1600000000000001,1.1600000000000001,0.0,6
-426.07868074,61.114884628494316,5.046067542214551,-7.289102150000001,-1.8769375645833342,0.0,2.46387964,65,3.1666666666666665,4.0,2.3687784005919825,109.53333333333335,112.1,64.57139029356922,2.8716666666666666,1.78,1.1383150315756667,4496.333333333333,10494.334270346919,963.6333333333333,1757.23968705973,-5.046666666666667,1.742826567517389,0.27459755412693015,0.25777566198031865,2.6666666666666665,1.3333333333333333,2.1666666666666665,0.5270462766947298,0.16666666666666666,5.793971994229633,5.046067549264596,10.185814104749053,0.39787242153195357,2.3033333333333332,3.44,1.66,1.78,0.8060741625654276,2.8716666666666666,1.705,1.78,1.63,1.705,0.07500000000000007,6
-168.52256342,95.8476484576746,9.803321677415095,-7.2828276787499995,-1.1735585437499991,0.0,4.1595103,166,2.5,2.0,1.0954451150103324,125.75,189.60000000000002,86.95821985298457,2.7474999999999996,1.6099999999999999,0.8987713836120952,8561.0,10906.432670676513,1853.1,2271.203525886661,-4.875,1.1185883961493612,-0.031223506079393504,0.35345505279124045,3.5,2.0976176963403033,2.5,0.6324555320336759,0.5,5.978668855737274,9.803321691111673,11.980956057209324,0.49264833870032104,2.516666666666666,3.44,1.83,1.6099999999999999,0.6782493805542488,2.7474999999999996,1.385,1.6099999999999999,1.1600000000000001,1.385,0.22499999999999987,8
-618.84329307,341.11013077776954,7.522216207949441,-6.328183767222226,-2.288425597777783,2.012899999999999,2.97320869,14,1.7777777777777777,3.0,1.3385315336840844,101.69999999999999,127.05,66.1575888504108,2.557777777777778,2.55,1.3715608505154508,4323.333333333333,6087.5721761634995,934.5555555555555,1233.4531878700004,-4.1033333333333335,1.5839862688798791,0.17448898334602272,0.38135738020247445,3.7777777777777777,2.581988897471611,1.7777777777777777,0.5400617248673216,0.0,5.236739736589251,7.522216218459005,18.950562820987198,0.7158860876009174,2.1166666666666667,3.44,0.89,2.55,1.0432747587391455,2.557777777777778,1.9849999999999999,2.55,1.42,1.985,0.565,18
-368.30834782,278.0863765695177,7.803341920061429,-6.315899490499999,-1.9634968209999992,1.8794,3.48520627,54,2.8,3.0,1.5583874449479593,108.61999999999999,112.1,59.173256507600506,2.83,1.63,1.0022831079946566,3431.2,5711.526090784693,916.92,1379.8026111420015,-4.412000000000001,1.0413041273875208,0.2049399342688239,0.4183805600736331,3.2,2.138089935299395,2.0,0.0,0.0,5.609916791565963,7.803341930963763,13.904318828475885,0.4182066474465233,2.4233333333333333,3.44,1.81,1.63,0.7239858807708583,2.83,1.525,1.63,1.42,1.525,0.10499999999999998,20
-470.79140599,763.5775368214536,4.414724734511743,-6.565892524000001,-2.049996815666667,2.5914,0.46587923000000003,4,2.1333333333333333,7.0,2.819860440381014,91.34666666666666,141.0,84.40005350862087,2.7213333333333334,1.81,1.1856691318924435,5133.2,10205.355700206726,859.4533333333333,1618.2324540942413,-4.128666666666667,2.362662522144961,0.19240365486980204,0.35959838911592285,2.8,1.3198240351921795,2.4,0.6599120175960898,0.13333333333333333,6.030059420822731,4.414724740679716,12.72629228035756,0.3665847827321598,2.2399999999999998,3.44,1.63,1.81,0.84856742022462,2.7213333333333334,1.8,1.81,1.79,1.7966666666666666,0.010000000000000009,60
-774.40096931,126.80711745538089,3.116051896894496,-8.23989794,-2.6997670455555562,2.8812,-0.63153672,12,2.888888888888889,7.0,3.2480763537823427,105.50777777777779,138.63,73.82883027652544,2.7666666666666666,2.44,1.3768496649961461,6163.555555555556,13171.01263381066,1073.1333333333334,2113.676654079332,-4.867777777777778,1.5839002493844114,0.08511720256078102,0.40938020168606215,2.6666666666666665,1.3416407864998738,2.111111111111111,0.806225774829855,0.2222222222222222,5.802141734336955,3.1160519012480474,14.089679717264538,0.3980035741895845,2.0233333333333334,3.44,1.0,2.44,1.034225421376898,2.7666666666666666,2.125,2.44,1.81,2.02,0.31499999999999995,9
-652.4577001,147.4242919480222,4.4064841739362635,-6.40211763125,-2.594193788125,3.2945,5.06981207,221,1.25,2.0,1.2565617248750864,84.5,141.0,85.77326291787521,2.45,2.13,1.3067275317009521,5523.5,7664.47331249152,954.475,1335.2127332967937,-3.52875,2.0734455179216726,0.3314017565663999,0.2280714238479636,2.625,0.9032106474595007,1.75,0.8583950752789521,0.125,5.4641681483785725,4.406484180092723,9.214018246751387,0.7642785258261473,2.22,3.44,1.31,2.13,0.8967719888578144,2.45,1.83,2.13,1.53,1.98,0.29999999999999993,16
-659.35986517,911.9685842080944,2.857351252039713,-6.6026186804687494,-2.909401789781249,3.999399999999999,1.32309697,61,2.5,4.0,1.8973665961010275,93.225,98.5,60.4887014243156,2.3275,2.62,1.4508859362472295,3368.5,5463.70932608974,1001.1,1395.3860025097,-3.7,2.0193266204356344,0.36375199311231277,0.26120285981430447,2.75,1.0488088481701516,1.75,0.5477225575051662,0.0,4.585882387917681,2.8573512560318233,14.249509128251475,0.957805385546914,1.9566666666666668,3.44,0.82,2.62,1.0973402186904275,2.3275,2.225,2.62,1.8299999999999998,2.225,0.39500000000000013,64
-355.08409476,165.6867949097015,6.703754651637985,-5.385026715555556,-1.553810961111112,0.0,2.60177867,123,2.0,2.0,0.8660254037844386,109.02222222222223,94.1,50.249058863491825,2.542222222222222,2.62,1.4036262560477655,3032.222222222222,5557.246545427571,671.8888888888889,926.0751949310956,-3.887777777777778,2.089148550646092,0.11880969399818533,0.3096828099999049,3.5555555555555554,2.3003622903070435,1.7777777777777777,0.5400617248673216,0.0,5.077763021647473,6.703754661004045,18.40964387885572,0.8906060028325383,2.0933333333333333,3.44,0.82,2.62,1.0708667309966986,2.542222222222222,2.02,2.62,1.42,2.0200000000000005,0.6000000000000001,9
-279.23574694,47.397148259900405,5.70421780686615,-4.894751419999999,-1.7908991124999991,0.7227,0.8923141,186,1.0,2.0,1.4142135623730951,70.5,141.0,99.7020561473032,2.545,1.79,1.26572113832392,3786.0,5040.2571362977105,635.1,770.6049701370995,-3.13,2.630437226013957,0.33000000000000024,0.14142135623730923,3.0,1.4142135623730951,2.5,0.7071067811865476,0.0,5.951264188702443,5.7042178148357205,11.849287064975101,0.4730568735005466,2.545,3.44,1.65,1.79,0.895,2.545,1.79,1.79,1.79,1.79,0.0,4
-662.91590052,264.57220185605274,5.94239454971778,-7.735923113333325,-2.235131224999993,0.5192999999999991,6.2679598,109,3.0,5.0,2.581988897471611,119.63333333333333,90.4,47.82535357364799,2.9066666666666663,1.81,1.0803600222970942,7231.333333333333,14075.676956288029,983.4666666666667,1934.8819131352118,-5.008333333333334,0.7561488683527278,0.050300222798834206,0.3778578454801819,2.8333333333333335,1.7159383568311666,2.1666666666666665,0.5270462766947298,0.16666666666666666,6.204852537744315,5.9423945580201165,11.023841744002198,0.4035973513139959,2.373333333333333,3.44,1.63,1.81,0.7734913631637325,2.9066666666666663,1.115,1.81,0.41999999999999993,1.532,0.6950000000000001,24
-488.27404026,504.9834938418735,4.363515678190753,-8.08973531840909,-1.992428717045453,1.8533,1.736854189999999,14,3.090909090909091,5.0,2.5860201081971503,110.5090909090909,90.4,55.72683655564884,2.827272727272727,1.81,1.119331552758163,7232.181818181818,13041.469884564392,1308.3090909090909,2224.602777463878,-5.106363636363636,0.5867495206644823,0.04521432463572272,0.36571053036582674,2.727272727272727,1.3228756555322954,2.3636363636363638,0.6614378277661477,0.36363636363636365,5.955009432655028,4.363515684287179,11.476897587315307,0.37670482437538105,2.3166666666666664,3.44,1.63,1.81,0.8008467740807573,2.827272727272727,1.685,1.81,1.56,1.685,0.125,44
-547.56044937,132.27154637308448,7.865005453439968,-7.723453840000002,-2.055167530000002,3.2609,1.58462649,13,2.3333333333333335,6.0,2.5385910352879693,107.10000000000001,141.0,75.0099993334222,2.9616666666666664,1.79,0.9996138143191989,7206.333333333333,17959.511828307335,1228.1333333333334,2963.143558977714,-5.160983333333333,3.473065649073996,0.1767650000000006,0.31240089455164216,3.0,2.1602468994692865,2.3333333333333335,0.6666666666666667,0.16666666666666666,6.369303731900862,7.865005464428454,11.022628864423707,0.3663842270172291,2.483333333333333,3.44,1.65,1.79,0.7359498775203528,2.9616666666666664,1.435,1.79,1.08,1.435,0.355,12
-736.28934279,174.04930479353644,4.442525027641124,-9.02128613,-2.522345725624999,1.311799999999999,3.66468242,2,3.875,5.0,3.5355339059327378,107.1,90.4,63.9224530192639,2.76125,1.81,1.279863273947651,8688.75,15965.05690562987,1436.375,2538.3719231034684,-5.3575,0.6929646455628162,-0.025739720678682243,0.4822274418950668,2.75,1.4142135623730951,2.375,0.7071067811865476,0.375,5.73540119826758,4.4425250338479385,10.878081549596025,0.4072625002842235,2.535,3.44,1.63,1.81,0.905,2.76125,1.81,1.81,1.81,1.81,0.0,16
-265.92701821,40.43653967417185,6.216869178480445,-6.937399098749999,-1.3211116262499991,0.8043999999999991,3.85972224,166,2.25,3.0,1.378404875209022,104.02500000000002,125.3,65.55073607519599,2.6525,1.6099999999999999,0.9966092514120065,6836.0,8371.976684152913,1628.6000000000001,1946.1630188655831,-4.5025,1.8794759908016916,0.09132125789826595,0.19888040934391818,3.0,1.2649110640673518,2.5,0.6324555320336759,0.5,5.660280539676685,6.2168691871662585,10.109134918542962,0.5838677735717114,2.39,3.44,1.83,1.6099999999999999,0.7430118886442306,2.6525,1.575,1.6099999999999999,1.54,1.575,0.03499999999999992,4
-639.00910744,256.35077697262227,4.223841507650256,-7.258172926428571,-2.256356684214285,4.3858,-1.10452714,12,2.2857142857142856,5.0,2.0873770280289223,105.62857142857142,92.6,55.41956848829276,2.537142857142857,2.62,1.5156799511393277,5792.571428571428,15820.696489995991,1178.9714285714285,2568.9667550537565,-4.550842857142857,3.5968650877237134,0.1686579921283576,0.2487459998471889,3.142857142857143,1.927248223318863,1.8571428571428572,0.8451542547285167,0.14285714285714285,5.04623157661808,4.223841513551539,18.310769783758733,0.8045974102835023,2.2066666666666666,3.44,0.82,2.62,1.0750917273527048,2.537142857142857,1.85,2.62,1.08,2.106666666666667,0.77,14
-398.19253619,176.75970785828287,4.96556488626975,-6.369833005999999,-2.318079119468748,3.886599999999999,1.17998316,11,1.6,2.0,1.0690449676496976,126.39000000000001,181.05,80.1570823891617,2.752,2.55,1.326633763650369,2813.2,4380.858559036769,674.3199999999999,1079.2000688340547,-4.0760000000000005,1.632998993963473,0.23110015074259685,0.2558771041932591,3.2,2.138089935299395,1.8,0.5345224838248488,0.0,5.834198029784078,4.965564893207321,17.675970785828287,0.5738268163190288,2.2933333333333334,3.44,0.89,2.55,1.0567350135624771,2.752,2.1049999999999995,2.55,1.6599999999999997,2.3274999999999997,0.44500000000000006,10
-316.37727984,244.14297018463395,2.453578124543232,-6.7492854822222235,-1.021530094444444,0.0,-3.3994126700000002,12,2.3333333333333335,1.0,0.6708203932499369,125.45555555555555,77.3,36.000006944443776,3.0088888888888885,1.56,0.8813171960196852,6770.222222222223,13349.094268900792,1297.4666666666667,2447.717193223106,-4.783333333333334,0.44658705758228134,0.0234523816454322,0.4474939547666795,2.888888888888889,1.8303005217723127,2.3333333333333335,0.6708203932499369,0.3333333333333333,6.247411837519362,2.4535781279712157,27.126996687181553,0.14887447374880308,2.533333333333333,3.44,1.88,1.56,0.6615805989362815,3.0088888888888885,1.36,1.56,1.1600000000000001,1.2933333333333334,0.19999999999999996,9
-284.05865986,167.2229752673024,4.660879718495778,-3.048704132,-0.8160150875000001,0.19789999999999902,1.02210109,221,1.2,1.0,0.5345224838248488,100.9,175.9,94.89772690338042,1.688,2.62,1.4706266885728878,3858.4,5863.0602443239,1220.44,1352.5070731264746,-1.768,2.1527955247604385,-0.035101830750582264,0.8191410859493145,4.6,1.8126539343499315,1.6,1.0690449676496976,0.0,3.5339480640535754,4.660879725007663,33.444595053460475,1.0422943386969044,2.2666666666666666,3.44,0.82,2.62,1.0869324828259677,1.688,1.76,2.62,0.8999999999999999,2.19,0.8600000000000001,5
-299.28630129,142.59546003697025,3.845922408760981,-3.202910127999999,-0.8797196933499991,0.5612,0.47419197,221,1.2,1.0,0.5345224838248488,101.8,174.4,93.98388919688007,1.688,2.62,1.4706266885728878,3942.4,5820.941111931252,1263.04,1338.642546974893,-1.8399999999999999,2.105452106182559,-0.04106341826966094,0.8149970620746755,4.0,1.6903085094570331,1.6,1.0690449676496976,0.0,3.6148665348527227,3.8459224141342596,28.51909200739405,1.0169853068844792,2.2666666666666666,3.44,0.82,2.62,1.0869324828259677,1.688,1.76,2.62,0.8999999999999999,2.19,0.8600000000000001,5
-373.73429587,194.27563298010114,6.006274384912787,-6.481919202857138,-2.551106224285708,1.4813,3.16937314,55,1.7142857142857142,4.0,1.6903085094570331,86.26285714285714,138.63,84.67331359828955,2.584285714285714,2.44,1.4154126102104845,3248.285714285714,4872.209853561611,842.4,1154.0864179081218,-3.9339858571428574,1.7705419210231126,0.19692585714285737,0.1754339725372892,3.142857142857143,1.927248223318863,1.7142857142857142,0.5976143046671968,0.0,5.306087342276822,6.0062743933043725,13.876830927150081,0.7917224304476245,2.2566666666666664,3.44,1.0,2.44,0.9974745889272346,2.584285714285714,1.775,2.44,1.1099999999999999,1.9966666666666668,0.665,14
-598.07942348,699.3001778338033,3.806737706838419,-8.727693626904761,-2.507684173809523,3.3185000000000002,-0.57073005,14,3.4285714285714284,7.0,3.572856857257085,117.22857142857144,111.4,58.601983319505415,2.9847619047619047,2.2199999999999998,1.1366456199300299,8101.428571428572,20872.991478590367,1343.7619047619048,3013.5970689323335,-5.49152380952381,1.3890513426987,0.18315987470844824,0.3585594575797264,2.857142857142857,2.032892781536815,2.2857142857142856,0.6776309271789384,0.19047619047619047,6.1459437405533,3.8067377121569517,16.650004234138173,0.32463864578447466,2.2733333333333334,3.44,1.22,2.2199999999999998,0.9098473620460864,2.9847619047619047,1.7499999999999998,2.2199999999999998,1.2799999999999998,1.593333333333333,0.47,42
-371.24641256,188.7890468955709,3.746491815091009,-7.571980308571428,-1.9652311190160092,0.31959999999999905,1.95516146,11,2.7142857142857144,4.0,1.9639610121239315,87.48571428571428,141.0,84.09861558228614,2.525714285714286,2.62,1.4280381147374384,4231.142857142857,7562.870600128348,865.8285714285714,1298.563278616575,-4.997142857142857,2.4046071850274657,0.16312176010669324,0.1599853010611151,2.857142857142857,1.3093073414159544,2.142857142857143,0.8451542547285167,0.2857142857142857,5.2376684715019834,3.746491820325372,13.484931921112198,0.7543809839853515,1.9366666666666668,3.44,0.82,2.62,1.10400281803183,2.525714285714286,2.255,2.62,1.89,2.1333333333333333,0.3650000000000001,14
-145.69851305,53.856444714571445,5.161379032623823,-4.342580757499999,-1.2931675128448261,0.0,0.76093729,166,1.25,2.0,1.0488088481701516,83.7,141.0,76.22881345003344,2.375,2.51,1.3893451694953272,2336.0,3144.5816255902787,594.1,639.496314297432,-3.03,2.483352572632408,0.24399184430685347,0.08418334740483417,3.0,1.5491933384829668,2.0,0.8944271909999159,0.0,5.192400029867136,5.161379039834977,13.464111178642854,0.7768264910236714,2.02,3.44,0.93,2.51,1.0509360906671092,2.375,2.13,2.51,1.75,2.13,0.3799999999999999,4
-491.07768294,260.7343446146149,6.668741908810977,-5.347205506666665,-1.2817707551851831,0.6733,1.91378328,86,1.7777777777777777,3.0,1.1902380714238083,133.33333333333334,15.400000000000006,9.43133076506174,2.5977777777777775,1.54,0.9786427676464312,10698.666666666666,19369.001910268893,1474.8666666666666,1634.02998748493,-3.1355555555555554,2.823157216073286,0.09768742734039347,0.26088820601531476,3.4444444444444446,1.848422751068236,2.4444444444444446,0.6454972243679028,0.4444444444444444,5.662500488401349,6.668741918128121,14.485241367478604,0.5969565177902088,2.4233333333333333,3.44,1.9,1.54,0.7189962138673301,2.5977777777777775,0.77,1.51,0.030000000000000027,1.214,0.74,18
-549.59452892,1042.8133825691384,8.480501764111574,-6.373782275142857,-1.8069840201428562,0.41589999999999905,4.51541092,194,1.6,2.0,1.0690449676496976,128.45,191.35000000000002,83.42806995935395,2.698,2.55,1.348978449473103,5733.2,10347.531465454522,1302.3200000000002,2148.942780598338,-4.0840000000000005,1.6279171618096193,0.15854820910088835,0.4255476929920601,3.6,2.618614682831909,2.0,0.8451542547285166,0.2,5.770473210503572,8.480501775959993,14.897334036701977,0.7336896450016847,2.203333333333333,3.44,0.89,2.55,1.0424437101776232,2.698,1.855,2.55,1.1600000000000001,1.8549999999999998,0.6949999999999998,70
-249.67016152,271.5234877996981,6.036840607540698,-8.133236862272726,-2.28143384151515,3.7425,-0.21828282000000002,2,2.5454545454545454,5.0,2.2980970388562794,114.85454545454546,81.4,48.20530313150204,2.7963636363636364,2.46,1.3030589012013234,7050.363636363636,18173.28566192696,1410.6727272727273,2969.79736871895,-5.2838,3.3086197523004213,0.13138741902022347,0.2730112126857473,2.727272727272727,2.1213203435596424,2.0,0.82915619758885,0.18181818181818182,5.782962683839305,6.036840615974989,12.341976718168096,0.3866003762053315,2.26,3.44,0.98,2.46,1.0067770358922576,2.7963636363636364,1.77,2.46,1.08,1.77,0.69,22
-754.56422531,283.59853794732845,7.574199213523588,-10.132130643636366,-3.989558998636363,3.4628,5.87718823,227,4.363636363636363,7.0,4.319288135792749,95.10909090909091,141.0,84.3706554437027,2.647272727272727,2.2199999999999998,1.442315846130798,6850.363636363636,13399.037717313882,1600.1272727272728,2796.2666157306962,-5.6481818181818175,1.6220954811600945,0.3990332587776102,0.30830578739436826,3.272727272727273,2.3518609652783473,2.3636363636363638,0.6614378277661477,0.0,5.605705207845805,7.574199224105779,12.890842633969475,0.6092313635411474,1.9866666666666666,3.44,1.22,2.2199999999999998,1.0281807018007854,2.647272727272727,2.1799999999999997,2.2199999999999998,2.1399999999999997,2.1799999999999997,0.040000000000000036,22
-661.70687698,221.6295420985327,7.882662591838353,-7.023950105000001,-2.280801145625002,2.7077,4.24645744,36,2.5,2.0,0.9701425001453319,127.625,49.8,29.038372179299742,2.8925,1.54,0.9709122453833271,9138.75,22174.56098113066,912.25,1549.2044789655943,-4.81125,0.6247987911414082,0.11582806630195042,0.36017408899519016,3.125,2.3199898579900022,2.0,0.0,0.0,6.12019520073089,7.88266260285151,13.851846381158294,0.4007926210631662,2.453333333333333,3.44,1.9,1.54,0.6993965653015144,2.8925,0.77,1.42,0.1200000000000001,1.2033333333333334,0.6499999999999999,16
-390.13612258,298.56875882469535,5.245980787321197,-9.32529652409091,-3.483086835454544,2.2167,2.59480032,8,4.363636363636363,7.0,4.428645755285294,105.62727272727274,111.4,68.5428968579343,2.667272727272727,2.2199999999999998,1.434757482035924,5686.727272727273,11556.391857937042,1497.7636363636366,2651.4813933638757,-5.31,0.8207038678534891,0.36048949234064087,0.2669924209125874,3.090909090909091,2.0160645150967413,2.3636363636363638,0.6720215050322471,0.09090909090909091,5.641168756470799,5.245980794650548,13.571307219304334,0.6188897667280306,2.0866666666666664,3.44,1.22,2.2199999999999998,0.9694442852594584,2.667272727272727,2.03,2.2199999999999998,1.8399999999999999,2.125,0.18999999999999995,22
-641.55289937,117.57007878380284,6.556764826849906,-5.9620648890000005,-1.939425192999999,1.080999999999999,4.17601123,161,2.0,4.0,1.6903085094570331,106.06,141.0,72.97913596168625,2.786,1.79,1.0783452932287374,3003.2,4554.209230402761,865.12,1456.5455767475514,-4.042,1.9258838416240402,0.2601012129750909,0.11637260738871429,3.0,1.6903085094570331,2.2,0.5345224838248488,0.0,6.1097573409153085,6.556764836010606,11.757007878380278,0.43872355207476227,2.35,3.44,1.65,1.79,0.7810676453846149,2.786,1.635,1.79,1.48,1.6349999999999998,0.15500000000000003,10
-768.65232731,303.38857642765294,4.320545284020368,-8.837571938461538,-2.280837626445622,1.8537999999999992,2.15501215,64,3.4615384615384617,5.0,2.637521893583148,94.55384615384615,141.0,82.30779454874404,2.7253846153846153,1.89,1.2255717388045964,6690.461538461538,11772.989055645461,1160.2769230769231,1916.4285261006144,-5.597692307692308,1.1202484196548235,0.06587087273026396,0.3314513923408607,2.769230769230769,1.318760946791574,2.3846153846153846,0.659380473395787,0.38461538461538464,5.724662173104493,4.32054529005676,11.668791401063574,0.4109076259483954,2.2066666666666666,3.44,1.55,1.89,0.8727097010015543,2.7253846153846153,1.85,1.89,1.81,1.8579999999999999,0.039999999999999925,26
-98.91932183,97.46807538236183,6.302162373093815,-4.99208084,-1.9609385931250012,2.2727,-0.14778873,166,1.0,2.0,1.2649110640673518,73.9875,141.0,84.99412185557304,2.4425000000000003,2.55,1.3558871634468703,2683.5,4026.809108959599,738.32,1063.0153723817918,-3.0500000000000003,2.5611872247065426,0.2904712729846342,0.18193467345909936,4.0,2.5298221281347035,2.0,0.8944271909999159,0.0,5.309560339503793,6.302162381898797,24.367018845590458,0.590721545852284,2.11,3.44,0.89,2.55,1.0439348638684312,2.4425000000000003,1.9949999999999999,2.55,1.44,1.9949999999999999,0.5549999999999999,4
-687.2589003,409.87716106509606,6.3632728825152824,-7.419762320333334,-1.673642153333334,1.2366,2.69828597,55,2.6666666666666665,2.0,1.1708833169600992,100.94666666666667,125.3,72.70388240066023,2.8213333333333335,1.6099999999999999,1.0235122956539597,5266.533333333334,8403.469586829846,1134.7866666666666,1800.3384989961587,-5.1353333333333335,0.8151815550795636,0.054057471883474054,0.29848140933407924,3.066666666666667,1.9344083032987032,2.2666666666666666,0.5956833971812706,0.26666666666666666,5.886370228422277,6.363272891405644,13.662572035503201,0.43151337622056674,2.43,3.44,1.83,1.6099999999999999,0.7183778021811827,2.8213333333333335,1.515,1.6099999999999999,1.42,1.5466666666666666,0.09499999999999997,30
-295.37064985,85.93374571158175,5.776905243150395,-5.135754768571429,-0.7310126202380951,0.0,1.70807684,2,1.5714285714285714,1.0,0.6546536707079772,132.34285714285713,22.599999999999994,13.546744469217897,2.7842857142857143,1.54,1.001694992072366,5484.0,8071.358993378996,1313.685714285714,1894.8204445653569,-3.532857142857143,2.2901278816445414,0.13111844428403377,0.16698868302973865,3.0,1.5811388300841898,2.4285714285714284,0.6546536707079772,0.42857142857142855,6.023151600468104,5.77690525122152,12.276249387368821,0.48163138326187255,2.4233333333333333,3.44,1.9,1.54,0.7189962138673301,2.7842857142857143,1.525,1.54,1.51,1.53,0.015000000000000013,7
-503.80264106,74.81717525868144,4.254713841767185,-6.354290738333333,-2.528575830833333,0.0,4.29986781,71,1.1666666666666667,2.0,1.1481209945740989,91.02333333333333,138.63,80.8387461105581,2.37,2.44,1.4215292661586163,5141.0,6585.9719928731165,1164.1000000000001,1505.2393279958685,-3.4766666666666666,1.9363320526660242,0.22123655795034947,0.09980430039226047,3.0,1.2792042981336627,1.8333333333333333,0.8790490729915326,0.16666666666666666,5.122814865126341,4.254713847711601,12.46952920978024,0.8270611592523507,2.1133333333333333,3.44,1.0,2.44,1.0074831126238406,2.37,1.99,2.44,1.54,2.14,0.44999999999999996,6
-131.69297672,52.72603186622967,5.7685415583261666,-5.999577614999999,-2.077688422499998,0.0,2.93997034,123,1.25,2.0,1.0488088481701516,101.3575,135.97,71.30915698562143,2.4325,2.49,1.3433502893884381,5386.0,6918.745088525809,1258.85,1631.745542662826,-3.4225000000000003,1.9889167906174456,0.2574908570900408,0.2064870457615221,3.25,1.6431676725154984,2.0,0.8944271909999159,0.25,5.20051569712223,5.768541566385609,13.181507966557412,0.8653386589496591,2.0966666666666662,3.44,0.95,2.49,1.0260062811157098,2.4325,2.015,2.49,1.54,2.015,0.4750000000000001,4
-134.25756496,234.5558145823458,3.359754678548887,-4.610652090833333,-1.217806291583332,1.029399999999999,1.520070609999999,139,1.3333333333333333,1.0,0.5773502691896257,102.60000000000001,92.6,48.27960231816331,2.0533333333333332,2.62,1.3167130793507495,5217.333333333333,6907.477204691546,1440.7333333333333,1594.6821668700422,-2.6999999999999997,2.0392890918160673,0.18747577338378196,0.11485832486946751,3.3333333333333335,1.1547005383792515,2.0,1.0,0.3333333333333333,4.339761475303884,3.359754683242923,19.546317881862148,0.9518077662543954,2.0533333333333332,3.44,0.82,2.62,1.0750917273527048,2.0533333333333332,2.08,2.62,1.54,2.08,0.54,12
-403.48420208,248.92808517080482,5.51826198310841,-7.1091017825,-1.754956429833332,1.628299999999999,1.5719148600000001,8,2.8,6.0,2.8535691936340255,119.84,90.4,46.94446567107626,2.776,1.81,1.0940945375710718,6953.2,12040.747793578745,1277.1200000000001,2012.537102408656,-4.33,2.4713212197989503,0.02420356522151168,0.3653478777461824,3.0,1.6903085094570331,2.4,0.6546536707079771,0.4,5.8612972255538835,5.518261990818178,12.446404258540232,0.4849210230481029,2.3333333333333335,3.44,1.63,1.81,0.7920577981154883,2.776,1.6600000000000001,1.81,1.51,1.6600000000000001,0.15000000000000002,20
-390.2886187,346.5708039136258,4.9963670487072465,-8.371796043571429,-1.9858434467610842,0.40040000000000003,4.13225769,5,3.2142857142857144,3.0,1.9352733705778944,88.23571428571428,141.0,90.1723700517776,2.6592857142857147,1.89,1.233371281075221,5341.142857142857,8296.890547350675,1090.4714285714285,1580.810130615503,-5.6242857142857146,1.4079933533290798,0.13482978111567565,0.16446893136230156,2.9285714285714284,1.4952755788160834,2.357142857142857,0.6515583641446041,0.35714285714285715,5.6199591024636675,4.996367055687854,12.377528711200922,0.44711487953795837,2.3166666666666664,3.44,1.55,1.89,0.8117607748318192,2.6592857142857147,1.685,1.89,1.48,1.8216666666666665,0.20499999999999996,28
-119.63564385,388.28158042161505,9.048323853594393,-6.115731398666667,-1.1872659216666661,0.0,3.64466633,148,1.8,3.0,1.3093073414159542,114.8,151.0,76.87838262012095,2.842,1.75,1.0021548212298763,6593.2,13342.820712706462,1202.3200000000002,2388.778992348542,-4.33,2.3204679331056113,0.16908452111844977,0.25079337397634816,3.4,2.32992949004287,2.4,0.6546536707079771,0.2,6.346996489131861,9.048323866236137,12.942719347387168,0.44223877700677033,2.4433333333333334,3.44,1.69,1.75,0.7348620429864521,2.842,1.4949999999999999,1.75,1.2399999999999998,1.4949999999999999,0.2550000000000001,30
-795.20511264,156.53296801198508,4.160027114804158,-8.867631577142857,-2.507166292857142,1.9961000000000002,4.15426158,70,3.4285714285714284,4.0,2.32992949004287,118.02857142857144,76.7,45.0742007297808,2.7114285714285713,1.78,1.1172159274605016,13155.42857142857,23180.164094082065,1345.9714285714285,1920.4993852046473,-5.708571428571429,1.3370196066518352,0.2117708338929322,0.1494395451854894,2.7142857142857144,1.164964745021435,2.2857142857142856,0.5976143046671968,0.2857142857142857,5.769898349753479,4.160027120616284,11.180926286570363,0.4111910168458538,2.3333333333333335,3.44,1.66,1.78,0.7886415887813396,2.7114285714285713,1.01,1.78,0.24,1.472,0.77,14
-232.09473866,150.3161849315957,2.434651554559929,-4.3246242175,-1.284958853625,2.3575,0.88468063,64,1.5,1.0,0.7071067811865476,94.7,92.6,65.4780879378743,2.13,2.62,1.8526197667087545,1276.0,1490.5810947412422,561.1,665.9531665214904,-3.035,2.764787514439401,0.2525039862246252,0.03182544252632169,3.0,1.4142135623730951,1.5,0.7071067811865476,0.0,4.272683253895573,2.434651557961469,18.789523116449466,1.2109678490179407,2.13,3.44,0.82,2.62,1.31,2.13,2.62,2.62,2.62,2.62,0.0,8
-319.12588075,169.88436818058463,6.381728966353738,-5.385638182499999,-1.694015584375,2.1259,1.8580269500000002,15,2.0,2.0,0.8944271909999159,105.025,94.1,49.63082711380096,2.4299999999999997,2.62,1.385698379879258,3383.5,5582.55780086512,744.6,915.7828214156456,-3.75,2.0933609340006325,0.10491090574795844,0.3154604043773557,3.75,2.2583179581272432,1.75,0.5477225575051662,0.0,4.832932732816633,6.381728975269885,21.23554602257308,0.863274691032996,2.0933333333333333,3.44,0.82,2.62,1.0708667309966986,2.4299999999999997,2.02,2.62,1.42,2.02,0.6000000000000001,8
-457.05754489,113.6752137295987,8.296037245622959,-6.9964094160000005,-2.5005107850000012,2.977899999999999,6.43632044,161,2.8,3.0,1.5583874449479593,111.33999999999999,98.5,52.72472989838016,2.79,1.8299999999999998,1.0778285047790699,4453.2,6925.442244775007,979.92,1511.0338334115108,-4.554,0.7262722826677532,0.216939934268824,0.44223685816734043,3.0,2.0701966780270626,2.0,0.0,0.0,5.632444360845702,8.296037257213657,11.36752137295987,0.4935614489709231,2.356666666666667,3.44,1.61,1.8299999999999998,0.784106001904221,2.79,1.625,1.8299999999999998,1.42,1.625,0.20499999999999996,10
-505.46878608,70.07409939156388,10.1204302552704,-7.389007275999999,-2.3668584595,0.0,1.66756478,221,2.8,8.0,3.625307868699863,84.6,141.0,92.30616756982478,2.724,2.1399999999999997,1.208588314640562,5691.2,13278.516010028057,1155.296,2501.6415108255846,-4.676,3.348449534592732,0.3157377154127413,0.2736366443584005,3.6,2.618614682831909,2.4,0.6546536707079771,0.0,5.978032488125442,10.120430269410022,14.014819878312775,0.46308171491978095,2.2466666666666666,3.44,1.3,2.1399999999999997,0.8908921870175363,2.724,1.7899999999999998,2.1399999999999997,1.44,1.7899999999999998,0.34999999999999987,5
-468.58304058,513.7503278083724,6.432648662768679,-7.73781684325,-2.180191696583333,1.4737,2.21991867,57,2.8,6.0,2.8535691936340255,126.94000000000001,54.900000000000006,28.427552027667005,2.7700000000000005,1.8399999999999999,1.105376471098034,7753.2,13958.066034683006,1544.52,2618.3563524798205,-4.544,2.7727191398645896,0.18524775540299687,0.21178829914235445,3.2,1.9639610121239315,2.4,0.6546536707079771,0.4,5.9213811665763405,6.432648671755968,12.84375819520931,0.5082884740347857,2.3233333333333337,3.44,1.6,1.8399999999999999,0.8010132472201831,2.7700000000000005,1.6749999999999998,1.8399999999999999,1.51,1.675,0.16499999999999992,40
-578.13175687,134.24335401371286,2.93765796083995,-6.206609344285715,-2.4100714059523822,3.5376000000000003,0.38632554,146,1.8571428571428572,6.0,2.0090703413180027,96.37857142857143,81.4,52.33546772331534,2.0785714285714283,2.46,1.5873694649267442,3509.4285714285716,8804.72312919709,1204.5142857142857,1717.0429367215763,-3.5714285714285716,2.382724948838657,0.22732385676496597,0.048889182501065956,2.2142857142857144,1.031327476428493,1.5714285714285714,0.8312094145936335,0.07142857142857142,4.534624271008658,2.9376579649442602,9.588811000979488,0.8014480657191296,2.0066666666666664,3.44,0.98,2.46,1.0446477343530156,2.0785714285714283,2.15,2.46,1.8399999999999999,2.3825,0.31000000000000005,14
-252.50650528,58.97952619838674,4.56151324709191,-5.802595223333333,-2.5751674474999993,0.0,6.30077611,164,1.0,2.0,1.2792042981336627,70.5,141.0,90.18390301842321,2.4316666666666666,2.13,1.297986202476044,4236.0,5166.892225770465,696.1,778.9879553275869,-3.22,2.267116711115284,0.3700000000000003,0.1862549572250602,2.6666666666666665,0.9534625892455922,1.8333333333333333,0.8790490729915326,0.0,5.556430144643447,4.561513253464966,9.829921033064457,0.700152532528153,2.1333333333333333,3.44,1.31,2.13,0.9343209060893134,2.4316666666666666,1.96,2.13,1.79,2.0166666666666666,0.16999999999999993,6
-499.44225715,570.5122499903749,5.090816677635507,-7.329136523414634,-2.717323549087469,0.0,2.69338002,2,1.853658536585366,5.0,2.065292255049012,80.56975609756098,141.0,89.85610211696434,2.434634146341464,2.49,1.5147075258573484,4397.707317073171,6564.593673546402,876.5512195121951,1201.759851423664,-4.310975609756097,2.395931479471187,0.2751478539704785,0.23139675941196794,3.1707317073170733,1.7881641043812313,1.853658536585366,0.8498365855987976,0.14634146341463414,5.1263990929066745,5.090816684748072,13.91493292659451,0.862204118030373,1.9799999999999998,3.44,0.95,2.49,1.061037228376083,2.434634146341464,2.19,2.49,1.89,2.29,0.30000000000000016,41
-638.41147427,134.24335401371286,2.93765796083995,-6.206609344285715,-2.4100714059523822,3.5376000000000003,0.38632554,146,1.8571428571428572,6.0,2.0090703413180027,96.37857142857143,81.4,52.33546772331534,2.0785714285714283,2.46,1.5873694649267442,3509.4285714285716,8804.72312919709,1204.5142857142857,1717.0429367215763,-3.5714285714285716,2.382724948838657,0.22732385676496597,0.048889182501065956,2.2142857142857144,1.031327476428493,1.5714285714285714,0.8312094145936335,0.07142857142857142,4.534624271008658,2.9376579649442602,9.588811000979488,0.8014480657191296,2.0066666666666664,3.44,0.98,2.46,1.0446477343530156,2.0785714285714283,2.15,2.46,1.8399999999999999,2.3825,0.31000000000000005,14
-752.68604913,111.34209089405522,5.696544250411836,-6.93581445,-2.093056296999999,0.0,4.01795304,63,1.8,3.0,1.3093073414159542,107.01400000000001,138.63,71.77028314600092,2.7199999999999998,2.44,1.2965889314439087,6181.2,11227.092308976786,1199.1200000000001,2041.273871175266,-4.226000000000001,1.5837027138053046,0.08954200608359297,0.4166377998120682,3.0,1.6903085094570331,2.0,0.8451542547285166,0.2,5.629562984099025,5.696544258370686,11.134209089405521,0.6726899939889066,2.2399999999999998,3.44,1.0,2.44,0.9965273035229223,2.7199999999999998,1.8,2.44,1.1600000000000001,1.8,0.6399999999999999,10
-307.57443176,34.49840025661019,4.987595380591106,-6.395818074999999,-3.075623527499999,3.2748,1.66284593,225,1.0,2.0,1.4142135623730951,73.015,135.97,96.14530903793487,2.195,2.49,1.7606958851545034,4111.0,5499.876544068967,872.6,1106.4806912007095,-3.335,2.3405234457274724,0.3712720403290337,0.19978883541743772,3.5,2.1213203435596424,1.5,0.7071067811865476,0.0,4.654915531852944,4.987595387559458,17.249200128305095,0.9975853971933308,2.195,3.44,0.95,2.49,1.2449999999999999,2.195,2.49,2.49,2.49,2.49,0.0,2
-468.45339214,522.8819652385342,4.712073115249043,-7.255254200555555,-3.339431164444443,3.7632,2.43310209,130,1.5555555555555556,4.0,1.6681153124565984,94.85444444444445,135.97,84.33656025504108,2.4388888888888887,2.49,1.5291870531358356,8367.777777777777,20183.388391360895,954.3333333333334,1407.7443937948642,-3.934444444444445,2.122492382328728,0.3460952699668408,0.1753130229398951,3.111111111111111,1.8177865182927715,1.6666666666666667,0.6255432421712243,0.0,5.195399155814111,4.712073121832453,14.524499034403728,0.8463106050953181,2.0966666666666662,3.44,0.95,2.49,1.0260062811157098,2.4388888888888887,1.7200000000000002,2.49,0.95,2.2333333333333334,0.7700000000000001,36
-279.57523815,262.0072345601061,1.087483236411541,-5.907274822222223,-1.8301323900000002,0.16110000000000002,-3.90404263,2,1.8888888888888888,5.0,1.949358868961793,98.72222222222223,141.0,86.65996768981628,2.7633333333333336,2.13,1.3667132105895514,3270.222222222222,6183.13980110429,673.2444444444444,1297.3305238064816,-4.084444444444445,2.0117467534458706,0.35555555555555585,0.2611130023572168,2.3333333333333335,0.6708203932499369,1.7777777777777777,0.5916079783099616,0.0,5.897398847996629,1.0874832379309043,29.111914951122895,0.15985908529112086,2.1199999999999997,3.44,1.31,2.13,0.9413819628609845,2.7633333333333336,1.98,2.13,1.8299999999999998,2.03,0.15000000000000002,9
-427.6019653,67.85317071985968,6.7836397495334655,-5.4150766325,-1.7506179754166662,0.0,1.64758652,123,1.25,2.0,1.0488088481701516,105.38749999999999,127.05,67.24838102140453,2.425,2.55,1.365532863024541,4936.0,6142.708978944062,1189.6,1396.7610303842243,-3.1550000000000002,2.384374131716749,0.21962279207425686,0.2921065676169695,3.75,2.2583179581272432,2.0,0.8944271909999159,0.25,5.098999027609438,6.7836397590111375,16.963292679964916,0.8930549487355195,2.0866666666666664,3.44,0.89,2.55,1.0469107995537261,2.425,2.03,2.55,1.51,2.03,0.5199999999999999,4
-612.44128887,757.2211267990086,4.272222377844706,-6.615557599285714,-2.63646675,3.0839,1.8173203900000001,33,2.5714285714285716,5.0,2.220038609702865,89.16714285714285,138.63,79.91336143420752,2.6257142857142854,2.44,1.2870481176486204,2944.0,4328.827323883455,1010.2571428571429,1435.8198613634354,-3.992857142857143,1.587981647968803,0.3614285714285716,0.2512397830189884,2.857142857142857,1.3093073414159544,1.8571428571428572,0.46291004988627577,0.0,5.167369150371364,4.272222383813584,13.521805835696583,0.4907806370110573,2.0833333333333335,3.44,1.0,2.44,1.014703021687736,2.6257142857142854,2.035,2.44,1.63,1.8999999999999997,0.405,56
-389.25673498,278.0863765695177,7.803341920061429,-6.315899490499999,-1.9634968209999992,1.8794,3.48520627,54,2.8,3.0,1.558387444947959,108.62,112.1,59.173256507600506,2.83,1.63,1.0022831079946566,3431.2,5711.526090784693,916.9200000000001,1379.8026111420018,-4.412000000000001,1.041304127387521,0.2049399342688239,0.4183805600736331,3.2,2.138089935299395,2.0,0.0,0.0,5.609916791565963,7.803341930963763,13.904318828475885,0.4182066474465233,2.4233333333333333,3.44,1.81,1.63,0.7239858807708583,2.83,1.525,1.63,1.42,1.5249999999999997,0.10499999999999998,20
-674.90605628,232.4267527874747,8.153105671810371,-6.507598689375001,-1.864736001875002,2.3222,3.49415827,36,2.5,2.0,0.9701425001453319,125.8,49.8,29.08713077067912,2.90625,1.4300000000000002,0.9454021864358296,6838.75,14348.260050284433,902.25,1521.9203581234426,-4.67,0.5740670180183417,0.08149500698218026,0.32404933885253123,3.25,2.3514701283890216,2.0,0.0,0.0,6.087064220115559,8.153105683201373,14.526672049217169,0.4045979482447661,2.4899999999999998,3.44,2.01,1.4300000000000002,0.6717638473948019,2.90625,0.7150000000000001,1.42,0.010000000000000231,1.1849999999999998,0.7049999999999998,16
-173.5816244,113.6752137295987,8.296037245622959,-6.9964094160000005,-2.5005107850000012,2.977899999999999,6.43632044,161,2.8,3.0,1.558387444947959,111.34,98.5,52.72472989838016,2.79,1.8299999999999998,1.0778285047790699,4453.2,6925.442244775008,979.9200000000001,1511.0338334115108,-4.554,0.7262722826677532,0.216939934268824,0.4422368581673405,3.0,2.0701966780270626,2.0,0.0,0.0,5.632444360845702,8.296037257213657,11.36752137295987,0.4935614489709231,2.356666666666667,3.44,1.61,1.8299999999999998,0.784106001904221,2.79,1.625,1.8299999999999998,1.42,1.625,0.20499999999999996,10
-736.31647102,425.55639226535754,3.322682056273803,-8.233708902777778,-2.796821249444444,3.0384,1.262092309999999,2,3.3333333333333335,5.0,2.788866755113585,109.51666666666667,98.5,63.05343853519101,2.8333333333333335,1.8299999999999998,1.2133608055497938,5731.333333333333,12075.292202583661,1138.8000000000002,2128.30257247413,-4.945,0.9148314963241407,0.19800456858725254,0.48271605375057797,2.5,1.0801234497346432,2.1666666666666665,0.5270462766947298,0.16666666666666666,5.791948606589523,3.3226820609160432,11.821010896259933,0.3116814698246951,2.2266666666666666,3.44,1.61,1.8299999999999998,0.8579950789809668,2.8333333333333335,1.8199999999999998,1.8299999999999998,1.81,1.8199999999999998,0.009999999999999898,36
-618.06523221,252.29133819395093,7.017975204441195,-9.182272448,-3.820938063,4.4855,2.26463076,62,2.8,8.0,3.625307868699863,85.074,141.0,91.53588195737389,2.524,2.44,1.5045075131560017,6941.2,13126.148450435001,1380.72,2489.6137485848794,-5.004,2.6158527699940826,0.3404608477676307,0.25701269363475165,3.2,2.138089935299395,2.0,0.8451542547285166,0.0,5.375675341736301,7.017975214246263,12.614566909697547,0.677659280050377,1.9133333333333333,3.44,1.0,2.44,1.0864416945034627,2.524,2.29,2.44,2.1399999999999997,2.2899999999999996,0.15000000000000013,20
-331.20738433,482.93099956420895,4.477274163795824,-5.568484020588237,-1.07647395217831,0.0,2.11789171,2,1.7647058823529411,1.0,0.5630925063714729,145.21176470588236,76.6,32.97459480325762,2.9205882352941175,1.54,0.8684756761130388,4165.882352941177,7049.280312686486,975.0588235294117,1692.4245034860492,-4.027058823529412,1.6455724039328585,0.13645161122402275,0.15784740129988367,2.823529411764706,1.3066434376564755,2.235294117647059,0.5630925063714729,0.23529411764705882,6.384689591050182,4.477274170051188,14.203852928359087,0.2873439253784428,2.6299999999999994,3.44,1.9,1.54,0.6312421616675068,2.9205882352941175,1.095,1.54,0.6499999999999999,1.3346153846153848,0.44500000000000006,34
-479.59922736,328.6645673176261,6.48281691256342,-6.490013648636363,-2.623776220454545,2.1959,3.03694562,167,1.2727272727272727,2.0,1.2833778958394957,97.40181818181819,200.27,96.17289984556919,2.429090909090909,2.49,1.5527565621102593,4848.363636363636,8021.0664906269685,1023.5636363636363,1622.5168267050967,-3.652727272727273,2.0631721721089367,0.27249241949306624,0.345684473997693,3.4545454545454546,2.155703788448082,1.7272727272727273,0.8224783208299743,0.09090909090909091,5.165340487552226,6.482816921620801,14.939298514437551,0.9114213593576895,2.223333333333333,3.44,0.95,2.49,1.017327653981526,2.429090909090909,1.8250000000000002,2.49,1.1600000000000001,2.224,0.665,22
-328.12912959,42.81809943999384,6.33803315723255,-5.602706964,-0.8500714260000001,0.0,3.91066914,221,1.2,2.0,1.3093073414159544,95.34,141.0,78.09817996781817,2.818,1.8699999999999999,1.0522221384153767,5063.2,8743.576842459841,1249.72,1909.1572306723644,-4.312,1.174381296075269,0.15307725506713749,0.29456463661836646,2.6,1.6035674514745464,2.0,0.8451542547285166,0.2,6.162265555634596,6.338033166087647,8.563619887998767,0.4450787140180929,2.4033333333333338,3.44,1.57,1.8699999999999999,0.7768454729795937,2.818,1.5549999999999997,1.8699999999999999,1.2399999999999998,1.5549999999999997,0.31500000000000006,5
-272.69451449,260.61562675394583,3.1962399168163342,-8.676371168888888,-2.345422407662835,0.583,1.6300396,5,3.5555555555555554,5.0,3.251373336211726,108.05555555555556,141.0,69.39924959360759,2.8322222222222226,1.89,1.2469786863278154,7214.666666666667,14653.554785244289,1212.0222222222224,2339.211327410526,-5.372222222222223,0.8438809542435856,0.026308846209242898,0.4384149903157393,2.6666666666666665,1.3675269175156552,2.3333333333333335,0.6837634587578277,0.3333333333333333,5.919723582471302,3.1962399212819173,14.478645930774768,0.2834878282375606,2.2066666666666666,3.44,1.55,1.89,0.8727097010015543,2.8322222222222226,1.85,1.89,1.81,1.8233333333333333,0.039999999999999925,18
-224.6085036,257.00605812411413,4.535901711324128,-4.123469275,-1.405377440642856,0.6513,0.27050279,14,1.1428571428571428,2.0,1.0307764064044151,74.25714285714285,141.0,75.02183015629517,2.1914285714285713,2.62,1.3985371822014603,2560.8571428571427,3119.2852145964466,630.657142857143,579.1939355690804,-2.7071428571428577,2.447719601996928,0.2771451349855002,0.06150445163986191,3.4285714285714284,1.6007810593582121,2.0,0.9354143466934853,0.0,4.7021469131439355,4.535901717661402,18.357575580293865,0.9580776064202732,1.9833333333333332,3.44,0.82,2.62,1.0895360888418928,2.1914285714285713,2.185,2.62,1.75,2.185,0.43500000000000005,14
-267.30788756,96.90008949874165,2.676309052388465,-3.788595043333332,-1.3149112078764351,2.1322,0.91858194,129,1.3333333333333333,1.0,0.5773502691896257,80.73333333333333,92.6,52.238810604122044,1.7299999999999998,2.62,1.481924424523734,1717.3333333333333,1302.0143368386284,759.4,582.8511645351667,-2.4333333333333336,2.215408164048633,0.22365844989222117,0.05479620693907772,3.0,1.0,1.3333333333333333,0.5773502691896257,0.0,3.730181552414593,2.676309056127636,16.15001491645693,1.443467010626896,1.7299999999999998,3.44,0.82,2.62,1.2099862258169167,1.7299999999999998,2.565,2.62,2.51,2.565,0.05500000000000016,6
-194.9748926,116.260355946894,9.751712740282583,-4.4215644075,-0.8891108574999991,0.8955000000000001,1.76975033,2,1.25,2.0,1.0488088481701516,126.2,222.8,101.38260205774954,2.7775,1.75,0.9201901977308822,4811.0,6432.905533271883,1087.35,1569.610523665027,-2.965,2.5615854465545356,-0.11258525217401358,0.8404897862966915,3.75,2.2583179581272432,2.5,0.6324555320336759,0.0,6.196810685643527,9.751712753907059,14.53254449336175,0.4767589599515305,2.5566666666666666,3.44,1.69,1.75,0.7145317036742006,2.7775,1.325,1.75,0.8999999999999999,1.325,0.42500000000000004,8
-614.715996,297.31806168023536,3.8322621909122683,-6.453124553928572,-2.140810158214286,0.7214,2.65008191,227,1.5714285714285714,3.0,1.3887301496588271,89.67142857142858,141.0,82.60589307929895,2.608571428571428,2.13,1.291170565251326,4926.857142857143,7811.844962253521,898.1142857142858,1444.1102164110803,-3.955714285714286,2.026843076595437,0.2736644819961374,0.2753374723908064,2.5714285714285716,0.9636241116594315,1.8571428571428572,0.8451542547285167,0.14285714285714285,5.725701692113144,3.8322621962664614,10.618502202865548,0.56773467553048,2.21,3.44,1.31,2.13,0.9003332716277901,2.608571428571428,1.845,2.13,1.56,1.9400000000000002,0.2849999999999999,28
-665.96510921,109.2793890851786,8.066736618047301,-6.897588077142856,-2.259269779999999,0.0,4.1620923,139,1.5714285714285714,3.0,1.3887301496588271,106.12857142857142,137.05,77.25168167378993,2.5342857142857147,2.55,1.4832709992253124,6126.857142857143,11634.307960265007,1335.3999999999999,2169.8957947330096,-4.227142857142857,1.9533268324286428,0.2566320161454593,0.30081661144818506,3.7142857142857144,2.618614682831909,1.8571428571428572,0.8451542547285167,0.14285714285714285,5.340457510637027,8.066736629317633,15.611341297882657,0.8893227346308955,2.1766666666666667,3.44,0.89,2.55,1.0411638786580246,2.5342857142857147,1.8949999999999998,2.55,1.2399999999999998,2.1133333333333333,0.655,7
-510.00204066,185.54518943603145,4.002186371332832,-9.4354188725,-3.382133738125,0.0,5.55285299,63,4.25,6.0,4.242640687119285,90.975,133.4,94.32804461028545,2.7275,1.9,1.3435028842544403,7151.25,13065.919102765025,1391.375,2453.5191093610824,-5.2075000000000005,0.4101219330881976,0.16370590244621985,0.12500534915445535,2.75,1.4142135623730951,2.375,0.7071067811865476,0.375,5.626055927860662,4.002186376924432,11.596574339751966,0.42044759560224115,2.49,3.44,1.54,1.9,0.95,2.7275,1.9,1.9,1.9,1.9,0.0,16
-606.89229117,132.27154637308448,7.865005453439968,-7.723453840000002,-2.055167530000002,3.2609,1.58462649,13,2.3333333333333335,6.0,2.5385910352879693,107.10000000000001,141.0,75.0099993334222,2.9616666666666664,1.79,0.9996138143191989,7206.333333333333,17959.511828307335,1228.1333333333334,2963.143558977714,-5.160983333333333,3.473065649073996,0.1767650000000006,0.31240089455164216,3.0,2.1602468994692865,2.3333333333333335,0.6666666666666667,0.16666666666666666,6.369303731900862,7.865005464428454,11.022628864423707,0.3663842270172291,2.483333333333333,3.44,1.65,1.79,0.7359498775203528,2.9616666666666664,1.435,1.79,1.08,1.435,0.355,12
-370.66227643,95.93334941161328,6.873882821812713,-5.4293389112499995,-0.799589819166665,0.0,2.97876164,194,1.75,1.0,0.5477225575051662,129.9,29.0,15.301241779672656,2.6799999999999997,1.53,0.9613740167073375,7236.0,9256.128434718266,1450.35,1752.9441052127133,-3.585,2.2106921992896256,0.10605111677881049,0.18011064147087236,3.25,1.6431676725154984,2.5,0.6324555320336759,0.5,5.772760092323488,6.873882831416467,11.991668676451654,0.6102744650721109,2.4266666666666663,3.44,1.91,1.53,0.716581390275305,2.6799999999999997,1.52,1.53,1.51,1.52,0.010000000000000009,8
-387.77328987,284.23135478673646,3.9034417697445982,-6.376005910500003,-2.306927035968752,4.2602,1.86459675,14,1.6,2.0,1.0690449676496976,124.074,192.63,85.98552519382051,2.774,2.44,1.271658085223495,2921.2,4612.57616274711,597.12,895.7159243548466,-4.0760000000000005,1.632998993963473,0.1820000000000003,0.17121415161804157,2.8,1.3093073414159542,1.8,0.5345224838248488,0.0,5.995115334330203,3.9034417751982398,14.211567739336823,0.4716437685753064,2.33,3.44,1.0,2.44,1.008199715664841,2.774,1.9949999999999999,2.44,1.5499999999999998,2.2175000000000002,0.44500000000000006,20
-331.21813811,165.25786310812856,2.749514861687902,-6.576617355625,-2.180159844375,1.1496,0.90060469,31,2.125,5.0,1.9934101962532236,100.8875,81.4,52.09034408955676,2.295,2.46,1.5103154079790575,3798.5,8360.537857288722,1018.725,1315.6507419284353,-4.10375,2.4450675375453117,0.2010884673244074,0.06692161466307374,2.25,0.8583950752789521,1.75,0.8583950752789521,0.125,4.888027557897097,2.74951486552935,10.328616444258035,0.6465448078330175,2.026666666666667,3.44,0.98,2.46,1.0372185026416672,2.295,2.12,2.46,1.78,2.29,0.33999999999999997,16
-788.44674139,356.7483355293301,6.236129956572592,-7.344153459666663,-2.857885393999998,2.800199999999999,4.48473545,55,2.933333333333333,3.0,1.7367006167610077,108.09333333333333,98.5,57.70442203662251,2.7626666666666666,1.8299999999999998,1.1295174533487098,4439.866666666667,6959.015813804003,1043.5866666666666,1618.9647751652308,-4.5326666666666675,0.7653662416588335,0.28662662284588275,0.43007195953401217,2.8,1.7870501915438117,2.0,0.0,0.0,5.540228760029097,6.236129965285317,11.891611184311005,0.42148760626482273,2.356666666666667,3.44,1.61,1.8299999999999998,0.784106001904221,2.7626666666666666,1.625,1.8299999999999998,1.42,1.6933333333333334,0.20499999999999996,30
-294.45355907,77.29908558651587,7.356434052251263,-5.390518846000001,-1.447628566500001,0.0,1.91578066,221,2.0,2.0,0.8451542547285166,112.22,94.1,50.686036397752446,2.632,2.62,1.4162929479050985,2751.2,5539.096264605935,613.72,933.3574051317564,-3.998,2.0861344977870298,0.12992872459836685,0.3054890645841803,3.4,2.32992949004287,1.8,0.5345224838248488,0.0,5.282527554092464,7.356434062529205,15.459817117303174,0.9603375751109552,2.0933333333333333,3.44,0.82,2.62,1.0708667309966986,2.632,2.02,2.62,1.42,2.02,0.6000000000000001,5
-584.49583309,265.17950377464143,3.329436099776594,-8.2520250875,-3.5086665855,4.311599999999999,1.9742306200000002,15,3.6,7.0,3.0550504633038935,100.31,111.4,67.98685739007045,2.669,2.2199999999999998,1.2931937209869215,4483.2,7106.789679986004,1252.6200000000001,1961.1467070738656,-4.664,0.8459971105808288,0.4207378684438705,0.3185007613852804,2.6,1.247219128924647,2.1,0.40824829046386296,0.0,5.3685447140146625,3.329436104428271,13.258975188732071,0.4102985970749824,2.09,3.44,1.22,2.2199999999999998,0.9677809669548166,2.669,2.025,2.2199999999999998,1.8299999999999998,1.9275,0.19499999999999995,20
-331.91577302,138.28293791227176,4.009206419472294,-8.776409630833333,-2.354943370833332,1.9112,1.36978962,63,3.5,5.0,3.0276503540974917,113.14999999999999,90.4,55.98010063108735,2.841666666666667,1.81,1.196729339120217,7364.666666666667,14316.159230432968,1164.1333333333334,2168.781659006836,-5.536666666666666,1.2189248450080001,0.0892687893808491,0.3524360444639236,2.6666666666666665,1.3333333333333333,2.3333333333333335,0.6666666666666667,0.3333333333333333,5.934254004089456,4.009206425073702,11.523578159355983,0.36763971235694726,2.2433333333333336,3.44,1.63,1.81,0.846259744732996,2.841666666666667,1.795,1.81,1.78,1.795,0.015000000000000013,12
-602.97459983,181.12266579483466,5.173350188039524,-6.833270109230767,-2.554531388846151,2.431899999999999,3.22581466,12,2.1538461538461537,4.0,1.6681153124565982,111.8953846153846,138.63,66.00484334995556,2.723076923076923,2.44,1.2910932340967614,3065.846153846154,4916.52758339266,989.2769230769231,1608.6510849290712,-4.283846153846154,1.4735228417698152,0.22780909189433565,0.045243918845887465,3.0,1.763149356173184,1.8461538461538463,0.48900964692182575,0.0,5.745634536618338,5.173350195267403,13.932512753448812,0.5212292432998881,2.1333333333333333,3.44,1.0,2.44,1.0036378275498035,2.723076923076923,1.96,2.44,1.48,1.864,0.48,13
-438.94895309,252.73007423132103,3.965678614826836,-6.928486293888889,-1.9756995158912032,2.4447,0.72823227,14,2.6666666666666665,6.0,2.683281572999748,138.17777777777778,187.4,72.80159338915598,3.031111111111111,1.9,0.9111174457774366,3425.777777777778,8252.483129337497,668.5777777777778,1539.6006163937452,-4.7188888888888885,0.9761634084516795,0.14369063776184315,0.18013052801396137,2.6666666666666665,1.3416407864998738,2.111111111111111,0.4472135954999579,0.1111111111111111,6.543489854146012,3.96567862036743,14.040559679517836,0.23474820021296636,2.51,3.44,1.54,1.9,0.776187262628463,3.031111111111111,1.4549999999999998,1.9,1.0099999999999998,1.6774999999999998,0.44500000000000006,18
-726.51764325,138.17410153104706,5.402380711012256,-9.797010119166666,-3.703486623611111,3.2762000000000002,3.03519462,121,4.0,6.0,4.05674042269688,104.90833333333335,133.4,74.18620106577387,2.7541666666666664,2.11,1.3931603333018472,6956.333333333333,13684.594408103067,1527.3,2942.6028373339327,-5.440833333333333,0.9862215051107214,0.33909157179355415,0.3271672108828814,2.9166666666666665,1.8935982376719422,2.3333333333333335,0.6761234037828133,0.08333333333333333,5.844105503590978,5.40238071856012,11.514508460920588,0.4742412828544986,2.1033333333333335,3.44,1.33,2.11,0.9490463049234683,2.7541666666666664,2.005,2.11,1.9,2.0575,0.10499999999999998,12
-265.04317284,145.63311980748384,6.55629673971795,-5.038131781666666,-1.037747357499999,0.0,3.59442194,59,1.3333333333333333,2.0,0.9534625892455924,109.96666666666665,141.0,64.22428031374257,2.6350000000000002,1.75,1.0336453585600465,5527.666666666667,7380.451932454592,1285.1000000000001,1784.5638168369424,-3.3233333333333337,2.184840331174631,0.1924731159006987,0.13367385096222353,3.1666666666666665,1.55212464354217,2.5,0.6396021490668313,0.3333333333333333,5.8144286705929,6.55629674887799,12.13609331729032,0.5345604987136019,2.3433333333333333,3.44,1.69,1.75,0.7801851632073561,2.6350000000000002,1.645,1.75,1.54,1.61,0.10499999999999998,12
-388.0632243,317.41574286165195,7.372716562508138,-8.210634693181818,-1.9024544377272732,0.0,1.40908532,13,2.8181818181818183,4.0,2.3287500774185546,125.12727272727274,62.400000000000006,39.82123515450983,3.1145454545454543,1.42,0.8207032631553539,7516.0,20298.695494273292,1292.2363636363636,3348.433116227074,-5.768345454545455,2.881399067827455,0.08507997012219319,0.3612486848798175,3.090909090909091,2.7174648819470297,2.1818181818181817,0.5883484054145521,0.18181818181818182,6.469883265452521,7.372716572808832,14.427988311893266,0.2835870908425326,2.606666666666667,3.44,2.02,1.42,0.6053832578531462,3.1145454545454543,1.25,1.42,1.08,1.1933333333333334,0.16999999999999993,22
-245.61164684,233.13916838054647,4.846479399364903,-6.08928763076923,-1.677023276153845,1.8582,4.40299934,1,2.1538461538461537,3.0,1.0660035817780522,118.52307692307691,141.0,53.0192760829836,2.8746153846153844,1.79,1.0005680204945409,6763.538461538462,12227.53810796835,718.5846153846154,1126.040214040495,-4.436153846153847,1.3793031837588403,0.12346890008292034,0.2772795070419454,3.076923076923077,1.9188064472004938,2.076923076923077,0.3692744729379982,0.0,6.350203536517055,4.846479406136096,17.933782183118957,0.2943496230295637,2.38,3.44,1.65,1.79,0.7671158104658427,2.8746153846153844,1.095,1.79,0.3999999999999999,1.3266666666666667,0.6950000000000001,13
-583.15291467,72.82143907393863,6.8731915563027774,-6.742646626666667,-2.107482005,0.6519,5.59411961,136,2.6666666666666665,2.0,1.4142135623730951,129.76666666666668,33.7,23.82949852598665,2.9466666666666668,1.48,1.0465180361560904,2481.3333333333335,4792.769762882419,1018.4666666666667,1969.1509642482974,-4.65,0.7212489168102785,0.2135020216251514,0.034997497154174335,3.0,2.1213203435596424,2.0,0.0,0.0,6.217757544908528,6.873191565905563,12.136906512323106,0.4004207577312871,2.7,3.44,1.96,1.48,0.74,2.9466666666666668,1.48,1.48,1.48,1.48,0.0,6
-565.85550973,60.43460296937859,3.7776460965323313,-5.701434754999999,-2.411118379999999,1.5973000000000002,0.58220938,156,1.0,2.0,1.2649110640673518,71.0925,141.0,88.43312201884541,2.3825,2.44,1.3688644929283542,4083.5,4913.360520051424,779.35,909.1040402506195,-3.295,2.1642458270723317,0.29500000000000026,0.10334408546211031,3.0,1.2649110640673518,2.0,0.8944271909999159,0.0,5.350456729189392,3.7776461018102188,15.108650742344647,0.6046962294333252,2.03,3.44,1.0,2.44,1.031729938824432,2.3825,2.115,2.44,1.79,2.115,0.32499999999999996,4
-793.56609091,592.6795577712895,4.6902726930099,-8.925756148461538,-2.512259845961538,0.9045000000000001,4.78403048,64,3.8461538461538463,7.0,3.5050983275386565,101.00115384615384,135.97,65.98501696813993,2.648076923076923,2.49,1.2972944373359723,9205.0,15077.208140577144,1531.076923076923,2396.863928195699,-5.2396153846153855,1.1861612754716668,-0.021430069388722828,0.4788778046585455,2.8846153846153846,1.4589624493356326,2.3461538461538463,0.7653197277702214,0.38461538461538464,5.48789440584747,4.690272699562852,11.397683803294028,0.5066547240718244,2.0066666666666664,3.44,0.95,2.49,1.0508515065835367,2.648076923076923,2.1500000000000004,2.49,1.81,1.871818181818182,0.3400000000000001,52
-349.90282026,354.20745990688965,4.215406485026651,-4.569212344999999,-1.705382088965517,1.2488000000000001,0.76115725,96,1.1428571428571428,2.0,1.0307764064044151,75.51428571428572,141.0,74.39606844450854,2.2114285714285713,2.51,1.3589839954907488,2938.0,3661.5809768459308,706.0857142857143,660.1104566661552,-2.8528571428571428,2.290349318335524,0.2688478220649754,0.13031859568806542,2.857142857142857,1.0307764064044151,2.0,0.9354143466934853,0.0,4.9845468868930904,4.215406490916149,12.650266425246059,0.8151649253294402,2.0066666666666664,3.44,0.93,2.51,1.0552830057488,2.2114285714285713,2.15,2.51,1.79,2.15,0.3599999999999999,28
-465.17321036,47.397148259900405,5.70421780686615,-4.894751419999999,-1.7908991124999991,0.7227,0.8923141,186,1.0,2.0,1.4142135623730951,70.5,141.0,99.7020561473032,2.545,1.79,1.26572113832392,3786.0,5040.2571362977105,635.1,770.6049701370995,-3.13,2.630437226013957,0.33000000000000024,0.14142135623730923,3.0,1.4142135623730951,2.5,0.7071067811865476,0.0,5.951264188702443,5.7042178148357205,11.849287064975101,0.4730568735005466,2.545,3.44,1.65,1.79,0.895,2.545,1.79,1.79,1.79,1.79,0.0,4
-484.84312682,1020.0944985470918,5.7835495813543,-5.545642485500002,-1.572585075950002,0.49140000000000006,1.19517403,201,2.0,2.0,0.8451542547285166,112.52,92.6,49.9973142135798,2.632,2.62,1.4162929479050985,2779.2,5534.534075111602,627.92,943.5085524633195,-4.022,2.0237765263416385,0.12794152875867396,0.3037295053807509,3.2,2.138089935299395,1.8,0.5345224838248488,0.0,5.322542516037523,5.783549589434709,17.001574975784862,0.7584457195748228,2.0933333333333333,3.44,0.82,2.62,1.0708667309966986,2.632,2.02,2.62,1.42,2.02,0.6000000000000001,60
-787.59342121,356.7483355293301,6.236129956572592,-7.344153459666663,-2.857885393999998,2.800199999999999,4.48473545,55,2.933333333333333,3.0,1.7367006167610077,108.09333333333333,98.5,57.70442203662251,2.7626666666666666,1.8299999999999998,1.1295174533487098,4439.866666666667,6959.015813804003,1043.5866666666666,1618.9647751652308,-4.5326666666666675,0.7653662416588335,0.28662662284588275,0.43007195953401217,2.8,1.7870501915438117,2.0,0.0,0.0,5.540228760029097,6.236129965285317,11.891611184311005,0.42148760626482273,2.356666666666667,3.44,1.61,1.8299999999999998,0.784106001904221,2.7626666666666666,1.625,1.8299999999999998,1.42,1.6933333333333334,0.20499999999999996,30
-508.98128471,113.47907294930623,4.121270147889125,-9.381252957,-3.566884129666666,0.0,6.42298949,148,4.6,7.0,4.27617987059879,89.74,133.4,84.01112171271474,2.6439999999999997,2.08,1.304979474387022,7073.2,11270.807120293432,1386.72,2130.698688894594,-5.132000000000001,0.3002855783607141,0.246594703952867,0.18646127313412836,2.8,1.3093073414159542,2.4,0.6546536707079771,0.2,5.491898118284334,4.121270153647101,11.347907294930623,0.5528007982132929,2.1133333333333333,3.44,1.36,2.08,0.940968767931339,2.6439999999999997,1.99,2.08,1.9,1.9900000000000002,0.09000000000000008,10
-269.68978403,327.9206233179676,9.438175801265304,-6.166517542000003,-1.641727215000003,2.194499999999999,4.50689941,14,2.4,1.0,0.7071067811865476,121.08,49.8,35.21391770309007,2.872,1.42,1.0040916292848974,4493.2,7550.486209509955,788.92,1235.174125376661,-4.618,0.6576093065034897,0.007879868537647638,0.3926566279876927,3.6,2.8284271247461903,2.0,0.0,0.0,5.91840320230976,9.438175814451727,16.39603116589838,0.4516813250187892,2.73,3.44,2.02,1.42,0.71,2.872,1.42,1.42,1.42,1.42,0.0,20
-611.03202903,252.25857036845628,4.097575863372501,-7.372634091363636,-2.702367327272727,3.409799999999999,2.60427805,15,2.909090909090909,3.0,1.704772712123232,119.0909090909091,98.5,50.93140300934189,2.847272727272727,1.8299999999999998,1.0908225107688234,7868.545454545455,16430.84939222559,1127.3999999999999,1890.7415836782138,-4.635454545454546,0.6840253102042351,0.3050110387580372,0.2719520057894019,2.5454545454545454,1.0752906583803283,2.0,0.0,0.0,5.89389582318604,4.0975758690973745,11.466298653111648,0.3096693540083171,2.3533333333333335,3.44,1.61,1.8299999999999998,0.7855500549862426,2.847272727272727,1.1149999999999998,1.8299999999999998,0.3999999999999997,1.512222222222222,0.7150000000000001,22
-519.09201264,96.21024924019014,7.234829671833125,-5.52409440749999,-1.582355479791656,0.583299999999999,2.52557321,194,2.5,4.0,1.8973665961010275,109.125,112.1,59.12531606680847,2.6550000000000002,1.63,0.9944043443187485,4333.5,5793.782149856862,1273.1,1496.3811867301727,-3.43,2.229403507667466,0.2507476036460111,0.34847886601189787,3.25,1.6431676725154984,2.25,0.5477225575051662,0.25,5.309652613368046,7.23482968194117,12.026281155023767,0.58558447462001,2.393333333333333,3.44,1.81,1.63,0.7417247168293338,2.6550000000000002,1.5699999999999998,1.63,1.51,1.5699999999999998,0.05999999999999994,8
-382.58402349,525.4502702231417,9.024064636447847,-5.907433620277778,-1.6497857512037042,2.1058,4.82515871,62,2.2222222222222223,2.0,0.8340576562282991,115.35555555555555,81.4,39.92549583150226,2.6933333333333334,2.46,1.1772185346234019,4090.0,6487.633185363217,841.8888888888889,1118.4478841525058,-4.332222222222223,1.2894049857943408,0.04234886873817594,0.3450952513389784,3.3333333333333335,2.502172968684897,1.8888888888888888,0.41702882811414954,0.0,5.56335073626193,9.024064649055695,14.595840839531714,0.5234809221161787,2.1466666666666665,3.44,0.98,2.46,1.0082768579225758,2.6933333333333334,1.94,2.46,1.42,1.6799999999999997,0.52,36
-660.34551601,1617.547896157262,4.262086953852866,-8.989618128257577,-3.671023028712122,4.7121,3.12414824,2,3.6363636363636362,7.0,3.627154532136727,119.4,111.4,58.33230237184197,2.7563636363636363,2.2199999999999998,1.27505882217253,11341.272727272728,25842.139264194055,1290.490909090909,2190.7437161840726,-5.157272727272727,0.30527651400001277,0.3453825222120124,0.23229376753190467,2.727272727272727,1.5612494995995998,2.1818181818181817,0.5303300858899106,0.0,5.95723407180463,4.262086959807584,12.254150728464106,0.4921676279584395,2.186666666666667,3.44,1.22,2.2199999999999998,0.9287027990099357,2.7563636363636363,1.4499999999999997,2.2199999999999998,0.6799999999999999,1.8777777777777775,0.7699999999999998,132
-545.2656108,134.06377366980044,7.150870686610233,-6.779329534999999,-1.5651373466666652,0.0,6.07802721,109,2.3333333333333335,1.0,0.6666666666666667,129.48333333333332,37.8,23.185687635071577,3.015,1.3900000000000001,0.8551705482923666,7048.0,13676.394651612927,1031.4666666666667,2069.9136256804964,-4.718333333333334,0.5451860029180663,0.03691399261457592,0.4140804521400261,3.0,2.0,2.1666666666666665,0.5270462766947298,0.16666666666666666,6.380492325270177,7.150870696600975,11.171981139150036,0.398245689262096,2.59,3.44,2.05,1.3900000000000001,0.6083310502240262,3.015,0.6950000000000001,1.1600000000000001,0.22999999999999998,0.9740000000000002,0.4650000000000001,12
-428.71662225,190.4712082488674,4.176891397050941,-8.552702525625,-2.355785092916666,1.34,1.44127791,36,3.25,6.0,2.7224556389190906,93.0,133.4,85.07953372476561,2.8,1.9,1.1393909621836933,5926.25,10288.233227390234,1284.875,2122.759695191477,-5.315,0.6003136435133181,0.11236838845481534,0.2236638115054944,2.75,1.3284223283101428,2.375,0.6642111641550714,0.375,5.848481286570373,4.176891402886628,11.904450515554213,0.4095738641612027,2.27,3.44,1.54,1.9,0.8357431822436044,2.8,1.755,1.9,1.6099999999999999,1.7066666666666666,0.14500000000000002,16
-531.10722584,324.4080722363199,5.624213362782032,-6.625427523636364,-2.641628772727273,0.0,2.9871856,167,1.3636363636363635,3.0,1.4245742398014511,88.7109090909091,135.97,85.18229217390197,2.429090909090909,2.49,1.5527565621102593,5002.909090909091,8549.614473592294,1011.7454545454545,1582.9526116053617,-3.7172727272727277,2.0737221437337663,0.26344421391365763,0.37903081779242337,3.3636363636363638,1.9926334924652145,1.7272727272727273,0.8224783208299743,0.09090909090909091,5.04484160409001,5.624213370639825,14.74582146528727,0.9233799413570837,2.223333333333333,3.44,0.95,2.49,1.017327653981526,2.429090909090909,1.8250000000000002,2.49,1.1600000000000001,2.224,0.665,22
-334.93175266,138.38975205740917,5.832228256708868,-4.333599781999998,-1.586021312999998,0.0,4.28762171,221,1.2,4.0,2.138089935299395,38.238,135.97,70.40238804797139,1.7239999999999998,2.49,1.3508092812405883,5798.4,4083.720782395808,1415.44,905.6061647947664,-2.7495802,1.8311912072123202,0.3292226483948403,0.3347885314073574,4.6,1.8126539343499315,1.4,0.6546536707079771,0.0,3.7029483067144824,5.832228264857287,27.677950411481834,0.9094948592812576,2.24,3.44,0.95,2.49,1.0185283501208986,1.7239999999999998,1.8,2.49,1.1099999999999999,2.145,0.6900000000000002,5
-180.4496541,133.5742810249583,10.77019190675644,-3.26387400375,-0.635057482500004,1.1867,0.46310693,62,1.0,2.0,1.4142135623730951,70.5,141.0,99.7020561473032,2.7199999999999998,1.44,1.0182337649086284,1256.0,1462.2968234937803,360.04,381.61138767075596,-2.64,3.3234018715767735,0.1981921691127768,0.0449830658303815,4.0,2.8284271247461903,2.5,0.7071067811865476,0.0,6.273148659530589,10.770191921803868,16.69678512811979,0.4504443672828707,2.7199999999999998,3.44,2.0,1.44,0.72,2.7199999999999998,1.44,1.44,1.44,1.44,0.0,8
-326.08482953,258.01197704248557,3.234330874681854,-8.577372188333333,-2.284867542777778,0.04089999999999901,1.63541376,1,3.5,5.0,3.2162331762724925,108.92777777777778,125.3,66.68498974389107,2.8477777777777775,1.81,1.2164222609287931,7248.0,14683.525101371175,1256.4666666666667,2398.412683530397,-5.3183333333333325,0.6735720827419662,0.019333485639363285,0.44215404893542226,2.6666666666666665,1.3675269175156555,2.3333333333333335,0.6837634587578277,0.3333333333333333,5.946584043762662,3.2343308792006558,14.333998724582532,0.2863485597844208,2.3000000000000003,3.44,1.63,1.81,0.8102263058347752,2.8477777777777775,1.71,1.81,1.6099999999999999,1.7766666666666668,0.10000000000000009,18
-199.34555605,79.80142772398956,6.335479937308899,-6.536782593333332,-1.8817130741666652,0.0,7.3462941,65,2.5,2.0,1.0801234497346432,129.08333333333334,37.8,23.892037260234723,2.9616666666666664,1.48,0.9573719815782741,4598.0,10172.471217293596,849.3000000000001,1573.7329527803204,-4.675,0.6329691935631623,0.1557133316908242,0.20521021529121086,3.0,2.0,2.0,0.0,0.0,6.363064726055739,6.33547994616043,13.300237953998261,0.36539716950832885,2.483333333333333,3.44,1.96,1.48,0.6774625860928082,2.9616666666666664,0.7849999999999999,1.48,0.08999999999999986,1.202,0.6950000000000001,6
-343.45100726,216.76567170590934,5.235540539708214,-6.61772468,-2.319047336249999,1.7832999999999992,3.49653899,63,2.25,4.0,1.6449566416599486,114.95,141.0,62.7292220110982,2.80375,2.13,1.1559755238605642,2976.25,4924.653645629483,945.5,1628.997324231363,-4.303750000000001,1.5503917910909981,0.25762651621886357,0.1543056584994987,2.875,1.7405205441780578,1.875,0.45374260648651504,0.0,5.993736283962416,5.235540547022979,13.547854481619334,0.4078243671205087,2.236666666666667,3.44,1.31,2.13,0.8913036644276866,2.80375,1.805,2.13,1.48,1.6966666666666665,0.32499999999999996,16
-365.13145058,97.84417929423466,4.169728033310165,-8.595938124,-3.298947951666666,0.0,7.92215858,148,3.8,6.0,3.2071349029490923,94.61999999999999,133.4,77.32650626679427,2.694,1.9,1.2212873769686055,6013.2,10062.926668860164,1324.52,2046.0332674295819,-4.856,0.8038123448382003,0.29264314797131746,0.2998403472181206,2.6,1.0690449676496976,2.2,0.5345224838248488,0.2,5.438234509355452,4.169728039135847,9.784417929423462,0.45765844028451336,2.1966666666666668,3.44,1.54,1.9,0.8796337621735283,2.694,1.8649999999999998,1.9,1.8299999999999998,1.865,0.03500000000000003,10
-435.61553102,323.20382845418004,8.501416438842115,-5.667744133684211,-1.473649539210526,0.7797000000000001,4.15827743,1,2.1052631578947367,3.0,1.1445523142259597,110.43157894736841,141.0,59.19771617216326,2.8073684210526313,1.75,1.0044008164074738,4233.789473684211,6554.3668618715565,741.8000000000001,1069.7093640797953,-4.266842105263158,1.6467759410435896,0.0672735804244587,0.3615302507186965,3.5789473684210527,2.515949125081825,2.1052631578947367,0.41231056256176607,0.0,5.898224482195323,8.501416450719754,17.010727813377898,0.44582806007054626,2.3833333333333333,3.44,1.69,1.75,0.7592247507966413,2.8073684210526313,1.585,1.75,1.42,1.5025,0.16500000000000004,19
-299.91946861,200.4044060247718,3.985123852814627,-7.556273387499999,-1.571547349999999,1.1076,-0.16252127,12,2.9166666666666665,5.0,2.58291087175469,128.64166666666668,158.5,62.11579394278767,2.92,1.78,1.1009398582250403,6314.666666666667,12686.736092695957,1056.8833333333334,1961.9134431176403,-5.23,2.317851221652133,0.0652012471323906,0.5817729093097036,2.8333333333333335,1.8361450300639575,2.3333333333333335,0.6761234037828133,0.25,6.178307990511824,3.9851238583823894,16.70036716873098,0.2596067929431792,2.546666666666667,3.44,1.66,1.78,0.7266972470629629,2.92,1.3399999999999999,1.78,0.8999999999999999,1.56,0.44000000000000006,12
-720.05336591,187.64565334715402,4.8904916689257,-8.71988414125,-2.112171955969827,0.513899999999999,4.35167438,12,3.1875,5.0,2.2376421191783833,70.648125,141.0,94.46370245224308,2.460625,2.44,1.3262886372489868,6419.75,8449.317538904514,1176.0375,1469.157163665377,-5.665,1.823675286144925,0.12149720119010043,0.1763669501907706,3.0,1.3426901732747025,2.375,0.8049144823791295,0.4375,5.2311394213090034,4.890491675758384,11.727853334197127,0.5975386810281408,1.9966666666666668,3.44,1.0,2.44,1.0449986709188783,2.460625,2.165,2.44,1.89,1.9587499999999998,0.275,16
-667.31570792,281.1957752423065,4.947911495854694,-7.368029956428572,-2.114110612142857,0.0,5.5314903300000005,62,2.2857142857142856,2.0,0.9258200997725515,131.65714285714287,29.0,16.7760032699772,2.782857142857143,1.54,1.0038105968187994,12212.57142857143,22737.022835643445,1415.1142857142856,2023.8469599114596,-4.668571428571428,0.8736254509636431,0.21566475611282293,0.14294561595353214,2.7142857142857144,1.164964745021435,2.2857142857142856,0.5976143046671968,0.2857142857142857,6.055030319084677,4.947911502767601,10.042706258653805,0.4239947612872151,2.4166666666666665,3.44,1.9,1.54,0.7236174557196795,2.782857142857143,0.77,1.53,0.010000000000000009,1.226,0.76,28
-550.5468271,64.0885718587318,4.145686844635891,-7.459474067499999,-3.075378259312499,3.973899999999999,1.21625083,166,3.5,8.0,4.049691346263317,90.0,111.4,65.05603738316682,2.23,2.62,1.540960739279233,3543.5,5839.928047501955,1205.3500000000001,1821.5051567316518,-4.135000000000001,2.2453596593864424,0.35059666422198826,0.2325094488397738,3.25,1.6431676725154984,2.0,0.8944271909999159,0.0,4.603532036928576,4.145686850427982,16.02214296468295,1.105358067574035,1.8266666666666669,3.44,0.82,2.62,1.152427389855382,2.23,2.42,2.62,2.2199999999999998,2.42,0.20000000000000018,4
-278.97154607,230.5991164629462,8.081190509735118,-5.822510665714288,-1.357248065000004,1.8942,0.48853849,15,2.0,6.0,2.449489742783178,90.84285714285714,141.0,82.04668966944544,2.845714285714286,1.44,0.9101334282086649,5924.0,16286.719313600268,933.2228571428572,2171.2583610168813,-3.988285714285714,3.2733210745575905,0.1454526680644441,0.2085121731962271,3.5714285714285716,2.434865792722759,2.4285714285714284,0.6546536707079772,0.14285714285714285,6.181878808296589,8.081190521025643,16.471365461639014,0.3873692132249541,2.533333333333333,3.44,2.0,1.44,0.6444291185917105,2.845714285714286,1.3599999999999999,1.44,1.2799999999999998,1.3866666666666667,0.08000000000000007,14
-209.68367376,138.38975205740917,5.832228256708868,-4.333599781999998,-1.586021312999998,0.0,4.28762171,221,1.2,4.0,2.138089935299395,38.238,135.97,70.40238804797139,1.7239999999999998,2.49,1.3508092812405883,5798.4,4083.720782395808,1415.44,905.6061647947664,-2.7495802,1.8311912072123202,0.3292226483948403,0.3347885314073574,4.6,1.8126539343499315,1.4,0.6546536707079771,0.0,3.7029483067144824,5.832228264857287,27.677950411481834,0.9094948592812576,2.24,3.44,0.95,2.49,1.0185283501208986,1.7239999999999998,1.8,2.49,1.1099999999999999,2.145,0.6900000000000002,5
-182.16705674,200.88566885284993,2.350780180808049,-4.6732043175000015,-0.9974404065833331,0.0,0.67016724,71,1.6666666666666667,1.0,0.7071067811865476,110.13333333333333,92.6,65.4780879378743,2.566666666666667,2.62,1.8526197667087545,924.6666666666666,1490.5810947412422,404.1333333333334,665.9531665214904,-3.686666666666667,2.764787514439401,0.2450026574830836,0.03182544252632169,2.6666666666666665,1.4142135623730951,1.6666666666666667,0.7071067811865476,0.0,5.163241239320435,2.350780180808049,16.740472404404162,0.9241434838844611,2.13,3.44,0.82,2.62,1.31,2.566666666666667,2.62,2.62,2.62,2.62,0.0,12
-603.85515144,191.07007935746245,4.169314922966967,-8.654007197,-3.669621607,4.591900000000001,4.99994749,62,4.0,7.0,3.6839419880650364,96.72,122.9,73.1999902419978,2.6580000000000004,2.08,1.2842006963755426,5473.2,8881.325930609364,1233.1200000000001,1875.1529888061323,-4.766,0.6888188648486832,0.37995155598154995,0.263998619122581,2.6,1.0690449676496976,2.2,0.5345224838248488,0.0,5.413196746772065,4.169314928792069,9.553503967873123,0.5872787972783021,2.1366666666666667,3.44,1.36,2.08,0.9272300445712248,2.6580000000000004,1.955,2.08,1.8299999999999998,1.955,0.1250000000000001,20
-299.50502995,546.7806014026972,2.987531167789596,-8.929106125999999,-1.88502117025,3.8345000000000002,0.00892738,14,1.8666666666666667,3.0,1.2307338795828044,101.02666666666667,92.6,56.015244773711586,2.201333333333333,2.62,1.5669533008545031,5275.6,13440.715651902401,867.2933333333333,1255.7556485333957,-3.332666666666667,2.3834746632989905,0.23767795073559395,0.05065424305859231,3.066666666666667,1.2833778958394957,1.6,0.6301260378126043,0.0,4.476989729786055,2.987531171963586,18.22602004675657,1.061886030286096,2.09,3.44,0.82,2.62,1.071105348071172,2.201333333333333,1.905,2.62,1.19,2.3022222222222224,0.7150000000000001,30
-465.35943277,252.73007423132103,3.965678614826836,-6.928486293888889,-1.9756995158912032,2.4447,0.72823227,14,2.6666666666666665,6.0,2.683281572999748,138.17777777777778,187.4,72.80159338915598,3.031111111111111,1.9,0.9111174457774366,3425.777777777778,8252.483129337497,668.5777777777778,1539.6006163937452,-4.7188888888888885,0.9761634084516795,0.14369063776184315,0.18013052801396137,2.6666666666666665,1.3416407864998738,2.111111111111111,0.4472135954999579,0.1111111111111111,6.543489854146012,3.96567862036743,14.040559679517836,0.23474820021296636,2.51,3.44,1.54,1.9,0.776187262628463,3.031111111111111,1.4549999999999998,1.9,1.0099999999999998,1.6774999999999998,0.44500000000000006,18
-250.56561876,149.26590686018258,8.1176254841836,-5.340340333,-1.024969332333334,0.0,3.39612036,65,2.0,2.0,0.8451542547285166,127.96,49.8,25.822138895584484,2.854,1.51,0.9598214119601327,4573.2,7123.328395390137,908.5200000000001,1362.922171554299,-3.9480000000000004,2.2163741303566704,0.04953801718563271,0.30818678888982415,3.4,2.32992949004287,2.2,0.5345224838248488,0.2,6.008612354595528,8.117625495525031,14.926590686018258,0.4961468588402669,2.4633333333333334,3.44,1.93,1.51,0.6915843324489711,2.854,1.4649999999999999,1.51,1.42,1.4649999999999999,0.04500000000000004,10
-296.50849598,50.08427352138736,8.117605863761803,-5.8537478125,-0.789826404999999,0.0,3.77256715,131,1.0,2.0,1.4142135623730951,97.35,87.3,61.730421997585594,2.8200000000000003,1.2399999999999998,0.8768124086713187,8461.0,11651.70554039193,1663.1,2224.4165122566415,-3.915,1.5202795795510775,-0.023702231244443484,0.35878913623020775,3.5,2.1213203435596424,2.5,0.7071067811865476,0.5,5.790528886479824,8.117605875103205,12.52106838034684,0.49511825307291635,2.8200000000000003,3.44,2.2,1.2399999999999998,0.6199999999999999,2.8200000000000003,1.2399999999999998,1.2399999999999998,1.2399999999999998,1.2399999999999998,0.0,4
-321.23289924,138.80680474007113,5.744078133199698,-6.351357792142857,-1.046750069285714,0.0,4.96930009,65,2.0,0.0,0.0,128.57142857142858,29.0,20.50609665440988,2.7842857142857143,1.53,1.0818733752154177,7498.285714285715,12005.258930985205,1416.9714285714285,2189.061173197314,-4.4157142857142855,0.947523086789974,0.16623459394194193,0.10520755240045614,2.857142857142857,1.4142135623730951,2.4285714285714284,0.7071067811865476,0.42857142857142855,5.9859627407857525,5.74407814122496,9.914771767147938,0.49762832451785605,2.675,3.44,1.91,1.53,0.7650000000000001,2.7842857142857143,1.53,1.53,1.53,1.53,0.0,14
-630.88105298,142.98032483777925,5.537944435702883,-6.806295256666668,-2.376879317777779,2.8606,1.92110029,162,2.0,3.0,1.161895003862225,118.48333333333332,127.05,56.992854815318736,2.8477777777777775,2.55,1.2736895226074525,5414.666666666667,11390.20797878599,711.5777777777778,1255.2928893290202,-4.456666666666667,1.3679967105223612,0.17589428936132953,0.2927783536306135,3.111111111111111,2.2693611435820435,1.8888888888888888,0.4472135954999579,0.0,6.095091909474338,5.537944443440147,15.88670275975325,0.5077519659813254,2.1266666666666665,3.44,0.89,2.55,1.0424437101776234,2.8477777777777775,1.8549999999999998,2.55,1.1599999999999997,2.2024999999999997,0.6950000000000001,9
-404.0886296,243.64934366980023,5.5008755300661925,-8.633138794444443,-2.630985755555555,0.0,5.44398491,15,3.2222222222222223,5.0,2.906888370749727,124.60000000000001,54.900000000000006,33.66228601862922,2.876666666666667,1.8399999999999999,1.1470047951076752,8292.444444444445,16472.595357137867,1381.6888888888889,2872.310694893573,-5.348888888888889,1.3418662377450294,0.21336340557015238,0.2039583230472216,3.0,2.0124611797498106,2.2222222222222223,0.5916079783099616,0.2222222222222222,6.175380676934637,5.500875537751666,13.536074648322234,0.35903091763612455,2.3633333333333333,3.44,1.6,1.8399999999999999,0.7831701957783861,2.876666666666667,1.1449999999999998,1.8399999999999999,0.44999999999999973,1.6414285714285712,0.6950000000000001,18
-553.66812589,119.62507795144641,5.093987781835845,-8.438022916,-3.551662291666667,1.848799999999999,3.23055315,140,2.8,8.0,3.625307868699863,87.126,135.97,88.1787177109242,2.5620000000000003,2.49,1.458433601995158,5473.2,9711.154499558006,1097.1200000000001,1834.0696014211521,-4.444,1.8710119492632096,0.2511519641029308,0.19716454714482626,3.0,1.6903085094570331,2.0,0.8451542547285166,0.2,5.318199230200937,5.093987788952841,11.962507795144642,0.7978042535912865,1.9766666666666666,3.44,0.95,2.49,1.0623977074941797,2.5620000000000003,2.1950000000000003,2.49,1.9,2.195,0.29500000000000015,10
-488.49431213,50.08427352138736,8.117605863761803,-5.8537478125,-0.789826404999999,0.0,3.77256715,131,1.0,2.0,1.4142135623730951,97.35,87.3,61.730421997585594,2.8200000000000003,1.2399999999999998,0.8768124086713187,8461.0,11651.70554039193,1663.1,2224.4165122566415,-3.915,1.5202795795510775,-0.023702231244443484,0.35878913623020775,3.5,2.1213203435596424,2.5,0.7071067811865476,0.5,5.790528886479824,8.117605875103205,12.52106838034684,0.49511825307291635,2.8200000000000003,3.44,2.2,1.2399999999999998,0.6199999999999999,2.8200000000000003,1.2399999999999998,1.2399999999999998,1.2399999999999998,1.2399999999999998,0.0,4
-631.88294158,313.0478282594146,5.107009033159965,-7.4171439604166665,-1.9033338684051722,1.6205999999999992,3.2008841,20,2.6666666666666665,3.0,1.5634719199411433,111.2,141.0,72.98767019161524,2.893333333333333,1.89,1.1122249972215354,5631.333333333333,11139.354339956653,759.1333333333333,1351.7888954188734,-5.175,1.2209217829164978,0.12119934990304874,0.22494576697933263,2.8333333333333335,1.7159383568311666,2.1666666666666665,0.5270462766947298,0.16666666666666666,6.2279290630562985,5.1070090402951545,13.043659510808938,0.3562804540375874,2.3466666666666662,3.44,1.55,1.89,0.7995971207774297,2.893333333333333,1.1949999999999998,1.89,0.4999999999999998,1.6119999999999997,0.6950000000000001,24
-295.77080379,47.9865802322794,6.6392764695215885,-7.2827118925,-1.6847351029166662,1.6634,2.5670638,166,2.75,5.0,2.4289915602982237,117.975,76.7,39.99723740460084,2.6174999999999997,1.78,1.0473729039840587,8061.0,10735.35624001365,1389.85,1659.6265833011955,-4.495,3.0085411747223936,0.10264393483640608,0.1810148168162386,3.25,1.6431676725154984,2.5,0.6324555320336759,0.5,5.534187501655151,6.639276478797563,11.99664505806985,0.6347791866342737,2.3433333333333333,3.44,1.66,1.78,0.7832553152637324,2.6174999999999997,1.645,1.78,1.51,1.645,0.135,4
-700.47067264,348.85652070342985,6.668466963447067,-6.783461487857143,-0.9360247642857141,0.0,7.09452023,227,4.142857142857143,7.0,4.2895221179054435,74.14285714285714,133.4,74.25378104850958,1.9657142857142857,1.9,0.7981478559765728,13660.285714285714,7754.736410736345,2910.0285714285715,1486.578893970986,-3.9699999999999998,2.1608516839431626,0.08027218038229192,0.07815994315426633,3.7142857142857144,0.8944271909999159,2.857142857142857,0.4472135954999579,0.8571428571428571,4.315414333156361,6.6684669727638255,12.459161453693923,0.7602539131748839,2.2933333333333334,3.44,1.54,1.9,0.8240280469876144,1.9657142857142857,1.72,1.9,1.54,1.72,0.17999999999999994,28
-461.5172708,86.40533251899623,5.549596101909496,-8.723950134,-3.44194683646875,2.161299999999999,3.72558747,164,4.8,7.0,4.286607049870562,107.24000000000001,165.4,82.98575178908727,2.374,2.2199999999999998,1.2458832208517778,5728.8,6252.070177149326,1671.28,2016.9526742092885,-4.884,0.9192592126272112,0.3449514737754812,0.35642803471865303,3.6,1.695582495781317,2.4,0.6123724356957945,0.0,5.132955759218074,5.5495961096630415,17.281066503799238,0.6601239872233678,2.403333333333333,3.44,1.22,2.2199999999999998,0.912225605623716,2.374,1.775,2.2199999999999998,1.3299999999999998,1.9233333333333331,0.44499999999999995,5
-779.55671866,87.42001939959368,3.873499124580814,-7.893557943,-3.426551008,5.853700000000001,5.87476121,167,3.2,3.0,2.121320343559643,101.6,98.5,69.65001794687494,2.708,1.8299999999999998,1.2940054095713818,4413.2,7409.0648532726445,1170.92,1910.461101409814,-4.49,0.8838834764831844,0.4260000000000003,0.3464823227814081,2.4,0.7071067811865476,2.0,0.0,0.0,5.36030216150896,3.873499124580814,8.74200193995937,0.4364400264646263,2.525,3.44,1.61,1.8299999999999998,0.9149999999999999,2.708,1.8299999999999998,1.8299999999999998,1.8299999999999998,1.8299999999999998,0.0,10
-502.3200555,418.0195308127929,5.250692232396434,-8.635994060000007,-3.338367075000007,3.5881,2.06002435,62,4.0,7.0,4.058397249567139,110.4,111.4,64.740277489456,2.70625,2.2199999999999998,1.3367728919700168,6963.75,14417.766062580364,1345.25,2232.356217621404,-5.025,0.4753698250712128,0.32966476025582625,0.269698112210764,3.0,1.8149704259460602,2.25,0.5940885257860046,0.0,5.74369794639858,5.250692239732368,13.063110337899777,0.5890937499386062,2.223333333333333,3.44,1.22,2.2199999999999998,0.9187793835059402,2.70625,1.505,2.2199999999999998,0.7899999999999998,1.9816666666666662,0.7150000000000001,32
-722.10458517,386.4233566548507,4.76399071046448,-9.455553118333333,-3.605859811999999,0.0,6.04245571,185,4.6,7.0,4.27617987059879,92.03999999999999,133.4,80.66711137224921,2.616,2.2199999999999998,1.3553491906410793,6153.2,10185.572794048312,1487.92,2287.65003317503,-5.204000000000001,0.35229857466967673,0.28211888485905784,0.2731894276354686,3.0,1.6903085094570331,2.4,0.6546536707079771,0.2,5.454972146841745,4.763990717120425,12.88077855516169,0.5999233770456615,2.0666666666666664,3.44,1.22,2.2199999999999998,0.9798412569844611,2.616,2.0599999999999996,2.2199999999999998,1.9,2.06,0.15999999999999992,30
-530.62394836,682.38276178496,5.408113280673483,-5.454331520357142,-1.959947816785713,2.4379,1.4742284300000001,2,1.7142857142857142,2.0,0.8944271909999159,99.0,81.4,48.32854229127959,2.182857142857143,2.46,1.4578340097555689,2938.0,4467.454935419047,993.2285714285715,1003.7748432791091,-3.5157142857142856,1.8733819685264403,0.1408317264539711,0.24358302714518898,2.5714285714285716,1.7888543819998317,1.5714285714285714,0.6324555320336759,0.0,4.661980110123686,5.408113288229355,12.185406460445716,0.6821013144413773,2.1466666666666665,3.44,0.98,2.46,1.0082768579225758,2.182857142857143,1.94,2.46,1.42,2.1999999999999997,0.52,56
-588.88610892,69.89891131305731,5.47759791781114,-8.05022128,-2.767403298055555,1.5783,4.64551689,65,3.3333333333333335,6.0,3.1269438398822857,113.14999999999999,133.4,68.98674993552505,2.8766666666666665,1.9,1.1396393191610132,4431.333333333333,9679.305163308183,1132.6333333333334,2103.5382536204197,-4.916666666666667,0.6694608112337702,0.1922869674553401,0.0915945546166725,2.8333333333333335,1.7159383568311666,2.1666666666666665,0.5270462766947298,0.16666666666666666,6.011508410437915,5.477597925464092,11.64981855217622,0.39890758057811904,2.313333333333333,3.44,1.54,1.9,0.8149164919725755,2.8766666666666665,1.69,1.9,1.48,1.69,0.20999999999999996,6
-740.17260071,369.14164863154537,3.8113326390985263,-9.067460879375,-3.405739620104166,0.0,5.34740528,11,3.75,8.0,4.076197322920545,90.5,141.0,91.52035502889719,2.713125,2.13,1.3188966834208287,6526.25,11861.569827355517,1254.0625,2222.8011527384506,-4.955625,1.292134489308887,0.19475491870518324,0.17143302655856657,2.6875,1.2860194997923453,2.25,0.7844645405527362,0.3125,5.661911735667495,3.8113326444234783,11.535676519735793,0.43698756665448524,2.0966666666666667,3.44,1.31,2.13,0.9545097636425144,2.713125,2.0149999999999997,2.13,1.9,1.9383333333333332,0.11499999999999999,32
-274.94083704,144.74636089448066,6.359750337816267,-8.113840315454546,-1.6338325718181812,0.0,0.80900499,2,2.727272727272727,4.0,2.3533936216582085,127.01818181818182,62.400000000000006,37.01851927388195,3.1045454545454545,1.53,0.8525369380673372,8088.727272727273,20704.81568658327,1414.8727272727274,3445.704490208955,-5.7310727272727275,2.937876740423784,0.12203582295738218,0.3028204091899631,2.909090909090909,2.3858557568108956,2.272727272727273,0.6793662204867574,0.2727272727272727,6.509317286507561,6.359750346701708,13.158760081316421,0.26360741187815084,2.57,3.44,1.91,1.53,0.642028036770981,3.1045454545454545,1.3050000000000002,1.53,1.08,1.2300000000000002,0.22499999999999998,11
-444.79007123,90.97581873262898,3.212488571796565,-6.75570838,-2.258839532449999,0.0,-0.4964514,221,3.2,8.0,3.909694909544003,100.2,111.4,67.24560527329223,2.472,2.62,1.5932536341892156,2879.2,5796.790639162821,982.32,1821.454502000295,-4.306,2.1703291389622383,0.3264773313775907,0.22896229714316907,3.0,1.6903085094570331,2.0,0.8451542547285166,0.0,5.0809638681509055,3.2124885762848505,18.195163746525797,0.7886227310406098,1.8266666666666669,3.44,0.82,2.62,1.152427389855382,2.472,2.42,2.62,2.2199999999999998,2.42,0.20000000000000018,5
-538.2351719,95.77691937589844,6.591390517027049,-6.202838581,-1.2908290455,0.0,5.72063841,12,1.8,2.0,0.7878385971583354,115.3,141.0,53.56288601840541,2.649,1.79,1.0431128811200736,7726.0,10510.406665579694,1437.5,1919.5636043211705,-4.082,1.484178630386704,0.19048562101247915,0.13954060785124028,3.0,1.3130643285972257,2.5,0.6565321642986128,0.4,5.797821060802882,6.591390526236122,9.577691937589844,0.5852544359009882,2.3333333333333335,3.44,1.65,1.79,0.7896975511056257,2.649,1.6600000000000001,1.79,1.53,1.5819999999999999,0.13,10
-529.17806502,156.1095265204487,4.666466122765736,-7.051502239090909,-2.076633188636363,2.5598,-0.20574979000000002,12,2.5454545454545454,7.0,3.0669610365963247,98.92727272727274,141.0,79.35144138577445,2.7927272727272725,1.81,1.1776220743515298,5432.181818181818,11687.944077124943,915.5818181818181,1857.9280173085285,-4.426363636363636,2.334890254380278,0.12782316573154814,0.38090050970400197,2.909090909090909,1.704772712123232,2.3636363636363638,0.6614378277661477,0.18181818181818182,6.011216986430698,4.666466129285427,14.191775138222608,0.37244685659796317,2.2533333333333334,3.44,1.63,1.81,0.8394574967732965,2.7927272727272725,1.78,1.81,1.75,1.78,0.030000000000000027,11
-713.18178619,111.34209089405522,5.696544250411836,-6.93581445,-2.093056296999999,0.0,4.01795304,63,1.8,3.0,1.3093073414159542,107.01400000000001,138.63,71.77028314600092,2.7199999999999998,2.44,1.2965889314439087,6181.2,11227.092308976786,1199.1200000000001,2041.273871175266,-4.226000000000001,1.5837027138053046,0.08954200608359297,0.4166377998120682,3.0,1.6903085094570331,2.0,0.8451542547285166,0.2,5.629562984099025,5.696544258370686,11.134209089405521,0.6726899939889066,2.2399999999999998,3.44,1.0,2.44,0.9965273035229223,2.7199999999999998,1.8,2.44,1.1600000000000001,1.8,0.6399999999999999,10
-688.17347733,795.8225250719996,4.394420684576827,-7.085970866964287,-1.4773587758928581,0.0,1.64433667,33,2.357142857142857,5.0,2.1351401662213574,126.28571428571429,69.1,33.24162875601828,2.9271428571428575,1.54,0.959626152697589,8092.714285714285,17339.005382289342,1445.4142857142856,2614.4289883823803,-4.696857142857143,2.2378552757705577,0.1266470030790208,0.22581397164042996,2.857142857142857,1.6449566416599486,2.357142857142857,0.6642111641550715,0.35714285714285715,6.141275369094102,4.394420690716434,14.211116519142848,0.3247010045547429,2.5,3.44,1.9,1.54,0.6731022705849882,2.9271428571428575,1.41,1.54,1.2799999999999998,1.4359999999999997,0.13000000000000012,56
-484.56747842,296.81138881445287,6.072331503873203,-7.782244199499997,-3.009926146499997,3.4987,1.7070853700000002,14,1.8,6.0,2.2607766610417563,93.96900000000001,135.97,83.04186036103852,2.585,2.49,1.5187988675265727,6033.2,13966.233628927228,1133.4199999999998,2332.740649965186,-4.471590000000001,3.124111059610042,0.2628222241974205,0.30383573675897024,3.3,2.1984843263788196,1.8,0.816496580927726,0.1,5.3490962500143375,6.072331512357078,14.840569440722643,0.7834310683614608,2.25,3.44,0.95,2.49,1.0195096860746344,2.585,1.7850000000000001,2.49,1.08,2.1375,0.7050000000000001,20
-227.25131168,331.6199497796186,7.060930446500369,-6.735127487727272,-1.558184639545455,2.198899999999999,0.54505064,2,2.3636363636363638,6.0,2.57390753524675,102.8,141.0,75.60792989164563,2.9454545454545453,1.44,0.9019977827023744,7103.090909090909,18760.931443427857,1065.0145454545454,2509.1094758997665,-4.569636363636364,3.0363799169405663,0.13396078876828277,0.2411481433920194,3.272727272727273,2.3518609652783473,2.3636363636363638,0.6614378277661477,0.18181818181818182,6.261038804631048,7.060930456365453,15.073634080891754,0.36275191397894435,2.533333333333333,3.44,2.0,1.44,0.6444291185917105,2.9454545454545453,1.3599999999999999,1.44,1.2799999999999998,1.3599999999999999,0.08000000000000007,22
-328.61533182,245.85946991487663,6.290530791174836,-9.328163984,-2.8884390590000013,2.2163,4.61401578,62,4.2,7.0,3.8172540616821107,104.9,111.4,61.72728037794265,2.7399999999999998,2.2199999999999998,1.2125533861590236,9613.2,18555.320576974296,1758.3200000000002,2785.074185213539,-5.565600000000001,1.2372300860043315,0.22455573688774083,0.381259694770016,3.2,1.9639610121239315,2.4,0.6546536707079771,0.2,5.594649381524016,6.290530799963566,12.292973495743832,0.6493695130621062,2.2733333333333334,3.44,1.22,2.2199999999999998,0.9098473620460864,2.7399999999999998,1.7499999999999998,2.2199999999999998,1.2799999999999998,1.7499999999999998,0.47,20
-280.47520138,469.13635401586026,4.391295957365075,-6.975993897916666,-2.7505519329166663,3.538599999999999,3.72226949,62,2.6666666666666665,7.0,3.104249287084341,92.98333333333333,99.9,61.47289498780595,2.215,2.62,1.5820426956656672,4341.0,9596.51024639118,1145.7666666666667,2083.4337867175823,-3.9150000000000005,2.7703043810448635,0.33086371286401955,0.22782365250431608,3.5,1.9188064472004938,1.8333333333333333,0.8790490729915326,0.0,4.49297207226208,4.3912959635003155,19.547348083994176,1.0831482782947157,1.8633333333333333,3.44,0.82,2.62,1.1341467669084495,2.215,2.365,2.62,2.11,2.45,0.2550000000000001,24
-546.18776535,280.0064201155993,4.817554599524885,-9.653168398333333,-3.613995620555555,2.8427000000000002,2.5463149,1,4.0,6.0,4.0,102.11666666666667,133.4,78.96009188894799,2.7716666666666665,2.11,1.339413221443546,6764.666666666667,13118.979194705322,1433.8,2725.9599850327954,-5.355,0.8424468331394368,0.28308501895754573,0.2942000883831178,2.8333333333333335,1.7159383568311666,2.3333333333333335,0.6666666666666667,0.16666666666666666,5.833417722565722,4.817554606255669,11.6669341714833,0.4387283144442056,2.1033333333333335,3.44,1.33,2.11,0.9490463049234683,2.7716666666666665,2.005,2.11,1.9,2.005,0.10499999999999998,24
-308.02997619,278.2199660312183,5.415575897777201,-8.6784611755,-3.661658828500002,3.6122,1.83711263,62,2.8,8.0,3.625307868699863,93.826,135.97,78.69679499736405,2.5200000000000005,2.49,1.5142419131131497,5933.2,10841.941391782982,1321.52,2386.904867336418,-4.65,2.152257950551998,0.38556769090935106,0.27001398247284064,3.2,1.9639610121239315,2.0,0.8451542547285166,0.0,5.341614387697048,5.415575897777201,13.910998301560914,0.745067862009971,1.906666666666667,3.44,0.95,2.49,1.0952726702617126,2.5200000000000005,2.3,2.49,2.11,2.3000000000000003,0.19000000000000017,20
-515.01538342,293.58678915344973,3.861290145979145,-7.754334892,-1.5175632802499992,0.0,0.02940253,2,2.85,4.0,2.529571935568386,123.31500000000001,77.3,48.807741526436075,3.1060000000000003,1.56,0.9247702417357513,8176.5,22809.270308918618,1210.05,3133.9019345606584,-5.4506,1.5378239105134357,0.12036256869864843,0.3049785875195872,2.7,1.9551943151836808,2.25,0.688972818261938,0.25,6.42959914785719,3.8612901513738946,14.679339457672487,0.25531760925624775,2.4933333333333336,3.44,1.88,1.56,0.6790843508398317,3.1060000000000003,1.42,1.56,1.2799999999999998,1.3359999999999999,0.14000000000000012,20
-651.83433162,763.5775368214536,4.414724734511743,-6.565892524000001,-2.049996815666667,2.5914,0.46587923000000003,4,2.1333333333333333,7.0,2.819860440381014,91.34666666666666,141.0,84.40005350862087,2.7213333333333334,1.81,1.1856691318924435,5133.2,10205.355700206726,859.4533333333333,1618.2324540942413,-4.128666666666667,2.362662522144961,0.19240365486980204,0.35959838911592285,2.8,1.3198240351921795,2.4,0.6599120175960898,0.13333333333333333,6.030059420822731,4.414724740679716,12.72629228035756,0.3665847827321598,2.2399999999999998,3.44,1.63,1.81,0.84856742022462,2.7213333333333334,1.8,1.81,1.79,1.7966666666666666,0.010000000000000009,60
-290.16379886,348.16720829585125,3.505977559403235,-7.756714538181833,-2.4097787819318333,2.2424,-0.66457689,157,3.0,6.0,3.030033392919082,107.62272727272726,94.1,60.96851420536217,2.6713636363636364,2.62,1.4410643758809218,5621.727272727273,12892.327326350498,1024.8090909090909,2028.157292390599,-4.663181818181818,2.105343127625369,0.082498586934578,0.40092679931320935,2.8636363636363638,1.627761130882722,2.090909090909091,0.822900573781978,0.22727272727272727,5.443243045656852,3.5059775643015643,15.825782195265965,0.6527945673834887,1.9633333333333332,3.44,0.82,2.62,1.0952726702617126,2.6713636363636364,2.215,2.62,1.81,2.11375,0.405,22
-519.51770389,50.02428543740265,6.466486922597943,-6.906668847500001,-1.431450102399425,0.28949999999999904,2.75576796,12,2.5,4.0,1.8973665961010275,101.9,141.0,74.84095135686077,2.59,1.89,1.0885219336329424,6236.0,7654.483235333395,1237.35,1451.7455686173112,-4.415,2.892493733787508,0.07910314718321129,0.19510857728868394,3.25,1.6431676725154984,2.5,0.6324555320336759,0.5,5.534380401061207,6.466486931632507,12.506071359350663,0.6089218886959121,2.3066666666666666,3.44,1.55,1.89,0.8162652074472418,2.59,1.7,1.89,1.51,1.7,0.18999999999999995,4
-151.54450091,63.684440061159755,7.201204721323514,-5.742308024,-0.9117548109999991,0.0,5.16977543,221,1.8,3.0,1.3093073414159542,115.97999999999999,87.3,45.98185977721463,2.914,1.3900000000000001,0.8632000264795442,7413.2,11837.443329174952,1073.3200000000002,1710.8503533122268,-4.386,1.1268350113735122,0.04927389255612082,0.2994904966837736,3.2,1.9639610121239315,2.2,0.5345224838248488,0.2,6.213075516378438,7.201204731384589,12.736888012231939,0.42362666432795,2.563333333333333,3.44,2.05,1.3900000000000001,0.6229142976543581,2.914,0.6950000000000001,1.2399999999999998,0.15000000000000036,0.9674999999999999,0.5449999999999997,5
-651.22921515,77.26563847183948,5.667091788849184,-8.162920410000002,-2.686382930833336,1.579499999999999,5.22817792,194,3.0,6.0,2.9664793948382653,106.925,81.4,44.70144292973103,2.365,2.46,1.3877607863028845,7561.0,14123.224617628937,1703.1,2545.00197563774,-4.720000000000001,2.3416062862915275,0.2550722917605415,0.07267132650036104,2.75,1.6431676725154984,2.0,0.8944271909999159,0.25,5.056061459836231,5.667091796766888,9.65820480897993,0.7079384571336845,2.0066666666666664,3.44,0.98,2.46,1.0446477343530156,2.365,2.15,2.46,1.8399999999999999,2.15,0.31000000000000005,8
-148.81654978,142.59546003697025,3.845922408760981,-3.202910127999999,-0.8797196933499991,0.5612,0.47419197,221,1.2,1.0,0.5345224838248488,101.8,174.4,93.98388919688007,1.688,2.62,1.4706266885728878,3942.4,5820.941111931252,1263.04,1338.642546974893,-1.8399999999999999,2.105452106182559,-0.04106341826966094,0.8149970620746755,4.0,1.6903085094570331,1.6,1.0690449676496976,0.0,3.6148665348527227,3.8459224141342596,28.51909200739405,1.0169853068844792,2.2666666666666666,3.44,0.82,2.62,1.0869324828259677,1.688,1.76,2.62,0.8999999999999999,2.19,0.8600000000000001,5
-400.98590383,183.28220454838268,5.846310106413345,-8.492782879285715,-3.6698924778571422,3.8409999999999993,2.32775586,55,2.2857142857142856,8.0,3.295017884191656,81.24857142857142,141.0,91.27694298906253,2.437142857142857,2.44,1.536777704902604,6209.714285714285,11471.55695000216,1250.1142857142856,2181.886687512176,-4.562857142857142,2.60993021253169,0.3174720341197363,0.22136167594386244,3.142857142857143,1.927248223318863,1.8571428571428572,0.8451542547285167,0.0,5.207680163179136,5.846310114581437,13.091586039170194,0.7428511128743246,1.9133333333333333,3.44,1.0,2.44,1.0864416945034627,2.437142857142857,2.29,2.44,2.1399999999999997,2.34,0.15000000000000013,14
-203.56094533,149.23847112129258,3.9826040830217133,-4.4885759125,-1.021018559729165,0.9659000000000001,-0.56361765,63,1.5,1.0,0.6324555320336759,114.0,92.6,48.56303120687587,2.4074999999999998,2.62,1.3971793013067437,3518.5,5786.124748050287,911.85,1214.0246109531718,-2.9425,2.595185927828679,0.15449959675832367,0.19963980203949647,3.25,1.6431676725154984,2.0,0.8944271909999159,0.25,4.9718670571956824,3.9826040885859544,18.654808890161572,0.8519127765142133,2.063333333333333,3.44,0.82,2.62,1.0737576800915352,2.4074999999999998,2.065,2.62,1.51,2.065,0.555,8
-585.21261143,291.8581581647271,5.90093287138487,-6.966845545357144,-2.064265934642857,0.5741,3.53324469,74,3.142857142857143,3.0,1.7928429140015905,91.07142857142857,125.3,76.45729900688731,2.744285714285714,1.63,1.0627524910075992,3695.4285714285716,6275.746762622869,1206.9714285714285,1726.8539279775312,-4.574285714285714,1.3687194223590375,0.2982665262701384,0.34756452828402135,2.857142857142857,1.3093073414159544,2.142857142857143,0.46291004988627577,0.14285714285714285,5.3730236080313025,5.900932879629278,10.423505648740255,0.4593834132233848,2.36,3.44,1.81,1.63,0.7637189710008955,2.744285714285714,1.6199999999999999,1.63,1.6099999999999999,1.623333333333333,0.010000000000000009,28
-542.17617006,275.13193548766117,3.731545734253382,-7.6916159195,-3.1110288485,0.0,1.48768934,14,1.9,7.0,2.614064523559687,93.921,138.63,84.44208873541677,2.524,2.44,1.5429553172762687,5375.2,10957.854899568618,1082.92,2052.6899684722644,-4.277,2.2447308673127537,0.2603248362430942,0.05576770921221711,2.9,1.5456030825826172,1.8,0.816496580927726,0.1,5.380020375856682,3.731545739466861,13.756596774383059,0.6650321846808341,2.013333333333333,3.44,1.0,2.44,1.0381179551904922,2.524,2.1399999999999997,2.44,1.8399999999999999,2.29,0.30000000000000004,20
-491.33725315,161.81208557747004,4.747629452044268,-6.529048445714284,-2.6629976021428563,2.7149,3.811373719999999,74,1.7142857142857142,4.0,1.6903085094570331,95.89999999999999,141.0,81.63886941892324,2.62,2.13,1.280371039972398,3612.5714285714284,5225.47676567138,851.6857142857143,1316.826418759457,-3.858571428571429,1.9927672790798803,0.3143580092679222,0.19839086012250226,2.7142857142857144,1.3627702877384937,1.7142857142857142,0.5976143046671968,0.0,5.71752788997201,4.747629458677355,11.558006112676432,0.552041573383308,2.236666666666667,3.44,1.31,2.13,0.8913036644276866,2.62,1.805,2.13,1.48,1.9133333333333333,0.32499999999999996,14
-771.98374828,119.04414777961351,5.810462306526291,-7.411338015,-2.671460970666666,2.9057,1.77877982,148,2.8,8.0,3.625307868699863,86.12,141.0,89.8758826700149,2.71,1.9,1.1964232409262918,5133.2,9594.997595473531,974.1200000000001,1796.33150456304,-4.290000000000001,2.278219856441804,0.2186431479713174,0.126784102476904,3.0,1.6903085094570331,2.4,0.6546536707079771,0.2,5.816523977190286,5.810462314644299,11.904414777961351,0.5007706477712099,2.223333333333333,3.44,1.54,1.9,0.8624899355290407,2.71,1.825,1.9,1.75,1.825,0.07499999999999996,10
-443.00315902,417.6716158020524,8.675057944387532,-5.975891303928571,-1.451445688214286,0.0,5.3162676,130,2.142857142857143,2.0,0.8451542547285167,123.54285714285713,49.8,28.885883848590918,2.814285714285714,1.54,0.9570490359134464,5112.571428571428,7524.267899840584,1033.5428571428572,1544.6849433737982,-4.301428571428572,1.3390748405415693,0.0466883843414763,0.3206551701247238,3.4285714285714284,2.32992949004287,2.142857142857143,0.46291004988627577,0.14285714285714285,5.887245029229636,8.675057956507773,14.91684342150187,0.46198666099933583,2.453333333333333,3.44,1.9,1.54,0.6993965653015144,2.814285714285714,1.48,1.54,1.42,1.46,0.06000000000000005,28
-188.05303001,122.74472794051745,5.459037155966833,-3.736955248000001,-1.303622809500002,2.03,-0.021722250000000002,139,1.2,2.0,0.9354143466934854,75.16,141.0,70.52502215526061,2.104,2.62,1.4660661649461801,1422.8,1226.411024086134,546.456,489.5763776981075,-2.438,2.6225154908980044,0.2392544483041966,0.05493292501217494,4.0,2.091650066335189,1.8,0.9354143466934854,0.0,4.38053226554624,5.459037163593853,24.548945588103486,1.0156844840449823,2.0866666666666664,3.44,0.82,2.62,1.0713646541781292,2.104,2.0300000000000002,2.62,1.44,2.2266666666666666,0.5900000000000001,5
-661.74952477,87.85832335519181,6.30693839740901,-6.425985976249988,-2.304877096666654,1.4090999999999991,4.20479798,194,2.5,4.0,1.8973665961010275,112.525,98.5,51.7536761979282,2.605,1.8299999999999998,1.065851772058385,5611.0,6821.884900817368,1351.85,1603.8413125992236,-3.6075,2.2122997084482026,0.26574760364601124,0.37704328011772054,3.0,1.5491933384829668,2.25,0.5477225575051662,0.25,5.3363182379301755,6.306938406220665,10.982290419398973,0.6179966081583991,2.3266666666666667,3.44,1.61,1.8299999999999998,0.7980114173507933,2.605,1.67,1.8299999999999998,1.51,1.67,0.15999999999999992,8
-487.92113786,384.2771400263827,8.499852324849448,-7.105362223666666,-2.030413166666667,0.0,4.52037488,15,1.8,3.0,1.3093073414159542,115.806,145.97,74.19605476612044,2.694,2.49,1.3302953485169051,6933.2,13360.409809796789,1325.3200000000002,2396.4608285672316,-4.484,1.9164997856956385,0.20159333725006318,0.302408444771805,3.4,2.32992949004287,2.0,0.8451542547285166,0.2,5.803224051849351,8.4998523367249,12.809238000879425,0.7265171025458249,2.1966666666666668,3.44,0.95,2.49,1.0165409758369583,2.694,1.865,2.49,1.2399999999999998,1.865,0.6250000000000002,30
-233.27634131,222.55271337121226,5.101153769802972,-8.3337379745,-2.4467161835,1.4177,6.32710102,62,3.4,4.0,2.32992949004287,107.47999999999999,98.5,56.24915237456599,2.818,1.8299999999999998,1.0441811556019795,9473.2,18535.00800416028,1594.92,2620.5620367721554,-5.2176,1.5818202895940576,0.2350800000000004,0.4034777954591446,2.8,1.558387444947959,2.2,0.5345224838248488,0.2,5.577483168628672,5.10115377692998,11.127635668560613,0.4253485316086581,2.4033333333333338,3.44,1.61,1.8299999999999998,0.7666521737760582,2.818,1.5549999999999997,1.8299999999999998,1.2799999999999998,1.5549999999999997,0.275,20
-164.81925863,567.9270816999009,4.116188534417284,-4.0606262425,-1.237837759583333,1.4422000000000001,1.53190475,14,1.3333333333333333,1.0,0.6030226891555273,90.18333333333334,94.1,56.2005863767533,1.873333333333333,2.62,1.4989208239142042,3352.3333333333335,5688.937478682959,1043.8999999999999,1330.2568261942367,-2.481666666666667,2.3199069338700165,0.2287085337742066,0.10290850442658697,3.8333333333333335,1.7188791273808215,1.6666666666666667,0.9534625892455924,0.16666666666666666,3.8439612388804014,4.116188540168161,23.663628404162537,1.2339636178714473,2.0533333333333332,3.44,0.82,2.62,1.0750917273527048,1.873333333333333,2.08,2.62,1.54,2.35,0.54,24
-280.39019594,327.19939876346217,5.548334056425125,-7.604101747307693,-1.862553625,0.09440000000000001,4.27009551,186,2.6153846153846154,6.0,2.6865202966565924,103.36153846153846,141.0,70.99518507862224,2.869230769230769,1.79,1.0008029385144361,9575.076923076924,19907.240314933704,1370.5846153846153,2679.559694524781,-4.96876923076923,2.5154337511693163,0.15355384615384654,0.3034338764727898,3.0,1.763149356173184,2.3846153846153846,0.659380473395787,0.23076923076923078,6.027880441661603,5.548334064176905,12.58459226013316,0.4044039856937678,2.4166666666666665,3.44,1.65,1.79,0.752964511484808,2.869230769230769,1.535,1.79,1.2799999999999998,1.484,0.2550000000000001,26
-310.86612541,258.7265007863652,4.603084505750543,-8.7496117745,-3.670175069499999,3.8263,1.990374699999999,62,2.8,8.0,3.625307868699863,93.29400000000001,138.63,79.77417842169947,2.5300000000000002,2.44,1.495851405912843,6041.2,10882.472224374647,1341.92,2392.6102518259963,-4.7,2.029707931135484,0.34105887477773766,0.2585993512250869,3.0,1.6903085094570331,2.0,0.8451542547285166,0.0,5.412236976685679,4.60308451218168,12.936325039318259,0.6608042318194137,1.9233333333333331,3.44,1.0,2.44,1.0808741318437076,2.5300000000000002,2.275,2.44,2.11,2.275,0.16500000000000004,20
-171.57617151,167.2229752673024,4.660879718495778,-3.048704132,-0.8160150875000001,0.19789999999999902,1.02210109,221,1.2,1.0,0.5345224838248488,100.9,175.9,94.89772690338042,1.688,2.62,1.4706266885728878,3858.4,5863.0602443239,1220.44,1352.5070731264746,-1.768,2.1527955247604385,-0.035101830750582264,0.8191410859493145,4.6,1.8126539343499315,1.6,1.0690449676496976,0.0,3.5339480640535754,4.660879725007663,33.444595053460475,1.0422943386969044,2.2666666666666666,3.44,0.82,2.62,1.0869324828259677,1.688,1.76,2.62,0.8999999999999999,2.19,0.8600000000000001,5
-362.01545258,173.27285401154876,6.026663137025951,-4.67381568375,-1.136231163125,1.4611,0.10664417,63,1.5,1.0,0.6324555320336759,137.925,175.9,78.76097383857059,2.56,2.62,1.353041019333856,3783.5,6446.24476730445,1067.6,1571.159449578559,-2.9775,2.5456374447277446,-0.12884926426208496,0.8268117033951765,3.75,2.2583179581272432,2.0,0.8944271909999159,0.0,5.258263135153446,6.0266631454460216,21.659106751443595,0.767311742243023,2.2666666666666666,3.44,0.82,2.62,1.0869324828259677,2.56,1.76,2.62,0.8999999999999999,1.76,0.8600000000000001,8
-586.9630989,141.5365353662609,7.08472976865481,-7.797074836999999,-2.783797551,3.0834,4.00224215,161,3.6,7.0,3.6449573777637356,106.46000000000001,122.9,64.41880825615185,2.74,2.08,1.1791037758762857,5513.2,8923.904110389609,1042.12,1647.2396442880693,-4.83,0.518858637505714,0.1708914902503736,0.3577526477908523,3.2,2.138089935299395,2.2,0.5345224838248488,0.0,5.688024400833706,7.084729778553145,14.15365353662609,0.5232416536760666,2.2733333333333334,3.44,1.36,2.08,0.8678453523269889,2.74,1.75,2.08,1.42,1.75,0.33000000000000007,10
-487.06132952,250.70444468914786,4.467100747196692,-7.529753017777779,-1.9987005900000012,1.5908,1.5137577800000002,15,2.888888888888889,4.0,1.949358868961793,128.43333333333334,69.1,31.182398881420266,2.98,1.4300000000000002,0.92755323297372,11214.666666666666,22182.038179572228,1293.2444444444445,2521.4963192517257,-5.099777777777778,1.216210836985101,0.16116904737093435,0.20413646865404284,2.7777777777777777,1.61245154965971,2.111111111111111,0.4472135954999579,0.1111111111111111,6.271562415299118,4.467100753437842,13.928024704952659,0.27571257800211574,2.5366666666666666,3.44,2.01,1.4300000000000002,0.641681818002938,2.98,0.7150000000000001,1.2799999999999998,0.15000000000000036,0.9974999999999999,0.5649999999999997,18
-484.71422014,125.00498495957883,3.45458838715659,-6.04434721125,-1.504170098062499,0.0,1.58643865,82,2.0,2.0,0.8944271909999159,98.525,92.6,54.16104688796184,2.395,2.62,1.4042649322688365,4743.5,8437.163006603583,1103.1,1606.7330381864936,-3.9275,2.0869187813616517,0.15766483660555275,0.1927539549342179,3.0,1.2649110640673518,2.0,0.8944271909999159,0.25,4.924021817408391,3.454588391983123,15.625623119947347,0.9074484539552505,2.0466666666666664,3.44,0.82,2.62,1.076083433361724,2.395,2.09,2.62,1.56,2.09,0.53,8
-779.73487632,132.3655227051685,5.241345884736499,-9.340636451666667,-2.749603696666666,0.0,4.05739303,109,3.5,5.0,3.0276503540974917,119.06666666666666,76.7,44.76037434060523,2.8366666666666664,1.8399999999999999,1.2069152598440556,8031.333333333333,15829.016028940157,1386.9666666666665,2728.119618182295,-5.715,1.453587515998492,0.22347228119875343,0.1173499309731665,2.8333333333333335,1.7159383568311666,2.3333333333333335,0.6666666666666667,0.3333333333333333,5.984904053158988,5.241345892059375,11.030460225430708,0.42130616835991885,2.233333333333333,3.44,1.6,1.8399999999999999,0.8535937102756921,2.8366666666666664,1.81,1.8399999999999999,1.78,1.81,0.029999999999999916,12
-414.29058153,87.92172579606212,4.708865462737478,-5.6919497725,-2.486541740625,1.8327,4.18554699,221,1.0,2.0,1.2977713690461004,70.5,141.0,91.49288151775006,2.4225,2.13,1.3290875382045104,4161.0,5200.116759822751,686.225,784.0801724582155,-3.1862500000000002,2.3542028486584536,0.3650000000000002,0.19238120052590738,2.75,1.2565617248750864,1.75,0.8583950752789521,0.0,5.4790675654992755,4.708865469316406,10.990215724507765,0.7009546972178158,2.1466666666666665,3.44,1.31,2.13,0.9275894685809138,2.4225,1.94,2.13,1.75,2.035,0.18999999999999995,8
-421.8999571,640.6037446984542,5.7121711766165895,-6.6198656775,-2.438738281388889,0.42209999999999903,2.26629469,140,1.4444444444444444,3.0,1.4142135623730951,90.0611111111111,127.05,77.93910317900654,2.4166666666666665,2.55,1.56487115735783,4590.0,7201.542226133414,1120.0,1580.5601978825214,-3.9322222222222223,1.883724340582865,0.29468373723465674,0.2632211569185951,3.5555555555555554,2.4316750354973156,1.7777777777777777,0.8340576562282991,0.1111111111111111,5.013197822474205,5.712171184597272,17.794548463845945,0.8724219477769143,2.07,3.44,0.89,2.55,1.0496666137398103,2.4166666666666665,2.0549999999999997,2.55,1.56,2.3024999999999998,0.4949999999999999,36
-208.50452779,142.24093737974394,8.144979169187188,-5.304806863749999,-1.147583364166665,1.4247,2.685290069999999,11,2.0,2.0,0.8944271909999159,124.7,49.8,25.725007288628703,2.7075,1.51,0.9274211556784759,5661.0,6882.1765161902085,1113.1,1321.2266482326186,-3.6875,2.2268610194621488,0.004422521482040781,0.30015550111087586,3.75,2.2583179581272432,2.25,0.5477225575051662,0.25,5.67709641105513,8.144979180566835,17.780117172467993,0.5079286932655179,2.4633333333333334,3.44,1.93,1.51,0.6915843324489711,2.7075,1.4649999999999999,1.51,1.42,1.4649999999999999,0.04500000000000004,8
-701.1240469,1617.547896157262,4.262086953852866,-8.989618128257577,-3.671023028712122,4.7121,3.12414824,2,3.6363636363636362,7.0,3.627154532136727,119.4,111.4,58.33230237184197,2.7563636363636363,2.2199999999999998,1.27505882217253,11341.272727272728,25842.139264194055,1290.490909090909,2190.7437161840726,-5.157272727272727,0.30527651400001277,0.3453825222120124,0.23229376753190467,2.727272727272727,1.5612494995995998,2.1818181818181817,0.5303300858899106,0.0,5.95723407180463,4.262086959807584,12.254150728464106,0.4921676279584395,2.186666666666667,3.44,1.22,2.2199999999999998,0.9287027990099357,2.7563636363636363,1.4499999999999997,2.2199999999999998,0.6799999999999999,1.8777777777777775,0.7699999999999998,132
-482.81247569,90.97581873262898,3.212488571796565,-6.75570838,-2.258839532449999,0.0,-0.4964514,221,3.2,8.0,3.909694909544003,100.2,111.4,67.24560527329223,2.472,2.62,1.5932536341892156,2879.2,5796.790639162821,982.32,1821.454502000295,-4.306,2.1703291389622383,0.3264773313775907,0.22896229714316907,3.0,1.6903085094570331,2.0,0.8451542547285166,0.0,5.0809638681509055,3.2124885762848505,18.195163746525797,0.7886227310406098,1.8266666666666669,3.44,0.82,2.62,1.152427389855382,2.472,2.42,2.62,2.2199999999999998,2.42,0.20000000000000018,5
-422.93461857,247.38275372750388,9.099346704813074,-8.087934108999999,-2.935717661999999,0.0,4.11533887,62,2.8,8.0,3.625307868699863,84.6,141.0,92.30616756982478,2.662,2.1399999999999997,1.2839225610826936,6493.2,13083.244748259398,1237.3200000000002,2480.3931289788948,-4.8,3.062608598657593,0.3524608477676307,0.2547969551554576,3.4,2.32992949004287,2.4,0.6546536707079771,0.0,5.802667436089177,9.099346717526103,12.369137686375193,0.5483227555588356,2.143333333333333,3.44,1.3,2.1399999999999997,0.9306031496949826,2.662,1.9449999999999998,2.1399999999999997,1.75,1.9449999999999996,0.19499999999999984,20
-692.36916484,116.58253492892035,6.514413199418974,-6.673725518571429,-2.725244696428571,2.442199999999999,2.99817658,139,1.7142857142857142,4.0,1.6903085094570331,99.88571428571429,127.05,73.46156064811817,2.5,2.55,1.500849759303042,3412.5714285714284,4890.747123760482,1074.5428571428572,1533.0175061902307,-3.9699999999999998,1.7666918237202551,0.31021536747163153,0.18978246389106385,3.5714285714285716,2.434865792722759,1.7142857142857142,0.5976143046671968,0.0,5.16488996791288,6.514413208520499,16.65464784698862,0.8547481064701969,2.0966666666666667,3.44,0.89,2.55,1.0455089138256493,2.5,2.0149999999999997,2.55,1.48,2.1933333333333334,0.5349999999999999,7
-439.68092958,140.63330192009124,5.859582313450328,-9.660380015833333,-3.253571734166666,0.0,6.12427254,15,3.8333333333333335,6.0,3.6893239368631088,115.2,99.9,54.77280347033553,2.7816666666666667,2.11,1.3212725347599983,8114.666666666667,15961.93644615562,1676.6333333333332,3175.812817391968,-5.6000000000000005,1.233153139989785,0.3330904560532713,0.2560864586242088,3.0,2.0,2.3333333333333335,0.6666666666666667,0.16666666666666666,5.933754655757105,5.859582321636965,11.71944182667427,0.4549092705940571,2.1233333333333335,3.44,1.33,2.11,0.9375262959275091,2.7816666666666667,1.9749999999999999,2.11,1.8399999999999999,1.9749999999999999,0.135,12
-133.55789835,63.59654676556202,4.961051500094684,-5.8521444559999996,-1.184232334449999,0.0,2.08343411,221,2.0,2.0,0.8451542547285166,116.22,92.6,48.122640944035595,2.684,2.62,1.38258556955541,4939.2,11251.797773816286,1054.1200000000001,2007.0065883584653,-4.056,2.026954083629636,0.08654360057344297,0.4141312001507386,3.0,1.6903085094570331,2.0,0.8451542547285166,0.2,5.3689080841447,4.9610515070259495,12.719309353112404,0.9060644293436924,2.1799999999999997,3.44,0.82,2.62,1.0719452722348595,2.684,1.8900000000000001,2.62,1.1600000000000001,1.89,0.73,5
-307.9571304,263.2350536460816,4.398761760546868,-7.93766066625,-1.6426810723994252,0.0,1.67297316,186,2.9166666666666665,3.0,1.8935982376719422,95.30833333333334,141.0,92.85043195529957,2.8333333333333335,1.89,1.234633548871891,4598.0,8878.754970634758,904.8000000000001,1677.0257263551869,-5.569166666666667,1.2251711250736712,0.13401101719478103,0.19983846041838146,2.6666666666666665,1.3522468075656264,2.3333333333333335,0.6761234037828133,0.3333333333333333,5.9970492490734895,4.398761766692539,10.9681272352534,0.40431082429586185,2.2733333333333334,3.44,1.55,1.89,0.8328398538868214,2.8333333333333335,1.75,1.89,1.6099999999999999,1.8199999999999998,0.14,24
-798.36037415,292.63012543368086,6.351631330500354,-9.828894436818182,-3.826173611575757,3.5002,2.31103698,20,4.363636363636363,7.0,4.428645755285294,100.61818181818181,111.4,74.62973549031805,2.658181818181818,2.2199999999999998,1.4484518988305435,6523.090909090909,14701.23889446934,1562.6727272727273,2829.1684824229687,-5.508181818181819,1.666826228921106,0.36487753775777987,0.2674634780370291,3.1818181818181817,2.214322877642647,2.3636363636363638,0.6720215050322471,0.09090909090909091,5.67736045406725,6.35163133937445,13.301369337894585,0.6314495106320506,2.0533333333333332,3.44,1.22,2.2199999999999998,0.9871620378078204,2.658181818181818,2.08,2.2199999999999998,1.94,2.15,0.1399999999999999,22
-455.58365739,258.7265007863652,4.603084505750543,-8.7496117745,-3.670175069499999,3.8263,1.990374699999999,62,2.8,8.0,3.625307868699863,93.29400000000001,138.63,79.77417842169947,2.5300000000000002,2.44,1.495851405912843,6041.2,10882.472224374647,1341.92,2392.6102518259963,-4.7,2.029707931135484,0.34105887477773766,0.2585993512250869,3.0,1.6903085094570331,2.0,0.8451542547285166,0.0,5.412236976685679,4.60308451218168,12.936325039318259,0.6608042318194137,1.9233333333333331,3.44,1.0,2.44,1.0808741318437076,2.5300000000000002,2.275,2.44,2.11,2.275,0.16500000000000004,20
-491.10547162,350.3325692370048,4.371653066875919,-6.314044304166667,-2.150680372890625,3.5358,0.56288783,14,1.6666666666666667,2.0,1.0540925533894598,127.33833333333332,189.97,82.2273151763519,2.8766666666666665,2.49,1.3023227113294324,2381.3333333333335,4447.195570743931,495.6333333333334,859.3444698011257,-4.1866666666666665,1.7667421367527798,0.22709068010967814,0.23789379469388355,2.8333333333333335,1.7159383568311666,1.8333333333333333,0.5270462766947298,0.0,6.160822574853751,4.371653072983715,14.5971903848752,0.496671637155182,2.313333333333333,3.44,0.95,2.49,1.0302211197386488,2.8766666666666665,2.045,2.49,1.5999999999999999,2.3120000000000003,0.4450000000000002,24
-423.1782284,252.73007423132103,3.965678614826836,-6.928486293888889,-1.9756995158912032,2.4447,0.72823227,14,2.6666666666666665,6.0,2.683281572999748,138.17777777777778,187.4,72.80159338915598,3.031111111111111,1.9,0.9111174457774366,3425.777777777778,8252.483129337497,668.5777777777778,1539.6006163937452,-4.7188888888888885,0.9761634084516795,0.14369063776184315,0.18013052801396137,2.6666666666666665,1.3416407864998738,2.111111111111111,0.4472135954999579,0.1111111111111111,6.543489854146012,3.96567862036743,14.040559679517836,0.23474820021296636,2.51,3.44,1.54,1.9,0.776187262628463,3.031111111111111,1.4549999999999998,1.9,1.0099999999999998,1.6774999999999998,0.44500000000000006,18
-735.24498663,155.23165785950303,4.983955883280434,-7.793805667857144,-1.5285248985714301,0.0,4.41638517,166,2.7142857142857144,2.0,1.303116728289208,94.17857142857143,125.3,80.15904296965701,2.755714285714286,1.6099999999999999,1.0747671972580324,6284.0,9584.92489316151,1398.4,2054.1584117047446,-5.255,0.8837169571629585,0.08289589085614558,0.24360540303232753,2.857142857142857,1.3458531698209062,2.4285714285714284,0.6729265849104531,0.42857142857142855,5.802429350704751,4.983955890243702,11.087975561393074,0.4832418001457893,2.393333333333333,3.44,1.83,1.6099999999999999,0.7408253655364551,2.755714285714286,1.5699999999999998,1.6099999999999999,1.53,1.5966666666666665,0.039999999999999925,14
-244.83983318,336.5965788740974,6.248878230527743,-5.00082623142857,-1.539362617142854,2.0393,1.9892198700000001,199,2.2857142857142856,3.0,1.4361406616345072,83.85714285714286,105.9,61.485435267224055,2.3742857142857146,2.62,1.3427979185268348,2083.714285714286,2331.640838551255,890.9428571428572,991.2704487172005,-3.475114571428572,2.0734850410752457,0.14526427189934712,0.21068008889002554,4.0,2.1937410968480306,1.7142857142857142,0.5590169943749475,0.0,4.463007352935329,6.248878239258279,24.042612776721246,0.9524492310373257,2.1966666666666668,3.44,0.82,2.62,1.0737576800915352,2.3742857142857146,1.865,2.62,1.1099999999999999,1.865,0.7550000000000001,14
-176.30490132,149.26590686018258,8.1176254841836,-5.340340333,-1.024969332333334,0.0,3.39612036,65,2.0,2.0,0.8451542547285166,127.96,49.8,25.822138895584484,2.854,1.51,0.9598214119601327,4573.2,7123.328395390137,908.5200000000001,1362.922171554299,-3.9480000000000004,2.2163741303566704,0.04953801718563271,0.30818678888982415,3.4,2.32992949004287,2.2,0.5345224838248488,0.2,6.008612354595528,8.117625495525031,14.926590686018258,0.4961468588402669,2.4633333333333334,3.44,1.93,1.51,0.6915843324489711,2.854,1.4649999999999999,1.51,1.42,1.4649999999999999,0.04500000000000004,10
-493.17209935,105.73376293730534,5.887587999533202,-6.449011680999999,-2.268996668999999,2.007799999999999,2.06965603,12,3.2,3.0,2.121320343559643,96.16,112.1,79.26667017101198,2.7880000000000003,1.63,1.1525840533340723,2369.2,3795.7492014093873,1044.92,1687.7224653360518,-4.206,1.3859292911256333,0.40200000000000014,0.3040559159102149,2.8,1.4142135623730951,2.0,0.0,0.0,5.317509695184603,5.887588007758966,10.573376293730535,0.3994916973692873,2.625,3.44,1.81,1.63,0.815,2.7880000000000003,1.63,1.63,1.63,1.63,0.0,10
-250.0029235,512.1266214372829,3.516869399667021,-5.40428313576923,-1.5952744270913461,0.43649999999999906,-1.22641844,15,1.7692307692307692,1.0,0.5710402407201608,127.5923076923077,148.1,65.1731056161372,2.6984615384615385,2.62,1.4572778374943378,1472.7692307692307,2518.9803837888544,424.6615384615385,573.3985904048429,-3.827692307692308,2.2466535500412705,0.19652552730331901,0.15702268461884888,3.0,1.763149356173184,1.7692307692307692,0.5710402407201608,0.0,5.536143120979078,3.5168694045805684,19.697177747587805,0.714917996656126,2.27,3.44,0.82,2.62,1.0877806151364653,2.6984615384615385,2.175,2.62,1.73,2.442,0.44500000000000006,26
-275.05102328,403.0729812191699,5.532393901661773,-6.285590028333334,-2.510967219583333,0.18030000000000002,1.7772080300000002,4,1.4166666666666667,3.0,1.4096735392208677,91.52666666666666,135.97,85.0882574079288,2.4916666666666667,2.49,1.5701428973022544,3704.5,5690.41224679386,757.3666666666667,1074.485212459842,-3.8091666666666666,2.07389977009745,0.2779063328313658,0.3038579841258803,3.3333333333333335,2.172083957389474,1.6666666666666667,0.6405126152203485,0.0,5.19781976036892,5.532393909391282,16.794707550798744,0.7816550816436332,2.1366666666666667,3.44,0.95,2.49,1.0198801672527786,2.4916666666666667,1.955,2.49,1.42,2.276,0.5350000000000001,24
-194.15608442,284.23135478673646,3.9034417697445982,-6.376005910500003,-2.306927035968752,4.2602,1.86459675,14,1.6,2.0,1.0690449676496976,124.074,192.63,85.98552519382051,2.774,2.44,1.271658085223495,2921.2,4612.57616274711,597.12,895.7159243548466,-4.0760000000000005,1.632998993963473,0.1820000000000003,0.17121415161804157,2.8,1.3093073414159542,1.8,0.5345224838248488,0.0,5.995115334330203,3.9034417751982398,14.211567739336823,0.4716437685753064,2.33,3.44,1.0,2.44,1.008199715664841,2.774,1.9949999999999999,2.44,1.5499999999999998,2.2175000000000002,0.44500000000000006,20
-461.00232433,657.9319829937269,8.20077131927059,-4.448196131999998,-0.6585394598333311,1.5002,2.35552841,14,1.6,2.0,0.8709883407113854,128.32,49.8,18.83694096257633,2.543,1.51,0.962289833749651,6828.8,7084.855650343689,1437.28,1461.9012287971511,-2.757,2.7099436945416793,0.0009651744264339235,0.2579318286047827,3.9,2.071980561751452,2.5,0.6565321642986128,0.5,5.445628247807947,8.200771330728186,16.448299574843173,0.6478652843406871,2.4633333333333334,3.44,1.93,1.51,0.6915843324489711,2.543,1.4649999999999999,1.51,1.42,1.4949999999999999,0.04500000000000004,40
-673.76895257,71.11550484229129,4.7781155825131,-7.176823657999999,-2.246558206999999,0.0,0.99507049,221,2.8,8.0,3.625307868699863,92.82000000000001,141.0,80.74308462206353,2.66,2.11,1.2837167021693576,5803.2,10803.185720623602,1226.52,2376.6855348212503,-4.568,2.3558498618181445,0.3690588747777377,0.25955295601526507,3.0,1.6903085094570331,2.4,0.6546536707079771,0.0,5.893204381851528,4.778115589188781,14.223100968458258,0.40242788039145905,2.14,3.44,1.33,2.11,0.9284754529155128,2.66,1.95,2.11,1.79,1.95,0.15999999999999992,5
-294.07721039,248.858487577255,4.121739039793437,-6.521447505555555,-1.427935919179836,1.5967,0.39565042,14,2.3333333333333335,3.0,1.3416407864998738,137.33333333333334,195.0,75.88280437622215,3.032222222222222,1.89,0.907438703164021,2814.6666666666665,6029.07769065883,532.3555555555555,1037.201821247919,-4.874444444444445,1.3715301673678197,0.13482468601653372,0.1922735066725777,2.6666666666666665,1.3416407864998738,2.111111111111111,0.4472135954999579,0.1111111111111111,6.597223444178881,4.1217390455520695,13.825471532069722,0.23840026773076964,2.513333333333333,3.44,1.55,1.89,0.772024754928378,3.032222222222222,1.4449999999999998,1.89,0.9999999999999998,1.6675,0.44500000000000006,18
-642.69626717,86.28438363840138,6.06990879371734,-6.95906546375,-2.629010076874999,0.0,8.85626296,221,2.0,8.0,3.178877656956105,70.5,141.0,91.49288151775006,2.3737500000000002,2.1399999999999997,1.383754427559122,6561.0,10594.371574219565,1165.725,1974.0372179608814,-4.0875,2.8649735922361526,0.4115380298547693,0.2453418724575347,2.875,1.6463676125912685,1.75,0.8583950752789521,0.0,5.29326543632893,6.069908802197831,10.785547954800172,0.7142560923019462,2.016666666666667,3.44,1.3,2.1399999999999997,1.0064569317936836,2.3737500000000002,2.135,2.1399999999999997,2.13,2.1325,0.004999999999999893,8
-521.13827798,347.3929210621433,5.668891465250135,-9.769199704333335,-3.695166541833335,0.0,3.07382124,1,4.033333333333333,7.0,4.227105517092231,106.93333333333334,122.9,70.93448355304913,2.7376666666666667,2.11,1.4574623190612006,6981.333333333333,14084.031542765291,1568.1666666666667,3093.136153736243,-5.477333333333333,1.078974349061651,0.38724690483019797,0.3317553448491205,2.966666666666667,2.0220080975138264,2.3333333333333335,0.6917144638660746,0.0,5.846029604487046,5.66889147317035,11.579764035404775,0.5055936026016588,2.0433333333333334,3.44,1.33,2.11,0.9876684103933308,2.7376666666666667,2.0949999999999998,2.11,2.08,2.1069999999999998,0.014999999999999902,30
-584.38184385,272.70703247013637,5.394022495892431,-6.427480597499999,-1.662092417499998,0.0,4.07304721,62,1.7142857142857142,2.0,0.9258200997725515,112.91,138.63,62.00189553553987,2.654285714285714,2.44,1.2563808567241292,6261.142857142857,9879.212605986659,1212.8285714285714,1811.3608940714792,-4.17,1.4359665734271116,0.19606115786605663,0.09976422366087646,2.857142857142857,1.3093073414159544,2.142857142857143,0.8451542547285167,0.2857142857142857,5.685584119518749,5.3940225034286176,9.739536873933442,0.7137348556169851,2.1166666666666667,3.44,1.0,2.44,1.0067880721493585,2.654285714285714,1.9849999999999999,2.44,1.53,1.8333333333333333,0.45499999999999996,28
-757.36750849,356.7483355293301,6.236129956572592,-7.344153459666663,-2.857885393999998,2.800199999999999,4.48473545,55,2.933333333333333,3.0,1.7367006167610077,108.09333333333333,98.5,57.70442203662251,2.7626666666666666,1.8299999999999998,1.1295174533487098,4439.866666666667,6959.015813804003,1043.5866666666666,1618.9647751652308,-4.5326666666666675,0.7653662416588335,0.28662662284588275,0.43007195953401217,2.8,1.7870501915438117,2.0,0.0,0.0,5.540228760029097,6.236129965285317,11.891611184311005,0.42148760626482273,2.356666666666667,3.44,1.61,1.8299999999999998,0.784106001904221,2.7626666666666666,1.625,1.8299999999999998,1.42,1.6933333333333334,0.20499999999999996,30
-345.7054994,150.3161849315957,2.434651554559929,-4.3246242175,-1.284958853625,2.3575,0.88468063,64,1.5,1.0,0.7071067811865476,94.7,92.6,65.4780879378743,2.13,2.62,1.8526197667087545,1276.0,1490.5810947412422,561.1,665.9531665214904,-3.035,2.764787514439401,0.2525039862246252,0.03182544252632169,3.0,1.4142135623730951,1.5,0.7071067811865476,0.0,4.272683253895573,2.434651557961469,18.789523116449466,1.2109678490179407,2.13,3.44,0.82,2.62,1.31,2.13,2.62,2.62,2.62,2.62,0.0,8
-754.31015367,766.0815533260688,8.05844137242436,-4.893852924318182,-0.9037052553787881,1.7207999999999992,2.8738182500000002,52,1.8181818181818181,2.0,0.9032106474595007,126.34545454545454,49.8,22.656032076991863,2.632727272727273,1.51,0.9306958347613389,6191.818181818182,6878.569427462447,1260.4545454545455,1373.3155960360275,-3.264545454545455,2.473004245851592,0.0028510000931285732,0.2771798263720331,3.8181818181818183,2.139847510553276,2.3636363636363638,0.606976978666884,0.36363636363636365,5.570688443636022,8.058441383683101,17.41094439377429,0.5611287781433261,2.4633333333333334,3.44,1.93,1.51,0.6915843324489711,2.632727272727273,1.4649999999999999,1.51,1.42,1.48,0.04500000000000004,44
-357.45652557,288.1734085974056,6.2534941436130165,-6.118958884166666,-1.776055616249999,2.3709,1.6381903800000002,8,2.1666666666666665,3.0,1.086041978694737,113.8125,127.05,51.428726819820184,2.7541666666666664,2.55,1.1716977601009746,4429.5,6840.370491540532,843.5333333333333,1215.8628127741958,-4.425,1.1762064183048564,0.0703582865907883,0.3963174350515145,3.6666666666666665,2.679456508228335,1.9166666666666667,0.3755338080994054,0.0,5.652957422738924,6.25349415235,24.01445071645047,0.4045909645995036,2.1166666666666667,3.44,0.89,2.55,1.0432747587391455,2.7541666666666664,1.9849999999999999,2.55,1.42,1.646,0.565,12
-380.49680938,555.3355034807603,9.030176895624908,-6.195122602121212,-1.513969086969698,0.0,6.10127208,197,2.393939393939394,1.0,0.6913328984437153,123.1939393939394,59.8,34.30298820802643,2.8860606060606058,1.42,0.9730531090033967,4886.060606060606,8931.000808485936,865.1212121212121,1519.4413776121803,-4.675454545454546,0.6844292383825676,0.015206626112778107,0.37821273363468744,3.5757575757575757,2.765331593774861,2.0303030303030303,0.24253562503633297,0.030303030303030304,5.987315001029802,9.030176908241298,16.82834859032607,0.42188727906274837,2.5533333333333332,3.44,2.02,1.42,0.6312597634008434,2.8860606060606058,1.3299999999999998,1.42,1.2399999999999998,1.406153846153846,0.09000000000000008,33
-344.66087399,172.87635982121907,4.90581288409221,-5.351390516666665,-1.3100962353906231,1.6838000000000002,-0.08181014,63,1.6666666666666667,2.0,1.0540925533894598,126.5,195.0,84.72602905837142,3.0,1.75,0.9474527252938094,2098.0,3769.947479740268,393.1333333333334,606.7908078114272,-4.058333333333334,2.138417119688714,0.20000000000000032,0.18165902124584948,2.8333333333333335,1.7159383568311666,2.1666666666666665,0.5270462766947298,0.0,6.638263209121673,4.905812890946301,14.406363318434922,0.2960297427589416,2.56,3.44,1.69,1.75,0.7144695001654492,3.0,1.305,1.75,0.8599999999999999,1.5719999999999998,0.44500000000000006,12
-560.5232289,164.17239814599654,11.571756001215531,-6.8104505925000005,-1.03533258,0.0,5.84550752,166,2.25,1.0,0.5477225575051662,137.75,141.60000000000002,63.458742502511036,2.76,1.56,0.8785442504507102,9161.0,11434.034878379549,1869.6,2286.3297609924953,-4.5375,0.7635378183168141,-0.019277083558895347,0.3478408699393029,3.5,2.0976176963403033,2.5,0.6324555320336759,0.5,6.064942271890113,11.571756017382853,10.260774884124785,0.5462927269596477,2.533333333333333,3.44,1.88,1.56,0.6615805989362815,2.76,1.36,1.56,1.1600000000000001,1.36,0.19999999999999996,16
-361.04484821,837.6689258086527,4.048522256479207,-7.619861021071428,-3.448150932499999,4.1027,1.66049329,173,2.5714285714285716,5.0,2.220038609702865,94.70714285714287,127.05,71.66763938985493,2.552857142857143,2.55,1.386645489765035,4326.857142857143,6366.421421354835,1155.4,1648.550654362795,-4.195714285714286,1.4205959514030924,0.41364296481614066,0.2904554788749753,2.857142857142857,1.7928429140015905,1.8571428571428572,0.46291004988627577,0.0,5.097011747652727,4.048522262135545,14.958373675154514,0.5884075909001776,1.9799999999999998,3.44,0.89,2.55,1.0734057946554973,2.552857142857143,2.19,2.55,1.8299999999999998,2.07,0.36,56
-280.99472736,94.02731333947168,8.332296816138216,-5.00680094875,-1.237119229583332,1.5259,1.12493505,98,1.5,1.0,0.6324555320336759,141.10000000000002,163.20000000000002,72.9853683966862,2.6,2.46,1.2710940169790748,3986.0,6381.090314358511,1231.1,1594.07769446787,-3.2025,2.2957939803039817,-0.14832505102120708,0.8121881727612831,3.0,2.1908902300206647,2.0,0.8944271909999159,0.0,5.602512959973686,8.332296827779572,11.75341416743396,0.5293271013027919,2.32,3.44,0.98,2.46,1.016267681273,2.6,1.68,2.46,0.8999999999999999,1.68,0.78,8
-454.46181903,43.453575205003915,5.859229670745691,-6.25711068,-2.8236427075,2.0906,1.72769767,225,1.0,2.0,1.4142135623730951,77.475,127.05,89.83791654975086,2.165,2.55,1.8031222920256962,4111.0,5499.876544068967,1116.6,1451.5488004197448,-3.46,2.1637467504308354,0.3827503768564916,0.21602165460805117,4.0,2.8284271247461903,1.5,0.7071067811865476,0.0,4.493984206161179,5.859229678931834,21.726787602501958,0.9788503324538809,2.165,3.44,0.89,2.55,1.275,2.165,2.55,2.55,2.55,2.55,0.0,2
-484.90605143,281.3230122078083,6.905862719148174,-8.664869109,-2.5028656634666673,1.5612,2.555547149999999,12,2.8,6.0,2.8535691936340255,114.47999999999999,110.0,56.990625795576484,2.744,1.94,1.1515703563891726,9953.2,18635.861174474492,1840.3200000000002,3057.4779877726487,-5.244,3.0666361282123358,0.229787241944313,0.14540815605763,3.2,2.138089935299395,2.4,0.6546536707079771,0.4,6.015480550947811,6.905862728796606,14.066150610390414,0.3667013386280526,2.28,3.44,1.5,1.94,0.8363412381717564,2.744,1.74,1.94,1.54,1.7400000000000002,0.19999999999999996,20
-730.63413586,226.11301305390992,6.149654093556156,-7.232922127499999,-1.8430667804999992,0.0,5.06281883,62,2.4,6.0,2.6186146828319083,98.97999999999999,141.0,75.18407886172255,2.826,1.79,1.027743714579244,8803.2,18542.31358657428,1272.52,2496.284121878529,-4.7236,2.6176665726777135,0.17708000000000038,0.2938965610064678,3.0,1.6903085094570331,2.4,0.6546536707079771,0.2,6.017608227233298,6.149654102148063,11.305650652695496,0.45623877975958643,2.4166666666666665,3.44,1.65,1.79,0.752964511484808,2.826,1.535,1.79,1.2799999999999998,1.535,0.2550000000000001,20
-220.37920913,449.95322655363185,4.685353322575296,-4.710460267499999,-1.536198562399998,1.9147,1.4594664,2,2.0,3.0,1.3693063937629153,82.78,105.9,59.72982923129783,2.17,2.62,1.4680344001419041,1974.8,2107.2859321886053,853.28,900.4114142990413,-3.1715802,2.212265737643254,0.17769938897970014,0.18869641040860902,3.6,1.8708286933869709,1.6,0.6123724356957945,0.0,4.193342964873056,4.685353329121375,22.49766132768159,1.0262671871753115,2.1966666666666668,3.44,0.82,2.62,1.0737576800915352,2.17,1.865,2.62,1.1099999999999999,2.1166666666666667,0.7550000000000001,20
-523.27880695,143.25187526691218,5.64415693953068,-6.5511133636363645,-2.060192433484849,1.7955,2.40976589,12,2.909090909090909,3.0,1.704772712123232,116.61818181818181,112.1,57.9840737832381,2.878181818181818,1.66,1.026360377742633,6515.818181818182,16463.84286094835,1046.1272727272726,1766.2241165831701,-4.45,1.1783211043684145,0.24864740239440086,0.11198882126438107,2.909090909090909,1.704772712123232,2.0,0.0,0.0,5.835935996052649,5.644156947416337,13.02289775153747,0.37621130386158164,2.41,3.44,1.78,1.66,0.7343477831835994,2.878181818181818,0.9449999999999998,1.66,0.22999999999999976,1.342222222222222,0.7150000000000001,11
-263.49405081,87.56813597285675,6.267888091990467,-5.930823704999989,-1.6750175293749892,0.7812999999999991,4.15341595,194,2.5,4.0,1.8973665961010275,107.325,112.1,58.4504833170779,2.6475,1.63,1.0032497196610624,4783.5,6676.201884305177,1464.35,1767.9951798576828,-3.76,1.6188390902124896,0.294354836925524,0.28150872199967575,3.0,1.2649110640673518,2.25,0.5477225575051662,0.25,5.320928940297533,6.2678881007475615,10.946016996607094,0.48689683551315327,2.3833333333333333,3.44,1.81,1.63,0.7480790213755644,2.6475,1.585,1.63,1.54,1.585,0.04499999999999993,8
-304.32650506,216.29428656251838,2.872615002794277,-5.340034713333334,-1.028747306222222,0.020199999999999,0.92659745,1,1.6666666666666667,2.0,1.2030662579644695,117.444,135.97,83.44360460814238,2.9440000000000004,2.49,1.706887749523584,1444.2666666666667,4580.48236944998,400.4933333333333,1067.891167330809,-4.340000000000001,2.2377561599912865,0.2661419310618243,0.16658085517183985,2.4,1.7546929555968056,1.8,0.6882472016116854,0.0,6.235545389876968,2.8726150068077128,14.419619104167891,0.41909585068607147,1.79,3.44,0.95,2.49,1.1667904696216882,2.9440000000000004,2.475,2.49,2.46,2.48,0.015000000000000124,15
-279.35627804,26.32170194637648,8.100938388867615,-4.300136945,-1.346151347499999,0.0,1.54992079,225,1.0,2.0,1.4142135623730951,70.5,141.0,99.7020561473032,2.565,1.75,1.2374368670764582,3261.0,4297.795016051836,565.1,671.6100207709828,-2.95,2.884995667241114,0.2900000000000002,0.08485281374238539,3.5,2.1213203435596424,2.5,0.7071067811865476,0.0,5.823165111461915,8.100938400185731,13.16085097318824,0.6269849055241156,2.565,3.44,1.69,1.75,0.875,2.565,1.75,1.75,1.75,1.75,0.0,2
-244.03318215,51.04811002645878,6.61680193408205,-4.9338174575,-0.724300867916666,0.0,2.76508001,47,1.5,1.0,0.6324555320336759,131.5,22.599999999999994,12.440578764671681,2.6775,1.54,0.964587994949139,6211.0,7618.201467538122,1453.85,1758.4968342308723,-3.18,2.3643688375547502,0.10010244057153503,0.18188593143642273,3.25,1.6431676725154984,2.5,0.6324555320336759,0.5,5.797752442042944,6.616801943326625,12.762027506614695,0.5734362492989785,2.4233333333333333,3.44,1.9,1.54,0.7189962138673301,2.6775,1.525,1.54,1.51,1.525,0.015000000000000013,4
-759.9605155,221.6295420985327,7.882662591838353,-7.023950105000001,-2.280801145625002,2.7077,4.24645744,36,2.5,2.0,0.9701425001453319,127.625,49.8,29.038372179299742,2.8925,1.54,0.9709122453833271,9138.75,22174.56098113066,912.25,1549.2044789655943,-4.81125,0.6247987911414082,0.11582806630195042,0.36017408899519016,3.125,2.3199898579900022,2.0,0.0,0.0,6.12019520073089,7.88266260285151,13.851846381158294,0.4007926210631662,2.453333333333333,3.44,1.9,1.54,0.6993965653015144,2.8925,0.77,1.42,0.1200000000000001,1.2033333333333334,0.6499999999999999,16
-402.19804744,484.29141942371587,3.607171697508429,-7.718779417666666,-2.100159429299999,3.3529,-0.68446096,15,2.6666666666666665,5.0,2.4090602791485787,114.83333333333333,92.6,53.28938851752221,2.8346666666666662,2.62,1.326964850433392,7658.666666666667,20109.709186644857,1180.1333333333334,2681.8816721793355,-4.946266666666667,2.526338301630586,0.14308106299323373,0.26849964859618625,2.8666666666666667,1.7828548534783837,2.066666666666667,0.8128433340529315,0.2,5.6852449959924485,3.6071717025481402,16.143047314123862,0.5639679299714755,2.14,3.44,0.82,2.62,1.0697040089046441,2.8346666666666662,1.95,2.62,1.2799999999999998,1.8159999999999998,0.6700000000000002,30
-394.92051254,27.771067003632275,3.353083748678994,-6.7827998350000005,-3.306019392499999,3.6301,2.25697064,225,1.0,2.0,1.4142135623730951,71.685,138.63,98.02621307589108,2.2199999999999998,2.44,1.7253405460951758,4381.0,5881.714205909702,923.6,1178.6055828817373,-3.46,2.1637467504308354,0.26000000000000023,0.042426406871192576,3.0,1.4142135623730951,1.5,0.7071067811865476,0.0,4.810303542778814,3.3530837533637103,13.885533501816138,0.9122372991730782,2.2199999999999998,3.44,1.0,2.44,1.22,2.2199999999999998,2.44,2.44,2.44,2.44,0.0,2
-518.7551666,141.5365353662609,7.08472976865481,-7.797074836999999,-2.783797551,3.0834,4.00224215,161,3.6,7.0,3.6449573777637356,106.46,122.9,64.41880825615183,2.7399999999999998,2.08,1.1791037758762857,5513.2,8923.904110389609,1042.1200000000001,1647.2396442880695,-4.83,0.5188586375057141,0.1708914902503736,0.35775264779085236,3.2,2.138089935299395,2.2,0.5345224838248488,0.0,5.688024400833706,7.084729778553145,14.15365353662609,0.5232416536760666,2.2733333333333334,3.44,1.36,2.08,0.8678453523269889,2.7399999999999998,1.75,2.08,1.42,1.75,0.33000000000000007,10
-788.17257322,518.5696943364608,4.100241203264657,-7.841648403,-3.404013206000001,4.6708,0.72029117,15,2.0,4.0,1.6903085094570331,114.11,127.05,67.03171424248161,2.622,2.55,1.4051537790779849,11773.2,25988.642167575545,1117.32,1736.4543315947833,-4.464,1.7076633994187165,0.33054518828806967,0.17079834679891384,3.0,2.0701966780270626,1.8,0.5345224838248488,0.0,5.593356571911858,4.100241208993255,17.28565647788202,0.5775815773111171,2.0766666666666667,3.44,0.89,2.55,1.0485015763247834,2.622,1.7799999999999998,2.55,1.0099999999999998,2.165,0.77,30
-349.70433827,149.99748174795735,6.719774187721026,-5.216558242857142,-1.080805735714285,0.32019999999999904,2.87230555,88,1.4285714285714286,2.0,0.9636241116594315,114.39999999999999,141.0,63.145862889028606,2.75,1.75,1.057473403920874,4769.714285714285,7480.90762255108,1114.4,1795.8934155455884,-3.5614285714285714,2.2295675429489528,0.1978340993434561,0.12915653965228968,3.0,1.5811388300841898,2.4285714285714284,0.6546536707079772,0.2857142857142857,6.034339405709879,6.719774197109469,10.714105839139808,0.5310707192793177,2.3433333333333333,3.44,1.69,1.75,0.7801851632073561,2.75,1.645,1.75,1.54,1.61,0.10499999999999998,14
-401.33923481,379.07993911815055,6.00462026596979,-4.82936551125,-0.8250872030295131,1.7022,1.411950319999999,14,1.6666666666666667,1.0,0.6030226891555273,144.86666666666667,69.4,30.002787749262115,2.7883333333333336,1.51,0.8745310431623027,4777.666666666667,6347.46748353589,1016.4333333333334,1341.8239072925396,-3.311666666666667,2.450384941929811,0.06433013819468152,0.21287146318689865,3.3333333333333335,1.7580981459830651,2.3333333333333335,0.6030226891555273,0.3333333333333333,6.064174549228127,6.004620274359064,15.794997463256273,0.45794596056943615,2.64,3.44,1.93,1.51,0.6197311244940557,2.7883333333333336,1.065,1.51,0.6199999999999999,1.2875,0.44500000000000006,24
-139.42454863,44.99605581221014,10.546314245519335,-6.38374669,-0.946948687499999,0.0,5.63289277,166,2.0,0.0,0.0,149.825,93.30000000000001,43.192441468386576,2.7675,1.53,0.8665967920549903,9411.0,11690.524094325283,1866.1,2283.0817103205045,-4.2875,0.8904998596294108,0.027113586080663943,0.34452059513281286,3.5,2.0976176963403033,2.5,0.6324555320336759,0.5,6.1104247925900355,10.546314260253977,11.249013953052534,0.4983002701891494,2.543333333333333,3.44,1.91,1.53,0.6517838769271777,2.7675,1.3450000000000002,1.53,1.1600000000000001,1.3450000000000002,0.18499999999999994,4
-708.05313623,150.6437935459906,5.172426779272635,-7.838973388571427,-1.5725015085714271,1.5511,2.90527891,227,2.7142857142857144,2.0,1.164964745021435,94.15714285714286,125.3,74.18843768212325,2.757142857142857,1.6099999999999999,1.0432812249272552,6384.0,9463.468497332255,1404.1142857142856,2007.2180791191715,-5.2299999999999995,0.6619289992136618,0.07305467739355669,0.24053036960336285,2.857142857142857,1.3093073414159544,2.4285714285714284,0.6546536707079772,0.42857142857142855,5.8138063040251,5.172426786499221,10.760270967570758,0.4900724976716033,2.3833333333333333,3.44,1.83,1.6099999999999999,0.747454941042528,2.757142857142857,1.585,1.6099999999999999,1.56,1.593333333333333,0.02499999999999991,14
-618.45960523,175.71849611799263,3.437530505956599,-8.418681412142858,-2.2890218171428582,2.161,-0.53606004,59,3.4285714285714284,5.0,3.5355339059327378,115.17142857142858,90.4,63.9224530192639,2.922857142857143,1.81,1.2798632739476512,6672.857142857143,15965.056905629868,1115.857142857143,2538.371923103468,-5.2700000000000005,0.6929646455628162,0.035150689006718396,0.4822274418950668,2.5714285714285716,1.4142135623730951,2.2857142857142856,0.7071067811865476,0.2857142857142857,6.121389373424049,3.4375305107592986,12.551321151285189,0.2860926240171497,2.535,3.44,1.63,1.81,0.905,2.922857142857143,1.81,1.81,1.81,1.81,0.0,14
-265.02267988,544.3166321035511,2.8337942604274162,-5.241021294000002,-1.528302706566668,0.8768,0.48277762,14,1.7333333333333334,2.0,0.8744746321952063,93.65333333333334,92.6,57.30485170918571,2.1839999999999997,2.62,1.5714792581588628,3195.6,6680.3638197860055,881.56,1297.7586352223273,-3.380666666666667,2.420284074235915,0.20342337217609488,0.15757965624295403,3.066666666666667,1.2833778958394957,1.7333333333333334,0.8744746321952063,0.13333333333333333,4.437311992600544,2.833794264386614,18.143887736785036,1.0823070669543524,2.0466666666666664,3.44,0.82,2.62,1.076083433361724,2.1839999999999997,2.09,2.62,1.56,2.355,0.53,30
-178.49159726,222.79354881247878,8.159347129465532,-5.734614512857142,-1.615806477142857,1.704899999999999,3.70115118,2,2.0,3.0,1.224744871391589,106.62857142857142,141.0,64.36480848591543,2.7785714285714285,1.79,1.021577911160685,4291.142857142857,6382.442456793929,744.9714285714286,1035.5198156343647,-4.192857142857143,1.667343910021479,0.09991419181260552,0.3668312580629843,3.4285714285714284,2.32992949004287,2.142857142857143,0.46291004988627577,0.0,5.927773496518822,8.159347140865252,15.913824915177056,0.4330437667676755,2.3699999999999997,3.44,1.65,1.79,0.7715352659902636,2.7785714285714285,1.605,1.79,1.42,1.5433333333333332,0.18500000000000005,14
-372.59856271,302.9028911962269,5.598543109371111,-7.368242535333334,-2.967999715666667,4.4978,0.9465844800000001,15,2.4,7.0,2.8876002656388655,89.64,141.0,66.37960352929116,2.170666666666667,2.46,1.532756072071022,4703.6,10622.121722252714,1338.2266666666667,2003.516075920178,-4.155333333333333,2.737105598770995,0.2864568870229109,0.22031369021922761,2.533333333333333,1.7489492643904125,1.7333333333333334,0.8744746321952063,0.0,4.695050108235727,5.5985431171930395,10.09676303987423,0.7537122925101897,1.906666666666667,3.44,0.98,2.46,1.0920724436694766,2.170666666666667,2.3,2.46,2.1399999999999997,2.3799999999999994,0.16000000000000014,30
-780.22159493,132.3655227051685,5.241345884736499,-9.340636451666667,-2.749603696666666,0.0,4.05739303,109,3.5,5.0,3.0276503540974917,119.06666666666666,76.7,44.76037434060523,2.8366666666666664,1.8399999999999999,1.2069152598440556,8031.333333333333,15829.016028940157,1386.9666666666665,2728.119618182295,-5.715,1.453587515998492,0.22347228119875343,0.1173499309731665,2.8333333333333335,1.7159383568311666,2.3333333333333335,0.6666666666666667,0.3333333333333333,5.984904053158988,5.241345892059375,11.030460225430708,0.42130616835991885,2.233333333333333,3.44,1.6,1.8399999999999999,0.8535937102756921,2.8366666666666664,1.81,1.8399999999999999,1.78,1.81,0.029999999999999916,12
-525.89362619,202.46357062059715,4.982917296599512,-8.1920974155,-2.530143647499999,0.8961999999999991,4.00969535,14,3.6,7.0,3.6449573777637356,100.96000000000001,122.9,68.30522883143198,2.712,2.08,1.2115633348222925,6573.2,10394.934563114313,1314.72,2004.5104254441496,-4.948,0.21016999921831975,0.2150818307761419,0.2522402122437864,2.8,1.3093073414159542,2.4,0.6546536707079771,0.2,5.730222123508528,4.982917303561328,10.123178531029858,0.5962083023450919,2.2266666666666666,3.44,1.36,2.08,0.8838300490227493,2.712,1.82,2.08,1.56,1.82,0.26,20
-430.04554724,274.3952424960578,6.578634886198346,-9.106083307727273,-2.433770533484848,2.4069000000000003,1.33500756,13,3.272727272727273,6.0,3.2581259360842107,117.52727272727272,133.4,64.26307708881576,3.070909090909091,1.9,0.9696073749402185,8225.09090909091,20854.35778846308,1448.8727272727274,3489.9893259700116,-5.905618181818183,2.765785861962341,0.11949052180514474,0.30386592950422164,2.909090909090909,2.3858557568108956,2.272727272727273,0.6793662204867574,0.2727272727272727,6.367510008934418,6.578634895389596,12.472511022548082,0.2867707095655833,2.4466666666666668,3.44,1.54,1.9,0.7780888266915431,3.070909090909091,1.49,1.9,1.08,1.3533333333333335,0.4099999999999999,22
-299.41533373,142.59546003697025,3.845922408760981,-3.202910127999999,-0.8797196933499991,0.5612,0.47419197,221,1.2,1.0,0.5345224838248488,101.8,174.4,93.98388919688007,1.688,2.62,1.4706266885728878,3942.4,5820.941111931252,1263.04,1338.642546974893,-1.8399999999999999,2.105452106182559,-0.04106341826966094,0.8149970620746755,4.0,1.6903085094570331,1.6,1.0690449676496976,0.0,3.6148665348527227,3.8459224141342596,28.51909200739405,1.0169853068844792,2.2666666666666666,3.44,0.82,2.62,1.0869324828259677,1.688,1.76,2.62,0.8999999999999999,2.19,0.8600000000000001,5
-640.19822668,821.4794606135702,4.2908805322171,-7.801700150714285,-2.885069807857142,0.0,6.41246686,156,3.0,3.0,1.7320508075688772,101.81428571428572,98.5,60.47964238367438,2.6942857142857144,1.8299999999999998,1.1444181303801757,5498.285714285715,8366.587049516836,1306.4,1865.2282326836037,-4.5842857142857145,0.7225599332531919,0.322235910567566,0.3648413221314759,2.5714285714285716,0.9636241116594315,2.142857142857143,0.46291004988627577,0.14285714285714285,5.44829595587494,4.290880538212045,9.779517388256787,0.4424344996067671,2.31,3.44,1.61,1.8299999999999998,0.8065977932030313,2.6942857142857144,1.6949999999999998,1.8299999999999998,1.56,1.74,0.1349999999999999,84
-565.53997916,144.9452747464648,3.4098769025950793,-9.463183127272726,-3.72757864742424,3.5737,1.04937545,12,4.363636363636363,7.0,4.319288135792749,94.4,133.4,84.87496134019739,2.7163636363636363,2.08,1.3183749466672976,6450.363636363636,11384.271463295312,1268.8545454545454,2152.273718942365,-5.119090909090909,0.2999010253400278,0.2450860945026064,0.18304928959363115,2.727272727272727,1.3228756555322954,2.3636363636363638,0.6614378277661477,0.18181818181818182,5.6524340852120885,3.4098769073591426,13.176843158769527,0.439035359396336,2.1133333333333333,3.44,1.36,2.08,0.940968767931339,2.7163636363636363,1.99,2.08,1.9,1.99,0.09000000000000008,11
-222.83765932,152.21112650864933,5.84885224780643,-4.71933650125,-1.1440430680624991,1.4264000000000001,0.21081779,63,1.5,1.0,0.6324555320336759,138.3,174.4,78.06879017891849,2.56,2.62,1.353041019333856,3818.5,6432.843819027476,1085.35,1569.7131699772415,-3.0075000000000003,2.508168654616352,-0.13133325906170107,0.8248382007081306,3.5,2.0976176963403033,2.0,0.8944271909999159,0.0,5.308099139637393,5.848852255978075,19.026390813581166,0.7452515656391464,2.2666666666666666,3.44,0.82,2.62,1.0869324828259677,2.56,1.76,2.62,0.8999999999999999,1.76,0.8600000000000001,8
-792.16189276,320.9374642914357,5.772893584880375,-7.99436939409091,-2.2839396722272722,2.4361,2.91974789,14,2.5454545454545454,5.0,2.2980970388562794,112.81818181818181,92.6,52.7682788235508,2.767272727272727,2.62,1.380203789300696,6928.545454545455,18228.007670203566,1304.6727272727273,2972.1024994942554,-5.141981818181819,3.5991790613016885,0.1437450858998642,0.2817258505087093,3.090909090909091,2.1505813167606567,2.0,0.82915619758885,0.18181818181818182,5.560326851578176,5.772893592945896,14.588066558701621,0.7238165020553519,2.2066666666666666,3.44,0.82,2.62,1.0750917273527048,2.767272727272727,1.85,2.62,1.08,1.8499999999999999,0.77,22
-764.12230435,325.71793582560326,4.095911426870297,-8.463634338928573,-2.483427134051725,0.0,4.19968042,62,3.2857142857142856,3.0,1.9639610121239315,86.64285714285714,141.0,84.82534577420999,2.6385714285714283,1.89,1.2244473972251435,5426.857142857143,8015.7920203985905,1117.257142857143,1579.9585039758842,-5.377142857142857,1.4451767069413046,0.2266920497568004,0.3048310038748424,2.7142857142857144,1.164964745021435,2.2857142857142856,0.5976143046671968,0.2857142857142857,5.4537290313281215,4.095911432592844,11.632783422342973,0.42722149962479306,2.1999999999999997,3.44,1.55,1.89,0.8771544903835355,2.6385714285714283,1.8599999999999999,1.89,1.8299999999999998,1.8699999999999999,0.030000000000000027,28
-237.39200069,133.5742810249583,10.77019190675644,-3.26387400375,-0.635057482500004,1.1867,0.46310693,62,1.0,2.0,1.4142135623730951,70.5,141.0,99.7020561473032,2.7199999999999998,1.44,1.0182337649086284,1256.0,1462.2968234937803,360.04,381.61138767075596,-2.64,3.3234018715767735,0.1981921691127768,0.0449830658303815,4.0,2.8284271247461903,2.5,0.7071067811865476,0.0,6.273148659530589,10.770191921803868,16.69678512811979,0.4504443672828707,2.7199999999999998,3.44,2.0,1.44,0.72,2.7199999999999998,1.44,1.44,1.44,1.44,0.0,8
-312.53749392,176.20682525541724,8.574442803523121,-4.676204316999997,-0.817315429666662,1.3818000000000001,2.77871752,15,2.0,3.0,1.3693063937629153,113.66,105.9,49.84899698088218,2.614,1.51,0.8625760836007452,5562.8,6212.581709724227,1414.48,1364.670029714143,-3.0235802,2.4316276516872914,0.020892365833617664,0.21342951029613952,4.0,2.091650066335189,2.4,0.6123724356957945,0.4,5.344049574934367,8.574442815502788,17.620682525541724,0.6872963191138416,2.5666666666666664,3.44,1.93,1.51,0.6387661717891941,2.614,1.31,1.51,1.1099999999999999,1.3766666666666667,0.20000000000000007,10
-383.61058099,182.1025603934285,4.137675075052963,-8.529065859285714,-2.147728544285714,0.0,1.97087097,85,3.2857142857142856,5.0,3.060005941764879,118.21428571428571,90.4,54.43450610178671,2.998571428571428,1.81,1.0628734637763801,8558.57142857143,20364.180719185253,1291.857142857143,2877.814198942726,-5.4711428571428575,1.2666560127143653,0.06620391593193085,0.3961146355761382,2.7142857142857144,1.7320508075688772,2.2857142857142856,0.674199862463242,0.2857142857142857,6.187403426758077,4.13767508083386,13.00732574238775,0.3031252125144036,2.41,3.44,1.63,1.81,0.7597806701059633,2.998571428571428,1.545,1.81,1.2799999999999998,1.545,0.2650000000000001,14
-194.99074396,135.87237108425325,3.662061807835942,-5.9845288666666665,-1.6516379029597692,1.8938000000000001,0.957774199999999,9,2.0,3.0,1.2792042981336627,90.71666666666665,125.3,66.23941767969774,2.3350000000000004,2.51,1.4646889213630434,3277.6666666666665,6171.3986774769,952.7666666666668,1388.8304621973382,-3.905,2.462368593632783,0.14496673972429916,0.173867549108536,2.6666666666666665,0.9534625892455922,1.8333333333333333,0.8790490729915326,0.16666666666666666,4.907757404698162,3.6620618129523432,11.322697590354432,0.9283186098836388,2.066666666666667,3.44,0.93,2.51,1.0382784897233603,2.3350000000000004,2.0599999999999996,2.51,1.6099999999999999,2.21,0.44999999999999996,12
-116.88279328,325.1760355986749,9.157642983263019,-3.6326410955,-0.45434721466666705,0.41029999999999905,1.23015248,96,1.2,2.0,0.9354143466934854,106.64000000000001,141.0,67.2036829347916,2.5479999999999996,1.51,0.9109541700876066,5066.8,6431.3771075874565,1136.056,1348.4197601637259,-2.338,2.713466417702641,0.07847303347872833,0.20161546726412097,4.0,2.091650066335189,2.6,0.6123724356957945,0.4,5.667502420892966,9.157642983263019,16.258801779933744,0.6182656550898271,2.4566666666666666,3.44,1.93,1.51,0.6959086785555191,2.5479999999999996,1.475,1.51,1.44,1.4866666666666666,0.03500000000000003,20
-471.51327926,128.40952222360877,7.8759889859820245,-5.731528775000001,-1.2602380275000011,0.8376999999999991,4.33105535,11,2.0,2.0,0.8944271909999159,122.9,49.8,25.925740105154183,2.7,1.54,0.9375713306197028,6111.0,7513.754960071562,1304.35,1652.334759060645,-4.0175,1.5288525108721247,0.04802975476155369,0.28683783289122733,3.5,2.0976176963403033,2.25,0.5477225575051662,0.25,5.689153093441488,7.875988996985856,16.051190277951097,0.45592937720614185,2.453333333333333,3.44,1.9,1.54,0.6993965653015144,2.7,1.48,1.54,1.42,1.48,0.06000000000000005,8
-238.14191946,82.5887320345404,4.992028227764626,-4.96813082,-1.251412653833333,0.0,1.33419784,221,2.4,4.0,1.8126539343499315,99.76,112.1,67.92204565319192,2.584,2.62,1.4585119618491795,1223.2,1699.8383116385764,715.3199999999999,1178.458528272057,-3.7300000000000004,2.192177651820869,0.2769887903295432,0.09331036104523438,3.2,1.9639610121239315,1.8,0.5345224838248488,0.0,4.972937532504737,4.992028234739171,16.51774640690808,0.8799561521915442,2.013333333333333,3.44,0.82,2.62,1.0822610077466936,2.584,2.14,2.62,1.66,2.14,0.4800000000000001,5
-427.17765743,168.1248937093548,8.7289892060389,-10.271371718571428,-3.346563131380951,1.2267000000000001,3.28430992,15,3.4285714285714284,5.0,3.5355339059327378,109.57142857142857,110.0,77.78174593052023,2.8857142857142857,1.94,1.3717871555019021,10444.285714285714,25298.866417292298,1701.857142857143,3988.647931317077,-6.198571428571428,2.9910616844190963,0.27900481771984836,0.12128073622180309,3.142857142857143,2.8284271247461903,2.2857142857142856,0.7071067811865476,0.2857142857142857,6.337331651113998,8.72898921823449,12.00892097923963,0.3576388223540068,2.4699999999999998,3.44,1.5,1.94,0.97,2.8857142857142857,1.94,1.94,1.94,1.94,0.0,14
-465.98380581,44.99605581221014,10.546314245519335,-6.38374669,-0.946948687499999,0.0,5.63289277,166,2.0,0.0,0.0,149.825,93.30000000000001,43.192441468386576,2.7675,1.53,0.8665967920549903,9411.0,11690.524094325283,1866.1,2283.0817103205045,-4.2875,0.8904998596294108,0.027113586080663943,0.34452059513281286,3.5,2.0976176963403033,2.5,0.6324555320336759,0.5,6.1104247925900355,10.546314260253977,11.249013953052534,0.4983002701891494,2.543333333333333,3.44,1.91,1.53,0.6517838769271777,2.7675,1.3450000000000002,1.53,1.1600000000000001,1.3450000000000002,0.18499999999999994,4
-583.31203926,161.0288658479818,6.514222153939238,-5.860100102142857,-2.030379208571428,1.5793,1.5750321,227,2.5714285714285716,5.0,2.220038609702865,88.82857142857142,141.0,80.56179970326241,2.724285714285714,1.75,1.0943687025599997,2624.0,3680.5469702205946,907.8285714285714,1379.8671271435626,-3.847142857142857,1.9485085871726904,0.37000000000000016,0.24849547279578313,3.0,1.5811388300841898,2.142857142857143,0.46291004988627577,0.0,5.457326676970365,6.514222163040496,11.502061846284414,0.46728504013850164,2.313333333333333,3.44,1.69,1.75,0.7981784818503246,2.724285714285714,1.69,1.75,1.63,1.67,0.06000000000000005,14
-543.08486539,117.6380503297355,5.951288980976059,-6.55820158,-1.188434382919541,0.0,2.03260041,148,2.4,4.0,1.8126539343499313,109.72,141.0,73.7417501439023,2.7600000000000002,1.89,1.1244363667443094,5033.2,7915.002499773994,1007.92,1502.5781995338164,-4.53,2.750376597590124,0.10928251774656911,0.20123216911340888,3.0,1.6903085094570331,2.4,0.6546536707079771,0.4,5.887465511209508,5.951288989290822,11.76380503297355,0.5332570705740802,2.3066666666666666,3.44,1.55,1.89,0.8162652074472418,2.7600000000000002,1.7,1.89,1.51,1.7,0.18999999999999995,10
-272.11496608,341.11013077776954,7.522216207949441,-6.328183767222226,-2.288425597777783,2.012899999999999,2.97320869,14,1.7777777777777777,3.0,1.3385315336840844,101.69999999999999,127.05,66.1575888504108,2.557777777777778,2.55,1.3715608505154508,4323.333333333333,6087.5721761634995,934.5555555555555,1233.4531878700004,-4.1033333333333335,1.5839862688798791,0.17448898334602272,0.38135738020247445,3.7777777777777777,2.581988897471611,1.7777777777777777,0.5400617248673216,0.0,5.236739736589251,7.522216218459005,18.950562820987198,0.7158860876009174,2.1166666666666667,3.44,0.89,2.55,1.0432747587391455,2.557777777777778,1.9849999999999999,2.55,1.42,1.985,0.565,18
-715.23698555,548.3064632846365,3.9582823443031723,-8.155072033863636,-2.174808889621211,0.0,2.03039165,2,3.3181818181818183,6.0,3.3430039897786057,115.64545454545454,90.4,59.00075583574492,2.877727272727273,1.81,1.218458818299532,6883.181818181818,14782.702153969449,1175.8181818181818,2374.3858562993914,-5.062727272727273,1.54105614889726,0.028234312896596826,0.4468973676192487,2.6818181818181817,1.5022505639062869,2.3181818181818183,0.6877303054053769,0.3181818181818182,6.032638663549326,3.9582823498334325,12.461510529196284,0.3376394018352787,2.3333333333333335,3.44,1.63,1.81,0.7920577981154883,2.877727272727273,1.6600000000000001,1.81,1.51,1.7671428571428573,0.15000000000000002,44
-370.18990458,591.8883239012027,3.56594146398521,-4.363850279782609,-1.6252489201649172,1.4874,0.93173527,5,1.2173913043478262,2.0,0.9084608988939904,78.1304347826087,141.0,67.82687920115943,2.037391304347826,2.51,1.4552487056103924,2495.5652173913045,3124.2065903645216,743.1217391304348,660.8971017005179,-2.7082608695652177,2.3093774261444455,0.2369423379249624,0.11767763995222832,2.782608695652174,0.9084608988939904,1.7391304347826086,0.9281410362291553,0.0,4.544230560181623,3.565941468967317,12.867137476113102,0.9922724265487265,2.0066666666666664,3.44,0.93,2.51,1.0552830057488,2.037391304347826,2.15,2.51,1.79,2.3042857142857143,0.3599999999999999,46
-135.40629451,522.866502956441,2.6421329570436303,-4.301997625416667,-1.123636315708332,1.6320000000000001,1.21981297,92,1.5,1.0,0.6396021490668313,89.86666666666667,92.6,54.46660361258915,1.875,2.62,1.4989769238323243,4105.666666666667,7587.422762823894,1077.0666666666666,1321.3117917089405,-2.811666666666667,2.2876595821136423,0.22770632831315804,0.08767115002407039,3.3333333333333335,1.2060453783110545,1.6666666666666667,0.9534625892455924,0.16666666666666666,3.9059047475121074,2.6421329607350503,21.786104289851707,1.1163252229406793,2.0566666666666666,3.44,0.82,2.62,1.0746265501197252,1.875,2.075,2.62,1.53,2.3475,0.545,24
-247.94922249,209.7742886267484,3.948785796431041,-5.783118308124999,-2.216683605344827,2.8582,0.09320264,33,2.5,4.0,1.8973665961010275,90.925,112.1,64.23590117683413,2.4050000000000002,2.51,1.3670552293159188,2158.5,2790.711665507564,953.35,1241.3915079458213,-3.56,1.9798585808082356,0.3214918443068534,0.2494130281123728,2.75,1.0488088481701516,1.75,0.5477225575051662,0.0,4.749911756205586,3.948785801948034,13.110893039171774,0.6757997684980069,2.06,3.44,0.93,2.51,1.0398397312406689,2.4050000000000002,2.07,2.51,1.63,2.07,0.43999999999999995,16
-251.30101371,142.5558703895465,7.397130742989147,-5.5072711933333345,-0.715929697777777,0.0,3.58058303,12,1.0833333333333333,2.0,1.2639465873247002,97.84166666666665,87.3,57.22958790439886,2.7183333333333337,2.46,1.046944450735964,7319.333333333333,10552.128570381128,1528.0166666666667,1987.6755159193779,-3.8333333333333335,1.570530437036652,0.016668207680565966,0.329455898240458,3.25,1.9599651564847131,2.3333333333333335,0.8263938705413374,0.4166666666666667,5.604410329962946,7.39713075332395,11.879655865795542,0.5308018817209517,2.2066666666666666,3.44,0.98,2.46,1.004301858119471,2.7183333333333337,1.8499999999999999,2.46,1.2399999999999998,1.4433333333333331,0.6100000000000001,12
-421.28521935,53.46450234862669,13.11196089417104,-6.093854715,-0.584307552499999,0.0,5.57966471,131,2.0,0.0,0.0,173.15,64.30000000000001,45.46696603029501,2.86,1.1600000000000001,0.8202438661763952,10111.0,13985.157918307537,2094.1,2833.942557639445,-4.255,1.0394469683442251,-0.10137985410427097,0.46864188397147816,4.0,2.8284271247461903,2.5,0.7071067811865476,0.5,6.482075786695408,13.11196091249024,13.366125587156672,0.41937258898373136,2.86,3.44,2.28,1.1600000000000001,0.5800000000000001,2.86,1.1600000000000001,1.1600000000000001,1.1600000000000001,1.1600000000000001,0.0,4
-399.24449297,69.67818890775195,5.975383989729056,-5.448701428,-1.844181115,0.0,1.53513963,221,1.2,2.0,1.3093073414159544,87.39,141.0,87.93776614336821,2.572,2.55,1.4564487142164866,3203.2,4886.859230922981,718.72,1106.226683047247,-3.6340000000000003,2.2367323104411554,0.3311001507425968,0.1713648031438878,3.2,2.138089935299395,2.0,0.8451542547285166,0.0,5.5765998067881055,5.975383998077482,13.935637781550389,0.7843214564122636,1.9933333333333334,3.44,0.89,2.55,1.0689662711652268,2.572,2.17,2.55,1.79,2.17,0.3799999999999999,5
-236.01086179,124.78994597911384,3.544144661342299,-5.530131535714285,-2.160186725952381,3.5223999999999993,1.5910951500000001,1,1.5714285714285714,2.0,0.8312094145936335,97.60000000000001,81.4,52.23809825300792,2.1107142857142858,2.46,1.5776106790160411,3002.285714285714,6433.372388639499,979.0142857142857,1030.7277169774054,-3.3628571428571425,2.0265609023439417,0.1902185398248625,0.13278167287607226,2.2142857142857144,1.0313274764284928,1.5,0.6674238124719146,0.0,4.6125965319695625,3.544144666293954,8.913567569936703,0.8621614150545889,2.1566666666666667,3.44,0.98,2.46,1.0071191036262241,2.1107142857142858,1.765,2.46,1.0699999999999998,2.261428571428571,0.6950000000000001,14
-353.61144683,182.1025603934285,4.137675075052963,-8.529065859285714,-2.147728544285714,0.0,1.97087097,85,3.2857142857142856,5.0,3.060005941764879,118.21428571428571,90.4,54.43450610178671,2.998571428571428,1.81,1.0628734637763801,8558.57142857143,20364.180719185253,1291.857142857143,2877.814198942726,-5.4711428571428575,1.2666560127143653,0.06620391593193085,0.3961146355761382,2.7142857142857144,1.7320508075688772,2.2857142857142856,0.674199862463242,0.2857142857142857,6.187403426758077,4.13767508083386,13.00732574238775,0.3031252125144036,2.41,3.44,1.63,1.81,0.7597806701059633,2.998571428571428,1.545,1.81,1.2799999999999998,1.545,0.2650000000000001,14
-181.51207137,513.3019755752496,2.507092161286535,-4.718865032272728,-1.7107601362272722,0.0,2.71475087,186,2.090909090909091,8.0,2.9803276566808004,80.36363636363636,111.4,61.54323205491166,1.8090909090909089,2.62,1.6512882671346245,2388.0,4022.0496530705223,923.8,1275.6836778301872,-2.901818181818182,2.667987785491045,0.2943115017394731,0.15985040479919835,3.3636363636363638,1.4245742398014511,1.5454545454545454,0.8744746321952063,0.0,3.7601635638055866,2.5070921647892854,23.331907980693156,1.1519985578987864,1.8266666666666669,3.44,0.82,2.62,1.152427389855382,1.8090909090909089,2.42,2.62,2.2199999999999998,2.562857142857143,0.20000000000000018,22
-650.37583769,139.0014769155928,4.003674840837911,-8.333091932499999,-2.7189777024999993,0.0,1.73450369,115,3.4166666666666665,7.0,3.8153823998575636,105.76666666666667,133.4,81.7670419108894,2.8366666666666664,1.9,1.230572456797474,5914.666666666667,11720.128404952371,1216.8,2288.8048574372983,-4.888333333333334,1.285974894222834,0.1714222139393213,0.11882699636531792,2.6666666666666665,1.3522468075656264,2.3333333333333335,0.6761234037828133,0.3333333333333333,5.939189404076427,4.003674846431591,11.583456409632733,0.3742862759031416,2.2933333333333334,3.44,1.54,1.9,0.8240280469876144,2.8366666666666664,1.72,1.9,1.54,1.8099999999999998,0.17999999999999994,12
-509.39627932,105.73376293730534,5.887587999533202,-6.449011680999999,-2.268996668999999,2.007799999999999,2.06965603,12,3.2,3.0,2.121320343559643,96.16,112.1,79.26667017101198,2.7880000000000003,1.63,1.1525840533340723,2369.2,3795.7492014093873,1044.92,1687.7224653360518,-4.206,1.3859292911256333,0.40200000000000014,0.3040559159102149,2.8,1.4142135623730951,2.0,0.0,0.0,5.317509695184603,5.887588007758966,10.573376293730535,0.3994916973692873,2.625,3.44,1.81,1.63,0.815,2.7880000000000003,1.63,1.63,1.63,1.63,0.0,10
-312.49221733,149.23847112129258,3.9826040830217133,-4.4885759125,-1.021018559729165,0.9659000000000001,-0.56361765,63,1.5,1.0,0.6324555320336759,114.0,92.6,48.56303120687587,2.4074999999999998,2.62,1.3971793013067437,3518.5,5786.124748050287,911.85,1214.0246109531718,-2.9425,2.595185927828679,0.15449959675832367,0.19963980203949647,3.25,1.6431676725154984,2.0,0.8944271909999159,0.25,4.9718670571956824,3.9826040885859544,18.654808890161572,0.8519127765142133,2.063333333333333,3.44,0.82,2.62,1.0737576800915352,2.4074999999999998,2.065,2.62,1.51,2.065,0.555,8
-264.43844617,249.18038293763783,2.189288940893069,-4.488910334375,-1.758755816314655,1.658999999999999,0.43717712000000003,9,1.25,2.0,0.8583950752789521,79.275,141.0,65.72375201513809,1.9187500000000002,2.51,1.537166737523086,2470.75,3372.98891348998,782.2,700.8005046861917,-2.67875,2.326863147085182,0.2379836886137067,0.15780787309123423,2.625,0.6282808624375432,1.375,0.6282808624375432,0.0,4.2531236894508675,2.189288943951805,15.573773933602364,0.9195555407729296,1.8933333333333333,3.44,0.93,2.51,1.1046065161656233,1.9187500000000002,2.32,2.51,2.13,2.4339999999999997,0.18999999999999995,16
-315.01415471,453.463543407749,5.309108237537013,-7.168219441071426,-1.8522391850615731,0.0,5.72285837,135,2.7142857142857144,3.0,1.3627702877384937,110.05714285714285,141.0,63.31756695984366,2.7728571428571427,1.89,1.039319832527848,7641.142857142857,11639.455387357508,916.4,1276.7906484619944,-5.024285714285715,1.164685733209975,0.08013857495539753,0.23590954744161502,3.142857142857143,1.7928429140015905,2.142857142857143,0.46291004988627577,0.14285714285714285,6.010604238582372,5.309108244954563,16.19512655027675,0.35860220056057046,2.3466666666666662,3.44,1.55,1.89,0.7995971207774297,2.7728571428571427,1.1949999999999998,1.89,0.4999999999999998,1.4266666666666665,0.6950000000000001,28
-354.80950276,72.82143907393863,6.8731915563027774,-6.742646626666667,-2.107482005,0.6519,5.59411961,136,2.6666666666666665,2.0,1.4142135623730951,129.76666666666668,33.7,23.82949852598665,2.9466666666666668,1.48,1.0465180361560904,2481.3333333333335,4792.769762882419,1018.4666666666667,1969.1509642482974,-4.65,0.7212489168102785,0.2135020216251514,0.034997497154174335,3.0,2.1213203435596424,2.0,0.0,0.0,6.217757544908528,6.873191565905563,12.136906512323106,0.4004207577312871,2.7,3.44,1.96,1.48,0.74,2.9466666666666668,1.48,1.48,1.48,1.48,0.0,6
-59.02469606,133.5742810249583,10.77019190675644,-3.26387400375,-0.635057482500004,1.1867,0.46310693,62,1.0,2.0,1.4142135623730951,70.5,141.0,99.7020561473032,2.72,1.44,1.0182337649086284,1256.0,1462.2968234937803,360.03999999999996,381.61138767075596,-2.64,3.3234018715767735,0.1981921691127768,0.0449830658303815,4.0,2.8284271247461903,2.5,0.7071067811865476,0.0,6.273148659530589,10.770191921803868,16.69678512811979,0.4504443672828707,2.7199999999999998,3.44,2.0,1.44,0.72,2.72,1.44,1.44,1.44,1.44,0.0,8
-309.53140734,289.0372280681903,6.826443674238326,-6.412126172499998,-2.264222731499998,0.665299999999999,4.01088681,14,1.8,3.0,1.3093073414159542,103.31400000000001,138.63,72.20294790182936,2.668,2.44,1.3349799356437642,4021.2,6297.369201273089,772.92,1117.8741764106164,-4.192,1.5861543790834847,0.13093993426882394,0.3064159007740049,3.2,2.138089935299395,1.8,0.5345224838248488,0.0,5.580946415913826,6.8264436837758,14.451861403409515,0.6130787442421691,2.1533333333333333,3.44,1.0,2.44,1.0005776109605669,2.668,1.93,2.44,1.42,1.93,0.51,20
-635.26198524,919.5109817926723,4.923163770773194,-6.579782747857143,-2.61306689,3.022,3.33310095,173,2.5714285714285716,5.0,2.220038609702865,90.82142857142857,127.05,76.89164337838392,2.61,2.55,1.3223085872821063,2866.8571428571427,4158.162059646751,1065.4,1495.8702350137194,-3.992857142857143,1.587981647968803,0.39650010767328336,0.2593620584880792,3.142857142857143,1.927248223318863,1.8571428571428572,0.46291004988627577,0.0,5.06791379998879,4.923163777651527,16.419838960583434,0.5538111279468177,2.046666666666667,3.44,0.89,2.55,1.0543981959182003,2.61,2.09,2.55,1.63,1.9366666666666665,0.45999999999999996,56
-354.68709054,152.3074941332601,5.023274422650056,-6.85505898,-2.820343855714285,2.676,3.7441158,227,2.5714285714285716,5.0,2.220038609702865,92.71428571428571,141.0,75.77091884659406,2.6671428571428573,1.8299999999999998,1.1810104632414204,4084.0,6166.720035805096,997.8285714285714,1560.0512134450678,-4.05,1.84297314142122,0.38714285714285745,0.28361190787009316,2.7142857142857144,1.3627702877384937,2.142857142857143,0.46291004988627577,0.0,5.488660478668381,5.023274429668256,10.879106723804293,0.4672141420316548,2.2466666666666666,3.44,1.61,1.8299999999999998,0.8444459064314829,2.6671428571428573,1.79,1.8299999999999998,1.75,1.8033333333333335,0.039999999999999925,14
-501.26740582,296.62774206976053,5.199757667522206,-8.08665258076923,-2.288069626923077,0.0021000000000000003,4.94684936,186,2.6153846153846154,6.0,2.6865202966565924,103.36153846153846,141.0,70.99518507862224,2.8169230769230773,2.13,1.1240793334218393,9782.76923076923,19875.51764707351,1398.7384615384615,2677.3747061984623,-5.010307692307692,2.404241089697808,0.17201538461538501,0.3380323305864973,2.8461538461538463,1.6681153124565982,2.076923076923077,0.8340576562282991,0.23076923076923078,5.8398892679092445,5.199757674786977,11.408759310375405,0.49774653210297687,2.3033333333333332,3.44,1.31,2.13,0.8754554370281916,2.8169230769230773,1.7049999999999998,2.13,1.2799999999999998,1.6199999999999999,0.42500000000000004,26
-281.57802555,131.36128292763178,8.607439519434182,-3.77048224875,-0.508349317291668,0.0,1.28044933,2,1.25,2.0,1.0488088481701516,101.9,141.0,74.84095135686077,2.7024999999999997,1.51,0.9333970216365595,3508.5,5789.4517529728155,811.32,1218.0780475486781,-2.745,2.8459304278214534,0.12734368820239944,0.18144898058243245,3.75,2.2583179581272432,2.5,0.6324555320336759,0.25,6.024374311562164,8.607439531459951,16.420160365953972,0.504014702820224,2.4566666666666666,3.44,1.93,1.51,0.6959086785555191,2.7024999999999997,1.475,1.51,1.44,1.475,0.03500000000000003,8
-243.43885329,175.86560263715103,12.260547925324396,-6.256103304285712,-0.8267827357142831,0.0,3.98054978,223,2.0,0.0,0.0,168.55714285714288,64.30000000000001,45.46696603029501,2.942857142857143,1.1600000000000001,0.8202438661763953,8698.285714285714,13985.157918307537,1807.8285714285714,2833.942557639445,-4.36,1.0394469683442251,-0.054039874946517914,0.46864188397147816,3.7142857142857144,2.8284271247461903,2.4285714285714284,0.7071067811865476,0.42857142857142855,6.623582128415574,12.260547942454055,12.561828759796501,0.3927669574873825,2.86,3.44,2.28,1.1600000000000001,0.5800000000000001,2.942857142857143,1.1600000000000001,1.1600000000000001,1.1600000000000001,1.1600000000000001,0.0,14
-702.13423423,97.87661227405519,3.809338567841949,-6.0955405075,-2.798580238125,0.0,5.46127876,123,1.0,2.0,1.2977713690461004,71.12875,141.0,90.69893318875889,2.33,2.49,1.4476114628478254,4373.5,5394.873160793739,763.1,880.9448611695584,-3.2825,2.216642791059916,0.38531801008225863,0.2021160080993673,2.75,1.2565617248750864,1.5,0.6488856845230502,0.0,5.18077618933,3.809338573164115,12.234576534256899,0.8126654095461909,1.8999999999999997,3.44,0.95,2.49,1.0988175462741756,2.33,2.31,2.49,2.13,2.2199999999999998,0.18000000000000016,8
-289.50183248,492.6133731728575,8.051104990329549,-6.240245064999998,-1.779286491428569,2.0548,4.07626557,135,2.857142857142857,2.0,1.3093073414159544,105.92857142857143,105.9,61.145879431312224,2.9114285714285715,1.48,0.8214142855900599,2489.714285714286,3581.6265658416783,1039.9714285714285,1492.0081395794825,-4.480828857142858,0.784551617577336,0.12249543783935067,0.2053535050459589,3.5714285714285716,2.434865792722759,2.0,0.0,0.0,5.746136004345656,8.05110500157804,17.593334756173483,0.5298046523047653,2.5766666666666667,3.44,1.96,1.48,0.6288790733431101,2.9114285714285715,1.295,1.48,1.1099999999999999,1.2333333333333332,0.18500000000000005,28
-317.72968287,146.0560950984401,4.256387156615788,-5.527121085,-2.05098305875,2.4653,0.25078331,227,2.5,4.0,1.8973665961010275,89.45,112.1,65.70117198345856,2.3775,2.62,1.4150159009707277,2056.0,2773.7500968904897,904.6,1233.226246882542,-3.4925,2.1083144926694404,0.3512359879119288,0.22726740088516065,3.25,1.6431676725154984,1.75,0.5477225575051662,0.0,4.5201264972462365,4.256387162562542,18.257011887305012,0.8951892775616704,2.0233333333333334,3.44,0.82,2.62,1.0801954555645115,2.3775,2.125,2.62,1.63,2.125,0.4950000000000001,8
-555.88215045,417.5159332087498,8.31490821708876,-5.834553061071429,-1.4523009257142871,1.117999999999999,3.58789971,13,2.142857142857143,3.0,1.0497813183356477,116.7,141.0,55.46466056353876,2.906428571428571,1.79,1.0200785283896687,3782.0,6860.4114828693555,667.1285714285714,1116.9507553137328,-4.458571428571429,1.380691929462048,0.08562847752689128,0.3744767604852085,3.2857142857142856,2.5314350209527645,2.0714285714285716,0.3642156795423418,0.0,6.131561918990259,8.314908228705823,14.911283328883922,0.4171248790636643,2.3699999999999997,3.44,1.65,1.79,0.7715352659902636,2.906428571428571,1.605,1.79,1.42,1.4939999999999998,0.18500000000000005,28
-410.49983432,48.44761250350568,5.8961021910090725,-7.897829032,-1.6748588009999992,0.0,8.80428943,221,3.2,4.0,2.138089935299395,125.7,69.1,36.15008397540137,2.8760000000000003,1.54,0.9295774769831107,17373.2,28704.45125262432,1671.1200000000001,2689.7205675364444,-5.5536,1.2391268815466108,0.17652503754547322,0.29304624002909285,2.8,1.558387444947959,2.2,0.5345224838248488,0.2,6.035690150118954,5.896102199246737,9.689522500701127,0.43468945661285835,2.5,3.44,1.9,1.54,0.6731022705849882,2.8760000000000003,0.77,1.2799999999999998,0.26000000000000023,1.025,0.5099999999999998,5
-365.16529083,97.84417929423466,4.169728033310165,-8.595938124,-3.298947951666666,0.0,7.92215858,148,3.8,6.0,3.2071349029490923,94.61999999999999,133.4,77.32650626679427,2.694,1.9,1.2212873769686055,6013.2,10062.926668860164,1324.52,2046.0332674295819,-4.856,0.8038123448382003,0.29264314797131746,0.2998403472181206,2.6,1.0690449676496976,2.2,0.5345224838248488,0.2,5.438234509355452,4.169728039135847,9.784417929423462,0.45765844028451336,2.1966666666666668,3.44,1.54,1.9,0.8796337621735283,2.694,1.8649999999999998,1.9,1.8299999999999998,1.865,0.03500000000000003,10
-513.61626067,73.81009484134074,3.5494455011838273,-4.88328735,-1.3923099295,0.0,0.22039098000000001,221,1.4,2.0,1.0690449676496976,93.97999999999999,141.0,79.46564396913028,2.4899999999999998,2.62,1.5685297938788776,2311.2,4388.529073456325,518.92,721.929034897871,-3.4939999999999998,2.4606416120307206,0.3049887903295431,0.16615638550906695,2.8,1.558387444947959,1.6,0.6546536707079771,0.0,5.205132044064291,3.5494455061428876,14.762018968268148,0.9648151628293488,1.8566666666666667,3.44,0.82,2.62,1.1373165297703576,2.4899999999999998,2.375,2.62,2.13,2.375,0.2450000000000001,5
-438.31985466,258.5959349276951,6.106813816529397,-7.715396126249992,-2.119747337916659,0.8623000000000001,5.25029396,65,2.8333333333333335,4.0,2.068278940998476,121.91666666666667,76.7,41.33879668194408,2.9116666666666666,1.78,1.068594611835772,6848.0,13256.023938823688,860.8000000000001,1603.477504259622,-5.2283333333333335,1.379140231367999,0.13689320833851193,0.20925294192131413,2.8333333333333335,1.7159383568311666,2.1666666666666665,0.5270462766947298,0.16666666666666666,6.2277843469713705,6.10681382506145,10.774830621987297,0.43130153000637894,2.3833333333333333,3.44,1.66,1.78,0.7639517145881815,2.9116666666666666,1.085,1.78,0.3899999999999999,1.502,0.6950000000000001,24
-751.39102265,160.82633768443435,5.790301382345762,-7.864115909285714,-2.141551745,1.8327,2.73344769,227,2.857142857142857,6.0,2.7774602993176543,98.94285714285715,141.0,69.39949052921271,2.6814285714285715,1.78,1.1588017209908814,6884.0,11711.75631577092,1041.257142857143,1647.6423380957756,-5.064285714285715,2.6070947157981923,0.20073866421759443,0.12365625041138063,3.0,1.5811388300841898,2.4285714285714284,0.6546536707079772,0.2857142857142857,5.72186217874312,5.790301390435603,11.487595548888168,0.5248608792854081,2.263333333333333,3.44,1.66,1.78,0.8321191154048934,2.6814285714285715,1.7650000000000001,1.78,1.75,1.7700000000000002,0.015000000000000013,14
-570.21611376,117.32879453913253,7.319037352570924,-8.334500854285716,-3.536360435714286,3.437,2.01336718,139,2.2857142857142856,8.0,3.295017884191656,84.55714285714285,141.0,86.4057754766097,2.4057142857142857,2.55,1.5887393924564395,6055.428571428572,11421.138622246533,1360.3999999999999,2238.1912920927916,-4.562857142857142,2.60993021253169,0.38761510660915993,0.25255060472927776,3.7142857142857144,2.618614682831909,1.8571428571428572,0.8451542547285167,0.0,5.00914687655053,7.319037362796618,16.761256362733217,0.8734188565245438,1.8766666666666667,3.44,0.89,2.55,1.118043926785626,2.4057142857142857,2.3449999999999998,2.55,2.1399999999999997,2.413333333333333,0.20500000000000007,7
-439.2186906,276.79393369641576,4.357290939156237,-4.809599299999999,-1.601668832835247,1.2998,0.8149345100000001,2,1.7777777777777777,3.0,1.1902380714238083,90.03333333333333,105.9,59.61337937074194,2.2011111111111115,2.51,1.538194287684968,1784.2222222222222,2000.2653990575016,778.5333333333333,867.2526448503919,-3.1775445555555555,2.3158563436232757,0.16248338987885041,0.1362028914184304,2.888888888888889,1.5545631755148026,1.5555555555555556,0.6454972243679028,0.0,4.5412940254369545,4.357290945243967,15.377440760911988,0.908721050559174,2.2333333333333334,3.44,0.93,2.51,1.026980471522652,2.2011111111111115,1.8099999999999998,2.51,1.1099999999999999,2.2299999999999995,0.7,18
-680.08503241,88.2693972494368,5.564450391300988,-7.857723646249999,-2.522986689094827,1.378099999999999,5.56852673,194,3.0,6.0,2.9664793948382653,105.225,88.2,47.6396788402273,2.3525,2.51,1.4078458722459641,7461.0,14176.494404471086,1588.35,2563.7062382418153,-4.5625,2.6539837979912386,0.2448039349145883,0.08582239722874936,3.0,1.5491933384829668,2.0,0.8944271909999159,0.25,4.986625373340456,5.564450399075284,11.0336746561796,0.8838540557972997,1.9900000000000002,3.44,0.93,2.51,1.0611628841354501,2.3525,2.175,2.51,1.8399999999999999,2.175,0.33499999999999996,8
-259.20028203,330.3808520600774,6.181576208020254,-6.108364885384615,-1.944373283461538,1.262299999999999,3.71867152,186,2.1538461538461537,4.0,1.6681153124565982,111.53076923076924,141.0,67.11705381677207,2.8230769230769233,1.79,1.065321955826133,2882.769230769231,4563.870354063057,900.5076923076923,1554.668424036345,-4.182307692307693,1.775815795382628,0.24934755343279716,0.10795907702550475,3.0,1.763149356173184,2.1538461538461537,0.48900964692182575,0.0,6.134512764614641,6.181576216656759,12.706955848464515,0.40050971523158063,2.35,3.44,1.65,1.79,0.7810676453846149,2.8230769230769233,1.635,1.79,1.48,1.6039999999999999,0.15500000000000003,26
-328.37380009,131.64008058050916,6.865742059611087,-8.2924053525,-2.562331308333333,3.6767000000000003,2.17770549,13,2.3333333333333335,6.0,2.5385910352879693,107.10000000000001,141.0,75.0099993334222,2.905,2.13,1.1526708116370432,7431.333333333333,17977.197087174383,1258.6333333333334,2963.7223190515747,-5.205983333333333,3.373730576495073,0.19676500000000055,0.34907466094900985,2.8333333333333335,2.068278940998476,2.0,0.816496580927726,0.16666666666666666,6.1543936869586044,6.865742069203465,10.97000671504243,0.4263485141370502,2.3699999999999997,3.44,1.31,2.13,0.8695976080923866,2.905,1.605,2.13,1.08,1.605,0.5249999999999999,12
-685.23410467,208.8354535331768,7.053817235041251,-9.49622717111111,-2.721982793333333,0.0,5.13439532,10,3.6666666666666665,6.0,3.4318767136623336,108.36666666666667,133.4,71.4136152595879,2.9433333333333334,1.9,1.0482260146446365,9098.0,18958.24809065085,1624.8,3205.8216793826814,-5.87765,2.4584840637406353,0.11396762330943148,0.27096023576143713,3.0,2.1602468994692865,2.3333333333333335,0.6666666666666667,0.3333333333333333,6.051009128376258,7.053817244896397,11.601969640732044,0.36515566675462596,2.4466666666666668,3.44,1.54,1.9,0.7780888266915431,2.9433333333333334,1.49,1.9,1.08,1.49,0.4099999999999999,18
-692.99559385,833.3627512821313,4.971519910153703,-6.882938475714285,-2.911548753571428,3.6821,1.23328835,33,1.7142857142857142,4.0,1.6903085094570331,99.00857142857141,135.97,79.24127915063318,2.524285714285714,2.49,1.4641867562380344,6955.428571428572,14149.127444071291,966.2571428571429,1461.3070431246522,-3.9442857142857144,1.92012834392466,0.299664124926477,0.18144387979640184,3.142857142857143,1.7928429140015905,1.7142857142857142,0.5976143046671968,0.0,5.327891393349243,4.971519917099595,14.88147770146663,0.7566547821915477,2.1333333333333333,3.44,0.95,2.49,1.020272294809359,2.524285714285714,1.775,2.49,1.0599999999999998,2.204,0.7150000000000002,56
-705.59707666,147.4242919480222,4.4064841739362635,-6.40211763125,-2.594193788125,3.2945,5.06981207,221,1.25,2.0,1.2565617248750864,84.5,141.0,85.77326291787521,2.45,2.13,1.3067275317009521,5523.5,7664.47331249152,954.475,1335.2127332967937,-3.52875,2.0734455179216726,0.3314017565663999,0.2280714238479636,2.625,0.9032106474595007,1.75,0.8583950752789521,0.125,5.4641681483785725,4.406484180092723,9.214018246751387,0.7642785258261473,2.22,3.44,1.31,2.13,0.8967719888578144,2.45,1.83,2.13,1.53,1.98,0.29999999999999993,16
-500.1019498,775.501167767512,8.213101218891854,-6.476503855624995,-2.075194557812495,1.5148000000000001,3.33759946,1,1.5,2.0,1.131370849898476,121.29375,191.35000000000002,86.87578834174685,2.585,2.55,1.3990625432767472,5874.875,9820.886888667439,1354.8625,2051.4292658534437,-3.9493750000000003,1.6847771365970041,0.18210774313914424,0.4200794137335082,3.75,2.592296279363144,1.9375,0.8602325267042626,0.1875,5.500210258123203,8.213101230366679,16.156274328489832,0.7952795129485185,2.203333333333333,3.44,0.89,2.55,1.0424437101776232,2.585,1.855,2.55,1.1600000000000001,1.9542857142857142,0.6949999999999998,48
-100.54217695,414.73050840842,3.766551868262084,-2.9677163933333333,-0.752867234583333,0.0,0.74283192,221,1.4166666666666667,2.0,0.9180725150319787,74.11666666666666,94.1,58.02160681283186,1.575,2.62,1.6138454519739935,2423.8333333333335,3858.0610007767223,816.3000000000001,691.7055740290497,-2.2258333333333336,2.5891429911403945,0.2203542737104863,0.23834884775729206,4.333333333333333,1.9712215212183244,1.3333333333333333,0.6761234037828132,0.0,3.278278266291461,3.7665518735244716,34.560875700701665,1.096529859614763,2.0933333333333333,3.44,0.82,2.62,1.0708667309966986,1.575,2.02,2.62,1.42,2.486666666666667,0.6000000000000001,12
-251.32946371,247.38275372750388,9.099346704813074,-8.087934108999999,-2.935717661999999,0.0,4.11533887,62,2.8,8.0,3.625307868699863,84.6,141.0,92.30616756982478,2.662,2.1399999999999997,1.2839225610826936,6493.2,13083.244748259398,1237.3200000000002,2480.3931289788948,-4.8,3.062608598657593,0.3524608477676307,0.2547969551554576,3.4,2.32992949004287,2.4,0.6546536707079771,0.0,5.802667436089177,9.099346717526103,12.369137686375193,0.5483227555588356,2.143333333333333,3.44,1.3,2.1399999999999997,0.9306031496949826,2.662,1.9449999999999998,2.1399999999999997,1.75,1.9449999999999996,0.19499999999999984,20
-662.64487574,258.5959349276951,6.106813816529397,-7.715396126249992,-2.119747337916659,0.8623000000000001,5.25029396,65,2.8333333333333335,4.0,2.068278940998476,121.91666666666667,76.7,41.33879668194408,2.9116666666666666,1.78,1.068594611835772,6848.0,13256.023938823688,860.8000000000001,1603.477504259622,-5.2283333333333335,1.379140231367999,0.13689320833851193,0.20925294192131413,2.8333333333333335,1.7159383568311666,2.1666666666666665,0.5270462766947298,0.16666666666666666,6.2277843469713705,6.10681382506145,10.774830621987297,0.43130153000637894,2.3833333333333333,3.44,1.66,1.78,0.7639517145881815,2.9116666666666666,1.085,1.78,0.3899999999999999,1.502,0.6950000000000001,24
-267.35946572,58.97952619838674,4.56151324709191,-5.802595223333333,-2.5751674474999993,0.0,6.30077611,164,1.0,2.0,1.2792042981336627,70.5,141.0,90.18390301842321,2.4316666666666666,2.13,1.297986202476044,4236.0,5166.892225770465,696.1,778.9879553275869,-3.22,2.267116711115284,0.3700000000000003,0.1862549572250602,2.6666666666666665,0.9534625892455922,1.8333333333333333,0.8790490729915326,0.0,5.556430144643447,4.561513253464966,9.829921033064457,0.700152532528153,2.1333333333333333,3.44,1.31,2.13,0.9343209060893134,2.4316666666666666,1.96,2.13,1.79,2.0166666666666666,0.16999999999999993,6
-522.19194288,347.3929210621433,5.668891465250135,-9.769199704333335,-3.695166541833335,0.0,3.07382124,1,4.033333333333333,7.0,4.227105517092231,106.93333333333334,122.9,70.93448355304913,2.7376666666666667,2.11,1.4574623190612006,6981.333333333333,14084.031542765291,1568.1666666666667,3093.136153736243,-5.477333333333333,1.078974349061651,0.38724690483019797,0.3317553448491205,2.966666666666667,2.0220080975138264,2.3333333333333335,0.6917144638660746,0.0,5.846029604487046,5.66889147317035,11.579764035404775,0.5055936026016588,2.0433333333333334,3.44,1.33,2.11,0.9876684103933308,2.7376666666666667,2.0949999999999998,2.11,2.08,2.1069999999999998,0.014999999999999902,30
-330.73143398,74.65340065311048,2.937283325962221,-6.798047294,-2.33650292545,0.0,0.21680324,221,3.2,8.0,3.909694909544003,97.9,122.9,71.69160142084786,2.5,2.62,1.555267547033996,3799.2,8224.682989982914,881.1200000000001,1562.5275823851193,-4.234,2.1084286633821474,0.2909531504713999,0.13485890648675458,2.8,1.3093073414159542,2.0,0.8451542547285166,0.0,5.115358090824398,2.937283330066007,14.930680130622097,0.8636426240200458,1.8733333333333333,3.44,0.82,2.62,1.1295230065041713,2.5,2.35,2.62,2.08,2.35,0.27,5
-485.56156686,474.1302304899515,4.093721156808591,-7.4998960072222225,-2.164592917222222,1.6688,0.948287999999999,15,3.0,5.0,2.32379000772445,126.06666666666666,90.4,40.06185217884965,2.921111111111111,1.81,1.0545638909046715,9748.0,19485.018290984488,1156.3555555555556,2157.607565800602,-4.943333333333333,0.657403985384938,0.13701653754021356,0.299724991114169,2.6666666666666665,1.3416407864998738,2.111111111111111,0.4472135954999579,0.1111111111111111,6.21945782010396,4.0937211625280785,13.17028418027643,0.2707874459705568,2.36,3.44,1.63,1.81,0.7792731656272187,2.921111111111111,1.095,1.81,0.3799999999999999,1.4525,0.7150000000000001,36
-372.64122009,66.25367573946053,7.072388646410466,-5.359969388,-0.950692176449999,0.0,2.02338111,221,1.8,1.0,0.5345224838248488,135.34,156.9,66.94633245048924,2.684,2.62,1.38258556955541,4599.2,10347.766301408794,1080.1200000000001,2074.4827279520623,-3.914,2.040668657922832,0.10644965284814178,0.3610266645286651,3.2,2.138089935299395,2.0,0.8451542547285166,0.2,5.655084411163734,7.072388656291558,13.250735147892106,0.869726369295591,2.1799999999999997,3.44,0.82,2.62,1.0719452722348595,2.684,1.8900000000000001,2.62,1.1600000000000001,1.89,0.73,5
-519.68561062,513.7503278083724,6.432648662768679,-7.73781684325,-2.180191696583333,1.4737,2.21991867,57,2.8,6.0,2.8535691936340255,126.94000000000001,54.900000000000006,28.427552027667005,2.7700000000000005,1.8399999999999999,1.105376471098034,7753.2,13958.066034683006,1544.52,2618.3563524798205,-4.544,2.7727191398645896,0.18524775540299687,0.21178829914235445,3.2,1.9639610121239315,2.4,0.6546536707079771,0.4,5.9213811665763405,6.432648671755968,12.84375819520931,0.5082884740347857,2.3233333333333337,3.44,1.6,1.8399999999999999,0.8010132472201831,2.7700000000000005,1.6749999999999998,1.8399999999999999,1.51,1.675,0.16499999999999992,40
-795.3718976,369.14164863154537,3.8113326390985263,-9.067460879375,-3.405739620104166,0.0,5.34740528,11,3.75,8.0,4.076197322920545,90.5,141.0,91.52035502889719,2.713125,2.13,1.3188966834208287,6526.25,11861.569827355517,1254.0625,2222.8011527384506,-4.955625,1.292134489308887,0.19475491870518324,0.17143302655856657,2.6875,1.2860194997923453,2.25,0.7844645405527362,0.3125,5.661911735667495,3.8113326444234783,11.535676519735793,0.43698756665448524,2.0966666666666667,3.44,1.31,2.13,0.9545097636425144,2.713125,2.0149999999999997,2.13,1.9,1.9383333333333332,0.11499999999999999,32
-221.99295588,59.1512951730479,8.313315928944172,-4.32208594,-0.745885760625001,0.0,2.71141489,12,1.25,2.0,1.0488088481701516,100.1,141.0,74.02842697234624,2.695,1.54,0.9434193129250642,3958.5,6760.880978097455,1002.57,1628.7951958180624,-3.075,2.5442248328321933,0.17095092148191238,0.08918264242604595,3.5,2.0976176963403033,2.5,0.6324555320336759,0.25,6.03716852226283,8.313315940559018,14.787823793261962,0.4438232321527442,2.4466666666666668,3.44,1.9,1.54,0.7035781564419281,2.695,1.49,1.54,1.44,1.49,0.050000000000000044,4
-433.24162568,57.06920415385441,9.326284254314261,-5.659147852,-1.092523053,0.0,6.28856925,221,2.0,2.0,0.8451542547285166,126.52000000000001,49.8,26.33878183537402,2.848,1.54,0.9702135258355686,4933.2,7766.354651406835,1061.52,1690.8211834152405,-4.212000000000001,1.5353082519713848,0.08442380380924304,0.28796105395524996,3.2,2.138089935299395,2.2,0.5345224838248488,0.2,6.018818777504386,9.326284267344363,11.41384083077087,0.5287898417200868,2.453333333333333,3.44,1.9,1.54,0.6993965653015144,2.848,1.48,1.54,1.42,1.4799999999999998,0.06000000000000005,5
-428.14064471,360.86229268752993,5.42589449852623,-6.156802914230767,-2.341121934615382,0.7570999999999991,2.33789451,14,1.2307692307692308,2.0,1.1575836902790226,95.68615384615386,135.97,79.22324408909294,2.436923076923077,2.49,1.4629600131240772,4596.461538461538,6499.080187226497,1050.1076923076923,1493.4823657479187,-3.516153846153846,2.0746402097713235,0.2903857706181894,0.20758992587477548,3.230769230769231,1.7776388834631178,1.8461538461538463,0.8602325267042628,0.15384615384615385,5.171838456470845,5.425894506106945,13.879318949520382,0.8922335749964441,2.0966666666666662,3.44,0.95,2.49,1.0260062811157098,2.436923076923077,2.015,2.49,1.54,2.1733333333333333,0.4750000000000001,26
-623.90992133,318.6346024974923,3.33445478265481,-8.0257476525,-2.361849654770832,2.0933,-0.15807031,11,3.1666666666666665,6.0,3.198213787189879,110.68333333333334,92.6,61.4984831404111,2.7691666666666666,2.62,1.3913503204749385,6042.166666666667,13901.180848094473,1066.1333333333334,2195.487407258027,-4.909166666666667,1.76104960585604,0.06325751725164945,0.4270126566033798,2.6666666666666665,1.3522468075656264,2.1666666666666665,0.7928249671720918,0.25,5.715492078152028,3.3344547873134984,13.276441770728846,0.5194567760442256,1.9633333333333332,3.44,0.82,2.62,1.0952726702617126,2.7691666666666666,2.215,2.62,1.81,2.0125,0.405,24
-204.46184753,101.64004243034374,8.381781460307575,-6.350639434444444,-1.275349055,0.0,4.81612979,123,1.7777777777777777,3.0,1.3385315336840844,111.88888888888889,151.0,77.8639304599162,2.691111111111111,2.13,1.1539190468428304,7834.444444444444,13354.91301606516,1397.6666666666667,2386.437114193458,-4.3966666666666665,2.024231335593835,0.2067605790204997,0.3241733597254496,3.111111111111111,2.071633815776009,2.0,0.8660254037844386,0.2222222222222222,6.005952445695622,8.38178147201807,11.293338047815972,0.5254840063677002,2.316666666666667,3.44,1.31,2.13,0.8734732712313271,2.691111111111111,1.6849999999999998,2.13,1.2399999999999998,1.6849999999999998,0.44500000000000006,9
-415.40702821,78.40702484441908,4.28485740255622,-5.9368204075,-2.693945698125,2.8326000000000002,4.18257704,221,1.0,2.0,1.2977713690461004,70.5,141.0,91.49288151775006,2.4175,2.13,1.3338310474561217,4292.25,5309.422716166737,703.725,799.5288290118452,-3.2312499999999997,2.2849755267605687,0.3750000000000002,0.1941242141679283,2.625,0.9032106474595007,1.75,0.8583950752789521,0.0,5.5089545247938645,4.28485740854275,9.800878105552385,0.7185148317039979,2.1333333333333333,3.44,1.31,2.13,0.9343209060893134,2.4175,1.96,2.13,1.79,2.045,0.16999999999999993,8
-261.86072477,43.453575205003915,5.859229670745691,-6.25711068,-2.8236427075,2.0906,1.72769767,225,1.0,2.0,1.4142135623730951,77.475,127.05,89.83791654975086,2.165,2.55,1.8031222920256962,4111.0,5499.876544068967,1116.6,1451.5488004197448,-3.46,2.1637467504308354,0.3827503768564916,0.21602165460805117,4.0,2.8284271247461903,1.5,0.7071067811865476,0.0,4.493984206161179,5.859229678931834,21.726787602501958,0.9788503324538809,2.165,3.44,0.89,2.55,1.275,2.165,2.55,2.55,2.55,2.55,0.0,2
-506.12265209,888.3964661130715,3.254998143843118,-4.891087734411763,-1.866047422119673,2.4378,0.6802631,14,1.8823529411764706,4.0,1.5957793167938281,86.30588235294118,112.1,60.072946935275056,2.0670588235294116,2.51,1.5295397544572404,1972.5882352941176,2240.1347550828796,872.5529411764705,997.9284217235827,-2.9899999999999998,2.2840803960924743,0.25045523634231215,0.19770928883626857,2.7058823529411766,0.8626621856275073,1.5294117647058822,0.6469966392206304,0.0,4.299620992270324,3.254998148390795,13.064653913427522,0.9913195251992815,2.06,3.44,0.93,2.51,1.0398397312406689,2.0670588235294116,2.07,2.51,1.63,2.334,0.43999999999999995,68
-583.11759032,317.41574286165195,7.372716562508138,-8.210634693181818,-1.9024544377272732,0.0,1.40908532,13,2.8181818181818183,4.0,2.3287500774185546,125.12727272727274,62.400000000000006,39.82123515450983,3.1145454545454543,1.42,0.8207032631553539,7516.0,20298.695494273292,1292.2363636363636,3348.433116227074,-5.768345454545455,2.881399067827455,0.08507997012219319,0.3612486848798175,3.090909090909091,2.7174648819470297,2.1818181818181817,0.5883484054145521,0.18181818181818182,6.469883265452521,7.372716572808832,14.427988311893266,0.2835870908425326,2.606666666666667,3.44,2.02,1.42,0.6053832578531462,3.1145454545454543,1.25,1.42,1.08,1.1933333333333334,0.16999999999999993,22
-797.83457678,279.05361891035915,4.517871596129334,-5.65178960875,-1.8925737118124992,2.395799999999999,5.12198113,2,2.25,3.0,1.3784048752090223,109.425,92.6,47.84360981364178,2.415,2.62,1.3931690493260322,2443.5,3501.1254761861937,1021.85,1438.0836401266793,-3.7575000000000003,2.0250703691477,0.22887850933117604,0.042286339320514614,3.25,1.6431676725154984,1.75,0.5477225575051662,0.0,4.911727035288904,4.517871602441418,17.440851181897447,0.848322214751298,2.0733333333333333,3.44,0.82,2.62,1.0726084508751965,2.415,2.05,2.62,1.48,2.05,0.5700000000000001,16
-754.91552483,1050.033369910741,5.044562912793038,-8.714620717941173,-2.494557517352938,4.6158,-0.3945823,60,3.0588235294117645,4.0,2.458750606599731,118.39999999999999,98.5,53.71421430293678,3.0341176470588236,1.8299999999999998,0.9759959947756864,7592.0,19407.940783466584,1420.6117647058825,3274.906535793322,-5.680452941176471,2.8391917677555543,0.1959864705882359,0.40440916705170527,2.823529411764706,2.2258808266718715,2.176470588235294,0.5640760748177661,0.17647058823529413,6.201081317393192,5.044562919840981,15.44166720456972,0.22147025690621325,2.47,3.44,1.61,1.8299999999999998,0.7511324783285569,3.0341176470588236,1.455,1.8299999999999998,1.08,1.38,0.3749999999999999,68
-215.4352719,204.24457974584027,5.725287390866139,-5.634084176666666,-2.3654240366666652,2.2724,1.16992688,152,1.0,2.0,1.2649110640673518,73.9875,141.0,84.99412185557304,2.355,2.55,1.4138882558391945,3948.5,4722.645826229192,875.85,1083.0823034285067,-3.295,2.1642458270723317,0.35637518842824595,0.1666708823017409,3.5,2.0976176963403033,2.0,0.8944271909999159,0.0,5.171545926579537,5.725287398865147,17.02038164548669,0.7894258930191891,1.9933333333333334,3.44,0.89,2.55,1.0689662711652268,2.355,2.17,2.55,1.79,2.17,0.3799999999999999,12
-205.72410593,216.56275852085403,8.93386242046077,-4.90796435375,-0.9115316718750011,0.0,3.8654609300000002,166,1.5,2.0,1.0954451150103324,98.5,141.0,73.47652686402645,2.6975,1.53,0.9400585088174034,4983.5,8985.356509343412,999.07,1621.2406896941613,-3.48,2.4302427862252776,0.17689959768918784,0.0772155416607556,3.5,2.0976176963403033,2.5,0.6324555320336759,0.25,6.011144122543804,8.933862432942597,13.535172407553375,0.484898127250168,2.4499999999999997,3.44,1.91,1.53,0.7009992867328754,2.6975,1.4849999999999999,1.53,1.44,1.4849999999999999,0.04500000000000004,16
-366.41507591,530.2832053108352,9.059702715040165,-6.016581272727273,-1.5650850475757592,0.0,4.2287404,197,2.303030303030303,3.0,0.8869975794117778,118.61818181818182,141.0,44.816596846940264,2.869393939393939,1.79,1.0051894758466888,4320.909090909091,7242.151157104699,758.4242424242424,1182.9421247838945,-4.53909090909091,1.0305563174952703,0.03413321382210394,0.3874211785083333,3.515151515151515,2.700762419587999,2.0303030303030303,0.24253562503633297,0.0,5.963991192071867,9.059702727697806,16.06918803972228,0.441818602180898,2.3699999999999997,3.44,1.65,1.79,0.7715352659902636,2.869393939393939,1.605,1.79,1.42,1.4484615384615382,0.18500000000000005,33
-291.28021417,338.74942397432324,5.961558621670344,-4.9446807660714285,-1.072082281547618,0.44809999999999905,1.95260472,57,1.4285714285714286,2.0,0.9636241116594315,116.45714285714287,141.0,63.51940086079438,2.704285714285714,2.13,1.1519734619959165,4598.285714285715,6768.631978261403,941.9714285714286,1372.7337646358922,-3.2742857142857145,2.642610992398022,0.17656868988115562,0.2842740624969128,3.0,1.7320508075688772,2.142857142857143,0.8451542547285167,0.2857142857142857,5.8816562386090965,5.961558629999455,12.098193713368687,0.6148598031522742,2.2266666666666666,3.44,1.31,2.13,0.8945141449723171,2.704285714285714,1.8199999999999998,2.13,1.51,1.7166666666666668,0.30999999999999994,28
-684.54199901,137.541915912545,7.310800981675956,-9.201901063333324,-2.216569472988496,2.356299999999999,2.8855650600000002,13,3.1666666666666665,4.0,2.3687784005919825,107.10000000000001,141.0,75.0099993334222,2.9450000000000003,1.89,1.043767215426888,8181.333333333333,18237.61538993273,1420.4666666666665,3018.7928521918234,-6.110983333333333,2.5102685784814165,0.1006686956914673,0.28003536156091013,3.0,2.1602468994692865,2.3333333333333335,0.6666666666666667,0.3333333333333333,6.125696116167859,7.310800991890143,11.461826326045419,0.3696204112080738,2.4499999999999997,3.44,1.55,1.89,0.7742092740338363,2.9450000000000003,1.4849999999999999,1.89,1.08,1.4849999999999999,0.4049999999999999,12
-200.96005088,200.88566885284993,2.350780180808049,-4.6732043175000015,-0.9974404065833331,0.0,0.67016724,71,1.6666666666666667,1.0,0.7071067811865476,110.13333333333333,92.6,65.4780879378743,2.566666666666667,2.62,1.8526197667087545,924.6666666666666,1490.5810947412422,404.1333333333334,665.9531665214904,-3.686666666666667,2.764787514439401,0.2450026574830836,0.03182544252632169,2.6666666666666665,1.4142135623730951,1.6666666666666667,0.7071067811865476,0.0,5.163241239320435,2.350780180808049,16.740472404404162,0.9241434838844611,2.13,3.44,0.82,2.62,1.31,2.566666666666667,2.62,2.62,2.62,2.62,0.0,12
-480.04858693,386.8345933490016,3.170408477653025,-7.6185847895,-1.859907702999998,3.7256,1.48502834,4,2.6,6.0,2.653955210788148,113.08,141.0,68.58088845202842,3.005,1.79,0.9987655424050492,8090.4,20808.76574489912,1163.54,2803.979585145556,-5.0956,2.3374072592623163,0.1570800000000004,0.3016379401808096,2.8,1.8415494421345537,2.3,0.6756639246921763,0.2,6.309213654370802,3.170408482082519,19.34172966745008,0.21807535981053208,2.4166666666666665,3.44,1.65,1.79,0.752964511484808,3.005,1.535,1.79,1.2799999999999998,1.45,0.2550000000000001,20
-539.15554244,100.33403783892136,8.383303437102434,-5.3732777275,-1.6732092212499992,0.0,4.21711629,65,1.25,2.0,1.0488088481701516,126.2,222.8,101.38260205774954,2.6825,2.13,1.1048393548385214,5411.0,6780.055574993467,1168.1,1575.6714936813448,-3.1225,2.3759356051879856,-0.06258525217401356,0.8901891491233199,3.25,2.073644135332772,2.0,0.8944271909999159,0.0,5.950223282293133,8.383303448815058,12.541754729865161,0.5233063390086993,2.43,3.44,1.31,2.13,0.8730406634286859,2.6825,1.515,2.13,0.8999999999999999,1.515,0.615,8
-524.68381741,56.64882570127859,4.924261398838221,-8.56402402166665,-2.04770086166665,0.041999999999999,3.07056539,136,3.3333333333333335,4.0,2.8284271247461903,115.43333333333334,76.7,54.2350901170082,2.8466666666666662,1.78,1.2586500705120547,6981.333333333333,14338.71130890081,1041.4666666666667,2017.9413321501693,-5.756666666666667,1.6263455967290592,0.17586177492052682,0.11484451822529819,2.6666666666666665,1.4142135623730951,2.3333333333333335,0.7071067811865476,0.3333333333333333,5.956185738953239,4.924261405718086,9.441470950213098,0.4696866184148035,2.55,3.44,1.66,1.78,0.89,2.8466666666666662,1.78,1.78,1.78,1.78,0.0,6
-505.86475433,53.33620447425032,7.558340990326247,-5.8997476325000004,-0.8739557429166651,0.621799999999999,3.35310735,166,2.0,2.0,0.8944271909999159,129.32500000000002,31.299999999999997,16.39057656093891,2.7724999999999995,1.51,0.8587141550015348,8361.0,11296.960369940225,1645.8500000000001,2083.768911371892,-3.7300000000000004,2.2401428525877543,-0.04732488874949795,0.39692078525380864,3.5,1.8973665961010275,2.5,0.6324555320336759,0.5,5.738981261874282,7.558341000886282,13.33405111856258,0.5488361430275087,2.5500000000000003,3.44,1.93,1.51,0.6453422864392715,2.7724999999999995,1.335,1.51,1.1600000000000001,1.335,0.17499999999999993,4
-210.41843982,133.92240303969075,4.2894703998712185,-5.084976770833333,-1.432946590277778,1.4376,2.605350559999999,139,1.3333333333333333,1.0,0.5773502691896257,106.33333333333333,81.4,42.02015389468883,2.106666666666667,2.46,1.2429534719100845,5440.666666666667,6777.046652734016,1635.0666666666666,1554.9971103938854,-2.9599999999999995,1.7600852252092796,0.16482005077110728,0.09371747130612049,2.6666666666666665,1.1547005383792515,2.0,1.0,0.3333333333333333,4.663632489434325,4.289470405864194,11.160200253307563,0.716260263498852,2.106666666666667,3.44,0.98,2.46,1.0148672600668305,2.106666666666667,2.0,2.46,1.54,2.0,0.45999999999999996,12
-169.13592501,133.5742810249583,10.77019190675644,-3.26387400375,-0.635057482500004,1.1867,0.46310693,62,1.0,2.0,1.4142135623730951,70.5,141.0,99.7020561473032,2.7199999999999998,1.44,1.0182337649086284,1256.0,1462.2968234937803,360.04,381.61138767075596,-2.64,3.3234018715767735,0.1981921691127768,0.0449830658303815,4.0,2.8284271247461903,2.5,0.7071067811865476,0.0,6.273148659530589,10.770191921803868,16.69678512811979,0.4504443672828707,2.7199999999999998,3.44,2.0,1.44,0.72,2.7199999999999998,1.44,1.44,1.44,1.44,0.0,8
-419.45173903,194.48977142107725,5.528203932261815,-5.6040587478571435,-1.055678494285715,0.354299999999999,2.49626729,13,1.4285714285714286,2.0,1.348399724926484,110.37857142857142,127.05,73.97635525195626,2.8985714285714286,2.55,1.3803260484392808,3687.1428571428573,8882.564228460567,832.8571428571429,1805.8601123715384,-4.245714285714286,1.7934045834668766,0.20115661303201393,0.3313035470197025,3.0,2.393172105652397,2.0,0.7977240352174656,0.14285714285714285,6.031142460261431,5.528203939985471,13.892126530076947,0.5928095978866447,2.1766666666666667,3.44,0.89,2.55,1.0411638786580246,2.8985714285714286,1.8949999999999998,2.55,1.2399999999999998,1.895,0.655,14
-357.85051238,513.769596820174,8.357718782720852,-6.051434512121212,-1.348405020000001,0.0,3.95282549,5,2.303030303030303,1.0,0.6297235299224025,123.27272727272727,49.8,31.057432893448137,2.87060606060606,1.53,0.9685547356045857,5001.212121212121,8437.374350533139,900.969696969697,1462.104491996807,-4.586363636363637,0.7019173249282875,0.048201177910145,0.34229837950364117,3.393939393939394,2.4774848202325597,2.090909090909091,0.3939192985791677,0.09090909090909091,5.976362035457043,8.357718794397726,15.568775661217394,0.42934888700749635,2.4566666666666666,3.44,1.91,1.53,0.6967703272161415,2.87060606060606,1.475,1.53,1.42,1.4453846153846155,0.05500000000000005,33
-377.08001522,101.20389607996164,4.362174680499507,-7.271209453333333,-1.314804237777778,0.0,0.98915905,12,2.6666666666666665,4.0,1.7748239349298849,115.30000000000001,77.3,51.72077435615209,2.8955555555555557,1.78,1.098981346520495,6025.777777777777,11798.0099084549,1098.3555555555556,2031.2950986993494,-5.17,1.0847396000884266,0.1376542303008336,0.19741211791442875,2.6666666666666665,1.3416407864998738,2.3333333333333335,0.6708203932499369,0.3333333333333333,6.142950839891964,4.362174686594064,11.24487734221795,0.3708819846014954,2.3266666666666667,3.44,1.66,1.78,0.7923523346480542,2.8955555555555557,1.67,1.78,1.56,1.6333333333333333,0.10999999999999999,9
-300.08027207,464.45301400746166,2.777121213812112,-6.588805062142855,-2.05914349992857,3.2795,2.22104963,14,2.2857142857142856,5.0,2.0873770280289223,103.58571428571429,92.6,57.51871124127472,2.437142857142857,2.62,1.5698043554168508,3721.1428571428573,9142.98374242707,766.9714285714286,1295.3775467296894,-4.201428571428571,2.8068347704436447,0.21965732423715448,0.08614111287190192,2.857142857142857,1.3093073414159544,1.8571428571428572,0.8451542547285167,0.14285714285714285,4.926399660469672,2.77712121769213,16.58760764312363,0.8984127833290304,1.9733333333333334,3.44,0.82,2.62,1.0923166004211213,2.437142857142857,2.2,2.62,1.78,2.3400000000000003,0.42000000000000004,28
-259.06307612,106.52686856388705,5.655312254591946,-6.726789122,-1.9729209909999992,0.0,5.51865551,194,2.2,5.0,2.138089935299395,103.84,98.5,61.001206077069845,2.826,1.8299999999999998,1.0353605307193376,5613.2,9180.487475385731,1259.72,1923.2501999034268,-4.3100000000000005,1.1761013075897357,0.22651910750222282,0.4215188122774981,2.8,1.558387444947959,2.2,0.5345224838248488,0.2,5.720296157650602,5.655312262493193,10.652686856388698,0.42035605749419375,2.4166666666666665,3.44,1.61,1.8299999999999998,0.7626416079799359,2.826,1.5349999999999997,1.8299999999999998,1.2399999999999998,1.535,0.29500000000000004,10
-704.52426735,86.43591197380744,5.67117605821361,-8.115182611666667,-2.267367855143677,0.0,3.786725569999999,71,2.6666666666666665,5.0,2.2962419891481978,72.825,141.0,87.41237495603552,2.3850000000000002,2.55,1.378591178110333,5844.333333333333,7526.144600355121,1180.2666666666667,1396.7943194719437,-5.14,2.1576123166803876,0.1953908503350975,0.24372580300211347,3.3333333333333335,1.9069251784911847,2.1666666666666665,0.8790490729915325,0.3333333333333333,5.012760767403843,5.671176066137017,14.405985328967907,0.7789839085456379,1.96,3.44,0.89,2.55,1.0806479537758815,2.3850000000000002,2.2199999999999998,2.55,1.89,2.11,0.32999999999999996,6
-313.46473212,524.3428952878199,4.7834051294533495,-6.644707010535714,-1.506478392440475,0.665899999999999,2.10926794,4,2.142857142857143,2.0,0.8451542547285167,107.28571428571429,81.4,51.526615868472696,2.642857142857143,2.46,1.2718827439216691,5184.0,9300.00193548367,1196.542857142857,1809.6108350376646,-4.445714285714286,1.4101747612061624,0.13119193607959256,0.19733467614394548,2.5714285714285716,1.1952286093343936,2.142857142857143,0.8451542547285167,0.2857142857142857,5.620268749045558,4.78340513613642,9.3632659872825,0.5645337050655659,2.1,3.44,0.98,2.46,1.016267681273,2.642857142857143,2.01,2.46,1.56,1.86,0.44999999999999996,56
-548.72351314,50.806471622351985,5.534178952108108,-6.108491646666668,-2.170192663333334,2.2352,2.22834475,139,1.3333333333333333,2.0,1.4142135623730951,98.64999999999999,127.05,89.83791654975086,2.59,2.55,1.803122292025696,2814.6666666666665,5499.876544068967,774.4666666666667,1451.5488004197448,-3.97,2.1637467504308354,0.33183358457099454,0.21602165460805114,3.3333333333333335,2.8284271247461903,1.6666666666666667,0.7071067811865476,0.0,5.34002117300742,5.534178959840111,16.935490540783995,0.854995905695817,2.165,3.44,0.89,2.55,1.275,2.59,2.55,2.55,2.55,2.55,0.0,3
-330.2651545,190.78341189801554,6.559556869451713,-6.3662759845,-1.2282467955,2.0976,5.5547172400000004,2,1.9,2.0,0.5904437765029023,120.9,141.0,42.155021902018184,2.662,1.79,1.0565010626652698,8218.5,11195.512268499751,1537.8,2043.843914038968,-4.2010000000000005,1.2688353396978096,0.173046323639039,0.12647692557335616,3.0,1.3545709229571927,2.5,0.6772854614785964,0.45,5.77892096245368,6.559556878616309,9.539170594900778,0.5876178265607269,2.3333333333333335,3.44,1.65,1.79,0.7896975511056257,2.662,1.6600000000000001,1.79,1.53,1.556,0.13,20
-345.30711443,132.65363346808087,11.06406560179728,-4.736182797999999,-0.45785339499999805,0.8689999999999991,2.13002525,43,1.6,1.0,0.7071067811865476,173.72,81.80000000000001,57.841334701059594,3.08,0.8999999999999999,0.6363961030678927,5133.2,8681.857059408432,1305.72,2148.7560866696804,-3.382,2.842569260369921,-0.3661364034784218,1.0538302335293803,3.6,2.8284271247461903,2.4,0.7071067811865476,0.0,6.773529909451551,11.06406561725529,13.265363346808087,0.3516876973975537,2.99,3.44,2.54,0.8999999999999999,0.44999999999999996,3.08,0.8999999999999999,0.8999999999999999,0.8999999999999999,0.8999999999999999,0.0,10
-335.05274944,197.96905402216206,5.260371665052036,-6.430584526923076,-2.026550259615384,0.5714,5.68165962,8,2.4615384615384617,4.0,1.5954480704349312,119.78461538461539,141.0,52.38008382790335,2.8207692307692307,2.13,1.1082233939549782,2959.6923076923076,4834.409054795727,1044.9692307692308,1752.4926663054955,-4.410769230769231,1.3148297504723845,0.23938648150013972,0.128084305511985,3.0,1.8829377433825436,1.9230769230769231,0.3692744729379982,0.0,5.989436868669169,5.260371672401493,15.228388770935542,0.36599456882377895,2.236666666666667,3.44,1.31,2.13,0.8913036644276866,2.8207692307692307,1.805,2.13,1.48,1.61,0.32499999999999996,13
-429.57581463,202.50978673214274,5.615032013268026,-6.812026236666665,-2.074947819166665,0.39670000000000005,2.85091042,152,1.75,3.0,1.378404875209022,89.91250000000001,127.05,68.34401766065557,2.4125,2.55,1.3730367802793921,6161.0,8359.590516287266,1380.8500000000001,1699.6157436314834,-4.140000000000001,1.623477748538612,0.22278803192148597,0.2862947182964491,3.5,2.0976176963403033,2.0,0.8944271909999159,0.25,5.049930372244235,5.615032021112992,16.875815561011894,0.7961884823544544,2.07,3.44,0.89,2.55,1.0496666137398103,2.4125,2.0549999999999997,2.55,1.56,2.055,0.4949999999999999,12
-568.23745096,256.2483303791318,2.50154612767694,-6.2428185376,-2.547090591731034,3.6417,0.6982743,2,1.12,2.0,1.0739950402746994,74.712,141.0,77.02343349222166,2.2392,2.51,1.3563150791978262,3265.68,4163.323160958594,1194.568,1419.9168234599358,-3.6908000000000003,1.8436468380268325,0.25392520663844287,0.09000522372819572,2.24,0.5312044971776709,1.44,0.6174043398064847,0.0,5.115417198565654,2.501546131171941,10.249933215165273,0.7622258383888814,1.9799999999999998,3.44,0.93,2.51,1.0649256625073258,2.2392,2.19,2.51,1.8699999999999999,2.1442857142857146,0.31999999999999995,25
-503.16055323,149.56743644713066,4.282305780301104,-5.67052968125,-1.8814564380624992,2.011,2.61949956,15,2.0,2.0,0.8944271909999159,108.4,92.6,47.96898998311305,2.4375,2.62,1.3822409341355797,5618.5,10341.127578750782,768.1,934.0204794328656,-3.795,2.0330174618040053,0.14219547442968528,0.226435227858059,3.25,1.6431676725154984,1.75,0.5477225575051662,0.0,5.084907534479867,4.28230578628407,18.695929555891333,0.7913734087168077,2.103333333333333,3.44,0.82,2.62,1.0702751463473723,2.4375,1.925,2.62,1.23,2.1566666666666667,0.6950000000000001,8
-578.24423813,449.90207595569206,5.6606600237867895,-7.867746203,-2.795236929,0.0,6.35357894,185,3.8,7.0,3.625307868699863,111.97999999999999,111.4,57.739711513951,2.7,2.2199999999999998,1.2508282969982047,3813.2,6164.569872609582,1350.92,2086.520504846012,-4.884,0.6612542195382521,0.3075769498628314,0.2417634967907255,3.2,1.9639610121239315,2.2,0.5345224838248488,0.0,5.680321622454543,5.660660031695506,14.996735865189732,0.532294646300057,2.2066666666666666,3.44,1.22,2.2199999999999998,0.9229421554042389,2.7,1.8499999999999999,2.2199999999999998,1.48,1.8499999999999996,0.3699999999999999,30
-524.58020766,207.87196926224522,5.389298103486119,-7.700893132500001,-2.309716111000001,1.605299999999999,4.24745218,62,3.6,5.0,2.7516228977511745,100.5,112.1,66.91497803716508,2.752,1.81,1.1285705244119344,5811.2,11686.159774952348,1285.52,2021.2733582005746,-4.794,1.2831211945876353,0.17960548230470286,0.4770776270934065,2.8,1.3093073414159542,2.2,0.5345224838248488,0.2,5.472376613020352,5.389298111015705,10.39359846311226,0.42763058264354237,2.2933333333333334,3.44,1.63,1.81,0.8141389452803632,2.752,1.72,1.81,1.63,1.72,0.09000000000000008,20
-750.16191028,189.90438122783766,7.703156572421853,-8.668603699166669,-3.6430178729166682,3.5653,2.11661992,139,2.5,8.0,3.4429142505420267,85.7375,141.0,86.8470317324185,2.4458333333333333,2.55,1.568265703595271,6379.5,12124.167026957397,1401.0333333333335,2352.9012231399893,-4.746666666666666,2.6218797948297676,0.38842589490127133,0.2604500481887502,3.6666666666666665,2.613286875312951,1.9166666666666667,0.8482406469404488,0.0,5.100574987383253,7.703156583184214,15.825365102319806,0.8552715610966007,1.8766666666666667,3.44,0.89,2.55,1.118043926785626,2.4458333333333333,2.3449999999999998,2.55,2.1399999999999997,2.3859999999999997,0.20500000000000007,12
-547.59549605,432.8519261026267,6.010970822719775,-8.21641368225,-2.508281684249999,1.119899999999999,4.99125957,14,3.6,7.0,3.6449573777637356,110.16,122.9,63.60753549249155,2.7920000000000003,2.08,1.129551111851834,7673.2,12430.490462683165,1468.3200000000002,2284.905672326228,-4.864,0.4289189067544452,0.1294935620651426,0.46215812909815435,3.0,1.6903085094570331,2.4,0.6546536707079771,0.2,5.737573743456615,6.0109708311179215,10.821298152565667,0.5577448288762477,2.36,3.44,1.36,2.08,0.8510385811857571,2.7920000000000003,1.62,2.08,1.1600000000000001,1.62,0.45999999999999996,40
-482.10562876,281.1957752423065,4.947911495854694,-7.368029956428572,-2.114110612142857,0.0,5.5314903300000005,62,2.2857142857142856,2.0,0.9258200997725515,131.65714285714287,29.0,16.7760032699772,2.782857142857143,1.54,1.0038105968187994,12212.57142857143,22737.022835643445,1415.1142857142856,2023.8469599114596,-4.668571428571428,0.8736254509636431,0.21566475611282293,0.14294561595353214,2.7142857142857144,1.164964745021435,2.2857142857142856,0.5976143046671968,0.2857142857142857,6.055030319084677,4.947911502767601,10.042706258653805,0.4239947612872151,2.4166666666666665,3.44,1.9,1.54,0.7236174557196795,2.782857142857143,0.77,1.53,0.010000000000000009,1.226,0.76,28
-220.45327684,138.38975205740917,5.832228256708868,-4.333599781999998,-1.586021312999998,0.0,4.28762171,221,1.2,4.0,2.138089935299395,38.238,135.97,70.40238804797139,1.7239999999999998,2.49,1.3508092812405883,5798.4,4083.720782395808,1415.44,905.6061647947664,-2.7495802,1.8311912072123202,0.3292226483948403,0.3347885314073574,4.6,1.8126539343499315,1.4,0.6546536707079771,0.0,3.7029483067144824,5.832228264857287,27.677950411481834,0.9094948592812576,2.24,3.44,0.95,2.49,1.0185283501208986,1.7239999999999998,1.8,2.49,1.1099999999999999,2.145,0.6900000000000002,5
-303.19023359,133.92240303969075,4.2894703998712185,-5.084976770833333,-1.432946590277778,1.4376,2.605350559999999,139,1.3333333333333333,1.0,0.5773502691896257,106.33333333333333,81.4,42.02015389468883,2.106666666666667,2.46,1.2429534719100845,5440.666666666667,6777.046652734016,1635.0666666666666,1554.9971103938854,-2.9599999999999995,1.7600852252092796,0.16482005077110728,0.09371747130612049,2.6666666666666665,1.1547005383792515,2.0,1.0,0.3333333333333333,4.663632489434325,4.289470405864194,11.160200253307563,0.716260263498852,2.106666666666667,3.44,0.98,2.46,1.0148672600668305,2.106666666666667,2.0,2.46,1.54,2.0,0.45999999999999996,12
-202.60600558,273.9954078836132,5.378731327083722,-4.044920198571428,-1.369924264285714,1.0967,0.34635855,14,1.1428571428571428,2.0,1.0307764064044151,73.82857142857142,141.0,75.25234630893577,2.1914285714285713,2.62,1.3985371822014603,2520.8571428571427,3124.795233291295,610.3714285714286,558.6658236369932,-2.672857142857143,2.4832803405978954,0.27998398618506143,0.0616041254312711,3.7142857142857144,1.8371173070873836,2.0,0.9354143466934853,0.0,4.6517272195161405,5.378731334598544,19.57110056311523,1.0411458408008907,1.9833333333333332,3.44,0.82,2.62,1.0895360888418928,2.1914285714285713,2.185,2.62,1.75,2.185,0.43500000000000005,14
-258.95771681,379.71621111892205,3.974967516491585,-4.5985464525,-1.9010544184999991,2.311099999999999,1.17822026,72,1.2,2.0,0.9354143466934854,75.16,141.0,70.52502215526061,1.966,2.62,1.5209289924253533,2704.8,3905.1669618596334,693.08,642.0873305088646,-2.688,2.3643365877133484,0.315977580659086,0.14945416706028206,3.4,1.6955824957813173,1.4,0.6123724356957945,0.0,4.1161227816783335,3.9749675220451572,18.985810555946102,1.313295687852117,1.8566666666666667,3.44,0.82,2.62,1.1373165297703576,1.966,2.375,2.62,2.13,2.4566666666666666,0.2450000000000001,20
-347.28315176,207.40367395276294,4.223922696192265,-6.66658344375,-1.349856573922413,0.0,2.33480197,31,2.25,2.0,0.8583950752789521,100.98750000000001,88.2,52.10739668678223,2.54125,2.51,1.2259378794255955,6511.0,9788.631085413106,1389.6,1871.7273125729555,-4.3925,1.5646321242421575,0.0966151873932869,0.2037207180558308,2.875,1.2030662579644695,2.25,0.8583950752789521,0.375,5.393227305951329,4.223922702093661,12.962729622047684,0.5686121387124841,2.0833333333333335,3.44,0.93,2.51,1.0347409767129592,2.54125,2.035,2.51,1.56,1.7974999999999999,0.47499999999999987,16
-691.32347874,311.0802979650295,6.710016927137948,-6.3568929354999995,-2.3815041635,0.0,3.01105195,2,1.65,3.0,1.3606437268261486,99.5375,135.97,76.81529641623153,2.6045000000000003,2.49,1.4422359704967127,3768.2,5950.507459622837,743.42,1076.4890609654972,-4.023000000000001,1.8665722305584354,0.21734097086613477,0.3449802360468073,3.35,2.2571208639757407,1.75,0.5812381937190964,0.0,5.410075673827872,6.7100169365127575,15.554014898251475,0.7389757819523485,2.1366666666666667,3.44,0.95,2.49,1.0198801672527786,2.6045000000000003,1.955,2.49,1.42,2.08875,0.5350000000000001,20
-462.62017325,309.8826873769672,8.251350049364635,-6.382591709090907,-1.808135013181815,1.6486,5.53152567,46,2.5454545454545454,2.0,1.0752906583803283,114.87272727272726,105.9,55.2779256349223,2.985454545454545,1.3900000000000001,0.8349064318832381,4590.363636363636,10072.157347112883,763.2181818181817,1226.0300638646672,-4.600527454545454,0.7277816952950462,0.09404635004899847,0.24798704683053485,3.272727272727273,2.3518609652783473,2.0,0.0,0.0,6.171488550378592,8.251350060892898,14.085576698953055,0.5210462158938919,2.606666666666667,3.44,2.05,1.3900000000000001,0.6002406924633558,2.985454545454545,0.6950000000000001,1.1099999999999999,0.28000000000000025,0.9255555555555556,0.4149999999999998,22
-319.83050722,129.6009765025592,2.413811104778204,-3.6374448533333332,-1.233878036499999,1.7072,0.47156282,225,1.3333333333333333,1.0,0.7071067811865476,79.26666666666667,92.6,65.4780879378743,1.6933333333333334,2.62,1.8526197667087545,1627.3333333333333,1490.5810947412422,718.0666666666666,665.9531665214904,-2.3833333333333333,2.764787514439401,0.2600053149661668,0.03182544252632169,3.3333333333333335,1.4142135623730951,1.3333333333333333,0.7071067811865476,0.0,3.5357290782954793,2.4138111047782043,21.600162750426534,1.390564443526172,2.13,3.44,0.82,2.62,1.31,1.6933333333333334,2.62,2.62,2.62,2.62,0.0,6
-509.51978817,48.891748779920675,8.749032475961629,-4.670660882,-0.8920672985000011,0.0,2.63098803,221,1.2,2.0,1.3093073414159544,84.6,141.0,92.30616756982478,2.778,1.8699999999999999,1.098583503556154,2181.2,4000.2805615892207,728.496,1374.0176782393617,-3.8020000000000005,2.4327292139840453,0.24183501521002562,0.08111759495896836,2.8,2.138089935299395,2.0,0.8451542547285166,0.0,6.362786465453437,8.749032488185222,9.778349755984134,0.443848947853215,2.3366666666666664,3.44,1.57,1.8699999999999999,0.7996804917521052,2.778,1.6549999999999998,1.8699999999999999,1.44,1.655,0.21499999999999997,5
-784.21438412,582.8809764099692,4.829206904039983,-8.948621483076922,-2.316224642115383,0.0,5.48222501,64,3.4615384615384617,6.0,2.8385106758902383,106.2703846153846,135.97,58.42896645867161,2.659615384615385,2.49,1.2798465309782823,8320.384615384615,13538.258155527774,1248.0,1908.6048469272746,-5.747307692307692,1.9068017351426072,0.17839989724130267,0.14276983792237505,2.8846153846153846,1.4589624493356326,2.3461538461538463,0.7653197277702214,0.38461538461538464,5.5348123632886725,4.829206910787045,11.209249546345562,0.5559365005152571,2.0166666666666666,3.44,0.95,2.49,1.0473564605976111,2.659615384615385,2.1350000000000002,2.49,1.78,1.8445454545454547,0.3550000000000001,52
-405.60841627,87.92172579606212,4.708865462737478,-5.6919497725,-2.486541740625,1.8327,4.18554699,221,1.0,2.0,1.2977713690461004,70.5,141.0,91.49288151775006,2.4225,2.13,1.3290875382045104,4161.0,5200.116759822751,686.225,784.0801724582155,-3.1862500000000002,2.3542028486584536,0.3650000000000002,0.19238120052590738,2.75,1.2565617248750864,1.75,0.8583950752789521,0.0,5.4790675654992755,4.708865469316406,10.990215724507765,0.7009546972178158,2.1466666666666665,3.44,1.31,2.13,0.9275894685809138,2.4225,1.94,2.13,1.75,2.035,0.18999999999999995,8
-583.44348323,486.41646601857497,5.044661070316612,-8.969142043333331,-3.237719354444443,2.9977,1.08666926,14,2.888888888888889,7.0,3.2480763537823427,113.69222222222223,135.97,63.2929409966072,2.7544444444444443,2.49,1.40243359914115,6992.444444444444,15448.741625129212,1358.9111111111113,2866.086099195207,-5.077777777777778,2.0834214648025493,0.2887823117244387,0.1334184304063125,3.0,2.0124611797498106,2.111111111111111,0.806225774829855,0.2222222222222222,5.8256006303567585,5.044661077364691,13.51156850051597,0.5302377639277192,1.9966666666666668,3.44,0.95,2.49,1.0545246427761763,2.7544444444444443,2.165,2.49,1.8399999999999999,2.0566666666666666,0.3250000000000002,36
-366.68648289,258.7265007863652,4.603084505750543,-8.7496117745,-3.670175069499999,3.8263,1.990374699999999,62,2.8,8.0,3.625307868699863,93.29400000000001,138.63,79.77417842169947,2.5300000000000002,2.44,1.495851405912843,6041.2,10882.472224374647,1341.92,2392.6102518259963,-4.7,2.029707931135484,0.34105887477773766,0.2585993512250869,3.0,1.6903085094570331,2.0,0.8451542547285166,0.0,5.412236976685679,4.60308451218168,12.936325039318259,0.6608042318194137,1.9233333333333331,3.44,1.0,2.44,1.0808741318437076,2.5300000000000002,2.275,2.44,2.11,2.275,0.16500000000000004,20
-463.63859726,42.9164487435527,6.155599921960791,-5.466378779999999,-0.9427949424999991,0.0,4.73658869,131,1.5,1.0,0.7071067811865476,129.7,22.599999999999994,15.980613254815971,2.67,1.54,1.0889444430272832,6661.0,9106.12112812036,1645.1,2198.9606681339255,-3.51,2.093036072312181,0.14370967385104794,0.12203294954144633,3.0,1.4142135623730951,2.5,0.7071067811865476,0.5,5.810065366588724,6.155599930561004,10.729112185888175,0.5224464610911854,2.67,3.44,1.9,1.54,0.77,2.67,1.54,1.54,1.54,1.54,0.0,4
-428.66074881,86.18009943056134,5.187719643290688,-5.4908233225,-2.077012358124999,1.5432000000000001,1.34843143,121,1.0,2.0,1.2977713690461004,70.5,141.0,91.49288151775006,2.535,1.8699999999999999,1.1749132106805076,3861.0,4728.604289461721,830.35,1143.6284987520617,-3.4400000000000004,2.2399624056995617,0.3203488422280719,0.12119949536101209,2.75,1.2565617248750864,2.25,0.8583950752789521,0.0,5.945582213413536,5.18771965053864,10.772512428820168,0.4570213698789032,2.22,3.44,1.57,1.8699999999999999,0.863288287113098,2.535,1.83,1.8699999999999999,1.79,1.81,0.039999999999999925,8
-383.37534945,555.3355034807603,9.030176895624908,-6.195122602121212,-1.513969086969698,0.0,6.10127208,197,2.393939393939394,1.0,0.6913328984437153,123.1939393939394,59.8,34.30298820802643,2.8860606060606058,1.42,0.9730531090033967,4886.060606060606,8931.000808485936,865.1212121212121,1519.4413776121803,-4.675454545454546,0.6844292383825676,0.015206626112778107,0.37821273363468744,3.5757575757575757,2.765331593774861,2.0303030303030303,0.24253562503633297,0.030303030303030304,5.987315001029802,9.030176908241298,16.82834859032607,0.42188727906274837,2.5533333333333332,3.44,2.02,1.42,0.6312597634008434,2.8860606060606058,1.3299999999999998,1.42,1.2399999999999998,1.406153846153846,0.09000000000000008,33
-363.24282913,442.3569297073226,4.70003236580985,-7.610649461428571,-2.089097835714285,1.7417999999999991,1.36316648,36,2.2857142857142856,4.0,1.6903085094570334,87.05,127.05,82.41308300263982,2.6157142857142857,2.55,1.3162989239313603,5212.571428571428,7982.493810117953,1253.1142857142856,1821.8697311122048,-4.841428571428572,1.6769977425659908,0.16446173164213135,0.29804241698120776,3.142857142857143,1.927248223318863,2.142857142857143,0.8451542547285167,0.2857142857142857,5.438955458768694,4.7000323723764375,15.79846177526152,0.6170308061179901,2.0533333333333332,3.44,0.89,2.55,1.0529429656391123,2.6157142857142857,2.08,2.55,1.6099999999999999,1.9233333333333331,0.47,28
-440.5120112,327.9206233179676,9.438175801265304,-6.166517542000003,-1.641727215000003,2.194499999999999,4.50689941,14,2.4,1.0,0.7071067811865476,121.08,49.8,35.21391770309007,2.872,1.42,1.0040916292848974,4493.2,7550.486209509955,788.92,1235.174125376661,-4.618,0.6576093065034897,0.007879868537647638,0.3926566279876927,3.6,2.8284271247461903,2.0,0.0,0.0,5.91840320230976,9.438175814451727,16.39603116589838,0.4516813250187892,2.73,3.44,2.02,1.42,0.71,2.872,1.42,1.42,1.42,1.42,0.0,20
-374.68540583,356.7483355293301,6.236129956572592,-7.344153459666663,-2.857885393999998,2.800199999999999,4.48473545,55,2.933333333333333,3.0,1.7367006167610077,108.09333333333333,98.5,57.70442203662251,2.7626666666666666,1.8299999999999998,1.1295174533487098,4439.866666666667,6959.015813804003,1043.5866666666666,1618.9647751652308,-4.5326666666666675,0.7653662416588335,0.28662662284588275,0.43007195953401217,2.8,1.7870501915438117,2.0,0.0,0.0,5.540228760029097,6.236129965285317,11.891611184311005,0.42148760626482273,2.356666666666667,3.44,1.61,1.8299999999999998,0.784106001904221,2.7626666666666666,1.625,1.8299999999999998,1.42,1.6933333333333334,0.20499999999999996,30
-561.52622119,449.90207595569206,5.6606600237867895,-7.867746203,-2.795236929,0.0,6.35357894,185,3.8,7.0,3.625307868699863,111.97999999999999,111.4,57.739711513951,2.7,2.2199999999999998,1.2508282969982047,3813.2,6164.569872609582,1350.92,2086.520504846012,-4.884,0.6612542195382521,0.3075769498628314,0.2417634967907255,3.2,1.9639610121239315,2.2,0.5345224838248488,0.0,5.680321622454543,5.660660031695506,14.996735865189732,0.532294646300057,2.2066666666666666,3.44,1.22,2.2199999999999998,0.9229421554042389,2.7,1.8499999999999999,2.2199999999999998,1.48,1.8499999999999996,0.3699999999999999,30
-241.30893409,77.79416386934211,4.196262221360744,-5.775466094285714,-1.829857293095238,2.275299999999999,5.12774121,2,2.0,3.0,1.224744871391589,112.92857142857143,81.4,47.09451742430929,2.525714285714286,2.46,1.4527707517508939,1984.0,3148.1480270152483,923.6857142857143,1373.158045216521,-3.95,1.8071386222423558,0.21636966772827243,0.023470179031319486,2.4285714285714284,1.3887301496588271,1.7142857142857142,0.5976143046671968,0.0,5.337306314515005,4.196262227223497,11.113451981334586,0.5389770165993142,2.1266666666666665,3.44,0.98,2.46,1.0111819267020592,2.525714285714286,1.97,2.46,1.48,2.1333333333333333,0.49,7
-373.648654,89.54423795505451,5.444915828347883,-4.76615059375,-1.104204954999999,0.6381999999999991,0.67584501,14,1.5,1.0,0.6324555320336759,116.8,81.4,42.523217187790486,2.4475,2.46,1.3253641009171782,3686.0,5742.549399003896,1057.6,1277.4429208383442,-3.1375,2.399022717691519,0.13750780479881766,0.18625096223205853,2.75,1.6431676725154984,2.0,0.8944271909999159,0.25,5.247631758646444,5.444915835955173,11.193029744381814,0.7088539320926397,2.1166666666666667,3.44,0.98,2.46,1.0129275503323139,2.4475,1.9849999999999999,2.46,1.51,1.9849999999999999,0.475,8
-114.43050664,96.20782920808556,3.226482428404933,-3.43617809,-1.133168373333332,0.4534,0.53506081,166,1.3333333333333333,1.0,0.7071067811865476,78.26666666666667,94.1,66.53874810965412,1.6933333333333334,2.62,1.8526197667087545,1534.0,1391.5861453751256,670.7333333333333,615.7485850572456,-2.3033333333333332,2.849640328181787,0.26662930109847643,0.03885124079528438,4.0,2.1213203435596424,1.3333333333333333,0.7071067811865476,0.0,3.447898080229441,3.22648243291277,32.06927640269519,1.139491151026873,2.13,3.44,0.82,2.62,1.31,1.6933333333333334,2.62,2.62,2.62,2.62,0.0,3
-676.78954573,169.0956277661006,5.308564454036807,-7.386452825714286,-1.977708699999999,0.0,3.18337454,227,3.0,7.0,3.24037034920393,116.8,111.4,49.98119646427044,2.685714285714286,2.2199999999999998,1.1861251439636786,6669.714285714285,10129.678122089706,1477.3999999999999,2126.0081044060016,-4.677142857142857,0.8868684875931238,0.24997239850015696,0.24123761782564362,3.0,1.5811388300841898,2.4285714285714284,0.6546536707079772,0.2857142857142857,5.735584813967217,5.308564461453598,12.078259126150042,0.5755338473773058,2.19,3.44,1.22,2.2199999999999998,0.9276852914647294,2.685714285714286,1.875,2.2199999999999998,1.53,1.7599999999999998,0.34499999999999986,14
-489.97037022,125.36629858388716,8.287008783415024,-7.113564488,-1.672776781,1.279099999999999,4.28828105,161,2.6,2.0,1.0690449676496976,105.98,125.3,65.59651558690338,2.8340000000000005,1.6099999999999999,0.9950448661815634,5073.2,8033.658230932441,1048.32,1661.1161273587793,-5.006,0.8202177411255764,0.042513071047017445,0.31545225352564643,3.2,2.138089935299395,2.2,0.5345224838248488,0.2,5.894362181089249,8.287008794993108,12.536629858388716,0.5003842564986088,2.43,3.44,1.83,1.6099999999999999,0.7183778021811827,2.8340000000000005,1.515,1.6099999999999999,1.42,1.5150000000000001,0.09499999999999997,10
-422.48923027,379.71621111892205,3.974967516491585,-4.5985464525,-1.9010544184999991,2.311099999999999,1.17822026,72,1.2,2.0,0.9354143466934854,75.16,141.0,70.52502215526061,1.966,2.62,1.5209289924253533,2704.8,3905.1669618596334,693.08,642.0873305088646,-2.688,2.3643365877133484,0.315977580659086,0.14945416706028206,3.4,1.6955824957813173,1.4,0.6123724356957945,0.0,4.1161227816783335,3.9749675220451572,18.985810555946102,1.313295687852117,1.8566666666666667,3.44,0.82,2.62,1.1373165297703576,1.966,2.375,2.62,2.13,2.4566666666666666,0.2450000000000001,20
-355.96082366,279.6471227954062,4.751220194575889,-7.947340789499998,-3.081071199499997,3.706,1.52493835,148,1.8,6.0,2.260776661041756,93.171,138.63,84.62603825064717,2.6,2.44,1.4889220560153202,6195.2,14012.464514773186,1164.02,2346.238977597977,-4.54659,3.001488597623964,0.19605900000000043,0.2232200514066775,3.0,1.8257418583505536,1.8,0.816496580927726,0.1,5.455528377428207,4.751220201213991,13.982356139770308,0.6366719552739813,2.2666666666666666,3.44,1.0,2.44,0.9983096825245272,2.6,1.76,2.44,1.08,2.1,0.6799999999999999,20
-571.55795453,808.3810512647319,4.783115367774303,-6.573414456964285,-2.639062434821427,3.0697,0.46586283,14,2.5714285714285716,5.0,2.220038609702865,89.54714285714286,135.97,79.19735687328388,2.6185714285714283,2.49,1.3029472086663483,2866.8571428571427,4158.162059646751,995.6857142857143,1423.2793882941105,-3.957142857142857,1.6712078608855676,0.3932205829511526,0.25648803413732246,3.0,1.5811388300841898,1.8571428571428572,0.46291004988627577,0.0,5.119116447013078,4.783115374456968,14.435375915441641,0.5495921058334761,2.0666666666666664,3.44,0.95,2.49,1.0326126519120753,2.6185714285714283,2.06,2.49,1.63,1.9166666666666667,0.43000000000000016,56
-367.05506354,78.40702484441908,4.28485740255622,-5.9368204075,-2.693945698125,2.8326000000000002,4.18257704,221,1.0,2.0,1.2977713690461004,70.5,141.0,91.49288151775006,2.4175,2.13,1.3338310474561217,4292.25,5309.422716166737,703.725,799.5288290118452,-3.23125,2.2849755267605683,0.3750000000000002,0.1941242141679283,2.625,0.9032106474595007,1.75,0.8583950752789521,0.0,5.5089545247938645,4.28485740854275,9.800878105552385,0.7185148317039979,2.1333333333333333,3.44,1.31,2.13,0.9343209060893134,2.4175,1.96,2.13,1.79,2.045,0.16999999999999993,8
-406.74975643,110.83397731096576,5.538115174152629,-7.391981858749986,-2.624149660416652,2.1264,2.05572858,194,3.5,8.0,4.049691346263317,106.425,122.9,64.99183794908403,2.5425,2.08,1.163524817096739,6936.0,8748.85555944319,1429.6000000000001,1720.3582696636186,-3.9525,2.3689385808838526,0.2081870486229482,0.27275376235868526,3.25,1.6431676725154984,2.5,0.6324555320336759,0.25,5.40222162385858,5.5381151818901335,13.85424716387072,0.6518601534026838,2.2433333333333336,3.44,1.36,2.08,0.8775850702670114,2.5425,1.795,2.08,1.51,1.7950000000000002,0.28500000000000003,8
-168.44099222,202.50978673214274,5.615032013268026,-6.812026236666665,-2.074947819166665,0.39670000000000005,2.85091042,152,1.75,3.0,1.378404875209022,89.91250000000001,127.05,68.34401766065557,2.4125,2.55,1.3730367802793921,6161.0,8359.590516287266,1380.8500000000001,1699.6157436314834,-4.140000000000001,1.623477748538612,0.22278803192148597,0.2862947182964491,3.5,2.0976176963403033,2.0,0.8944271909999159,0.25,5.049930372244235,5.615032021112992,16.875815561011894,0.7961884823544544,2.07,3.44,0.89,2.55,1.0496666137398103,2.4125,2.0549999999999997,2.55,1.56,2.055,0.4949999999999999,12
-476.69907807,630.4347580643596,4.805034837985734,-4.5428334790000005,-1.316792708000001,0.421699999999999,3.07219881,62,1.2,4.0,2.138089935299395,63.29,127.05,80.81205488221244,1.6019999999999999,2.55,1.33468562376528,14884.4,23937.138413531626,1938.44,1345.0522921326994,-3.2400000000000007,2.1516770867661084,0.4527454897732627,0.15902845675273988,4.6,2.32992949004287,1.4,0.6546536707079771,0.0,3.6973031162103402,4.805034844699024,31.52173790321798,0.8335159844589353,2.0766666666666667,3.44,0.89,2.55,1.0485015763247834,1.6019999999999999,1.7799999999999998,2.55,1.0099999999999998,1.78,0.77,20
-211.80698271,149.23847112129258,3.9826040830217133,-4.4885759125,-1.021018559729165,0.9659000000000001,-0.56361765,63,1.5,1.0,0.6324555320336759,114.0,92.6,48.56303120687587,2.4074999999999998,2.62,1.3971793013067437,3518.5,5786.124748050287,911.85,1214.0246109531718,-2.9425,2.595185927828679,0.15449959675832367,0.19963980203949647,3.25,1.6431676725154984,2.0,0.8944271909999159,0.25,4.9718670571956824,3.9826040885859544,18.654808890161572,0.8519127765142133,2.063333333333333,3.44,0.82,2.62,1.0737576800915352,2.4074999999999998,2.065,2.62,1.51,2.065,0.555,8
-176.11441356,295.6683037514811,2.930066551034778,-5.503627148888889,-1.216014720891203,0.29509999999999903,-1.15824074,7,1.8888888888888888,1.0,0.4472135954999579,143.95555555555555,135.4,52.77643413494322,2.968888888888889,2.46,1.1263281049498854,1681.3333333333333,3080.4379234128387,452.46666666666664,772.1772840481647,-4.3066666666666675,1.5115505284309885,0.16078231162346987,0.1758313085571418,2.4444444444444446,1.1832159566199232,1.8888888888888888,0.4472135954999579,0.0,6.443057596467919,2.930066555128482,16.426016875082283,0.20928841445842042,2.3233333333333333,3.44,0.98,2.46,1.0169999453731002,2.968888888888889,2.0149999999999997,2.46,1.5699999999999998,2.2375,0.44500000000000006,18
-585.56862951,558.291733790787,4.433242743861875,-6.033904283611111,-1.512886412465277,2.5822000000000003,0.92477661,205,2.2222222222222223,2.0,0.8944271909999159,149.25555555555556,87.7,37.81161197304341,3.0777777777777775,1.48,0.7639338976639275,2125.777777777778,3881.069156817487,592.4666666666667,1254.1667185825017,-4.541111111111111,0.9230899197802998,0.15783400720838403,0.1746571265911764,2.7777777777777777,1.61245154965971,2.0,0.0,0.0,6.692314099628907,4.4332427500557205,15.508103716410751,0.22167604050876727,2.65,3.44,1.96,1.48,0.6083310502240262,3.0777777777777775,1.035,1.48,0.5899999999999999,1.2574999999999998,0.44500000000000006,36
-229.24869053,197.40064828822324,5.806702663171706,-4.53005713,-0.710419560476189,0.22429999999999903,0.51766635,141,1.4285714285714286,2.0,0.9636241116594315,116.45714285714287,141.0,63.51940086079438,2.7528571428571427,1.79,1.0558341319950375,4405.428571428572,6590.6188957162,915.8285714285714,1361.267823968314,-3.235714285714286,2.689450289026153,0.15942583273829847,0.24797495495933117,3.142857142857143,1.7928429140015905,2.4285714285714284,0.6546536707079772,0.2857142857142857,6.057268109692125,5.8067026712844685,14.100046306301648,0.4887489399144478,2.34,3.44,1.65,1.79,0.7861721609588237,2.7528571428571427,1.65,1.79,1.51,1.6033333333333335,0.14,14
-240.30342578,149.23847112129258,3.9826040830217133,-4.4885759125,-1.021018559729165,0.9659000000000001,-0.56361765,63,1.5,1.0,0.6324555320336759,114.0,92.6,48.56303120687587,2.4074999999999998,2.62,1.3971793013067437,3518.5,5786.124748050287,911.85,1214.0246109531718,-2.9425,2.595185927828679,0.15449959675832367,0.19963980203949647,3.25,1.6431676725154984,2.0,0.8944271909999159,0.25,4.9718670571956824,3.9826040885859544,18.654808890161572,0.8519127765142133,2.063333333333333,3.44,0.82,2.62,1.0737576800915352,2.4074999999999998,2.065,2.62,1.51,2.065,0.555,8
-383.60402748,637.5524486997233,5.882309752665628,-6.75571939027778,-2.85352409027778,3.2649,3.03313728,130,1.5555555555555556,4.0,1.6681153124565984,96.20555555555556,127.05,77.691145066469,2.431111111111111,2.55,1.5570680362672715,6323.333333333333,12847.45760672211,1108.111111111111,1553.4068925793538,-3.8922222222222222,1.8627515879099044,0.32322921936757265,0.2016170550857832,3.5555555555555554,2.4316750354973156,1.6666666666666667,0.6255432421712243,0.0,5.050526096647988,5.882309760884017,17.70979024165898,0.8632665634019349,2.1133333333333333,3.44,0.89,2.55,1.0435942165846306,2.431111111111111,1.8349999999999997,2.55,1.1199999999999997,2.3116666666666665,0.7150000000000001,36
-444.5614261,137.22105676351921,7.424587765233815,-8.5655365125,-1.918304684166666,0.0,4.04805222,13,2.8333333333333335,4.0,2.068278940998476,117.71666666666665,77.3,46.96228392136727,3.0,1.56,0.9015542135667716,8681.333333333334,18578.157832369827,1564.8,3138.2868957442365,-5.724316666666667,2.5432158781310283,0.08770689566216057,0.2944439882069096,3.0,2.1602468994692865,2.3333333333333335,0.6666666666666667,0.3333333333333333,6.269053301812968,7.4245877756069785,11.435088063626601,0.35316888979942623,2.56,3.44,1.88,1.56,0.6523802572120037,3.0,1.32,1.56,1.08,1.32,0.24,12
-749.57532211,431.8164595308152,5.372659710951702,-7.533076862499999,-2.432151184404761,1.077499999999999,4.82152944,135,3.4285714285714284,6.0,2.7255405754769875,112.31428571428572,133.4,59.805619659503094,2.7457142857142856,1.9,1.0743104100504923,4798.285714285715,8466.438380874384,1381.542857142857,1992.2832063453513,-4.781428571428571,0.7267540358136504,0.19060398137249912,0.07951045509364056,3.142857142857143,1.7928429140015905,2.142857142857143,0.46291004988627577,0.14285714285714285,5.716798880999158,5.37265971845804,15.422016411814829,0.3765790324822211,2.313333333333333,3.44,1.54,1.9,0.8149164919725755,2.7457142857142856,1.69,1.9,1.48,1.6199999999999999,0.20999999999999996,28
-399.77170313,549.8176542566329,5.019475058420438,-6.739055862222222,-2.912376178888889,2.698599999999999,3.12865424,130,1.5555555555555556,4.0,1.6681153124565984,93.23222222222222,135.97,83.23684074087471,2.451111111111111,2.49,1.5222751850865976,6323.333333333333,12847.45760672211,945.4444444444445,1383.2582581339077,-3.808888888888889,2.0174661249243795,0.315576995015934,0.18744365257984924,3.2222222222222223,1.8533166509519232,1.6666666666666667,0.6255432421712243,0.0,5.170391886707327,5.01947506543333,15.272712618239801,0.8238083177439182,2.1333333333333333,3.44,0.95,2.49,1.020272294809359,2.451111111111111,1.775,2.49,1.0599999999999998,2.251666666666667,0.7150000000000002,36
-788.54299108,133.06058275559766,7.385085491332305,-9.829883052500001,-3.039436780388889,1.8279,3.29941421,109,3.6666666666666665,5.0,3.3333333333333335,107.60000000000001,110.0,67.2775346357658,2.815,1.94,1.2511261593726934,9948.0,20184.655161780694,1628.6333333333332,3188.7628715712167,-5.858333333333334,2.1855040100118277,0.1449240455904972,0.3877615836559874,3.0,2.1602468994692865,2.3333333333333335,0.6666666666666667,0.3333333333333333,6.033189246371187,7.385085501650276,11.088381896299806,0.4012482047239589,2.19,3.44,1.5,1.94,0.8854753902095002,2.815,1.875,1.94,1.81,1.875,0.06499999999999995,12
-369.61931836,538.6539781098929,4.74416993043778,-5.422337313750001,-1.50242969321875,3.9227,0.65472555,61,1.6,2.0,1.0690449676496976,123.6,195.0,87.18453335966682,2.904,1.79,0.9561305947859394,2683.2,4111.505667896234,481.71999999999997,647.6058457337854,-3.944,1.9500842472643516,0.21000000000000033,0.21380899352993948,2.8,1.3093073414159542,2.2,0.5345224838248488,0.0,6.52788119037898,4.744169937066032,13.466349452747323,0.2879912945011447,2.5466666666666664,3.44,1.65,1.79,0.7307682411149394,2.904,1.345,1.79,0.8999999999999999,1.5675,0.44500000000000006,40
-536.39629629,205.11350744745477,5.303605185163235,-6.382639721538461,-1.913001807692306,1.4866000000000001,4.74754579,8,2.1538461538461537,3.0,1.0660035817780522,118.70538461538462,138.63,52.23807506372757,2.8246153846153845,2.44,1.1375112387057187,6855.076923076923,12243.855082151507,762.9692307692308,1179.8418576618262,-4.486923076923077,1.1595159648436382,0.11269966931368956,0.2586066730520231,3.076923076923077,1.9188064472004938,1.9230769230769231,0.3692744729379982,0.0,6.145632795940134,5.303605192573096,15.777962111342674,0.40342275421159546,2.1633333333333336,3.44,1.0,2.44,0.9993442294269221,2.8246153846153845,1.7449999999999999,2.44,1.0499999999999998,1.9766666666666666,0.6950000000000001,13
-729.5248869,430.2301978550438,3.881340677731001,-8.224208113703703,-2.693702212592591,2.878,-0.58656794,21,2.888888888888889,7.0,3.2480763537823427,106.79444444444444,127.05,70.28559240697912,2.7544444444444447,2.55,1.4091078737981702,6103.555555555556,13151.289586956862,1116.0222222222221,2148.538069944305,-4.867777777777778,1.5839002493844114,0.11239506408444579,0.4497563452410851,2.888888888888889,1.9493588689617927,2.111111111111111,0.806225774829855,0.2222222222222222,5.715097975851663,3.881340683153763,15.934451772409032,0.4718666636685025,1.9866666666666666,3.44,0.89,2.55,1.0711468412666656,2.7544444444444447,2.1799999999999997,2.55,1.81,2.0566666666666666,0.3699999999999999,27
-640.05506093,157.49365025018096,3.920497855706924,-8.6049389,-2.610714884615385,0.6497,3.44783157,8,3.3846153846153846,7.0,3.4178674903831747,102.52076923076923,138.63,69.45893708450404,2.6953846153846155,2.44,1.323097261593555,7808.923076923077,14174.007132135152,1322.9692307692308,2259.8037505299194,-5.056153846153847,1.3936870654360098,0.024777665084158206,0.44099145598387207,2.769230769230769,1.3483997249264843,2.230769230769231,0.7977240352174656,0.3076923076923077,5.62156838771883,3.920497861184394,12.114896173090843,0.46282013676615935,2.0233333333333334,3.44,1.0,2.44,1.034225421376898,2.6953846153846155,2.125,2.44,1.81,1.936,0.31499999999999995,13
-649.73540161,61.19862441273594,8.362866208274177,-8.099699903333333,-1.719145625,0.0,4.25990351,65,2.8333333333333335,4.0,2.068278940998476,129.88333333333333,86.7,41.79875729146874,2.936666666666667,1.78,1.0305230602843283,7898.0,15515.333404947078,1334.3,2589.5264830981487,-5.503333333333333,1.1996295724560606,0.1321679883923048,0.22302307474312197,3.0,2.1602468994692865,2.3333333333333335,0.6666666666666667,0.3333333333333333,6.327584640135232,8.362866219958244,10.199770735455989,0.41535492019458997,2.4333333333333336,3.44,1.66,1.78,0.7451770855903238,2.936666666666667,1.5099999999999998,1.78,1.2399999999999998,1.5099999999999998,0.27000000000000013,6
-466.79578236,988.2110324036479,4.741962688460113,-7.471631555625,-2.717900925124999,3.950699999999999,1.59933635,205,1.8,6.0,2.260776661041756,92.46000000000001,141.0,86.03987447689589,2.693,2.13,1.3050478918415216,6243.2,14027.685862845185,1045.8200000000002,2303.391722848914,-4.42959,3.19404750564755,0.27405900000000044,0.32133252457539935,2.7,1.615893285805443,1.8,0.816496580927726,0.1,5.827292710246748,4.741962695085282,12.352637905045599,0.47071862768045647,2.3699999999999997,3.44,1.31,2.13,0.8695976080923866,2.693,1.605,2.13,1.08,1.8674999999999997,0.5249999999999999,80
-309.21367081,432.1332126609825,5.585109182132804,-6.9249625282142855,-1.707838569642855,0.5327000000000001,5.73472767,135,2.5714285714285716,2.0,0.9636241116594315,112.3,125.3,56.55072943826631,2.8128571428571427,1.6099999999999999,0.9621775897856456,7726.857142857143,11714.167563864097,1030.6857142857143,1527.8668846279957,-4.885714285714286,0.7838640552690607,0.06220193348999281,0.2563803338154739,3.142857142857143,1.7928429140015905,2.142857142857143,0.46291004988627577,0.14285714285714285,6.080984607241128,5.585109182132804,15.433329023606518,0.3763030004999543,2.44,3.44,1.83,1.6099999999999999,0.7127879535083815,2.8128571428571427,0.9149999999999998,1.6099999999999999,0.21999999999999975,1.1466666666666665,0.6950000000000001,28
-473.37664428,144.63734978159653,3.840585880486441,-6.023788655833333,-1.8707510703906252,2.868999999999999,1.32942344,63,1.6666666666666667,2.0,1.0540925533894598,126.5,195.0,84.72602905837142,2.936666666666667,2.13,1.1267850036472993,2498.0,4747.178530453642,446.9666666666667,732.4392928958533,-4.163333333333333,1.833242421988368,0.23333333333333364,0.2532017201977725,2.5,1.0801234497346432,1.8333333333333333,0.5270462766947298,0.0,6.460971489142616,3.8405858858522635,12.05311248179971,0.3336193316211312,2.433333333333333,3.44,1.31,2.13,0.8734732712313271,2.936666666666667,1.6849999999999998,2.13,1.2399999999999998,1.952,0.44500000000000006,12
-465.33176163,217.50525204727657,4.426262699821197,-6.77348626,-2.554010083,2.5261,2.46516353,15,2.0,4.0,1.6903085094570331,108.4,141.0,73.31731426769922,2.728,2.13,1.2022419533046227,8233.2,16346.14350324172,945.32,1578.9549672398603,-4.16,1.7876560870912184,0.2785121426338409,0.18577031058947868,2.6,1.0690449676496976,1.8,0.5345224838248488,0.0,5.953930135374207,4.42626270600529,10.87526260236383,0.46036100051759693,2.2533333333333334,3.44,1.31,2.13,0.8864285394523099,2.728,1.4149999999999998,2.13,0.6999999999999997,1.7725,0.7150000000000001,20
-276.35353522,121.82676206704514,5.310802143868639,-4.776999415833333,-1.058444209166666,2.1576,2.7733007,205,1.3333333333333333,2.0,1.4142135623730951,94.0,141.0,99.7020561473032,2.8433333333333333,1.79,1.2657211383239202,2598.0,5040.2571362977105,453.4666666666667,770.6049701370995,-3.75,2.630437226013957,0.29666666666666697,0.14142135623730925,2.6666666666666665,1.4142135623730951,2.3333333333333335,0.7071067811865476,0.0,6.439637752012399,5.310802151288555,10.152230172253761,0.3977960790553215,2.545,3.44,1.65,1.79,0.895,2.8433333333333333,1.79,1.79,1.79,1.79,0.0,12
-91.48042873,257.00605812411413,4.535901711324128,-4.123469275,-1.405377440642856,0.6513,0.27050279,14,1.1428571428571428,2.0,1.0307764064044151,74.25714285714285,141.0,75.02183015629517,2.1914285714285713,2.62,1.3985371822014603,2560.8571428571427,3119.2852145964466,630.657142857143,579.1939355690804,-2.7071428571428577,2.447719601996928,0.2771451349855002,0.06150445163986191,3.4285714285714284,1.6007810593582121,2.0,0.9354143466934853,0.0,4.7021469131439355,4.535901717661402,18.357575580293865,0.9580776064202732,1.9833333333333332,3.44,0.82,2.62,1.0895360888418928,2.1914285714285713,2.185,2.62,1.75,2.185,0.43500000000000005,14
-622.53994606,69.89891131305731,5.47759791781114,-8.05022128,-2.767403298055555,1.5783,4.64551689,65,3.3333333333333335,6.0,3.1269438398822857,113.14999999999999,133.4,68.98674993552505,2.8766666666666665,1.9,1.1396393191610132,4431.333333333333,9679.305163308183,1132.6333333333334,2103.5382536204197,-4.916666666666667,0.6694608112337702,0.1922869674553401,0.0915945546166725,2.8333333333333335,1.7159383568311666,2.1666666666666665,0.5270462766947298,0.16666666666666666,6.011508410437915,5.477597925464092,11.64981855217622,0.39890758057811904,2.313333333333333,3.44,1.54,1.9,0.8149164919725755,2.8766666666666665,1.69,1.9,1.48,1.69,0.20999999999999996,6
-187.9797618,216.56275852085403,8.93386242046077,-4.90796435375,-0.9115316718750011,0.0,3.8654609300000002,166,1.5,2.0,1.0954451150103324,98.5,141.0,73.47652686402645,2.6975,1.53,0.9400585088174034,4983.5,8985.356509343412,999.07,1621.2406896941613,-3.48,2.4302427862252776,0.17689959768918784,0.0772155416607556,3.5,2.0976176963403033,2.5,0.6324555320336759,0.25,6.011144122543804,8.933862432942597,13.535172407553375,0.484898127250168,2.4499999999999997,3.44,1.91,1.53,0.7009992867328754,2.6975,1.4849999999999999,1.53,1.44,1.4849999999999999,0.04500000000000004,16
-138.58217706,96.20782920808556,3.226482428404933,-3.43617809,-1.133168373333332,0.4534,0.53506081,166,1.3333333333333333,1.0,0.7071067811865476,78.26666666666667,94.1,66.53874810965412,1.6933333333333334,2.62,1.8526197667087545,1534.0,1391.5861453751256,670.7333333333333,615.7485850572456,-2.3033333333333332,2.849640328181787,0.26662930109847643,0.038851240795284375,4.0,2.1213203435596424,1.3333333333333333,0.7071067811865476,0.0,3.447898080229441,3.22648243291277,32.06927640269519,1.139491151026873,2.13,3.44,0.82,2.62,1.31,1.6933333333333334,2.62,2.62,2.62,2.62,0.0,3
-571.49221078,153.21182131644215,4.651279266562305,-6.32210198,-2.31565746346875,3.7027,1.67741925,11,1.6,2.0,1.0690449676496976,124.606,189.97,84.64215582590711,2.7640000000000002,2.49,1.2966054582199298,2813.2,4380.858559036769,576.72,848.9841257139534,-4.026000000000001,1.7515013967614026,0.2265088161316137,0.24623610598286827,3.0,1.6903085094570331,1.8,0.5345224838248488,0.0,5.916886947801732,4.651279273060777,15.321182131644216,0.5560312987301594,2.313333333333333,3.44,0.95,2.49,1.0302211197386488,2.7640000000000002,2.045,2.49,1.5999999999999999,2.2675,0.4450000000000002,10
-162.07743248,116.260355946894,9.751712740282583,-4.4215644075,-0.8891108574999991,0.8955000000000001,1.76975033,2,1.25,2.0,1.0488088481701516,126.2,222.8,101.38260205774954,2.7775,1.75,0.9201901977308822,4811.0,6432.905533271883,1087.35,1569.610523665027,-2.965,2.5615854465545356,-0.11258525217401358,0.8404897862966915,3.75,2.2583179581272432,2.5,0.6324555320336759,0.0,6.196810685643527,9.751712753907059,14.53254449336175,0.4767589599515305,2.5566666666666666,3.44,1.69,1.75,0.7145317036742006,2.7775,1.325,1.75,0.8999999999999999,1.325,0.42500000000000004,8
-216.28768943,482.3161905859486,6.936604880949349,-6.347877112894737,-2.008880134035087,1.396299999999999,5.61930584,2,2.9473684210526314,3.0,1.7499999999999998,112.07894736842105,112.1,61.144945621040506,2.856842105263158,1.66,1.049583250628553,1931.7894736842106,3434.4689181880794,1004.6,1656.1009419718353,-4.3510526315789475,1.2573608272886507,0.260079904980335,0.10886241749947728,3.1052631578947367,1.9843134832984428,2.0,0.0,0.0,5.68520344138795,6.936604890640734,12.69253133120917,0.4626078182649047,2.393333333333333,3.44,1.78,1.66,0.7437442810237639,2.856842105263158,1.5699999999999998,1.66,1.48,1.5828571428571425,0.08999999999999998,38
-365.93180737,193.8256732273988,5.122514555962003,-5.3791634883333295,-1.919143204259254,1.4367,1.04895133,63,1.7777777777777777,3.0,1.1902380714238083,93.05555555555556,105.9,56.50877512976782,2.223333333333333,2.46,1.507232563342499,1962.0,2134.7587685731614,982.5333333333333,1048.7119242194208,-3.4575445555555557,1.92045202993987,0.18073824649387837,0.1395306570789992,2.4444444444444446,1.632993161855452,1.5555555555555556,0.6454972243679028,0.0,4.654320081915795,5.1225145631188544,10.76809295707771,0.8164897874048186,2.25,3.44,0.98,2.46,1.0058826969383656,2.223333333333333,1.785,2.46,1.1099999999999999,2.19,0.675,18
-603.12091222,264.57220185605274,5.94239454971778,-7.735923113333325,-2.235131224999993,0.5192999999999991,6.2679598,109,3.0,5.0,2.581988897471611,119.63333333333333,90.4,47.82535357364799,2.9066666666666663,1.81,1.0803600222970942,7231.333333333333,14075.676956288029,983.4666666666667,1934.8819131352118,-5.008333333333334,0.7561488683527278,0.050300222798834206,0.3778578454801819,2.8333333333333335,1.7159383568311666,2.1666666666666665,0.5270462766947298,0.16666666666666666,6.204852537744315,5.9423945580201165,11.023841744002198,0.4035973513139959,2.373333333333333,3.44,1.63,1.81,0.7734913631637325,2.9066666666666663,1.115,1.81,0.41999999999999993,1.532,0.6950000000000001,24
-431.31524,67.541266847953,6.165888288342769,-8.324014238,-3.037705825999999,1.1738,2.56602198,221,2.8,8.0,3.625307868699863,84.6,141.0,92.30616756982478,2.586,2.1399999999999997,1.3976919750584735,6973.2,13133.385223489464,1301.92,2477.2230051295055,-4.926,2.7825296815256846,0.3924608477676307,0.2756782728181051,3.0,2.0701966780270626,2.0,0.8451542547285166,0.0,5.617197687943068,6.165888296957356,13.5082533695906,0.4804475194514071,2.016666666666667,3.44,1.3,2.1399999999999997,1.0064569317936836,2.586,2.135,2.1399999999999997,2.13,2.135,0.004999999999999893,5
-249.91283933,125.00498495957883,3.45458838715659,-6.04434721125,-1.504170098062499,0.0,1.58643865,82,2.0,2.0,0.8944271909999159,98.525,92.6,54.16104688796184,2.395,2.62,1.4042649322688365,4743.5,8437.163006603583,1103.1,1606.7330381864936,-3.9275,2.0869187813616517,0.15766483660555275,0.1927539549342179,3.0,1.2649110640673518,2.0,0.8944271909999159,0.25,4.924021817408391,3.454588391983123,15.625623119947347,0.9074484539552505,2.0466666666666664,3.44,0.82,2.62,1.076083433361724,2.395,2.09,2.62,1.56,2.09,0.53,8
-483.99897202,837.6689258086527,4.048522256479207,-7.619861021071428,-3.448150932499999,4.1027,1.66049329,173,2.5714285714285716,5.0,2.220038609702865,94.70714285714287,127.05,71.66763938985493,2.552857142857143,2.55,1.386645489765035,4326.857142857143,6366.421421354835,1155.4,1648.550654362795,-4.195714285714286,1.4205959514030924,0.41364296481614066,0.2904554788749753,2.857142857142857,1.7928429140015905,1.8571428571428572,0.46291004988627577,0.0,5.097011747652727,4.048522262135545,14.958373675154514,0.5884075909001776,1.9799999999999998,3.44,0.89,2.55,1.0734057946554973,2.552857142857143,2.19,2.55,1.8299999999999998,2.07,0.36,56
-175.57342543,96.20782920808556,3.226482428404933,-3.43617809,-1.133168373333332,0.4534,0.53506081,166,1.3333333333333333,1.0,0.7071067811865476,78.26666666666667,94.1,66.53874810965412,1.6933333333333334,2.62,1.8526197667087545,1534.0,1391.5861453751256,670.7333333333333,615.7485850572456,-2.3033333333333332,2.849640328181787,0.26662930109847643,0.038851240795284375,4.0,2.1213203435596424,1.3333333333333333,0.7071067811865476,0.0,3.447898080229441,3.22648243291277,32.06927640269519,1.139491151026873,2.13,3.44,0.82,2.62,1.31,1.6933333333333334,2.62,2.62,2.62,2.62,0.0,3
-246.73647566,74.54787045732388,5.733048487761328,-6.508668765999999,-2.375606296999999,0.0,6.7212011700000005,221,1.8,3.0,1.3093073414159542,106.24600000000001,135.97,70.40058421023832,2.664,2.49,1.3524211093970906,5673.2,10199.997563024917,757.12,1094.9363399629353,-4.154,1.7132383705385879,0.2072636011855117,0.2892363965538042,3.2,1.9639610121239315,1.8,0.5345224838248488,0.0,5.693562090100437,5.733048495771179,14.909574091464776,0.6572247862815532,2.1466666666666665,3.44,0.95,2.49,1.0188337559298977,2.664,1.795,2.49,1.0999999999999999,2.1425,0.6950000000000002,5
-549.42250827,94.53809659793289,5.313385853159397,-6.7230247174999995,-1.724905211666666,0.0,4.0943811,10,2.375,7.0,2.8237712744707766,115.85000000000001,133.4,54.80618482194179,2.625,1.9,1.0673134004297153,7361.0,9528.268943130834,1690.1,2081.22636316592,-3.9525,1.9471950136164153,0.1431842228703592,0.11267941110039618,3.0,1.2977713690461004,2.5,0.6488856845230502,0.5,5.624578180753075,5.313385860582922,11.817262074741611,0.4869057111964292,2.2933333333333334,3.44,1.54,1.9,0.8240280469876144,2.625,1.72,1.9,1.54,1.63,0.17999999999999994,8
-534.56784814,46.607380747893124,4.832002015729212,-6.127062854999999,-2.126880714999999,0.0,3.8653765,123,1.25,2.0,1.0488088481701516,100.6925,138.63,72.74684508623038,2.445,2.44,1.3213780685329994,5521.0,7006.123150501995,1284.35,1642.571324478788,-3.4850000000000003,1.9042163742600262,0.20185483692552408,0.10993721977495131,3.0,1.2649110640673518,2.0,0.8944271909999159,0.25,5.286603637183161,4.832002022480177,11.651845186973283,0.7840941918740038,2.1133333333333333,3.44,1.0,2.44,1.0074831126238406,2.445,1.99,2.44,1.54,1.99,0.44999999999999996,4
-391.23576226,149.26590686018258,8.1176254841836,-5.340340333,-1.024969332333334,0.0,3.39612036,65,2.0,2.0,0.8451542547285166,127.96,49.8,25.822138895584484,2.854,1.51,0.9598214119601327,4573.2,7123.328395390137,908.5200000000001,1362.922171554299,-3.9480000000000004,2.2163741303566704,0.04953801718563271,0.30818678888982415,3.4,2.32992949004287,2.2,0.5345224838248488,0.2,6.008612354595528,8.117625495525031,14.926590686018258,0.4961468588402669,2.4633333333333334,3.44,1.93,1.51,0.6915843324489711,2.854,1.4649999999999999,1.51,1.42,1.4649999999999999,0.04500000000000004,10
-505.12212425,106.52686856388705,5.655312254591946,-6.726789122,-1.9729209909999992,0.0,5.51865551,194,2.2,5.0,2.138089935299395,103.84,98.5,61.001206077069845,2.826,1.8299999999999998,1.0353605307193376,5613.2,9180.487475385731,1259.72,1923.2501999034268,-4.3100000000000005,1.1761013075897357,0.22651910750222282,0.4215188122774981,2.8,1.558387444947959,2.2,0.5345224838248488,0.2,5.720296157650602,5.655312262493193,10.652686856388698,0.42035605749419375,2.4166666666666665,3.44,1.61,1.8299999999999998,0.7626416079799359,2.826,1.5349999999999997,1.8299999999999998,1.2399999999999998,1.535,0.29500000000000004,10
-666.07006275,155.51158454528982,4.627600053788692,-7.88001573,-3.013763015555556,1.6920000000000002,1.8345027999999992,123,3.111111111111111,7.0,3.433899629672753,97.88888888888889,99.9,62.663579267918195,2.388888888888889,2.62,1.5424912209366595,5276.666666666667,10965.141243960334,1304.111111111111,2388.3945217795713,-4.452222222222222,2.564047906468728,0.35227518345253395,0.26056779043384815,3.3333333333333335,1.9364916731037085,2.0,0.8660254037844386,0.0,4.90749823685135,4.627600060254081,17.27906494947665,0.9288320702866023,1.8633333333333333,3.44,0.82,2.62,1.1341467669084495,2.388888888888889,2.365,2.62,2.11,2.3649999999999998,0.2550000000000001,9
-116.95835646,131.36128292763178,8.607439519434182,-3.77048224875,-0.508349317291668,0.0,1.28044933,2,1.25,2.0,1.0488088481701516,101.9,141.0,74.84095135686077,2.7024999999999997,1.51,0.9333970216365595,3508.5,5789.4517529728155,811.32,1218.0780475486781,-2.745,2.8459304278214534,0.12734368820239944,0.18144898058243245,3.75,2.2583179581272432,2.5,0.6324555320336759,0.25,6.024374311562164,8.607439531459951,16.420160365953972,0.504014702820224,2.4566666666666666,3.44,1.93,1.51,0.6959086785555191,2.7024999999999997,1.475,1.51,1.44,1.475,0.03500000000000003,8
-702.51061957,334.9949856779148,8.51929362332651,-6.291581664074074,-1.3358870674074081,0.0,4.33835653,150,2.3333333333333335,1.0,0.6708203932499369,121.34444444444443,77.3,40.96483858139807,2.9511111111111115,1.56,0.9853628773198227,4370.222222222223,8596.794623579186,823.911111111111,1568.091173369712,-4.745555555555556,0.5424158920975679,0.06945007962902218,0.3342407363043197,3.111111111111111,2.3664319132398464,2.111111111111111,0.4472135954999579,0.1111111111111111,6.187493701533167,8.519293635229127,12.407221691774623,0.4482088237395448,2.4466666666666668,3.44,1.88,1.56,0.7047142841054254,2.9511111111111115,1.49,1.56,1.42,1.4666666666666666,0.07000000000000006,27
-687.01999554,579.7570802756806,5.886215417922717,-6.527075981041666,-1.120911605208334,0.0,1.5679163200000001,4,2.3333333333333335,1.0,0.6761234037828132,117.52499999999999,77.3,48.62627596563111,2.9316666666666666,1.56,1.0323094774062946,5106.333333333333,10087.85910176896,1013.2166666666667,1934.9578580866892,-4.827500000000001,0.39166129682235845,0.10013781610525019,0.2750652570405396,2.8333333333333335,1.8361450300639575,2.25,0.6210590034081188,0.25,6.219334863736353,5.8862154261465625,12.078272505743344,0.3816322396730561,2.4466666666666668,3.44,1.88,1.56,0.7047142841054254,2.9316666666666666,1.49,1.56,1.42,1.5250000000000001,0.07000000000000006,48
-399.93042202,598.8016249694853,3.261107960997967,-6.048224193055556,-1.7498698746875,3.0199,-0.18573861,14,1.7777777777777777,2.0,0.8944271909999159,137.59666666666666,192.63,74.91900546590297,2.9711111111111115,2.44,1.1183894670462522,2296.8888888888887,4349.121037635076,468.2444444444444,821.3260241828455,-4.314444444444444,1.4861678909194618,0.17000000000000032,0.18444511378727288,2.6666666666666665,1.3416407864998738,1.8888888888888888,0.4472135954999579,0.0,6.458188270550173,3.2611079655541806,16.63337847137459,0.28456134658817767,2.33,3.44,1.0,2.44,1.008199715664841,2.9711111111111115,1.9949999999999999,2.44,1.5499999999999998,2.2175000000000002,0.44500000000000006,36
-588.84340641,146.56131453997776,5.8647608105981615,-7.051648147692309,-1.744743971061009,1.214799999999999,1.7979913600000001,12,2.3846153846153846,5.0,2.161923459209012,86.76923076923077,141.0,92.97264674880596,2.7346153846153842,1.89,1.2106771371570466,4152.0,7312.152600443586,754.123076923077,1256.7723463041277,-4.81923076923077,2.512519954495711,0.18925127095741578,0.17007790704561607,2.923076923076923,1.6352103973123033,2.3846153846153846,0.659380473395787,0.23076923076923078,5.915126165245738,5.864760818792032,11.273947272305982,0.49752155209743637,2.2266666666666666,3.44,1.55,1.89,0.8598578693921196,2.7346153846153842,1.8199999999999998,1.89,1.75,1.834,0.06999999999999995,13
-444.68025381,232.93390533970975,5.906325725336302,-5.508840206666666,-1.155619659791667,0.0,4.93128503,12,1.4583333333333333,2.0,0.8615312094432334,120.77500000000002,141.0,50.739836971561324,2.685,2.13,1.1169256830095993,5757.75,8194.242413604767,1362.4416666666666,1957.9055504472246,-3.5925,2.0391311631724722,0.1919489220549527,0.18070411046373633,2.8333333333333335,1.260976649982561,2.2916666666666665,0.8171302609462198,0.375,5.860002219567157,5.906325733588245,9.705579389154574,0.5700776316122778,2.216666666666667,3.44,1.31,2.13,0.8979359046663011,2.685,1.835,2.13,1.54,1.6472727272727272,0.29499999999999993,24
-727.69914627,125.36629858388716,8.287008783415024,-7.113564488,-1.672776781,1.279099999999999,4.28828105,161,2.6,2.0,1.0690449676496976,105.98,125.3,65.59651558690338,2.8340000000000005,1.6099999999999999,0.9950448661815634,5073.2,8033.658230932441,1048.32,1661.1161273587793,-5.006,0.8202177411255764,0.042513071047017445,0.31545225352564643,3.2,2.138089935299395,2.2,0.5345224838248488,0.2,5.894362181089249,8.287008794993108,12.536629858388716,0.5003842564986088,2.43,3.44,1.83,1.6099999999999999,0.7183778021811827,2.8340000000000005,1.515,1.6099999999999999,1.42,1.5150000000000001,0.09499999999999997,10
-479.44881687,231.2664114031107,4.211510356863677,-7.371135546666666,-1.9725945233333322,0.6980000000000001,0.68334754,2,2.888888888888889,4.0,1.949358868961793,127.58888888888889,76.7,34.31090205750936,2.9244444444444446,1.78,1.0463531908490555,9492.444444444445,19162.85776704508,1074.5777777777778,1981.8623988561872,-5.09,1.1791946404220128,0.19474519456666536,0.07821043910585293,2.6666666666666665,1.3416407864998738,2.111111111111111,0.4472135954999579,0.1111111111111111,6.234772254777198,4.211510362747732,12.848133966839482,0.28785134825969916,2.3699999999999997,3.44,1.66,1.78,0.7699783546741212,2.9244444444444446,1.065,1.78,0.34999999999999987,1.4224999999999999,0.7150000000000001,18
-765.62321321,386.4233566548507,4.76399071046448,-9.455553118333333,-3.605859811999999,0.0,6.04245571,185,4.6,7.0,4.27617987059879,92.03999999999999,133.4,80.66711137224921,2.616,2.2199999999999998,1.3553491906410793,6153.2,10185.572794048312,1487.92,2287.65003317503,-5.204000000000001,0.35229857466967673,0.28211888485905784,0.2731894276354686,3.0,1.6903085094570331,2.4,0.6546536707079771,0.2,5.454972146841745,4.763990717120425,12.88077855516169,0.5999233770456615,2.0666666666666664,3.44,1.22,2.2199999999999998,0.9798412569844611,2.616,2.0599999999999996,2.2199999999999998,1.9,2.06,0.15999999999999992,30
-499.2949936,138.64131444692424,5.6543433064702135,-6.885710812142856,-1.982464174285712,0.0,4.96761172,88,2.7142857142857144,8.0,3.4434202266268428,116.98571428571428,122.9,54.975286655524975,2.7028571428571433,2.08,1.1473821134590316,6155.428571428572,9140.45991340542,1409.1142857142856,2015.063998274709,-4.162857142857143,1.785423119119307,0.2177994964731344,0.17748260570657282,2.857142857142857,1.3093073414159544,2.4285714285714284,0.6546536707079772,0.2857142857142857,5.791815214936456,5.654343314370102,9.90295103192316,0.5970570746685727,2.233333333333333,3.44,1.36,2.08,0.881261721750254,2.7028571428571433,1.81,2.08,1.54,1.72,0.27,14
-594.24281228,594.0289866900115,7.747064328868598,-8.271159751,-2.850313608,2.7752,3.96780106,55,3.6,6.0,3.1167748898959187,99.84,105.9,67.4115611110481,2.7960000000000003,2.11,1.135548954722529,5287.2,10759.187648570074,1394.92,2413.1342310660752,-5.057580199999999,1.2229210418152807,0.2587550747777376,0.36092532495330676,3.4,2.32992949004287,2.2,0.5345224838248488,0.0,5.675195240383504,7.7470643396923045,14.850724667250287,0.5756202826266338,2.3666666666666667,3.44,1.33,2.11,0.8617939944609087,2.7960000000000003,1.6099999999999999,2.11,1.1099999999999999,1.61,0.5,40
-129.24156189,68.73744318176621,10.33159453202636,-4.7491410174999995,-0.6799591756250011,0.0,2.97801688,166,1.5,2.0,1.0954451150103324,121.825,205.3,94.96266108318574,2.79,1.44,0.8316730126678393,5683.5,10509.690366514134,1227.07,2115.0717959256135,-3.4475000000000002,2.427647008936843,0.04840615750425291,0.3529261048538021,4.0,2.5298221281347035,2.5,0.6324555320336759,0.25,6.376756623259508,10.331594546461007,17.184360795441552,0.38192748805482335,2.573333333333333,3.44,2.0,1.44,0.6233957188032512,2.79,1.3,1.44,1.1600000000000001,1.3,0.1399999999999999,4
-621.0878299,284.2620355236635,6.91193356288052,-8.98422739409091,-2.043718429545455,0.0,3.19545787,13,3.090909090909091,4.0,2.7174648819470297,123.37272727272726,69.1,43.98173134731843,3.127272727272727,1.2799999999999998,0.782618877674381,9797.818181818182,23856.40972407786,1571.7818181818182,3706.6305852329842,-6.069981818181819,2.8322212191548126,0.0933254545454552,0.34107921259640583,3.0,2.5191573682788944,2.272727272727273,0.6793662204867574,0.2727272727272727,6.441109740716476,6.911933572537435,12.921001614711976,0.28579454401858756,2.653333333333333,3.44,2.16,1.2799999999999998,0.562217830461547,3.127272727272727,1.18,1.2799999999999998,1.08,1.1466666666666667,0.09999999999999987,22
-314.5298203,106.7884172544058,4.832652372770474,-3.832401744,-1.338735045400001,2.0773,-0.13230634,139,1.2,2.0,0.9354143466934854,75.76,141.0,70.15436550921119,2.104,2.62,1.4660661649461801,1478.8,1282.8460546768658,574.856,527.604193122079,-2.4859999999999998,2.5809470161163715,0.23528005662481083,0.04987168723703508,3.6,1.8708286933869709,1.8,0.9354143466934854,0.0,4.447148379109938,4.832652379522349,21.35768345088116,0.9846685924770979,2.0866666666666664,3.44,0.82,2.62,1.0713646541781292,2.104,2.0300000000000002,2.62,1.44,2.2266666666666666,0.5900000000000001,5
-506.6292093,585.8201112752612,3.254670696551955,-5.010915418214284,-1.8156306434642842,3.2348,0.84590854,198,1.7142857142857142,2.0,0.8944271909999159,95.91428571428571,92.6,54.9146246458992,2.1185714285714288,2.62,1.5504257479802122,3908.0,8333.308922630913,746.657142857143,804.9060665692613,-3.1900000000000004,2.3635312564042814,0.19268540608817736,0.18914537780209054,3.2857142857142856,1.4832396974191326,1.5714285714285714,0.6324555320336759,0.0,4.35163779543542,3.2546706965519556,20.92214683125933,1.019364805127471,2.103333333333333,3.44,0.82,2.62,1.0702751463473723,2.1185714285714288,1.925,2.62,1.23,2.2725000000000004,0.6950000000000001,28
-298.72999694,608.49396671114,4.156477491492943,-4.163848417500001,-1.455973666051723,0.7846000000000001,0.27174718000000003,1,1.2,2.0,0.9354143466934854,77.52000000000001,141.0,69.12608046171864,2.086,2.51,1.4247938447368447,2388.8,2782.576414045084,706.48,631.212654340833,-2.6700000000000004,2.372340616353394,0.22838695089096542,0.0840151472971021,3.0,1.3693063937629153,1.8,0.9354143466934854,0.0,4.603119160272694,4.15647749730011,15.212349167778502,0.871215046540009,2.02,3.44,0.93,2.51,1.0509360906671092,2.086,2.13,2.51,1.75,2.2566666666666664,0.3799999999999999,40
-543.50935394,127.0403679229244,3.373334353584162,-8.893929204545456,-3.607447267727273,4.2788,2.66465528,12,3.6363636363636362,7.0,3.627154532136727,117.30909090909091,122.9,64.41920569597238,2.7818181818181817,2.08,1.2179542273829504,12177.636363636364,25960.607403333226,1198.490909090909,2016.1390837439762,-5.091818181818182,0.22308910775741592,0.31308781229729343,0.1533402876821747,2.5454545454545454,1.0752906583803283,2.1818181818181817,0.5303300858899106,0.0,5.993882727576272,3.3733343582971704,11.549124356629491,0.4077332309350268,2.233333333333333,3.44,1.36,2.08,0.881261721750254,2.7818181818181817,1.31,2.08,0.5399999999999998,1.7377777777777779,0.7700000000000001,11
-178.85022237,122.74472794051745,5.459037155966833,-3.736955248000001,-1.303622809500002,2.03,-0.021722250000000002,139,1.2,2.0,0.9354143466934854,75.16,141.0,70.52502215526061,2.104,2.62,1.4660661649461801,1422.8,1226.411024086134,546.456,489.5763776981075,-2.438,2.6225154908980044,0.2392544483041966,0.05493292501217494,4.0,2.091650066335189,1.8,0.9354143466934854,0.0,4.38053226554624,5.459037163593853,24.548945588103486,1.0156844840449823,2.0866666666666664,3.44,0.82,2.62,1.0713646541781292,2.104,2.0300000000000002,2.62,1.44,2.2266666666666666,0.5900000000000001,5
-298.23418822,228.97144425408607,7.191834402589505,-5.765784393124999,-1.842064596458333,2.521699999999999,4.83961727,15,2.0,2.0,0.8944271909999159,108.2,81.4,43.82985284027315,2.4699999999999998,2.46,1.3121585270080747,3586.0,5530.677499185792,908.1,1039.3235569349904,-3.975,1.6175166150614964,0.08543511898883632,0.30019297817979845,3.0,2.1908902300206647,1.75,0.5477225575051662,0.0,5.149336876899388,7.191834412637479,14.31071526588038,0.5544253378621616,2.1466666666666665,3.44,0.98,2.46,1.0082768579225758,2.4699999999999998,1.94,2.46,1.42,1.94,0.52,16
-483.02608347,131.14839020699588,8.01690927824189,-5.57923834875,-1.863680323749999,1.436299999999999,2.49211653,12,1.25,2.0,1.0488088481701516,127.45750000000001,217.77,98.88474841956165,2.5925000000000002,2.49,1.2864019589537323,5236.0,6653.894618943104,1241.1,1598.0764987947227,-3.1575,2.339596118991481,-0.07194923200949682,0.8800577537574651,3.75,2.2583179581272432,2.0,0.8944271909999159,0.0,5.540444115768243,8.016909289442605,16.393548775874486,0.6957900685604654,2.31,3.44,0.95,2.49,1.029465880930495,2.5925000000000002,1.695,2.49,0.8999999999999999,1.695,0.7950000000000002,8
-338.55333218,498.9382964624441,5.946568654173021,-5.462751778095238,-1.82219273952381,0.9483,2.9557062,15,1.4285714285714286,3.0,1.4113126084211551,90.4,141.0,87.15445870482557,2.710952380952381,1.79,1.1411721038002127,4453.047619047619,7972.452281265106,622.0190476190476,862.2549267406505,-3.6671428571428573,2.303157312594469,0.25893085002566596,0.2227315511462914,2.9523809523809526,1.5230469891462777,2.3333333333333335,0.6337502222976297,0.0,6.175482271279528,5.946568662481189,11.879483249105812,0.4350814878601702,2.38,3.44,1.65,1.79,0.7671158104658427,2.710952380952381,1.095,1.79,0.3999999999999999,1.5914285714285714,0.6950000000000001,42
-755.72068614,178.06410733795033,5.992324436979693,-7.885607520714286,-1.779480684999999,0.0,5.27878065,166,2.857142857142857,6.0,2.7774602993176543,101.11428571428571,141.0,67.62863404547768,2.8185714285714285,1.79,0.9718134741664309,11462.57142857143,20775.501376105738,1623.5428571428572,2794.1542681616047,-5.140857142857143,2.5042056054337296,0.12582857142857182,0.31454113971216624,3.142857142857143,1.7928429140015905,2.4285714285714284,0.6546536707079772,0.2857142857142857,5.845313741527879,5.992324445351789,12.718864809853596,0.44326968644241177,2.4166666666666665,3.44,1.65,1.79,0.752964511484808,2.8185714285714285,1.535,1.79,1.2799999999999998,1.4499999999999997,0.2550000000000001,14
-339.69739604,70.35635538244601,6.885721971520744,-6.073839014,-1.685291061,0.0,2.28059005,221,1.2,2.0,1.3093073414159544,98.13,127.05,72.14521071125532,2.682,2.55,1.3584760369094269,5073.2,8749.511431257992,1129.92,1763.2110610231225,-3.9480000000000004,1.7481909016384423,0.18961925824481934,0.3498147354311505,3.4,2.32992949004287,2.0,0.8451542547285166,0.2,5.515858040552856,6.885721981141038,14.071271076489202,0.7936474810641065,2.1766666666666667,3.44,0.89,2.55,1.0411638786580246,2.682,1.8949999999999998,2.55,1.2399999999999998,1.8949999999999998,0.655,5
-461.74246839,132.27154637308448,7.865005453439968,-7.723453840000002,-2.055167530000002,3.2609,1.58462649,13,2.3333333333333335,6.0,2.5385910352879693,107.10000000000001,141.0,75.0099993334222,2.9616666666666664,1.79,0.9996138143191989,7206.333333333333,17959.511828307335,1228.1333333333334,2963.143558977714,-5.160983333333333,3.473065649073996,0.1767650000000006,0.31240089455164216,3.0,2.1602468994692865,2.3333333333333335,0.6666666666666667,0.16666666666666666,6.369303731900862,7.865005464428454,11.022628864423707,0.3663842270172291,2.483333333333333,3.44,1.65,1.79,0.7359498775203528,2.9616666666666664,1.435,1.79,1.08,1.435,0.355,12
-553.96443669,245.0251966556528,4.332817169165875,-6.281656306153845,-1.84087453576923,2.145,2.43214599,8,2.1538461538461537,3.0,1.0660035817780522,118.52307692307691,141.0,53.0192760829836,2.8484615384615384,2.13,1.0676695096415285,6867.384615384615,12247.249858270594,732.6615384615385,1139.0702947420043,-4.4569230769230765,1.2883498960086326,0.13269966931368957,0.2995254283100227,3.0,1.8829377433825436,1.9230769230769231,0.3692744729379982,0.0,6.250397488342523,4.332817175219411,18.84809205043483,0.2957067254969634,2.2666666666666666,3.44,1.31,2.13,0.8829621861791264,2.8484615384615384,1.4349999999999998,2.13,0.7399999999999998,1.6666666666666667,0.6950000000000001,13
-635.29267795,288.44786290793894,6.854541899733948,-9.33863355388889,-1.990846132222222,0.0,5.58345645,149,6.0,6.0,4.242640687119285,74.4,99.9,70.6399674405361,2.033333333333333,2.11,1.4919953083036153,14074.0,14692.264699494084,3151.3999999999996,3246.892917852389,-6.063333333333333,1.138441917710341,0.5601962492591248,0.35022601046023555,4.0,2.1213203435596424,2.6666666666666665,0.7071067811865476,0.0,4.546321912734153,6.85454190931068,16.024881272663272,0.6677499484649122,2.385,3.44,1.33,2.11,1.055,2.033333333333333,2.11,2.11,2.11,2.11,0.0,18
-593.95987745,101.64004243034374,8.381781460307575,-6.350639434444444,-1.275349055,0.0,4.81612979,123,1.7777777777777777,3.0,1.3385315336840844,111.88888888888889,151.0,77.8639304599162,2.691111111111111,2.13,1.1539190468428304,7834.444444444444,13354.91301606516,1397.6666666666667,2386.437114193458,-4.3966666666666665,2.024231335593835,0.2067605790204997,0.3241733597254496,3.111111111111111,2.071633815776009,2.0,0.8660254037844386,0.2222222222222222,6.005952445695622,8.38178147201807,11.293338047815972,0.5254840063677002,2.316666666666667,3.44,1.31,2.13,0.8734732712313271,2.691111111111111,1.6849999999999998,2.13,1.2399999999999998,1.6849999999999998,0.44500000000000006,9
-794.06925694,592.6795577712895,4.6902726930099,-8.925756148461538,-2.512259845961538,0.9045000000000001,4.78403048,64,3.8461538461538463,7.0,3.5050983275386565,101.00115384615384,135.97,65.98501696813993,2.648076923076923,2.49,1.2972944373359723,9205.0,15077.208140577144,1531.076923076923,2396.863928195699,-5.2396153846153855,1.1861612754716668,-0.021430069388722828,0.4788778046585455,2.8846153846153846,1.4589624493356326,2.3461538461538463,0.7653197277702214,0.38461538461538464,5.48789440584747,4.690272699562852,11.397683803294028,0.5066547240718244,2.0066666666666664,3.44,0.95,2.49,1.0508515065835367,2.648076923076923,2.1500000000000004,2.49,1.81,1.871818181818182,0.3400000000000001,52
-237.35165544,197.76519734263016,3.615630360957872,-4.8230165,-1.9233487985517241,1.5152,0.7175575200000001,36,1.2,2.0,0.9354143466934854,80.31,127.05,64.42971461212598,1.9259999999999997,2.55,1.545327635163495,2728.8,3552.588000317515,927.0799999999999,965.6614391182864,-2.874,2.183139940544353,0.26548710163356193,0.1725130358894289,3.2,1.8371173070873836,1.4,0.6123724356957945,0.0,4.149934025946762,3.615630366009401,19.776519734263015,0.9334036059811273,1.7533333333333332,3.44,0.89,2.55,1.1927652279006495,1.9259999999999997,2.53,2.55,2.51,2.523333333333333,0.020000000000000018,10
-391.62588125,75.13526132667413,5.089365179865764,-7.826176444,-3.207111031999999,0.0,1.9401584600000001,221,3.0,9.0,4.140393356054125,91.01,127.05,81.8341353854595,2.5140000000000002,2.55,1.5284819733504031,4933.2,8419.05875295536,1103.3200000000002,1707.011905557277,-4.404,1.6543794693393137,0.3430517067241464,0.18603126923756527,3.2,2.138089935299395,2.0,0.8451542547285166,0.0,5.219734079824372,5.089365186976302,15.027052265334826,0.8185422862323457,1.8966666666666665,3.44,0.89,2.55,1.1080413149136432,2.5140000000000002,2.315,2.55,2.08,2.315,0.23499999999999988,5
-83.36813426,168.6703061015562,4.436788514976738,-4.439157937499999,-1.009309497291665,1.0399,-0.59218724,63,1.5,1.0,0.6324555320336759,113.625,94.1,49.37370757802172,2.4074999999999998,2.62,1.3971793013067437,3483.5,5798.12311011072,894.1,1211.8347808179133,-2.9125,2.6302300279633344,0.15698359155793978,0.20209790358745353,3.5,1.8973665961010275,2.0,0.8944271909999159,0.25,4.925187825621851,4.4367885211755365,21.083788262694526,0.8694884051738663,2.063333333333333,3.44,0.82,2.62,1.0737576800915352,2.4074999999999998,2.065,2.62,1.51,2.065,0.555,8
-665.92178834,27.51023288811809,3.019437108902679,-7.4465427375,-3.102855802499999,7.463900000000001,2.6082370999999993,186,1.0,2.0,1.4142135623730951,70.5,141.0,99.7020561473032,2.505,1.8699999999999999,1.3222896808188438,4086.0,5464.521205009639,1416.1,1875.1057623504867,-4.37,0.876812408671319,0.291395368912287,0.08682616338265518,2.0,0.0,1.5,0.7071067811865476,0.0,5.928568816062851,3.0194371131212456,6.877558222029522,0.41830448825715566,2.505,3.44,1.57,1.8699999999999999,0.9349999999999999,2.505,1.8699999999999999,1.8699999999999999,1.8699999999999999,1.8699999999999999,0.0,4
-754.2301077,31.795526085917224,3.442778640368225,-6.984548611875,-3.096943435208333,6.1183,4.08666556,166,2.5,4.0,1.8973665961010275,96.025,98.5,57.40107141857197,2.3674999999999997,2.46,1.385564866760124,3536.0,5424.956552821414,1146.85,1436.482006848676,-3.8950000000000005,1.6202839257364743,0.34676020115280676,0.27283353632566837,2.25,0.5477225575051662,1.75,0.5477225575051662,0.0,4.840238442302151,3.4427786451782563,7.948881521479307,0.7158503593793093,2.01,3.44,0.98,2.46,1.0433599570617993,2.3674999999999997,2.145,2.46,1.8299999999999998,2.145,0.31500000000000006,4
-335.88254051,340.7937677956049,4.8046138325185765,-8.220307286785713,-2.114749792623151,1.0831,2.8120628,62,3.142857142857143,3.0,1.7928429140015905,97.57142857142857,141.0,82.22486589486523,2.6957142857142853,1.89,1.152320639901437,8441.142857142857,14672.652170425283,1160.257142857143,1663.650255999053,-5.4557142857142855,1.3050451552122082,0.14562929449525797,0.14818256725264953,2.857142857142857,1.3093073414159544,2.2857142857142856,0.5976143046671968,0.2857142857142857,5.734443812462555,4.804613839231277,12.171205992700175,0.40832232906784094,2.3333333333333335,3.44,1.55,1.89,0.8047497885816574,2.6957142857142853,1.1749999999999998,1.89,0.45999999999999974,1.6039999999999999,0.7150000000000001,28
-441.68905553,410.7811382141837,5.936794741524685,-6.992948920333334,-2.153766481666667,0.0009999999999990002,2.13662833,185,3.2,8.0,3.909694909544003,115.64000000000001,111.4,58.03777095256896,2.694,2.2199999999999998,1.257253241907021,4673.2,7285.108607877541,1262.92,1982.3938890716374,-4.232,2.366860488374541,0.2480738198045495,0.3327818092342656,3.2,1.9639610121239315,2.4,0.6546536707079771,0.2,5.735894486410485,5.936794749819197,13.692704607139458,0.647069318689929,2.1966666666666668,3.44,1.22,2.2199999999999998,0.9257189398276107,2.694,1.8649999999999998,2.2199999999999998,1.51,1.865,0.35499999999999987,30
-436.70020366,278.65152472257455,5.366337091797233,-6.583636744444444,-1.8254305166666671,0.0,1.29030851,15,2.5555555555555554,2.0,1.1832159566199232,130.57777777777778,49.8,23.576428906855252,2.964444444444444,1.4300000000000002,0.9570449310246621,8425.777777777777,18387.345588746626,951.5777777777779,1800.4487462852142,-4.731111111111111,0.5285640926131856,0.15109123307583636,0.24386549563020618,2.888888888888889,1.949358868961793,2.0,0.0,0.0,6.305821326184928,5.366337099294738,15.480640262365252,0.27954929412593116,2.4899999999999998,3.44,2.01,1.4300000000000002,0.6717638473948019,2.964444444444444,0.7150000000000001,1.42,0.010000000000000231,1.0675,0.7049999999999998,18
-400.31639454,248.858487577255,4.121739039793437,-6.521447505555555,-1.427935919179836,1.5967,0.39565042,14,2.3333333333333335,3.0,1.3416407864998738,137.33333333333334,195.0,75.88280437622215,3.032222222222222,1.89,0.907438703164021,2814.6666666666665,6029.07769065883,532.3555555555555,1037.201821247919,-4.874444444444445,1.3715301673678197,0.13482468601653372,0.1922735066725777,2.6666666666666665,1.3416407864998738,2.111111111111111,0.4472135954999579,0.1111111111111111,6.597223444178881,4.1217390455520695,13.825471532069722,0.23840026773076964,2.513333333333333,3.44,1.55,1.89,0.772024754928378,3.032222222222222,1.4449999999999998,1.89,0.9999999999999998,1.6675,0.44500000000000006,18
-791.19134461,425.36203009916295,3.171606672514011,-8.450854221944445,-2.937264426388889,1.5244,2.52106648,2,3.0,5.0,2.32379000772445,129.3111111111111,90.4,39.83342817282992,2.8966666666666665,1.81,1.0984261468118828,13836.888888888889,29382.699974644944,1174.1333333333334,2190.1937832073218,-5.194444444444445,0.46330875234556035,0.19805308744202715,0.34652815268216813,2.4444444444444446,0.9746794344808964,2.111111111111111,0.4472135954999579,0.1111111111111111,6.27976573614046,3.171606676945178,11.815611947198972,0.2528220614743467,2.3233333333333333,3.44,1.63,1.81,0.7972591938775132,2.8966666666666665,1.04,1.81,0.27,1.4249999999999998,0.77,36
-449.49614402,243.5485698025016,6.505115960749281,-6.795857150000001,-2.015733355,0.0,3.49888427,62,1.8,3.0,1.3093073414159542,107.546,135.97,70.38587601825485,2.71,2.49,1.3203354552104227,6073.2,11190.223105142146,1178.72,2032.025109518651,-4.176,1.7134676619567202,0.13405082221520637,0.46861724087712286,3.2,1.9639610121239315,2.0,0.8451542547285166,0.2,5.556104575953877,6.505115969837816,12.177428490125079,0.7642114659729133,2.223333333333333,3.44,0.95,2.49,1.017327653981526,2.71,1.8250000000000002,2.49,1.1600000000000001,1.8250000000000002,0.665,20
-247.80721811,116.260355946894,9.751712740282583,-4.4215644075,-0.8891108574999991,0.8955000000000001,1.76975033,2,1.25,2.0,1.0488088481701516,126.2,222.8,101.38260205774954,2.7775,1.75,0.9201901977308822,4811.0,6432.905533271883,1087.35,1569.610523665027,-2.965,2.5615854465545356,-0.11258525217401358,0.8404897862966915,3.75,2.2583179581272432,2.5,0.6324555320336759,0.0,6.196810685643527,9.751712753907059,14.53254449336175,0.4767589599515305,2.5566666666666666,3.44,1.69,1.75,0.7145317036742006,2.7775,1.325,1.75,0.8999999999999999,1.325,0.42500000000000004,8
-298.90180714,75.13526132667413,5.089365179865764,-7.826176444,-3.207111031999999,0.0,1.9401584600000001,221,3.0,9.0,4.140393356054125,91.01,127.05,81.8341353854595,2.5140000000000002,2.55,1.5284819733504031,4933.2,8419.05875295536,1103.3200000000002,1707.011905557277,-4.404,1.6543794693393137,0.3430517067241464,0.18603126923756527,3.2,2.138089935299395,2.0,0.8451542547285166,0.0,5.219734079824372,5.089365186976302,15.027052265334826,0.8185422862323457,1.8966666666666665,3.44,0.89,2.55,1.1080413149136432,2.5140000000000002,2.315,2.55,2.08,2.315,0.23499999999999988,5
-550.60670997,66.65611286382992,6.018811158576186,-7.232879218333333,-1.8344014733333331,1.0037,4.58858104,65,2.5,2.0,1.0801234497346432,113.81666666666666,125.3,65.05210304910295,2.94,1.6099999999999999,1.0040252320866576,5731.333333333333,11278.859950268812,892.4666666666667,1686.7246024305343,-5.013333333333334,0.7689242124191723,0.10027326819340991,0.2595172365329849,2.8333333333333335,1.7159383568311666,2.1666666666666665,0.5270462766947298,0.16666666666666666,6.3130911020069265,6.018811166985287,11.109352143971654,0.4183143060546915,2.44,3.44,1.83,1.6099999999999999,0.7127879535083815,2.94,0.9149999999999998,1.6099999999999999,0.21999999999999975,1.3319999999999999,0.6950000000000001,6
-458.86857338,129.5060897329676,2.872202646620022,-5.976897875714286,-2.404590689679803,4.267200000000001,2.16781498,14,1.1428571428571428,2.0,1.0307764064044151,75.51428571428572,141.0,74.39606844450854,2.1885714285714286,2.51,1.3740951568213897,3109.4285714285716,3979.444088060542,1152.3714285714286,1358.6461699059103,-3.5614285714285714,1.9320714272510735,0.24678803287199638,0.08921153315069189,2.2857142857142856,0.5590169943749475,1.4285714285714286,0.6123724356957945,0.0,4.973675846109325,2.8722026506328815,9.250434980926258,0.9462177670455058,1.9799999999999998,3.44,0.93,2.51,1.0649256625073258,2.1885714285714286,2.19,2.51,1.8699999999999999,2.19,0.31999999999999995,14
-685.53476936,193.12520973604154,4.499455863270265,-7.946164339000001,-2.534268328,2.1792,4.08014455,148,3.0,3.0,1.6903085094570331,96.24,125.3,74.1259834914278,2.7520000000000002,1.8299999999999998,1.1298356391212712,5033.2,7982.398959138608,1239.32,1886.233757669348,-4.941999999999999,0.9582498928478191,0.2515731367781938,0.3702314114152433,2.6,1.0690449676496976,2.2,0.5345224838248488,0.2,5.609564927023149,4.49945586955662,9.656260486802077,0.4637324619392859,2.2933333333333334,3.44,1.61,1.8299999999999998,0.8157750234524765,2.7520000000000002,1.7199999999999998,1.8299999999999998,1.6099999999999999,1.72,0.10999999999999999,20
-256.71345921,42.09905783092161,4.371676734888313,-6.7247904325,-1.797874432844827,1.9918999999999991,2.52669208,166,2.25,3.0,1.378404875209022,87.625,125.3,69.52342770606178,2.41,2.51,1.363612848282092,4211.0,7109.66902183217,1117.6000000000001,1572.0617087124795,-4.3025,2.303655790260342,0.11845826527959535,0.20036025353298584,2.75,1.0488088481701516,2.0,0.8944271909999159,0.25,5.052845730604438,4.371676740996143,10.5247644577304,0.8962818673106108,2.066666666666667,3.44,0.93,2.51,1.0382784897233603,2.41,2.0599999999999996,2.51,1.6099999999999999,2.06,0.44999999999999996,4
-316.23019009,115.7161805496547,9.66719256736608,-4.47273018125,-0.46954475916666605,0.6522999999999991,1.78974023,14,1.5,1.0,0.6324555320336759,157.6,97.20000000000002,48.27487959591407,2.8375,1.51,0.8094627848147189,6061.0,7405.286868177356,1436.1,1730.5034227068145,-2.915,2.627264737326637,-0.22933764852800265,0.7739683903495773,3.75,2.2583179581272432,2.5,0.6324555320336759,0.25,6.176718862702974,9.667192580872468,14.464522568706837,0.5059419799085557,2.6366666666666667,3.44,1.93,1.51,0.6202329311548113,2.8375,1.205,1.51,0.8999999999999999,1.205,0.30500000000000005,8
-554.61110422,113.53038155551553,9.234280393489774,-6.257382958000003,-1.354572157000002,0.0,5.60229493,146,2.2,1.0,0.5345224838248488,125.24000000000001,49.8,27.24984927874438,2.85,1.53,0.9667323458804037,5753.2,9435.898412824443,1058.72,1684.502144339898,-4.536,0.7629641444486668,0.08918274477506341,0.28744453895124006,3.2,2.138089935299395,2.2,0.5345224838248488,0.2,5.998053575021023,9.234280406391328,11.353038155551552,0.531621844622293,2.4566666666666666,3.44,1.91,1.53,0.6967703272161415,2.85,1.475,1.53,1.42,1.4749999999999999,0.05500000000000005,10
-497.89236719,187.4619492921981,6.821766535397419,-4.898956491000002,-1.398802029666667,1.7273,1.453641,141,1.2,2.0,0.9354143466934854,109.42999999999999,127.05,60.29277008895842,2.3259999999999996,2.55,1.2320866446804786,6208.8,6293.1654594488455,1438.6799999999998,1382.724932877107,-2.666,2.436411295327618,0.15229631657621426,0.30820686193092606,4.0,2.091650066335189,2.2,0.9354143466934853,0.4,4.959639374924465,6.821766544928358,18.74619492921981,0.8295432205964776,2.0866666666666664,3.44,0.89,2.55,1.0469107995537261,2.3259999999999996,2.03,2.55,1.51,1.8566666666666667,0.5199999999999999,10
-373.6301118,128.45820493772405,8.288778142141021,-5.436857545,-1.473602805999999,0.0,3.47728695,161,2.0,4.0,1.6903085094570331,91.61999999999999,141.0,82.16683376782004,2.86,1.79,0.9917877076990101,2557.2,3974.3325046028617,694.52,1051.105195224803,-3.9915802000000005,1.93394723859195,0.19969620000000024,0.238278053279297,3.2,2.138089935299395,2.2,0.5345224838248488,0.0,6.0088291857911384,8.288778153721575,12.845820493772404,0.5830589839749423,2.473333333333333,3.44,1.65,1.79,0.7377593705869746,2.86,1.45,1.79,1.1099999999999999,1.45,0.3400000000000001,10
-469.02483928,612.5239414103859,4.058589232689066,-4.836489303214287,-1.67534266132143,2.9552,0.49814456,217,1.7142857142857142,2.0,0.8944271909999159,94.2,92.6,54.80525522246931,2.1142857142857143,2.62,1.5507933453558538,2650.8571428571427,4481.021937013921,743.3714285714286,797.5146995510489,-3.1814285714285715,2.3581687810672074,0.1699605126702671,0.25977021848800086,3.4285714285714284,1.7888543819998317,1.5714285714285714,0.6324555320336759,0.0,4.249922094618057,4.058589238359469,21.875855050370923,1.003574388810641,2.0933333333333333,3.44,0.82,2.62,1.0708667309966986,2.1142857142857143,2.02,2.62,1.42,2.3200000000000003,0.6000000000000001,28
-309.21820957,148.95940224963445,5.952583784310873,-6.111900820714285,-1.833723287142857,0.0,4.09121658,74,2.7142857142857144,4.0,1.9639610121239315,105.74285714285715,112.1,65.08094410589237,2.7542857142857144,1.63,1.0480900997256186,3595.4285714285716,5996.115194738292,1216.3999999999999,1745.436867950256,-4.007142857142857,1.5558552999188953,0.32820276395744236,0.28813087373856766,2.857142857142857,1.3093073414159544,2.142857142857143,0.46291004988627577,0.14285714285714285,5.453816210151119,5.952583792627445,10.639957303545318,0.4340867794660809,2.3833333333333333,3.44,1.81,1.63,0.7480790213755644,2.7542857142857144,1.585,1.63,1.54,1.5999999999999999,0.04499999999999993,14
-107.16362379,522.866502956441,2.6421329570436303,-4.301997625416667,-1.123636315708332,1.6320000000000001,1.21981297,92,1.5,1.0,0.6396021490668313,89.86666666666667,92.6,54.46660361258915,1.875,2.62,1.4989769238323243,4105.666666666667,7587.422762823894,1077.0666666666666,1321.3117917089405,-2.811666666666667,2.2876595821136423,0.22770632831315804,0.08767115002407039,3.3333333333333335,1.2060453783110545,1.6666666666666667,0.9534625892455924,0.16666666666666666,3.9059047475121074,2.6421329607350503,21.786104289851707,1.1163252229406793,2.0566666666666666,3.44,0.82,2.62,1.0746265501197252,1.875,2.075,2.62,1.53,2.3475,0.545,24
-540.00584987,67.7504521495989,7.154294748629557,-7.653380586,-2.441217454999999,0.0,1.38873229,221,2.8,8.0,3.625307868699863,84.6,141.0,92.30616756982478,2.654,2.1399999999999997,1.2948689950283443,6703.2,13089.743815020107,1265.3200000000002,2477.5427492347562,-4.872,2.901088465682197,0.3684608477676307,0.25808804682245096,3.2,2.138089935299395,2.4,0.6546536707079771,0.0,5.853393636642202,7.154294758625084,13.55009042991978,0.4224158063692164,2.1300000000000003,3.44,1.3,2.1399999999999997,0.9372655262339838,2.654,1.9649999999999999,2.1399999999999997,1.79,1.9649999999999999,0.17499999999999982,5
-513.12580858,272.70703247013637,5.394022495892431,-6.427480597499999,-1.662092417499998,0.0,4.07304721,62,1.7142857142857142,2.0,0.9258200997725515,112.91,138.63,62.00189553553987,2.654285714285714,2.44,1.2563808567241292,6261.142857142857,9879.212605986659,1212.8285714285714,1811.3608940714792,-4.17,1.4359665734271116,0.19606115786605663,0.09976422366087646,2.857142857142857,1.3093073414159544,2.142857142857143,0.8451542547285167,0.2857142857142857,5.685584119518749,5.3940225034286176,9.739536873933442,0.7137348556169851,2.1166666666666667,3.44,1.0,2.44,1.0067880721493585,2.654285714285714,1.9849999999999999,2.44,1.53,1.8333333333333333,0.45499999999999996,28
-432.08096542,612.9651321496989,3.146935746365853,-7.478534243333325,-3.018547375384607,4.468400000000001,0.62102105,38,2.358974358974359,3.0,1.3663171044477713,124.62564102564102,94.1,44.374836843190906,2.6420512820512823,2.62,1.3511587273677568,13339.641025641025,28867.369012935207,1014.6307692307691,1737.4590251068464,-4.480256410256411,2.0154969703234924,0.2890234765938446,0.11116274170638635,2.717948717948718,1.4142135623730951,1.8461538461538463,0.48094533079649837,0.0,5.596579444173233,3.1469357507625517,15.7170546705051,0.657023149137923,2.0533333333333332,3.44,0.82,2.62,1.0750917273527048,2.6420512820512823,1.85,2.62,1.08,2.1533333333333333,0.77,39
-299.33486603,66.65611286382992,6.018811158576186,-7.232879218333333,-1.8344014733333331,1.0037,4.58858104,65,2.5,2.0,1.0801234497346432,113.81666666666666,125.3,65.05210304910295,2.94,1.6099999999999999,1.0040252320866576,5731.333333333333,11278.859950268812,892.4666666666667,1686.7246024305343,-5.013333333333334,0.7689242124191723,0.10027326819340991,0.2595172365329849,2.8333333333333335,1.7159383568311666,2.1666666666666665,0.5270462766947298,0.16666666666666666,6.3130911020069265,6.018811166985287,11.109352143971654,0.4183143060546915,2.44,3.44,1.83,1.6099999999999999,0.7127879535083815,2.94,0.9149999999999998,1.6099999999999999,0.21999999999999975,1.3319999999999999,0.6950000000000001,6
-545.7807429,333.98647387684906,6.252906298753131,-8.57060090550003,-3.032331979466696,3.5412,0.44919278,12,2.8,6.0,2.8535691936340255,100.17999999999999,110.0,67.14442855303994,2.528,2.62,1.5200187968762566,7771.2,18888.64175711349,1392.52,2933.5942342847234,-5.029999999999999,3.4911009315523547,0.2752921627334368,0.08900235100087261,3.4,2.32992949004287,2.0,0.8451542547285166,0.2,5.279597697850104,6.25290629875313,16.699323693842455,0.8365127061458774,1.92,3.44,0.82,2.62,1.1100750725363877,2.528,2.2800000000000002,2.62,1.94,2.28,0.3400000000000001,20
-137.45689352,222.86870476062057,2.993319557007862,-3.984674191111111,-1.07049463611111,0.28140000000000004,3.86361276,225,1.1111111111111112,4.0,2.3664319132398464,43.69111111111111,138.63,83.59251524508639,1.4955555555555555,2.44,1.1407519449906713,12784.666666666666,14917.947338692413,1868.6888888888889,1184.5009615867773,-2.7944444444444443,1.7606589675459585,0.2527912695931563,0.0806641768482797,3.7777777777777777,0.8944271909999159,1.3333333333333333,0.6708203932499369,0.0,3.7042074967417555,2.993319561189938,24.763189417846732,0.735147572394901,2.15,3.44,1.0,2.44,1.001032799995418,1.4955555555555555,1.7249999999999999,2.44,1.0099999999999998,1.4866666666666666,0.7150000000000001,9
-700.39324464,800.4988674862784,3.7689469280340093,-7.911497262280702,-2.041816249736842,2.4329,0.18384286,2,2.736842105263158,5.0,2.4801537836790835,117.88421052631578,81.4,49.51951694170224,2.911578947368421,2.46,1.2144421630698847,8046.631578947368,20947.892738555987,1265.821052631579,2808.209865443125,-5.163263157894738,2.149686672679922,0.1297727162748663,0.2727811368554766,2.6315789473684212,1.7718732696558552,2.1052631578947367,0.7997092494906698,0.21052631578947367,5.963161939158859,3.768946933299743,14.043839780461024,0.33122754964406015,2.1933333333333334,3.44,0.98,2.46,1.0045673474464294,2.911578947368421,1.8699999999999999,2.46,1.2799999999999998,1.6733333333333331,0.5900000000000001,57
-252.31184529,60.43460296937859,3.7776460965323313,-5.701434754999999,-2.411118379999999,1.5973000000000002,0.58220938,156,1.0,2.0,1.2649110640673518,71.0925,141.0,88.43312201884541,2.3825,2.44,1.3688644929283542,4083.5,4913.360520051424,779.35,909.1040402506195,-3.295,2.1642458270723317,0.29500000000000026,0.10334408546211031,3.0,1.2649110640673518,2.0,0.8944271909999159,0.0,5.350456729189392,3.7776461018102188,15.108650742344647,0.6046962294333252,2.03,3.44,1.0,2.44,1.031729938824432,2.3825,2.115,2.44,1.79,2.115,0.32499999999999996,4
-507.46893053,325.73314252370074,5.82644110400724,-5.2968746072222235,-1.371516848527778,0.0,1.726418569999999,63,1.6666666666666667,1.0,0.588348405414552,124.42222222222222,156.9,73.86040627687215,2.308888888888889,2.62,1.4272566477202124,5319.777777777777,9860.616730595115,1294.7555555555555,1939.199228071692,-3.3600000000000003,2.1324687751343694,0.09772272232562967,0.3547459165566347,3.5555555555555554,1.9611613513818402,1.8888888888888888,0.9198662110077999,0.2222222222222222,4.827739875040208,5.826441112147573,18.096285695761154,0.9703514798303673,2.1799999999999997,3.44,0.82,2.62,1.0719452722348595,2.308888888888889,1.8900000000000001,2.62,1.1600000000000001,2.036,0.73,18
-673.49485985,317.54911392948304,4.845353042399986,-7.815600569333332,-1.6868005221666662,0.0,2.9522065,1,2.6666666666666665,4.0,1.5135220179034115,90.35666666666665,141.0,87.4149959665033,2.7786666666666666,2.13,1.147564361923857,5483.2,9158.850146170096,1248.6866666666667,2044.6962977097214,-5.245333333333334,1.1826875241312402,0.10055075076002166,0.28229468939906927,2.7666666666666666,1.3447564999109927,2.3333333333333335,0.7567610089517057,0.36666666666666664,5.85996971698456,4.8453530491696055,10.584970464316102,0.49396335847899375,2.1933333333333334,3.44,1.31,2.13,0.906727939106078,2.7786666666666666,1.8699999999999999,2.13,1.6099999999999999,1.653333333333333,0.26,30
-794.67706972,722.9102622621566,2.309591473156702,-5.804406398374999,-2.496202980041666,4.662000000000001,0.31328897,61,1.8,4.0,1.531282986977553,90.45,98.5,54.58151922930792,2.027,2.46,1.5336012384647744,2658.8,3917.13656853469,1122.78,1193.5591426052383,-3.3,1.9469693513695623,0.2675204023056132,0.1985541780371071,2.1,0.3939192985791677,1.5,0.6565321642986128,0.0,4.370632004025766,2.3095914763835164,9.036378278276958,0.8371783027040178,2.01,3.44,0.98,2.46,1.0433599570617993,2.027,2.145,2.46,1.8299999999999998,2.355,0.31500000000000006,80
-524.676391,151.97862116675321,2.667359062327591,-6.518286350833332,-2.692845917126435,3.8657,1.19803672,36,2.0,3.0,1.2792042981336627,110.36666666666667,88.2,52.178452536376625,2.3466666666666667,2.51,1.4584736729010415,9344.333333333334,23412.16734559579,959.2666666666668,1405.5591472306087,-3.8083333333333336,2.3402845592324493,0.24152665703036527,0.11237228544432067,2.5,0.6396021490668313,1.6666666666666667,0.6030226891555273,0.0,5.046694949678371,2.6673590660542557,12.664885097229435,0.7520487332385714,2.09,3.44,0.93,2.51,1.0334731088260916,2.3466666666666667,1.7399999999999998,2.51,0.9699999999999999,2.125,0.77,12
-141.95862531,43.453575205003915,5.859229670745691,-6.25711068,-2.8236427075,2.0906,1.72769767,225,1.0,2.0,1.4142135623730951,77.475,127.05,89.83791654975086,2.165,2.55,1.8031222920256962,4111.0,5499.876544068967,1116.6,1451.5488004197448,-3.46,2.1637467504308354,0.3827503768564916,0.21602165460805117,4.0,2.8284271247461903,1.5,0.7071067811865476,0.0,4.493984206161179,5.859229678931834,21.726787602501958,0.9788503324538809,2.165,3.44,0.89,2.55,1.275,2.165,2.55,2.55,2.55,2.55,0.0,2
-230.70235125,59.1512951730479,8.313315928944172,-4.32208594,-0.745885760625001,0.0,2.71141489,12,1.25,2.0,1.0488088481701516,100.1,141.0,74.02842697234624,2.695,1.54,0.9434193129250642,3958.5,6760.880978097455,1002.57,1628.7951958180624,-3.075,2.5442248328321933,0.17095092148191238,0.08918264242604595,3.5,2.0976176963403033,2.5,0.6324555320336759,0.25,6.03716852226283,8.313315940559018,14.787823793261962,0.4438232321527442,2.4466666666666668,3.44,1.9,1.54,0.7035781564419281,2.695,1.49,1.54,1.44,1.49,0.050000000000000044,4
-260.7990782,612.88433874197,4.172899064230347,-5.302208493666667,-1.984542681666666,2.8402000000000003,0.04901417,14,1.8666666666666667,3.0,1.2307338795828044,100.42666666666668,94.1,56.948050372040576,2.201333333333333,2.62,1.5669533008545031,5219.6,13461.293472069334,838.8933333333333,1250.378438713656,-3.2846666666666664,2.4585454212268063,0.2416523424149797,0.05564137099084547,3.466666666666667,1.8109146210426053,1.6,0.6301260378126043,0.0,4.409926607344741,4.172899070060457,20.429477958065668,1.138438248615822,2.09,3.44,0.82,2.62,1.071105348071172,2.201333333333333,1.905,2.62,1.19,2.3022222222222224,0.7150000000000001,30
-519.51116888,131.64714277394958,4.625888662745583,-7.098606812857144,-3.021072628571429,3.845999999999999,4.08233728,227,2.5714285714285716,5.0,2.220038609702865,92.71428571428571,141.0,75.77091884659406,2.6614285714285715,1.8299999999999998,1.1893996084459706,4234.0,6279.178767960027,1017.8285714285714,1562.3417643305283,-4.101428571428571,1.69089367748875,0.3985714285714289,0.2834103536771875,2.5714285714285716,0.9636241116594315,2.142857142857143,0.46291004988627577,0.0,5.522890116646791,4.6258886692085825,9.403367340996397,0.46013260198879025,2.233333333333333,3.44,1.61,1.8299999999999998,0.8533984350166626,2.6614285714285715,1.81,1.8299999999999998,1.79,1.8166666666666664,0.019999999999999907,14
-596.90495713,581.3440981338296,5.446922781096103,-6.32246553576923,-2.016907164615384,2.3392,1.501991219999999,212,2.1538461538461537,4.0,1.6681153124565982,114.23076923076923,141.0,67.13694635010883,2.8346153846153843,1.79,1.048398364380059,8605.846153846154,17548.637739771686,950.8153846153847,1672.5515095726985,-4.256153846153846,1.7689864452500084,0.2428986261159702,0.11636522259584378,2.769230769230769,1.318760946791574,2.1538461538461537,0.48900964692182575,0.0,6.244155130029613,5.446922788706197,11.179694194881337,0.36050188966179103,2.3666666666666667,3.44,1.65,1.79,0.7730602966277742,2.8346153846153843,1.075,1.79,0.3599999999999999,1.4000000000000001,0.7150000000000001,52
-429.79775643,247.91957719409973,4.898784496633195,-6.0475763135,-1.761097008833333,0.062200000000000005,1.8908272,62,2.4,4.0,1.8126539343499315,118.22,98.5,51.21651519355284,2.772,1.8299999999999998,1.1016027284954277,4533.2,7060.411278995823,1099.52,1658.7620134132735,-3.8840000000000003,2.217199005180056,0.2585980829168091,0.3567844490515099,2.8,1.558387444947959,2.2,0.5345224838248488,0.2,5.71829488736785,4.898784503477466,12.395978859704986,0.4526121239431946,2.3266666666666667,3.44,1.61,1.8299999999999998,0.7980114173507933,2.772,1.67,1.8299999999999998,1.51,1.67,0.15999999999999992,20
-419.34684869,67.0436533800309,8.19084126274852,-6.221772341999999,-1.700283456999999,0.0,3.7059071,221,1.6,2.0,1.0690449676496976,126.66600000000001,200.27,87.8208670289373,2.71,2.49,1.3203354552104227,5733.2,10347.531465454522,1204.72,2095.938736836415,-4.034000000000001,1.7471732271627467,0.1539568744899052,0.4184020638320037,3.4,2.32992949004287,2.0,0.8451542547285166,0.2,5.852258947598969,8.190841274192243,13.408730676006181,0.6940351553836007,2.223333333333333,3.44,0.95,2.49,1.017327653981526,2.71,1.8250000000000002,2.49,1.1600000000000001,1.8250000000000002,0.665,5
-632.40443227,427.0174871570919,4.617434747293967,-6.1309011834375,-1.272770595898438,2.3763,2.03187838,60,2.125,1.0,0.45374260648651504,144.8375,131.3,52.44488143027205,3.0225,1.56,0.7856582103748498,3513.75,7231.221644410316,695.875,1392.60839265535,-4.57,0.8764366357419049,0.11320642174662032,0.20731509655670496,2.75,1.3284223283101428,2.125,0.45374260648651504,0.125,6.601543609760921,4.6174347537451546,13.344296473659123,0.2582670879381268,2.623333333333333,3.44,1.88,1.56,0.6389748734409585,3.0225,1.115,1.56,0.6699999999999999,1.3057142857142858,0.44500000000000006,32
-379.00396123,270.8505755335312,6.133481830045935,-6.450113695833334,-1.960145810277778,0.974399999999999,4.8029141200000005,14,2.1666666666666665,2.0,0.7928249671720918,124.76666666666667,81.4,36.45010679976515,2.8874999999999997,2.46,1.1845306484607552,5323.0,11954.573475094316,659.7166666666667,1158.5261836858563,-4.511666666666667,1.264140588926496,0.129030215034975,0.24465964527937586,2.75,1.8631770102243563,1.9166666666666667,0.3964124835860459,0.0,6.256326323961063,6.133481838615246,11.285440647230466,0.4306317718635881,2.1566666666666667,3.44,0.98,2.46,1.0071191036262241,2.8874999999999997,1.765,2.46,1.0699999999999998,2.080909090909091,0.6950000000000001,24
-394.00151559,105.66325910649849,7.7409913067987475,-5.1384215287499995,-0.6587361541666651,0.0,2.40709924,10,1.25,2.0,1.0488088481701516,115.325,87.3,45.701761454018374,2.7525,1.51,0.8779692477530178,7111.0,9042.41746437312,1462.85,1772.847719348732,-3.3825000000000003,2.24541087554149,0.01639648802378932,0.2795489936378994,3.5,1.8973665961010275,2.5,0.6324555320336759,0.5,5.787996695349289,7.740991317613968,13.20790738831231,0.5765652626426175,2.5233333333333334,3.44,1.93,1.51,0.6574867975015839,2.7525,1.375,1.51,1.2399999999999998,1.375,0.13500000000000012,8
-388.07799449,148.25316581408305,4.303660207260158,-6.263271403846152,-1.5759408007692302,0.9173999999999991,2.65102971,12,1.6923076923076923,2.0,0.9780192938436515,112.98,138.63,65.92064166728117,2.7115384615384617,2.44,1.3038729932814375,5419.692307692308,9597.927312480135,1061.0461538461539,1765.3650478509855,-4.21,1.513211384986306,0.20489555058412273,0.09614547554884346,2.769230769230769,1.318760946791574,2.076923076923077,0.8340576562282991,0.23076923076923078,5.798763033079259,4.303660213272959,11.404089678006388,0.5869302152503347,2.1166666666666667,3.44,1.0,2.44,1.0067880721493585,2.7115384615384617,1.9849999999999999,2.44,1.53,1.8939999999999997,0.45499999999999996,13
-116.86532832,52.72603186622967,5.7685415583261666,-5.999577614999999,-2.077688422499998,0.0,2.93997034,123,1.25,2.0,1.0488088481701516,101.3575,135.97,71.30915698562143,2.4325,2.49,1.3433502893884381,5386.0,6918.745088525809,1258.85,1631.745542662826,-3.4225000000000003,1.9889167906174456,0.2574908570900408,0.2064870457615221,3.25,1.6431676725154984,2.0,0.8944271909999159,0.25,5.20051569712223,5.768541566385609,13.181507966557412,0.8653386589496591,2.0966666666666662,3.44,0.95,2.49,1.0260062811157098,2.4325,2.015,2.49,1.54,2.015,0.4750000000000001,4
-369.97853651,45.97085781258352,5.435675009466814,-7.329014053750001,-1.539728060732759,0.17869999999999903,3.72212939,12,2.5,4.0,1.8973665961010275,100.1,141.0,74.02842697234624,2.5825,1.89,1.0958968929602821,6686.0,8176.507420653393,1428.6,1736.690673666442,-4.745,2.230865302971025,0.1227103804627242,0.14081478959865704,3.0,1.2649110640673518,2.5,0.6324555320336759,0.5,5.546133991606356,5.435675017061193,11.492714453145881,0.5135773730121755,2.296666666666667,3.44,1.55,1.89,0.8209885640020951,2.5825,1.7149999999999999,1.89,1.54,1.7149999999999999,0.17499999999999993,4
-410.87971417,152.97874422435984,6.3781245134536615,-5.694709657857143,-1.078691433571428,0.125,2.95619077,141,1.7142857142857142,2.0,0.9258200997725515,112.57142857142857,141.0,63.05892935523542,2.7528571428571427,1.75,1.0534636748771713,5941.142857142857,9804.168588630335,1110.4,1787.7652977949874,-4.024285714285715,1.8513084176178904,0.2046325864374852,0.11637222245065294,3.0,1.5811388300841898,2.4285714285714284,0.6546536707079772,0.2857142857142857,6.004620337097231,6.378124522364771,10.927053158882845,0.5207211689824379,2.3466666666666662,3.44,1.69,1.75,0.7783029972674881,2.7528571428571427,1.6400000000000001,1.75,1.53,1.6033333333333335,0.10999999999999999,14
-208.88153543,513.3019755752496,2.507092161286535,-4.718865032272728,-1.7107601362272722,0.0,2.71475087,186,2.090909090909091,8.0,2.9803276566808004,80.36363636363636,111.4,61.54323205491166,1.8090909090909089,2.62,1.6512882671346245,2388.0,4022.0496530705223,923.8,1275.6836778301872,-2.901818181818182,2.667987785491045,0.2943115017394731,0.15985040479919835,3.3636363636363638,1.4245742398014511,1.5454545454545454,0.8744746321952063,0.0,3.7601635638055866,2.5070921647892854,23.331907980693156,1.1519985578987864,1.8266666666666669,3.44,0.82,2.62,1.152427389855382,1.8090909090909089,2.42,2.62,2.2199999999999998,2.562857142857143,0.20000000000000018,22
-232.16954984,320.66854279947484,3.121879415192686,-5.158325716428571,-2.230971624928571,2.1927,0.20400227,14,1.1428571428571428,2.0,1.0307764064044151,75.69428571428571,135.97,72.86533662345903,1.98,2.62,1.5657925309567675,3046.5714285714284,4024.306182436918,806.3714285714286,820.9376057289616,-2.9271428571428575,2.2284046984333883,0.32358630088780505,0.14966993491987104,3.4285714285714284,1.6007810593582121,1.4285714285714286,0.6123724356957945,0.0,4.137388552466661,3.1218794195543773,22.904895914248204,0.9913005756215079,1.7366666666666666,3.44,0.82,2.62,1.2056072697561544,1.98,2.555,2.62,2.49,2.555,0.06499999999999995,14
-776.47906777,208.8354535331768,7.053817235041251,-9.49622717111111,-2.721982793333333,0.0,5.13439532,10,3.6666666666666665,6.0,3.4318767136623336,108.36666666666667,133.4,71.4136152595879,2.9433333333333334,1.9,1.0482260146446365,9098.0,18958.24809065085,1624.8,3205.8216793826814,-5.87765,2.4584840637406353,0.11396762330943148,0.27096023576143713,3.0,2.1602468994692865,2.3333333333333335,0.6666666666666667,0.3333333333333333,6.051009128376258,7.053817244896397,11.601969640732044,0.36515566675462596,2.4466666666666668,3.44,1.54,1.9,0.7780888266915431,2.9433333333333334,1.49,1.9,1.08,1.49,0.4099999999999999,18
-683.63700788,671.4465340654475,2.278831758782785,-6.74282323075,-2.462709077199999,0.0,-0.63870958,14,2.2,3.0,1.3093073414159542,121.0,92.6,48.65887086940791,2.6079999999999997,2.62,1.436125740615056,10639.2,26455.176841485787,895.1200000000001,1598.119659385456,-4.294,2.158944848101233,0.2784466320353231,0.10209958632953933,2.6,1.0690449676496976,1.8,0.5345224838248488,0.0,5.4815094710644425,2.2788317619666247,16.786163351636187,0.6301839533889941,2.0533333333333332,3.44,0.82,2.62,1.0750917273527048,2.6079999999999997,1.85,2.62,1.08,2.2350000000000003,0.77,40
-674.17756918,255.4384001367044,5.339393644039572,-7.946916402307693,-1.690257374907162,0.8285,2.94309733,31,2.8461538461538463,3.0,1.6681153124565982,96.56923076923077,141.0,80.56153332809593,2.7638461538461536,1.89,1.167128583505169,5675.076923076923,9429.963437616427,1086.4307692307693,1744.7584708890597,-5.394615384615384,1.1806114848928368,0.11935148233787117,0.19237887722519764,2.769230769230769,1.318760946791574,2.3846153846153846,0.659380473395787,0.38461538461538464,5.868292406589114,5.339393651499433,9.824553851411707,0.4880420469789691,2.2899999999999996,3.44,1.55,1.89,0.824257241399795,2.7638461538461536,1.725,1.89,1.56,1.7579999999999998,0.16499999999999992,26
-403.13938854,239.20382147535477,4.125199080682066,-7.00263,-1.7355363388888891,0.0,-0.02196839,15,2.6666666666666665,2.0,1.3416407864998738,122.1888888888889,125.3,55.07956063731808,2.9433333333333334,1.6099999999999999,1.0019505975845315,8748.0,18520.40328394606,1095.6888888888889,2023.569659784412,-4.946666666666667,0.6679970059813143,0.17033190113659735,0.16835973782059574,2.6666666666666665,1.3416407864998738,2.111111111111111,0.4472135954999579,0.1111111111111111,6.2915780419644705,4.125199086445531,13.289101193075265,0.27829968567800006,2.4266666666666663,3.44,1.83,1.6099999999999999,0.7202931501980442,2.9433333333333334,0.8949999999999998,1.6099999999999999,0.17999999999999972,1.2525,0.7150000000000001,18
-458.40924169,417.6716158020524,8.675057944387532,-5.975891303928571,-1.451445688214286,0.0,5.3162676,130,2.142857142857143,2.0,0.8451542547285167,123.54285714285713,49.8,28.885883848590918,2.814285714285714,1.54,0.9570490359134464,5112.571428571428,7524.267899840584,1033.5428571428572,1544.6849433737982,-4.301428571428572,1.3390748405415693,0.0466883843414763,0.3206551701247238,3.4285714285714284,2.32992949004287,2.142857142857143,0.46291004988627577,0.14285714285714285,5.887245029229636,8.675057956507773,14.91684342150187,0.46198666099933583,2.453333333333333,3.44,1.9,1.54,0.6993965653015144,2.814285714285714,1.48,1.54,1.42,1.46,0.06000000000000005,28
-268.04885187,155.6910133506794,4.518847310317398,-9.0666671575,-2.557473098821839,0.0,2.06503091,119,3.3333333333333335,5.0,2.7888667551135855,108.35000000000001,141.0,74.15945657837577,2.8183333333333334,1.89,1.243500882365768,6814.666666666667,14306.6306927165,1285.3,2629.2212167610896,-5.661666666666666,1.3436372691731613,0.20777842276329025,0.16130669400360118,2.8333333333333335,1.7159383568311666,2.3333333333333335,0.6666666666666667,0.3333333333333333,5.985043125393185,4.518847316630844,12.974251112556617,0.3581864488752718,2.1966666666666668,3.44,1.55,1.89,0.8794063654281538,2.8183333333333334,1.8649999999999998,1.89,1.8399999999999999,1.8649999999999998,0.025000000000000022,12
-502.26926486,132.3655227051685,5.241345884736499,-9.340636451666667,-2.749603696666666,0.0,4.05739303,109,3.5,5.0,3.0276503540974917,119.06666666666666,76.7,44.76037434060523,2.8366666666666664,1.8399999999999999,1.2069152598440556,8031.333333333333,15829.016028940157,1386.9666666666665,2728.119618182295,-5.715,1.453587515998492,0.22347228119875343,0.1173499309731665,2.8333333333333335,1.7159383568311666,2.3333333333333335,0.6666666666666667,0.3333333333333333,5.984904053158988,5.241345892059375,11.030460225430708,0.42130616835991885,2.233333333333333,3.44,1.6,1.8399999999999999,0.8535937102756921,2.8366666666666664,1.81,1.8399999999999999,1.78,1.81,0.029999999999999916,12
-389.33608598,536.5204876333061,5.162293469694399,-6.270760258235293,-1.982251778235292,1.8332000000000002,2.00894872,12,2.1176470588235294,2.0,0.8137334712067349,121.03529411764706,94.1,43.730771836378615,2.8047058823529407,2.62,1.2948244167725098,5036.588235294118,11399.169192106514,609.0705882352942,1042.8796406416539,-4.311176470588235,1.7829678416405397,0.14323432966902322,0.24109314778837382,3.0588235294117645,2.0033755298279736,1.8823529411764706,0.45022516889074815,0.0,5.9218547384148765,5.162293476906829,15.780014342156058,0.632803268279838,2.103333333333333,3.44,0.82,2.62,1.0702751463473723,2.8047058823529407,1.925,2.62,1.23,2.2493333333333334,0.6950000000000001,34
-742.99282002,62.21966740434897,7.20074117228947,-6.972364688333332,-1.218954728333332,0.0,4.08526215,136,2.3333333333333335,1.0,0.7071067811865476,130.56666666666666,31.299999999999997,22.132442251138936,3.0533333333333332,1.1600000000000001,0.8202438661763952,7381.333333333333,15187.239446324667,1382.8,2742.018676085194,-4.736666666666667,0.537401153701776,-0.0240966565273452,0.5390204067219454,3.0,2.1213203435596424,2.3333333333333335,0.7071067811865476,0.3333333333333333,6.251863430637978,7.200741182349888,10.369944567391494,0.38944444976966236,2.86,3.44,2.28,1.1600000000000001,0.5800000000000001,3.0533333333333332,1.1600000000000001,1.1600000000000001,1.1600000000000001,1.1600000000000001,0.0,6
-663.11679233,271.8030829899101,3.4577114196668,-6.9622586685000005,-2.6564697375,3.571799999999999,0.48081788000000003,72,2.0,4.0,1.6903085094570331,111.32000000000001,141.0,74.47734075350895,2.774,1.79,1.0951059961744083,11643.2,26024.643683576975,924.72,1604.5918181447712,-4.332,2.0579532134068135,0.30944503754547315,0.13002775077581094,2.6,1.0690449676496976,2.2,0.5345224838248488,0.0,6.258403806395545,3.457711424497696,13.590154149495504,0.2736629814616768,2.33,3.44,1.65,1.79,0.7914964729338133,2.774,1.02,1.79,0.25,1.405,0.77,20
-430.33461628,597.886035878013,4.236502649403261,-7.831067512368421,-2.059111636052632,3.1604,2.62620036,2,2.736842105263158,5.0,2.4801537836790835,116.54736842105264,94.1,53.020135490602634,2.8947368421052633,2.62,1.2714119600243752,7961.368421052632,20994.049848070186,1196.978947368421,2805.2961634471258,-5.068526315789474,2.46878357204138,0.1379730475418651,0.2797659055159881,2.9473684210526314,2.020246358451664,2.1052631578947367,0.7997092494906697,0.21052631578947367,5.806047446586024,4.236502655322233,15.733843049421395,0.5739070863337458,2.14,3.44,0.82,2.62,1.0697040089046441,2.8947368421052633,1.95,2.62,1.2799999999999998,1.7266666666666668,0.6700000000000002,38
-266.86958941,209.28981749612427,3.397662774342337,-7.43838321,-3.411476938333332,3.5662000000000003,4.15817026,46,2.2222222222222223,5.0,2.188987589427283,88.30444444444444,138.63,78.48127916367487,2.4911111111111115,2.44,1.4032209970872964,4398.888888888889,6138.061719033678,1061.0,1479.4731241222328,-4.032222222222223,1.5966462246429756,0.3522222222222225,0.25725311789493754,2.6666666666666665,1.0606601717798212,1.7777777777777777,0.5400617248673216,0.0,5.108494390891391,3.3976627790893357,11.627212083118016,0.6664863579283897,2.016666666666667,3.44,1.0,2.44,1.036800634430533,2.4911111111111115,2.135,2.44,1.8299999999999998,2.135,0.30500000000000005,18
-218.36879679,266.2174999396318,6.345516909051056,-6.7465352295,-2.6373586375,1.7365,4.02610106,62,2.0,4.0,1.6903085094570331,107.066,135.97,70.37133426129056,2.646,2.49,1.36778235528485,3133.2,4783.27222127877,960.1200000000001,1514.207247562707,-4.1240000000000006,1.7161751492365642,0.2766100291067043,0.15970769399838167,3.2,1.9639610121239315,1.8,0.5345224838248488,0.0,5.537898501887234,6.345516917916609,13.31087499698159,0.7361605941032398,2.1166666666666667,3.44,0.95,2.49,1.022556708560568,2.646,1.985,2.49,1.48,1.985,0.5050000000000001,20
-167.92998425,26.32170194637648,8.100938388867615,-4.300136945,-1.346151347499999,0.0,1.54992079,225,1.0,2.0,1.4142135623730951,70.5,141.0,99.7020561473032,2.565,1.75,1.2374368670764582,3261.0,4297.795016051836,565.1,671.6100207709828,-2.95,2.884995667241114,0.2900000000000002,0.08485281374238539,3.5,2.1213203435596424,2.5,0.7071067811865476,0.0,5.823165111461915,8.100938400185731,13.16085097318824,0.6269849055241156,2.565,3.44,1.69,1.75,0.875,2.565,1.75,1.75,1.75,1.75,0.0,2
-310.01649272,564.9412064548399,8.792266045783204,-6.314707455,-1.8014870669999992,1.356899999999999,6.19758729,55,2.8,2.0,1.3093073414159542,113.08,105.9,54.94434846798557,2.9219999999999997,1.48,0.8620739113158619,2487.2,3825.195270459125,1033.52,1585.3907999516803,-4.5315802000000005,0.7577910333521091,0.1497974129750909,0.18308173637913003,3.4,2.32992949004287,2.0,0.0,0.0,5.883737188522015,8.7922660580672,14.123530161370997,0.5652044582203546,2.5766666666666667,3.44,1.96,1.48,0.6288790733431101,2.9219999999999997,1.295,1.48,1.1099999999999999,1.295,0.18500000000000005,40
-326.31845394,150.3161849315957,2.434651554559929,-4.3246242175,-1.284958853625,2.3575,0.88468063,64,1.5,1.0,0.7071067811865476,94.7,92.6,65.47808793787429,2.1300000000000003,2.62,1.8526197667087545,1276.0,1490.5810947412422,561.1,665.9531665214904,-3.035,2.764787514439401,0.2525039862246252,0.03182544252632169,3.0,1.4142135623730951,1.5,0.7071067811865476,0.0,4.272683253895573,2.434651557961469,18.789523116449466,1.2109678490179407,2.13,3.44,0.82,2.62,1.31,2.1300000000000003,2.62,2.62,2.62,2.62,0.0,8
-329.19012852,27.771067003632275,3.353083748678994,-6.7827998350000005,-3.306019392499999,3.6301,2.25697064,225,1.0,2.0,1.4142135623730951,71.685,138.63,98.02621307589108,2.2199999999999998,2.44,1.7253405460951758,4381.0,5881.714205909702,923.6,1178.6055828817373,-3.46,2.1637467504308354,0.26000000000000023,0.042426406871192576,3.0,1.4142135623730951,1.5,0.7071067811865476,0.0,4.810303542778814,3.3530837533637103,13.885533501816138,0.9122372991730782,2.2199999999999998,3.44,1.0,2.44,1.22,2.2199999999999998,2.44,2.44,2.44,2.44,0.0,2
-574.17161061,44.86647144072492,7.243436164392254,-6.521329300625,-1.219109076041666,1.148499999999999,2.87547709,166,2.25,3.0,1.3784048752090223,105.82499999999999,125.3,66.29668920843633,2.66,1.6099999999999999,0.9876436604362933,6386.0,7876.6638623214085,1437.35,1732.4610229381785,-4.1725,2.581881097184764,0.04771402461875304,0.23111000033395482,3.25,1.6431676725154984,2.5,0.6324555320336759,0.5,5.64828504516921,7.243436174512323,11.21661786018123,0.6789230664027113,2.4,3.44,1.83,1.6099999999999999,0.7365233646441005,2.66,1.56,1.6099999999999999,1.51,1.56,0.04999999999999993,4
-701.7349858,1064.0827859072276,4.927334971322638,-6.547614401666667,-2.749741818333333,3.1468,1.14560849,61,2.2222222222222223,5.0,2.188987589427283,85.87333333333333,135.97,80.7286628930518,2.5244444444444443,2.49,1.380884378457033,3143.3333333333335,4369.304578534208,968.3333333333334,1324.110305072806,-3.8188888888888894,1.798535283686886,0.3883431290351262,0.2386718706258052,3.111111111111111,1.6708281379802852,1.7777777777777777,0.5400617248673216,0.0,5.01211426542427,4.927334978206798,14.778927582044828,0.6762637798403439,2.0666666666666664,3.44,0.95,2.49,1.0326126519120753,2.5244444444444443,2.06,2.49,1.63,2.06,0.43000000000000016,72
-226.16695571,201.35947534786428,11.353114397893602,-5.852889578125,-0.9608128652812491,0.0,4.51041541,223,1.875,1.0,0.42919753763947605,153.53750000000002,156.9,64.4339216807257,2.6775,2.62,1.1470740810289548,7902.25,12191.98697592204,1710.85,2430.6082574229504,-3.95,1.6618315830812447,-0.012908894022046924,0.4224587587963679,3.75,2.406132515928939,2.25,0.8583950752789521,0.375,5.8406442295476655,11.353114413755453,12.584967209241517,0.7860502894247762,2.1799999999999997,3.44,0.82,2.62,1.0719452722348595,2.6775,1.8900000000000001,2.62,1.1600000000000001,1.5250000000000001,0.73,16
-454.17156363,355.97721771872534,7.7271264402922135,-7.75058494611111,-1.115564977222222,0.0,7.12109264,193,6.0,6.0,3.064523510731495,74.26666666666667,99.9,50.87147488054321,1.7744444444444445,2.11,0.8695976080923866,14024.666666666666,10669.389648815946,3569.4666666666667,1965.2812848789997,-5.544444444444444,1.6140362584149899,0.4886655626744216,0.35157552399825376,4.666666666666667,1.2510864843424485,2.5555555555555554,0.6593804733957871,0.0,4.078925048202549,7.727126451088062,19.77651209548474,0.6585117253783952,2.2433333333333336,3.44,1.33,2.11,0.8843955877069691,1.7744444444444445,1.795,2.11,1.48,1.8737499999999998,0.31499999999999995,18
-684.5374662,259.4281034785164,4.580887168132784,-8.128131303181817,-2.326478674545453,0.5063000000000001,5.26928462,1,3.272727272727273,4.0,2.3518609652783473,110.52727272727272,98.5,56.752791781550265,2.8745454545454545,1.8299999999999998,1.0535075343821703,8632.181818181818,18548.211146900394,1458.1272727272726,2638.863091844668,-5.196909090909091,1.5544833948936219,0.23461818181818223,0.3958453943776533,2.727272727272727,1.5612494995995998,2.1818181818181817,0.5303300858899106,0.18181818181818182,5.732456609238043,4.580887174532909,11.792186521750745,0.3718642117523108,2.4033333333333338,3.44,1.61,1.8299999999999998,0.7666521737760582,2.8745454545454545,1.5549999999999997,1.8299999999999998,1.2799999999999998,1.5549999999999997,0.275,22
-299.30009614,689.7394353836759,5.429641652255753,-9.78850540357143,-3.51104348520936,2.9462,3.42338802,1,3.9285714285714284,6.0,3.797152531429146,102.38571428571429,141.0,74.57130541861751,2.702142857142857,2.11,1.401959634342776,7085.571428571428,13286.991712780971,1562.4142857142856,2903.9219479166163,-5.591428571428572,1.1479653695978453,0.3531856906931109,0.34530571267876553,3.0,1.927248223318863,2.357142857142857,0.6776309271789385,0.07142857142857142,5.771228349397512,5.429641659841702,12.316775631851355,0.4757226788391661,2.106666666666667,3.44,1.33,2.11,0.9470773756961759,2.702142857142857,2.0,2.11,1.89,2.066,0.10999999999999999,56
-66.43754495,129.6009765025592,2.413811104778204,-3.6374448533333332,-1.233878036499999,1.7072,0.47156282,225,1.3333333333333333,1.0,0.7071067811865476,79.26666666666667,92.6,65.4780879378743,1.6933333333333334,2.62,1.8526197667087545,1627.3333333333333,1490.5810947412422,718.0666666666666,665.9531665214904,-2.3833333333333333,2.764787514439401,0.2600053149661668,0.03182544252632169,3.3333333333333335,1.4142135623730951,1.3333333333333333,0.7071067811865476,0.0,3.5357290782954793,2.4138111047782043,21.600162750426534,1.390564443526172,2.13,3.44,0.82,2.62,1.31,1.6933333333333334,2.62,2.62,2.62,2.62,0.0,6
-324.94392989,252.29133819395093,7.017975204441195,-9.182272448,-3.820938063,4.4855,2.26463076,62,2.8,8.0,3.625307868699863,85.074,141.0,91.53588195737389,2.524,2.44,1.5045075131560017,6941.2,13126.148450435001,1380.72,2489.6137485848794,-5.004,2.6158527699940826,0.3404608477676307,0.25701269363475165,3.2,2.138089935299395,2.0,0.8451542547285166,0.0,5.375675341736301,7.017975214246263,12.614566909697547,0.677659280050377,1.9133333333333333,3.44,1.0,2.44,1.0864416945034627,2.524,2.29,2.44,2.1399999999999997,2.2899999999999996,0.15000000000000013,20
-324.9247381,41.253952671138684,2.494753648201913,-3.969539539999999,-1.425738685919539,1.8736000000000002,0.65267651,225,1.3333333333333333,1.0,0.7071067811865476,82.2,88.2,62.36681810065349,1.7666666666666666,2.51,1.7748380207782342,1807.3333333333333,1681.49992566161,800.7333333333332,753.6344073886222,-2.4833333333333334,2.658721497261419,0.1873115848182755,0.045277901779656675,2.6666666666666665,0.7071067811865476,1.3333333333333333,0.7071067811865476,0.0,3.935328218270046,2.494753648201913,13.751317557046228,1.2062559927179162,2.185,3.44,0.93,2.51,1.255,1.7666666666666666,2.51,2.51,2.51,2.51,0.0,3
-634.98629797,199.98089237980395,4.52832558584099,-6.597696407777778,-0.9964323888888891,1.146199999999999,0.63717588,12,2.2777777777777777,1.0,0.6496752435470525,117.91666666666667,77.3,49.69215948503058,2.921666666666667,1.56,1.0632934012505002,5603.555555555556,11043.543935229789,1126.0222222222224,2124.776648430203,-4.821111111111112,0.4662867965355406,0.12885949568866684,0.21539988272960714,2.6666666666666665,1.3675269175156555,2.3333333333333335,0.6837634587578277,0.3333333333333333,6.248884463225274,4.528325592167679,11.110049576655776,0.36350129028004846,2.41,3.44,1.88,1.56,0.7284229540589726,2.921666666666667,1.545,1.56,1.53,1.5550000000000002,0.015000000000000013,18
-283.61204033,338.74942397432324,5.961558621670344,-4.9446807660714285,-1.072082281547618,0.44809999999999905,1.95260472,57,1.4285714285714286,2.0,0.9636241116594315,116.45714285714287,141.0,63.51940086079438,2.704285714285714,2.13,1.1519734619959165,4598.285714285715,6768.631978261403,941.9714285714286,1372.7337646358922,-3.2742857142857145,2.642610992398022,0.17656868988115562,0.2842740624969128,3.0,1.7320508075688772,2.142857142857143,0.8451542547285167,0.2857142857142857,5.8816562386090965,5.961558629999455,12.098193713368687,0.6148598031522742,2.2266666666666666,3.44,1.31,2.13,0.8945141449723171,2.704285714285714,1.8199999999999998,2.13,1.51,1.7166666666666668,0.30999999999999994,28
-251.66133136,345.97389371607574,4.646945904306356,-6.023573620833333,-1.050636229583332,1.0493,2.521205649999999,186,1.8333333333333333,2.0,0.7510676161988108,120.74583333333334,127.05,47.365887256980905,2.7175,2.55,1.21541540856804,6529.5,10641.663729092219,1293.2,1968.3413712682445,-4.288333333333333,1.2793006903813728,0.20586308031981457,0.16403032199809192,3.0,1.7541160386140584,2.25,0.8086075400626399,0.3333333333333333,5.7803220240450095,4.646945910798773,14.415578904836488,0.5155718339530434,2.08,3.44,0.89,2.55,1.047950380504726,2.7175,2.04,2.55,1.53,1.734,0.5099999999999999,24
-175.28011255,47.397148259900405,5.70421780686615,-4.894751419999999,-1.7908991124999991,0.7227,0.8923141,186,1.0,2.0,1.4142135623730951,70.5,141.0,99.7020561473032,2.545,1.79,1.26572113832392,3786.0,5040.2571362977105,635.1,770.6049701370995,-3.13,2.630437226013957,0.33000000000000024,0.14142135623730923,3.0,1.4142135623730951,2.5,0.7071067811865476,0.0,5.951264188702443,5.7042178148357205,11.849287064975101,0.4730568735005466,2.545,3.44,1.65,1.79,0.895,2.545,1.79,1.79,1.79,1.79,0.0,4
-634.53935583,161.81208557747004,4.747629452044268,-6.529048445714284,-2.6629976021428563,2.7149,3.811373719999999,74,1.7142857142857142,4.0,1.6903085094570331,95.89999999999999,141.0,81.63886941892324,2.62,2.13,1.280371039972398,3612.5714285714284,5225.47676567138,851.6857142857143,1316.826418759457,-3.858571428571429,1.9927672790798803,0.3143580092679222,0.19839086012250226,2.7142857142857144,1.3627702877384937,1.7142857142857142,0.5976143046671968,0.0,5.71752788997201,4.747629458677355,11.558006112676432,0.552041573383308,2.236666666666667,3.44,1.31,2.13,0.8913036644276866,2.62,1.805,2.13,1.48,1.9133333333333333,0.32499999999999996,14
-312.03089165,64.74041172752274,11.648979383694853,-6.248954900000001,-0.9266031233333341,0.6463999999999991,4.60796705,58,2.0,0.0,0.0,162.43333333333334,64.30000000000001,45.46696603029501,3.0533333333333332,1.1600000000000001,0.8202438661763952,6814.666666666667,13985.157918307536,1426.1333333333332,2833.942557639445,-4.5,1.0394469683442251,0.009080097263819495,0.4686418839714781,3.3333333333333335,2.8284271247461903,2.3333333333333335,0.7071067811865476,0.3333333333333333,6.8170741945429345,11.648979399970067,10.79006862125379,0.37428097058018617,2.86,3.44,2.28,1.1600000000000001,0.5800000000000001,3.0533333333333332,1.1600000000000001,1.1600000000000001,1.1600000000000001,1.1600000000000001,0.0,6
-444.06042327,467.63323720503877,4.52651049413797,-6.736013494523808,-2.50923507595238,2.8899,1.04723048,145,2.5714285714285716,5.0,2.220038609702865,88.82857142857142,141.0,80.56179970326241,2.707142857142857,1.8699999999999999,1.123737386708173,2859.714285714286,4142.767053207657,1150.9714285714285,1623.9627115705055,-4.252857142857143,1.1637378202523603,0.3703986768320821,0.24844267251325136,2.5714285714285716,1.1952286093343936,1.8571428571428572,0.46291004988627577,0.0,5.485369447326704,4.526510500462122,11.134124695358066,0.34480492428043097,2.2733333333333334,3.44,1.57,1.8699999999999999,0.8307560144564441,2.707142857142857,1.75,1.8699999999999999,1.63,1.71,0.12,42
-403.60951938,69.67818890775195,5.975383989729056,-5.448701428,-1.844181115,0.0,1.53513963,221,1.2,2.0,1.3093073414159544,87.39,141.0,87.93776614336821,2.572,2.55,1.4564487142164866,3203.2,4886.859230922981,718.72,1106.226683047247,-3.6340000000000003,2.2367323104411554,0.3311001507425968,0.1713648031438878,3.2,2.138089935299395,2.0,0.8451542547285166,0.0,5.5765998067881055,5.975383998077482,13.935637781550389,0.7843214564122636,1.9933333333333334,3.44,0.89,2.55,1.0689662711652268,2.572,2.17,2.55,1.79,2.17,0.3799999999999999,5
-694.65098851,131.64714277394958,4.625888662745583,-7.098606812857144,-3.021072628571429,3.845999999999999,4.08233728,227,2.5714285714285716,5.0,2.220038609702865,92.71428571428571,141.0,75.77091884659406,2.6614285714285715,1.8299999999999998,1.1893996084459706,4234.0,6279.178767960027,1017.8285714285714,1562.3417643305283,-4.101428571428571,1.69089367748875,0.3985714285714289,0.2834103536771875,2.5714285714285716,0.9636241116594315,2.142857142857143,0.46291004988627577,0.0,5.522890116646791,4.6258886692085825,9.403367340996397,0.46013260198879025,2.233333333333333,3.44,1.61,1.8299999999999998,0.8533984350166626,2.6614285714285715,1.81,1.8299999999999998,1.79,1.8166666666666664,0.019999999999999907,14
-181.73194219,445.980004643397,7.58613232291104,-5.0523202484375,-0.9961129615624991,0.0,2.94924025,91,1.75,2.0,0.8583950752789521,130.5,37.8,16.276039864912182,2.7,1.51,0.9615338623371787,6811.0,9179.374683438265,1190.725,1446.3901311814,-3.27625,2.6043117082415868,0.05034314612770292,0.23397227827770023,3.5,1.9466570535691503,2.375,0.6282808624375432,0.375,5.850865204973923,7.5861323335099025,13.936875145106157,0.6086462944963537,2.473333333333333,3.44,1.93,1.51,0.6852898818910302,2.7,0.815,1.51,0.11999999999999988,1.232,0.6950000000000001,32
-386.99006299,106.73201586127794,6.675514790407871,-6.258894721666668,-2.2819422708333352,0.0,2.51228166,71,1.0,2.0,1.2792042981336627,84.10000000000001,127.05,74.73413787310564,2.3833333333333333,2.55,1.4625631299506046,5561.0,7772.144772431633,1298.7666666666667,1614.7248282320709,-3.611666666666667,1.8053619632034508,0.2472661741561799,0.3473269294216599,3.8333333333333335,2.3836564731139807,1.8333333333333333,0.8790490729915326,0.16666666666666666,4.8902054502105825,6.675514799734477,17.78866931021299,0.9132022035853294,2.1766666666666667,3.44,0.89,2.55,1.0411638786580246,2.3833333333333333,1.8949999999999998,2.55,1.2399999999999998,2.1133333333333333,0.655,6
-359.66011707,95.93334941161328,6.873882821812713,-5.4293389112499995,-0.799589819166665,0.0,2.97876164,194,1.75,1.0,0.5477225575051662,129.9,29.0,15.301241779672656,2.6799999999999997,1.53,0.9613740167073375,7236.0,9256.128434718266,1450.35,1752.9441052127133,-3.585,2.2106921992896256,0.10605111677881049,0.18011064147087236,3.25,1.6431676725154984,2.5,0.6324555320336759,0.5,5.772760092323488,6.873882831416467,11.991668676451654,0.6102744650721109,2.4266666666666663,3.44,1.91,1.53,0.716581390275305,2.6799999999999997,1.52,1.53,1.51,1.52,0.010000000000000009,8
-350.11348758,53.46450234862669,13.11196089417104,-6.093854715,-0.584307552499999,0.0,5.57966471,131,2.0,0.0,0.0,173.15,64.30000000000001,45.46696603029501,2.86,1.1600000000000001,0.8202438661763952,10111.0,13985.157918307537,2094.1,2833.942557639445,-4.255,1.0394469683442251,-0.10137985410427097,0.46864188397147816,4.0,2.8284271247461903,2.5,0.7071067811865476,0.5,6.482075786695408,13.11196091249024,13.366125587156672,0.41937258898373136,2.86,3.44,2.28,1.1600000000000001,0.5800000000000001,2.86,1.1600000000000001,1.1600000000000001,1.1600000000000001,1.1600000000000001,0.0,4
-206.12100046,327.2477824018704,4.314494009757718,-4.602387789583333,-1.560489725689655,1.0116,1.59264703,63,1.6666666666666667,3.0,1.1261850127429458,88.075,105.9,59.60551108093539,2.0925,2.51,1.5885393659186324,1790.0,1916.938107325605,784.0833333333334,835.470375764747,-3.0039917500000004,2.392460432794135,0.1686904386137067,0.12280878666462929,2.8333333333333335,1.414213562373095,1.5,0.6625891564490792,0.0,4.381572031932021,4.314494015785654,13.635324266744599,1.0727471609009478,2.2333333333333334,3.44,0.93,2.51,1.026980471522652,2.0925,1.8099999999999998,2.51,1.1099999999999999,2.31,0.7,24
-419.19989829,341.11013077776954,7.522216207949441,-6.328183767222226,-2.288425597777783,2.012899999999999,2.97320869,14,1.7777777777777777,3.0,1.3385315336840844,101.69999999999999,127.05,66.1575888504108,2.557777777777778,2.55,1.3715608505154508,4323.333333333333,6087.5721761634995,934.5555555555555,1233.4531878700004,-4.1033333333333335,1.5839862688798791,0.17448898334602272,0.38135738020247445,3.7777777777777777,2.581988897471611,1.7777777777777777,0.5400617248673216,0.0,5.236739736589251,7.522216218459005,18.950562820987198,0.7158860876009174,2.1166666666666667,3.44,0.89,2.55,1.0432747587391455,2.557777777777778,1.9849999999999999,2.55,1.42,1.985,0.565,18
-211.53434959,213.597665828997,4.9567903117870165,-4.196529247142856,-1.418337111108373,0.385499999999999,0.52690983,14,1.1428571428571428,2.0,1.0307764064044151,75.51428571428572,141.0,74.39606844450854,2.222857142857143,2.51,1.3519199310610077,2638.0,3114.1903442146886,666.0857142857143,619.5291074679219,-2.75,2.4051611172642886,0.2459906792078325,0.08776265678896536,3.142857142857143,1.541103500742244,2.0,0.9354143466934853,0.0,4.9229521414255135,4.9567903187123274,15.256976130642643,0.7750032934844133,2.02,3.44,0.93,2.51,1.0509360906671092,2.222857142857143,2.13,2.51,1.75,2.13,0.3799999999999999,14
-514.33459827,276.26299083367644,3.877366633041046,-9.1614143925,-3.131908545833333,1.5774,2.37550039,186,3.9166666666666665,6.0,3.904210181695799,100.11666666666667,133.4,84.34772585637894,2.8141666666666665,1.9,1.269831822385491,6723.0,13268.132761297973,1256.8,2366.6878642645597,-5.216666666666667,0.48161632625388195,0.12897288592443945,0.2735064069227463,2.6666666666666665,1.3522468075656264,2.3333333333333335,0.6761234037828133,0.3333333333333333,5.83701566494596,3.8773666384582564,11.510957951403185,0.37664361037122157,2.203333333333333,3.44,1.54,1.9,0.8752269546935939,2.8141666666666665,1.855,1.9,1.81,1.8775,0.04499999999999993,24
-593.74851433,296.90377048683945,7.669326838228552,-6.2053422304999994,-2.155550595499999,0.7941,2.93127696,62,2.0,4.0,1.6903085094570331,92.626,135.97,80.18378781631252,2.72,2.49,1.3147786342737917,2687.2,4259.256004783666,789.52,1154.9904093603054,-4.0735802,1.7294930736078216,0.21620501613161364,0.26889008440536444,3.4,2.32992949004287,1.8,0.5345224838248488,0.0,5.446416983412288,7.669326848943649,14.845188524341973,0.8171493688456946,2.24,3.44,0.95,2.49,1.0185283501208986,2.72,1.8,2.49,1.1099999999999999,1.8,0.6900000000000002,20
-599.06572576,161.0288658479818,6.514222153939238,-5.860100102142857,-2.030379208571428,1.5793,1.5750321,227,2.5714285714285716,5.0,2.220038609702865,88.82857142857142,141.0,80.56179970326241,2.724285714285714,1.75,1.0943687025599997,2624.0,3680.5469702205946,907.8285714285714,1379.8671271435626,-3.847142857142857,1.9485085871726904,0.37000000000000016,0.24849547279578313,3.0,1.5811388300841898,2.142857142857143,0.46291004988627577,0.0,5.457326676970365,6.514222163040496,11.502061846284414,0.46728504013850164,2.313333333333333,3.44,1.69,1.75,0.7981784818503246,2.724285714285714,1.69,1.75,1.63,1.67,0.06000000000000005,14
-372.21594222,169.33889904872078,5.526653937390982,-6.2549930525,-2.849843436249999,2.1745,1.793832109999999,221,1.0,2.0,1.2977713690461004,76.36,135.97,83.96278824888033,2.1725,2.55,1.645097981404467,4111.0,5047.032854220284,1055.6,1267.7859092050783,-3.42875,2.028579357709803,0.37988079272462716,0.19472478438226215,3.875,2.465552142709834,1.5,0.6488856845230502,0.0,4.533687770639694,5.526653945112472,21.167362381090097,0.95677213469478,1.7599999999999998,3.44,0.89,2.55,1.1881919036923287,2.1725,2.52,2.55,2.49,2.535,0.029999999999999805,8
-646.17027377,76.93741899365074,4.226936617846159,-6.45543196875,-2.478348120625,0.0,5.30896808,221,1.375,3.0,1.4418555296634448,78.4625,141.0,85.01489497976841,2.44625,2.13,1.3093982145285392,5398.5,7349.28164051283,956.225,1340.1430524584425,-3.65375,2.129422333329913,0.3082064217466203,0.2791185556474402,2.625,0.9032106474595007,1.75,0.8583950752789521,0.125,5.443794087112943,4.226936623751766,9.617177374206342,0.732239409605723,2.21,3.44,1.31,2.13,0.9003332716277901,2.44625,1.845,2.13,1.56,1.9874999999999998,0.2849999999999999,8
-749.00937607,153.66088468195457,3.847835684530877,-8.505450933846154,-2.540083061923077,1.2690000000000001,2.90927867,44,3.3846153846153846,7.0,3.4178674903831747,102.33846153846154,141.0,69.96740799699658,2.7192307692307693,2.13,1.2682306930953418,7821.2307692307695,14175.349346344488,1292.6615384615384,2253.2990057005104,-5.026153846153846,1.5242449695743552,0.04477766508415821,0.47335562066459613,2.6923076923076925,1.2613124477737825,2.230769230769231,0.7977240352174656,0.3076923076923077,5.717399346468501,3.847835689906829,11.820068052458044,0.40738653395753666,2.1266666666666665,3.44,1.31,2.13,0.9378106892592389,2.7192307692307693,1.97,2.13,1.81,1.874,0.15999999999999992,13
-223.52393386,585.8201112752612,3.254670696551955,-5.010915418214284,-1.8156306434642842,3.2348,0.84590854,198,1.7142857142857142,2.0,0.8944271909999159,95.91428571428571,92.6,54.9146246458992,2.1185714285714288,2.62,1.5504257479802122,3908.0,8333.308922630913,746.657142857143,804.9060665692613,-3.1900000000000004,2.3635312564042814,0.19268540608817736,0.18914537780209054,3.2857142857142856,1.4832396974191326,1.5714285714285714,0.6324555320336759,0.0,4.35163779543542,3.2546706965519556,20.92214683125933,1.019364805127471,2.103333333333333,3.44,0.82,2.62,1.0702751463473723,2.1185714285714288,1.925,2.62,1.23,2.2725000000000004,0.6950000000000001,28
-379.4059366,270.8505755335312,6.133481830045935,-6.450113695833334,-1.960145810277778,0.974399999999999,4.8029141200000005,14,2.1666666666666665,2.0,0.7928249671720918,124.76666666666667,81.4,36.45010679976515,2.8874999999999997,2.46,1.1845306484607552,5323.0,11954.573475094316,659.7166666666667,1158.5261836858563,-4.511666666666667,1.264140588926496,0.129030215034975,0.24465964527937586,2.75,1.8631770102243563,1.9166666666666667,0.3964124835860459,0.0,6.256326323961063,6.133481838615246,11.285440647230466,0.4306317718635881,2.1566666666666667,3.44,0.98,2.46,1.0071191036262241,2.8874999999999997,1.765,2.46,1.0699999999999998,2.080909090909091,0.6950000000000001,24
-614.04253539,234.69614330367338,6.292047018401381,-9.147170843499998,-2.133976629879308,1.8192,3.09685666,148,3.3,4.0,2.1984843263788196,92.46000000000001,141.0,86.03987447689589,2.765,1.89,1.1647961194990304,7593.2,14728.712457871756,1337.12,2452.442822076706,-6.05859,2.0577730199579025,0.10108565224464057,0.23613171139558653,3.0,1.8257418583505536,2.4,0.6666666666666666,0.4,5.778473791540734,6.292047027192229,11.73480716518367,0.42793023408425207,2.4499999999999997,3.44,1.55,1.89,0.7742092740338363,2.765,1.4849999999999999,1.89,1.08,1.6875,0.4049999999999999,20
-605.71022811,486.6109923767653,7.995491755423862,-7.739456812105262,-2.548817583157894,2.3715,4.58600825,7,3.1578947368421053,6.0,2.9261749776799064,109.45263157894736,133.4,66.28338781323718,2.8410526315789477,1.9,1.093332063007392,5387.578947368421,9814.619796507657,1005.8105263157895,1790.4696674336597,-4.885789473684211,0.6494661269073241,0.08518136341822292,0.30315695790782415,3.1578947368421053,2.23606797749979,2.1578947368421053,0.49999999999999994,0.15789473684210525,5.867809209538637,7.9954917665946565,12.805552430967508,0.46841771220649464,2.3333333333333335,3.44,1.54,1.9,0.8066942144056541,2.8410526315789477,1.66,1.9,1.42,1.6257142857142857,0.24,38
-251.32182044,222.55271337121226,5.101153769802972,-8.3337379745,-2.4467161835,1.4177,6.32710102,62,3.4,4.0,2.32992949004287,107.47999999999999,98.5,56.24915237456599,2.818,1.8299999999999998,1.0441811556019795,9473.2,18535.00800416028,1594.92,2620.5620367721554,-5.2176,1.5818202895940576,0.2350800000000004,0.4034777954591446,2.8,1.558387444947959,2.2,0.5345224838248488,0.2,5.577483168628672,5.10115377692998,11.127635668560613,0.4253485316086581,2.4033333333333338,3.44,1.61,1.8299999999999998,0.7666521737760582,2.818,1.5549999999999997,1.8299999999999998,1.2799999999999998,1.5549999999999997,0.275,20
-324.8081292,154.79235641038505,9.817158334809003,-4.901532607,-1.092814734500002,0.0,3.42615013,167,1.8,3.0,1.3093073414159542,102.83999999999999,141.0,73.38769846312314,2.8680000000000003,1.44,0.9361928983159095,2771.2,5535.734717012987,547.4959999999999,905.7291033668479,-3.864,2.4360037532225367,0.10621680191393458,0.2901932895171893,3.6,2.618614682831909,2.2,0.5345224838248488,0.0,6.206304672045928,9.817158348524913,15.479235641038505,0.43941171852822897,2.4866666666666664,3.44,2.0,1.44,0.6741579109443787,2.8680000000000003,1.43,1.44,1.42,1.43,0.010000000000000009,10
-677.06668261,491.8390167867628,5.466366706380426,-9.27427875589742,-2.9670089035897282,0.0,5.13854597,8,3.3846153846153846,7.0,3.4178674903831747,113.44384615384614,138.63,56.22978291229334,2.686153846153846,2.44,1.3374330909347474,9039.692307692309,16682.770807578152,1734.3538461538462,3092.299162288621,-5.385384615384616,1.8884734094452635,0.27253795767105854,0.0776711090799064,3.076923076923077,1.9188064472004938,2.230769230769231,0.7977240352174656,0.3076923076923077,5.71046882091407,5.4663667140176875,12.611256840686222,0.5047228052852589,2.013333333333333,3.44,1.0,2.44,1.0381179551904922,2.686153846153846,2.1399999999999997,2.44,1.8399999999999999,1.9599999999999997,0.30000000000000004,39
-775.44228241,75.22064438468182,4.736085286784456,-8.550515013750001,-2.877109646666667,0.0,8.02572838,38,4.125,7.0,3.916899955724922,80.8,133.4,80.81208872570073,2.42,2.46,1.3422996763214359,7498.5,11317.867736692417,1581.975,2084.5501827038192,-4.81625,1.4913496183693902,0.16083600302262305,0.10859473742524041,2.75,1.2565617248750864,2.25,0.8583950752789521,0.375,5.014869990511468,4.7360852934014135,9.402580548085227,0.6762942096141296,1.9866666666666666,3.44,0.98,2.46,1.0527846672304624,2.42,2.1799999999999997,2.46,1.9,2.04,0.28,8
-208.4646528,284.23135478673646,3.9034417697445982,-6.376005910500003,-2.306927035968752,4.2602,1.86459675,14,1.6,2.0,1.0690449676496976,124.074,192.63,85.98552519382051,2.774,2.44,1.271658085223495,2921.2,4612.57616274711,597.12,895.7159243548466,-4.0760000000000005,1.632998993963473,0.1820000000000003,0.17121415161804157,2.8,1.3093073414159542,1.8,0.5345224838248488,0.0,5.995115334330203,3.9034417751982398,14.211567739336823,0.4716437685753064,2.33,3.44,1.0,2.44,1.008199715664841,2.774,1.9949999999999999,2.44,1.5499999999999998,2.2175000000000002,0.44500000000000006,20
-174.86426076,41.253952671138684,2.494753648201913,-3.969539539999999,-1.425738685919539,1.8736000000000002,0.65267651,225,1.3333333333333333,1.0,0.7071067811865476,82.2,88.2,62.36681810065349,1.7666666666666666,2.51,1.7748380207782342,1807.3333333333333,1681.49992566161,800.7333333333332,753.6344073886222,-2.4833333333333334,2.658721497261419,0.1873115848182755,0.045277901779656675,2.6666666666666665,0.7071067811865476,1.3333333333333333,0.7071067811865476,0.0,3.935328218270046,2.494753648201913,13.751317557046228,1.2062559927179162,2.185,3.44,0.93,2.51,1.255,1.7666666666666666,2.51,2.51,2.51,2.51,0.0,3
-578.43506476,330.4169572489336,6.442351859917148,-8.183412970416667,-1.954579286249999,1.0688,1.9737528800000002,52,3.0,4.0,2.1602468994692865,126.93333333333334,62.400000000000006,32.61151807431097,3.0216666666666665,1.4300000000000002,0.8487801704668753,11281.333333333334,22157.21286122823,1546.9666666666665,3120.1571516689846,-5.664316666666667,2.6003428625428953,0.1305251188615344,0.2685839902028101,3.0,2.1602468994692865,2.1666666666666665,0.5270462766947298,0.16666666666666666,6.339202543313206,6.442351868917993,13.767373218705567,0.26761750353031005,2.603333333333333,3.44,2.01,1.4300000000000002,0.6086232186026279,3.0216666666666665,0.7150000000000001,1.08,0.3500000000000001,0.9339999999999999,0.365,24
-333.98016852,496.0837445548537,11.396297224601149,-5.822866785833334,-0.755456932500001,0.0,6.16495779,62,2.6666666666666665,1.0,0.6030226891555273,117.76666666666667,59.8,34.25065361021995,2.5233333333333334,1.42,0.8331430085689205,9857.333333333334,11072.403598792154,1732.0666666666666,1970.6286804884467,-4.655,0.8306213446461741,-0.11841306339589937,0.32064906576926533,4.666666666666667,2.412090756622109,2.1666666666666665,0.4767312946227961,0.16666666666666666,5.259992720007645,11.396297240523332,20.670156023118903,0.5127150954082766,2.5533333333333332,3.44,2.02,1.42,0.6312597634008434,2.5233333333333334,1.3299999999999998,1.42,1.2399999999999998,1.375,0.09000000000000008,24
-694.91801574,168.1248937093548,8.7289892060389,-10.271371718571428,-3.346563131380951,1.2267000000000001,3.28430992,15,3.4285714285714284,5.0,3.5355339059327378,109.57142857142857,110.0,77.78174593052023,2.8857142857142857,1.94,1.3717871555019021,10444.285714285714,25298.866417292298,1701.857142857143,3988.647931317077,-6.198571428571428,2.9910616844190963,0.27900481771984836,0.12128073622180309,3.142857142857143,2.8284271247461903,2.2857142857142856,0.7071067811865476,0.2857142857142857,6.337331651113998,8.72898921823449,12.00892097923963,0.3576388223540068,2.4699999999999998,3.44,1.5,1.94,0.97,2.8857142857142857,1.94,1.94,1.94,1.94,0.0,14
-459.46784578,151.5084595587855,8.029159431668086,-5.5556761475,-1.783481409999999,1.1892,2.31540006,12,1.25,2.0,1.0488088481701516,129.6875,208.85000000000002,94.4903209328871,2.5775,2.55,1.3170990851109114,5236.0,6653.894618943104,1363.1,1669.3945776837784,-3.22,2.279684188654209,-0.06621006374576788,0.8862246724760687,4.0,2.5298221281347035,2.0,0.8944271909999159,0.0,5.443828654326849,8.029159442885918,18.93855744484819,0.7094695580243784,2.29,3.44,0.89,2.55,1.0559356040971437,2.5775,1.7249999999999999,2.55,0.8999999999999999,1.7249999999999999,0.825,8
-692.28223901,399.14955897707586,4.815930171239055,-7.143614212,-2.8201032384999998,3.5313,4.75465843,33,3.2,3.0,1.9639610121239315,98.88,112.1,69.17417974112264,2.748,1.8299999999999998,1.1356999100617582,3391.2,5618.36163205711,1107.92,1670.9457852195135,-4.348000000000001,1.0927161440321873,0.41400000000000026,0.30220617371021935,2.6,1.0690449676496976,2.0,0.0,0.0,5.338863054334966,4.815930177967567,9.978738974426896,0.40282322351246813,2.2866666666666666,3.44,1.61,1.8299999999999998,0.819606951871173,2.748,1.73,1.8299999999999998,1.63,1.7299999999999998,0.09999999999999998,40
-169.86094019,263.4501234018471,6.158290639687289,-6.827112947000001,-2.047858012,0.0,2.49640627,194,1.8,3.0,1.3093073414159542,100.13,127.05,70.11523168531724,2.618,2.55,1.4088597212943927,4973.2,8513.104620860377,1122.72,1747.8922130873598,-4.3100000000000005,1.5999107117943447,0.22423042553718883,0.27055054604187595,3.2,2.138089935299395,2.0,0.8451542547285166,0.2,5.47143800592749,6.158290648291261,13.172506170092356,0.8297600760040287,2.07,3.44,0.89,2.55,1.0496666137398103,2.618,2.0549999999999997,2.55,1.56,2.0549999999999997,0.4949999999999999,20
-701.24447257,348.85652070342985,6.668466963447067,-6.783461487857143,-0.9360247642857141,0.0,7.09452023,227,4.142857142857143,7.0,4.2895221179054435,74.14285714285714,133.4,74.25378104850958,1.9657142857142857,1.9,0.7981478559765728,13660.285714285714,7754.736410736345,2910.0285714285715,1486.578893970986,-3.9699999999999998,2.1608516839431626,0.08027218038229192,0.07815994315426633,3.7142857142857144,0.8944271909999159,2.857142857142857,0.4472135954999579,0.8571428571428571,4.315414333156361,6.6684669727638255,12.459161453693923,0.7602539131748839,2.2933333333333334,3.44,1.54,1.9,0.8240280469876144,1.9657142857142857,1.72,1.9,1.54,1.72,0.17999999999999994,28
-146.70296581,217.05273371555654,3.63392638457936,-4.424129913333333,-1.3246188747356311,0.0,1.84315249,1,1.4666666666666666,1.0,0.6720215050322471,98.24666666666667,152.5,68.64239144454254,2.024,2.51,1.6190857635336737,2808.8,6375.691066907583,925.8133333333334,1332.419276015164,-2.8866666666666663,2.4321817498937306,0.15166528730738432,0.21440284763214185,2.8,1.3198240351921795,1.5333333333333334,0.8327955253822958,0.06666666666666667,4.392425173662934,3.633926389656451,14.470182247703772,0.9728827598031935,2.216666666666667,3.44,0.93,2.51,1.0256813453613272,2.024,1.835,2.51,1.1600000000000001,2.36,0.6749999999999998,15
-445.45971143,168.1248937093548,8.7289892060389,-10.271371718571428,-3.346563131380951,1.2267000000000001,3.28430992,15,3.4285714285714284,5.0,3.5355339059327378,109.57142857142857,110.0,77.78174593052023,2.8857142857142857,1.94,1.3717871555019021,10444.285714285714,25298.866417292298,1701.857142857143,3988.647931317077,-6.198571428571428,2.9910616844190963,0.27900481771984836,0.12128073622180309,3.142857142857143,2.8284271247461903,2.2857142857142856,0.7071067811865476,0.2857142857142857,6.337331651113998,8.72898921823449,12.00892097923963,0.3576388223540068,2.4699999999999998,3.44,1.5,1.94,0.97,2.8857142857142857,1.94,1.94,1.94,1.94,0.0,14
-560.39810495,325.0855629977142,5.214143913598156,-7.288429475416667,-1.9229492799999992,0.547299999999999,4.44816107,8,2.7083333333333335,4.0,1.8539317509182847,123.53750000000001,76.7,38.29331360868196,2.9279166666666665,1.78,1.039319135652888,6814.666666666667,13235.160360276628,815.6333333333333,1518.097788755315,-5.09625,1.275379417013877,0.1271510666930082,0.22629421118761447,2.875,1.8003496163964212,2.125,0.46933966408105793,0.125,6.297597483719142,5.214143920883027,13.545231791571425,0.3470127420105431,2.3833333333333333,3.44,1.66,1.78,0.7639517145881815,2.9279166666666665,1.085,1.78,0.3899999999999999,1.449047619047619,0.6950000000000001,24
-459.79974866,494.12608685129584,3.029185214991861,-8.316574977647058,-2.147564881643001,0.9794,-0.72385508,5,3.3529411764705883,5.0,3.2161700825671518,111.43529411764706,141.0,70.77015613943493,2.902941176470588,1.89,1.2504486694782797,6297.882352941177,14485.594633117415,1066.8470588235296,2315.407630148523,-5.337058823529412,0.8711701900317753,0.054443048249579934,0.4315486858188935,2.588235294117647,1.3693063937629153,2.2941176470588234,0.6846531968814576,0.29411764705882354,6.091956360020798,3.0291852192240465,14.533120201508702,0.25732445634783135,2.2066666666666666,3.44,1.55,1.89,0.8727097010015543,2.902941176470588,1.85,1.89,1.81,1.826,0.039999999999999925,34
-534.92214941,283.1886359021479,5.29367792022087,-6.691700555000001,-2.711582475909091,2.3407,5.82461992,167,1.2727272727272727,2.0,1.2833778958394957,96.43454545454546,202.93,97.82697249255352,2.4472727272727273,2.44,1.521964674553334,5044.727272727273,8164.558523420171,1060.6545454545453,1649.3012014005133,-3.7436363636363637,1.9089733921049572,0.1915672992537691,0.2660005796153246,3.090909090909091,1.7489492643904125,1.7272727272727273,0.8224783208299743,0.09090909090909091,5.290178869233616,5.29367792761686,12.872210722824905,0.8012381170688138,2.2399999999999998,3.44,1.0,2.44,0.9965273035229223,2.4472727272727273,1.8,2.44,1.1600000000000001,2.1839999999999997,0.6399999999999999,22
-485.14710652,72.50319461578196,8.332451498508037,-9.130724048000001,-3.786714650999999,3.5394,2.43655296,221,2.8,8.0,3.625307868699863,87.39,141.0,87.93776614336821,2.502,2.55,1.5449086889337043,6833.2,13105.815786457988,1457.92,2518.827638860133,-5.004,2.6158527699940826,0.38956099851022724,0.27281313127520435,3.6,2.618614682831909,2.0,0.8451542547285166,0.0,5.231384675441069,8.332451510149609,14.500638923156393,0.8267585358921078,1.8766666666666667,3.44,0.89,2.55,1.118043926785626,2.502,2.3449999999999998,2.55,2.1399999999999997,2.3449999999999998,0.20500000000000007,5
-329.20121993,155.2282326923861,7.171915971174942,-6.412913488571426,-1.30145586428571,0.9323999999999991,3.86507589,227,2.0,3.0,1.224744871391589,111.91428571428571,141.0,63.084325651124644,2.8528571428571428,1.79,0.9330250341152238,7376.857142857143,12400.337564529675,1353.8285714285714,2240.8162326642114,-4.241428571428572,1.6636620535948485,0.040774294405132694,0.4877313353285896,3.142857142857143,1.7928429140015905,2.4285714285714284,0.6546536707079772,0.2857142857142857,6.00167930998208,7.171915981195089,11.087730906599006,0.44498475874142235,2.4566666666666666,3.44,1.65,1.79,0.7413651072327468,2.8528571428571428,1.475,1.79,1.1600000000000001,1.37,0.31499999999999995,14
-630.73906624,604.6416448215608,4.84242237910542,-7.577501778076923,-1.866747364230768,0.0,2.61096504,14,2.769230769230769,2.0,1.318760946791574,108.69999999999999,125.3,69.82676545503911,2.8484615384615384,1.6099999999999999,1.0168322507114713,8213.538461538461,15577.091373301175,1254.5846153846155,1996.2798390136022,-5.115384615384615,0.736228638872227,0.12990142138548555,0.2125830556019537,2.769230769230769,1.318760946791574,2.230769230769231,0.5710402407201608,0.23076923076923078,6.041429089928022,4.842422385870945,11.62772393887617,0.38424619061269233,2.4266666666666663,3.44,1.83,1.6099999999999999,0.7202931501980442,2.8484615384615384,0.8949999999999998,1.6099999999999999,0.17999999999999972,1.324,0.7150000000000001,52
-117.73857507,157.26726779742017,5.524678938965225,-4.487755839166666,-1.254481989166664,1.222799999999999,1.346573,139,1.3333333333333333,1.0,0.5773502691896257,108.73333333333333,81.4,43.241800764229666,2.1166666666666667,2.46,1.240577822360747,4840.666666666667,5763.814824691484,1380.0666666666666,1189.923112362027,-2.52,2.215016929957873,0.10667707306509007,0.19405816666669082,3.0,1.7320508075688772,2.0,1.0,0.3333333333333333,4.650459335698189,5.524678946683956,13.105605649785014,0.7841965930462131,2.1166666666666667,3.44,0.98,2.46,1.0129275503323139,2.1166666666666667,1.9849999999999999,2.46,1.51,1.9849999999999999,0.475,12
-329.53352994,290.96498913207864,5.989544234396211,-6.7341874425000015,-2.022551330357143,1.7927,2.9322124,227,3.0,3.0,1.7320508075688772,97.92857142857143,112.1,67.30912695488311,2.7514285714285713,1.63,1.0521983789055314,4038.285714285714,7262.559387512288,1216.3999999999999,1745.436867950256,-4.381428571428572,1.1408643339904307,0.30509305342470877,0.33245910914639026,2.857142857142857,1.3093073414159544,2.142857142857143,0.46291004988627577,0.14285714285714285,5.417192588170384,5.989544242764421,10.391606754717094,0.44446108369680476,2.3766666666666665,3.44,1.81,1.63,0.7524330904177164,2.7514285714285713,1.595,1.63,1.56,1.6066666666666667,0.03499999999999992,28
-591.82776367,302.9746509865423,4.46734658718651,-8.323815073571428,-2.301357292142856,3.6769,2.42958006,62,2.857142857142857,2.0,1.3093073414159544,104.14285714285714,125.3,74.07056963271098,2.7600000000000002,1.6099999999999999,1.0391101962737157,11241.142857142857,22453.140575747653,1400.2571428571428,2001.2086783455927,-5.340000000000001,0.5847221562417486,0.14899379364418586,0.2669349206703784,2.7142857142857144,1.164964745021435,2.2857142857142856,0.5976143046671968,0.2857142857142857,5.906048427500806,4.467346593428003,10.820523249519368,0.42488670307673165,2.39,3.44,1.83,1.6099999999999999,0.7430118886442306,2.7600000000000002,0.8399999999999999,1.6099999999999999,0.06999999999999984,1.302,0.77,28
-170.90503102,1143.4218809585366,7.6063421192978655,-5.786155197777778,-0.729964483777778,0.0,3.12187007,10,1.0666666666666667,2.0,1.4142135623730951,100.26,87.3,61.730421997585594,2.8613333333333335,1.2399999999999998,0.8768124086713187,7911.733333333334,11651.70554039193,1558.24,2224.416512256641,-3.9866666666666664,1.5202795795510775,-0.0067887491614805565,0.35878913623020775,3.4,2.1213203435596424,2.466666666666667,0.7071067811865476,0.4666666666666667,5.893338778091887,7.606342129924962,12.704687566205962,0.46017929088723336,2.8200000000000003,3.44,2.2,1.2399999999999998,0.6199999999999999,2.8613333333333335,1.2399999999999998,1.2399999999999998,1.2399999999999998,1.2399999999999998,0.0,90
-387.44653871,278.2199660312183,5.415575897777201,-8.6784611755,-3.661658828500002,3.6122,1.83711263,62,2.8,8.0,3.625307868699863,93.826,135.97,78.69679499736405,2.5200000000000005,2.49,1.5142419131131497,5933.2,10841.941391782982,1321.52,2386.904867336418,-4.65,2.152257950551998,0.38556769090935106,0.27001398247284064,3.2,1.9639610121239315,2.0,0.8451542547285166,0.0,5.341614387697048,5.415575897777201,13.910998301560914,0.745067862009971,1.906666666666667,3.44,0.95,2.49,1.0952726702617126,2.5200000000000005,2.3,2.49,2.11,2.3000000000000003,0.19000000000000017,20
-760.89621236,131.36462388371612,4.634255277198486,-9.186236886666665,-3.55875977333333,4.1495,3.01747659,141,3.3333333333333335,6.0,3.1269438398822857,123.11666666666667,99.9,52.012461113766875,2.8316666666666666,2.11,1.238720217715759,12014.666666666666,26426.778371778713,1369.3,2631.3306025659335,-5.33,0.8333466665600013,0.3454199269360088,0.26094937840917143,2.6666666666666665,1.5634719199411433,2.1666666666666665,0.5270462766947298,0.0,6.155638167489276,4.6342552836731725,10.947051990309676,0.3774673103057293,2.223333333333333,3.44,1.33,2.11,0.8912288644836908,2.8316666666666666,1.3399999999999999,2.11,0.5699999999999998,1.802,0.77,12
-336.2555188,198.43275274147894,5.442065384399076,-7.321732554285729,-2.893783590000014,3.9425,2.84505681,40,3.142857142857143,3.0,1.7928429140015905,97.72857142857143,105.9,66.16720162911963,2.758571428571429,1.8299999999999998,1.0816059488424739,3865.4285714285716,6069.1694183447735,1138.1142857142856,1631.2899243061784,-4.451128714285715,0.8231889254341055,0.31978300000000026,0.36991171167523207,2.857142857142857,1.7928429140015905,2.0,0.0,0.0,5.376170681666151,5.442065392002385,14.173768052962782,0.4476136155461725,2.4600000000000004,3.44,1.61,1.8299999999999998,0.7527283706623524,2.758571428571429,1.4699999999999998,1.8299999999999998,1.1099999999999999,1.5899999999999999,0.36,14
-510.44404847,135.43671915122044,4.067600255193656,-8.849077536666668,-2.522468176666668,0.7584000000000001,2.16139927,12,3.6666666666666665,5.0,3.5355339059327378,110.86666666666667,90.4,63.9224530192639,2.8366666666666664,1.81,1.2798632739476512,7748.0,15965.05690562987,1286.8,2538.3719231034684,-5.316666666666666,0.6929646455628162,0.002675803841171387,0.4822274418950668,2.6666666666666665,1.4142135623730951,2.3333333333333335,0.7071067811865476,0.3333333333333333,5.912403025772768,4.067600260876649,11.286393262601704,0.35782178258590397,2.535,3.44,1.63,1.81,0.905,2.8366666666666664,1.81,1.81,1.81,1.81,0.0,12
-643.35381138,821.4794606135702,4.2908805322171,-7.801700150714285,-2.885069807857142,0.0,6.41246686,156,3.0,3.0,1.7320508075688772,101.81428571428572,98.5,60.47964238367438,2.6942857142857144,1.8299999999999998,1.1444181303801757,5498.285714285715,8366.587049516836,1306.4,1865.2282326836037,-4.5842857142857145,0.7225599332531919,0.322235910567566,0.3648413221314759,2.5714285714285716,0.9636241116594315,2.142857142857143,0.46291004988627577,0.14285714285714285,5.44829595587494,4.290880538212045,9.779517388256787,0.4424344996067671,2.31,3.44,1.61,1.8299999999999998,0.8065977932030313,2.6942857142857144,1.6949999999999998,1.8299999999999998,1.56,1.74,0.1349999999999999,84
-446.44143992,61.01378780609018,5.789865919533531,-7.154437081666667,-2.5433669,1.6178,6.3855935,65,2.6666666666666665,3.0,1.5634719199411433,118.28333333333335,98.5,51.75199942460623,2.9033333333333338,1.8299999999999998,1.0882605897077735,5214.666666666667,10639.872263226554,835.4666666666667,1538.3303560823483,-4.636666666666667,0.7234946056775022,0.24562898754491536,0.3631480463880046,2.6666666666666665,1.5634719199411433,2.0,0.0,0.0,6.078439993590325,5.789865927622764,10.168964634348363,0.40270235674948945,2.3666666666666667,3.44,1.61,1.8299999999999998,0.7799287716765478,2.9033333333333338,1.1349999999999998,1.8299999999999998,0.4399999999999997,1.5519999999999998,0.6950000000000001,6
-652.75299558,2307.6796201472093,5.067786921101905,-9.305239357121213,-2.573634890757575,3.1993,-0.79907226,19,3.272727272727273,6.0,3.2581259360842107,120.57272727272726,99.9,52.79727921311564,3.0518181818181818,2.11,1.0414579278034304,8434.181818181818,21121.421324551782,1550.8727272727272,3663.9124510870574,-5.999254545454547,2.776209391972609,0.1805885794444267,0.400441343943057,3.0,2.5191573682788944,2.272727272727273,0.6793662204867574,0.18181818181818182,6.3802379693000395,5.0677869281822945,17.482421364751588,0.2259347421639955,2.3766666666666665,3.44,1.33,2.11,0.8614845068575264,3.0518181818181818,1.595,2.11,1.08,1.4233333333333331,0.5149999999999999,132
-248.2997727,287.45097002815373,4.9145953319426425,-5.65589207875,-2.066409340876436,2.7011000000000003,2.9069103800000002,15,2.0,3.0,1.2792042981336627,105.98333333333333,88.2,50.46286213192286,2.356666666666667,2.51,1.453735001485984,2144.3333333333335,3093.0505389281366,909.6,1279.0414194729085,-3.5666666666666664,2.1633517765474273,0.20040680322171345,0.03835999122796613,2.8333333333333335,1.365150674334655,1.6666666666666667,0.6030226891555273,0.0,4.946606586422658,4.9145953388090025,11.977123751173073,0.8953517955858018,2.11,3.44,0.93,2.51,1.0301779781507012,2.356666666666667,1.9949999999999999,2.51,1.48,2.1666666666666665,0.5149999999999999,24
-610.5570927,201.3263084014837,5.302747035443835,-6.53641081076923,-2.103520399999999,0.557199999999999,5.26328679,8,2.4615384615384617,4.0,1.5954480704349312,119.96692307692307,138.63,51.58064237853013,2.796923076923077,2.44,1.1745792283351362,2947.3846153846152,4806.624784418045,1075.2769230769231,1769.0168918459665,-4.440769230769231,1.1911033845671304,0.21938648150013973,0.04198815782291338,3.076923076923077,1.9188064472004938,1.9230769230769231,0.3692744729379982,0.0,5.889046211534169,5.302747042852497,15.486639107806438,0.4110116395490564,2.1333333333333333,3.44,1.0,2.44,1.0036378275498035,2.796923076923077,1.96,2.44,1.48,1.672,0.48,13
-182.36476079,209.9891859626689,3.30343145132463,-4.825235687000001,-1.7076779870000012,0.14019999999999902,4.45001187,74,1.2,4.0,2.138089935299395,53.422000000000004,138.63,84.06906234077519,1.69,2.44,1.2807921655868182,11528.4,14212.218726956644,1690.8400000000001,1273.5261105629968,-3.0140000000000002,1.7986026322040756,0.2505121426338407,0.07243988435668405,3.6,1.0690449676496976,1.4,0.6546536707079771,0.0,3.977061996587754,3.3034314559399744,20.99891859626689,0.7845459526715245,2.15,3.44,1.0,2.44,1.001032799995418,1.69,1.7249999999999999,2.44,1.0099999999999998,1.7249999999999999,0.7150000000000001,10
-237.01579226,314.9360042954335,8.088442152307234,-6.688816041818182,-1.985984405909091,0.0,4.2549459,173,2.4545454545454546,2.0,0.9158109397792509,126.74545454545455,49.8,30.548068942717677,2.9127272727272726,1.54,0.9754138906456664,7677.636363636364,19883.72926662368,846.8545454545455,1480.8334288065514,-4.775454545454545,0.635076830505697,0.09648401834179297,0.36910300896891457,3.1818181818181817,2.4428962187297008,2.0,0.0,0.0,6.131605801384966,8.088442163607892,14.315272922519705,0.40249818200631765,2.453333333333333,3.44,1.9,1.54,0.6993965653015144,2.9127272727272726,0.77,1.42,0.1200000000000001,1.2575,0.6499999999999999,22
-162.18465484,116.260355946894,9.751712740282583,-4.4215644075,-0.8891108574999991,0.8955000000000001,1.76975033,2,1.25,2.0,1.0488088481701516,126.2,222.8,101.38260205774954,2.7775,1.75,0.9201901977308822,4811.0,6432.905533271883,1087.35,1569.610523665027,-2.965,2.5615854465545356,-0.11258525217401358,0.8404897862966915,3.75,2.2583179581272432,2.5,0.6324555320336759,0.0,6.196810685643527,9.751712753907059,14.53254449336175,0.4767589599515305,2.5566666666666666,3.44,1.69,1.75,0.7145317036742006,2.7775,1.325,1.75,0.8999999999999999,1.325,0.42500000000000004,8
-171.16341935,515.312261967182,3.956389438884266,-4.5339772284999995,-1.443864567499999,0.4234,3.46920082,62,1.2,4.0,2.138089935299395,57.938,135.97,86.64748673298526,1.638,2.49,1.3005328578262505,14884.4,23937.138413531626,1645.64,1302.8108337634549,-3.0900000000000003,2.314797121625503,0.43897148594031316,0.1464409163381972,4.0,1.6903085094570331,1.4,0.6546536707079771,0.0,3.8567489707359086,3.9563894444118817,25.765613098359104,0.8306499282836237,2.0966666666666662,3.44,0.95,2.49,1.0260062811157098,1.638,1.7200000000000002,2.49,0.95,1.72,0.7700000000000001,20
-305.28529929,62.678492619145764,6.147157205208419,-5.3198638925,-2.182773819999999,0.018199999999999,1.41558634,123,1.0,2.0,1.2649110640673518,71.7575,141.0,87.61448664461831,2.38,2.49,1.3810430840491545,3686.0,4447.119697062359,718.85,841.4073424923271,-3.1425,2.3621579117408724,0.330636020164517,0.1465888444550949,3.5,1.8973665961010275,2.0,0.8944271909999159,0.0,5.2063751038403145,6.147157213796837,15.669623154786441,0.8123745164071516,2.026666666666667,3.44,0.95,2.49,1.0440412933510925,2.38,2.12,2.49,1.75,2.12,0.3700000000000001,4
-618.32050184,192.08453575479933,5.677912560115739,-6.5055772492857145,-1.997496740714284,0.0,6.73268483,166,3.0,3.0,1.5811388300841898,117.3,98.5,44.83804188409659,2.755714285714286,1.8299999999999998,1.054984766308432,3655.4285714285716,5457.839080494352,1271.8285714285714,1805.285486722648,-4.5200000000000005,0.7240511031688301,0.2858588756787012,0.23619790498838347,3.0,1.7320508075688772,2.0,0.0,0.0,5.658160984406661,5.677912568048558,13.720323982485667,0.3887918049733967,2.3366666666666664,3.44,1.61,1.8299999999999998,0.7931512396062234,2.755714285714286,1.6549999999999998,1.8299999999999998,1.48,1.5966666666666667,0.17499999999999993,14
-583.84015633,529.6404451676653,8.95021884612526,-6.255281273333334,-1.7284567990909112,0.0,4.357835899999999,197,2.4545454545454546,3.0,0.9275204136012635,119.9060606060606,98.5,38.77050880425967,2.868181818181818,1.8299999999999998,1.0081754049067173,4422.424242424242,7371.568723221433,807.2727272727273,1278.5369211812106,-4.613939393939394,0.6642869906014669,0.04292109260998273,0.41106001450682816,3.484848484848485,2.700762419587999,2.0,0.0,0.0,5.8957514832594144,8.95021885862994,16.049710459626223,0.4383430737159179,2.356666666666667,3.44,1.61,1.8299999999999998,0.784106001904221,2.868181818181818,1.625,1.8299999999999998,1.42,1.4515384615384614,0.20499999999999996,33
-381.13214069,95.8476484576746,9.803321677415095,-7.2828276787499995,-1.1735585437499991,0.0,4.1595103,166,2.5,2.0,1.0954451150103324,125.75,189.60000000000002,86.95821985298457,2.7474999999999996,1.6099999999999999,0.8987713836120952,8561.0,10906.432670676513,1853.1,2271.203525886661,-4.875,1.1185883961493612,-0.031223506079393504,0.35345505279124045,3.5,2.0976176963403033,2.5,0.6324555320336759,0.5,5.978668855737274,9.803321691111673,11.980956057209324,0.49264833870032104,2.516666666666666,3.44,1.83,1.6099999999999999,0.6782493805542488,2.7474999999999996,1.385,1.6099999999999999,1.1600000000000001,1.385,0.22499999999999987,8
-535.3462731,95.59542788402864,4.987146509547847,-7.88231787,-3.443433267619047,1.9141999999999992,2.51677959,139,2.2857142857142856,8.0,3.295017884191656,83.0942857142857,135.97,88.45866205667562,2.457142857142857,2.49,1.5205379687090075,5084.0,8616.230962549693,1032.9714285714285,1636.687535411518,-4.127142857142857,2.0637915869306465,0.2854719858818173,0.20577597110727675,3.142857142857143,1.7928429140015905,1.8571428571428572,0.8451542547285167,0.14285714285714285,5.119590587415042,4.987146516515572,13.656489697718376,0.8591812407084154,1.9766666666666666,3.44,0.95,2.49,1.0623977074941797,2.457142857142857,2.1950000000000003,2.49,1.9,2.2933333333333334,0.29500000000000015,7
-441.42684972,672.0445599629521,6.044080032621714,-5.6213634500000005,-1.451764172333332,0.17419999999999902,2.03278278,12,1.8666666666666667,3.0,1.2307338795828047,133.85333333333332,15.400000000000006,9.193731880055726,2.630666666666666,1.54,0.973839429933969,11316.933333333332,20701.31679244527,1439.16,1650.5492968028766,-3.3353333333333333,2.7628983609501776,0.11749285753059963,0.2594723733534714,3.3333333333333335,1.7986923354612534,2.4,0.6301260378126043,0.4,5.738663268980035,6.044080041066118,14.93432355473227,0.5375880956208355,2.4233333333333333,3.44,1.9,1.54,0.7189962138673301,2.630666666666666,0.77,1.51,0.030000000000000027,1.1811111111111112,0.74,45
-458.5735739,86.43591197380744,5.67117605821361,-8.115182611666667,-2.267367855143677,0.0,3.786725569999999,71,2.6666666666666665,5.0,2.2962419891481978,72.825,141.0,87.41237495603552,2.3850000000000002,2.55,1.378591178110333,5844.333333333333,7526.144600355121,1180.2666666666667,1396.7943194719437,-5.14,2.1576123166803876,0.1953908503350975,0.24372580300211347,3.3333333333333335,1.9069251784911847,2.1666666666666665,0.8790490729915325,0.3333333333333333,5.012760767403843,5.671176066137017,14.405985328967907,0.7789839085456379,1.96,3.44,0.89,2.55,1.0806479537758815,2.3850000000000002,2.2199999999999998,2.55,1.89,2.11,0.32999999999999996,6
-638.28311191,281.1957752423065,4.947911495854694,-7.368029956428572,-2.114110612142857,0.0,5.5314903300000005,62,2.2857142857142856,2.0,0.9258200997725515,131.65714285714287,29.0,16.7760032699772,2.782857142857143,1.54,1.0038105968187994,12212.57142857143,22737.022835643445,1415.1142857142856,2023.8469599114596,-4.668571428571428,0.8736254509636431,0.21566475611282293,0.14294561595353214,2.7142857142857144,1.164964745021435,2.2857142857142856,0.5976143046671968,0.2857142857142857,6.055030319084677,4.947911502767601,10.042706258653805,0.4239947612872151,2.4166666666666665,3.44,1.9,1.54,0.7236174557196795,2.782857142857143,0.77,1.53,0.010000000000000009,1.226,0.76,28
-608.59411355,178.58018615603595,3.822631707033493,-8.813746356363634,-2.466229184545452,3.1883,-0.85885084,12,3.272727272727273,6.0,3.2581259360842107,119.35454545454546,99.9,55.145667240360915,3.0154545454545456,2.11,1.1025233295979238,8616.0,21655.0077775593,1384.3272727272727,3224.8401921049335,-5.570545454545455,1.4753622241021667,0.19055403398988105,0.3736250977942738,2.8181818181818183,2.0380986614602725,2.272727272727273,0.6793662204867574,0.18181818181818182,6.2478976101114725,3.822631712374231,16.23456237782145,0.27089713990769343,2.31,3.44,1.33,2.11,0.8679093654677695,3.0154545454545456,1.6949999999999998,2.11,1.2799999999999998,1.5566666666666666,0.41500000000000004,11
-267.47370107,121.77903034390049,4.413627443517979,-5.419265454545455,-1.948860575606061,1.3597000000000001,1.20367137,8,1.6363636363636365,2.0,0.8451542547285166,99.47272727272728,81.4,51.135953245106464,2.1927272727272724,2.46,1.5435580418537647,2455.4545454545455,3918.9658256812017,942.0909090909091,1025.5893580905426,-3.482727272727273,1.9764578706073435,0.1690821540363864,0.20604804579063216,2.3636363636363638,1.5118578920369088,1.5454545454545454,0.6546536707079771,0.0,4.69731493088063,4.413627449684419,11.07082094035459,0.7023494155666261,2.1466666666666665,3.44,0.98,2.46,1.0082768579225758,2.1927272727272724,1.94,2.46,1.42,2.2866666666666666,0.52,11
-146.31789,138.38975205740917,5.832228256708868,-4.333599781999998,-1.586021312999998,0.0,4.28762171,221,1.2,4.0,2.138089935299395,38.238,135.97,70.40238804797139,1.7239999999999998,2.49,1.3508092812405883,5798.4,4083.720782395808,1415.44,905.6061647947664,-2.7495802,1.8311912072123202,0.3292226483948403,0.3347885314073574,4.6,1.8126539343499315,1.4,0.6546536707079771,0.0,3.7029483067144824,5.832228264857287,27.677950411481834,0.9094948592812576,2.24,3.44,0.95,2.49,1.0185283501208986,1.7239999999999998,1.8,2.49,1.1099999999999999,2.145,0.6900000000000002,5
-590.57902828,131.85640893438818,5.6151450073897795,-5.882266102000001,-1.8400379805000011,0.0,3.2906893200000003,65,1.3,2.0,0.9919027007433417,107.026,135.97,65.94919236953208,2.4799999999999995,2.49,1.288847947687416,5641.0,7238.646393691518,1336.1,1722.1094575754955,-3.4400000000000004,1.9745150486687497,0.23473462044224225,0.2003184534705702,3.2,1.5862310778250641,2.1,0.8890008890013334,0.3,5.317081692789044,5.615145015234904,13.18564089343882,0.7770765306450967,2.0966666666666662,3.44,0.95,2.49,1.0260062811157098,2.4799999999999995,2.015,2.49,1.54,1.92,0.4750000000000001,10
-483.04723358,133.92240303969075,4.2894703998712185,-5.084976770833333,-1.432946590277778,1.4376,2.605350559999999,139,1.3333333333333333,1.0,0.5773502691896257,106.33333333333333,81.4,42.02015389468883,2.106666666666667,2.46,1.2429534719100845,5440.666666666667,6777.046652734016,1635.0666666666666,1554.9971103938854,-2.9599999999999995,1.7600852252092796,0.16482005077110728,0.09371747130612049,2.6666666666666665,1.1547005383792515,2.0,1.0,0.3333333333333333,4.663632489434325,4.289470405864194,11.160200253307563,0.716260263498852,2.106666666666667,3.44,0.98,2.46,1.0148672600668305,2.106666666666667,2.0,2.46,1.54,2.0,0.45999999999999996,12
-545.98632242,361.29069138444066,7.334663993614651,-6.19033300423077,-1.5790000961538482,0.19010000000000002,2.97543698,9,2.4615384615384617,3.0,1.2403473458920846,121.93076923076923,98.5,45.488290970145435,2.971538461538462,1.8299999999999998,1.044443171484949,3492.153846153846,7220.650428831506,701.1384615384615,1390.5309843586867,-4.679230769230769,0.6954246074272789,0.1395460780024892,0.4200814422931338,3.0,2.449489742783178,2.0,0.0,0.0,6.14045246313959,7.334664003862177,13.895795822478487,0.3752994177815846,2.356666666666667,3.44,1.61,1.8299999999999998,0.784106001904221,2.971538461538462,1.625,1.8299999999999998,1.42,1.5225,0.20499999999999996,26
-481.97884439,296.7862190886736,5.50011070860934,-6.552293760357143,-2.067259858928572,0.0,2.99190653,74,2.142857142857143,7.0,2.8660575211055543,87.8,141.0,83.84879247788842,2.6699999999999995,1.81,1.1762227680163313,5484.0,10217.171134908136,914.4,1620.7137810236575,-4.067142857142857,2.3809421904543826,0.18971820164621644,0.3652835366133462,2.857142857142857,1.3093073414159544,2.4285714285714284,0.6546536707079772,0.14285714285714285,5.934578225264918,5.5001107162937455,10.599507824595486,0.4654811661173584,2.2399999999999998,3.44,1.63,1.81,0.84856742022462,2.6699999999999995,1.8,1.81,1.79,1.7966666666666669,0.010000000000000009,28
-358.46420919,138.80680474007113,5.744078133199698,-6.351357792142857,-1.046750069285714,0.0,4.96930009,65,2.0,0.0,0.0,128.57142857142858,29.0,20.50609665440988,2.7842857142857143,1.53,1.0818733752154177,7498.285714285715,12005.258930985205,1416.9714285714285,2189.061173197314,-4.4157142857142855,0.947523086789974,0.16623459394194193,0.10520755240045614,2.857142857142857,1.4142135623730951,2.4285714285714284,0.7071067811865476,0.42857142857142855,5.9859627407857525,5.74407814122496,9.914771767147938,0.49762832451785605,2.675,3.44,1.91,1.53,0.7650000000000001,2.7842857142857143,1.53,1.53,1.53,1.53,0.0,14
-538.3591749,90.04391937278216,5.4250209716261,-7.315163434285714,-2.695346935418719,0.0,2.30434399,139,1.8571428571428572,5.0,2.052872551885702,82.00857142857141,141.0,90.13429048607735,2.4585714285714286,2.49,1.519036348666953,4298.285714285715,6578.56966651132,857.8285714285714,1204.8922311026113,-4.327142857142857,2.3852118803757696,0.27407290506641946,0.23016165461551022,3.142857142857143,1.7928429140015905,1.8571428571428572,0.8451542547285167,0.14285714285714285,5.173706415718922,5.425020979205595,12.863417053254594,0.9121526351537115,1.9799999999999998,3.44,0.95,2.49,1.061037228376083,2.4585714285714286,2.19,2.49,1.89,2.29,0.30000000000000016,7
-413.1753046,361.4052159914103,6.100338606602298,-5.246644615454546,-0.8670706163352271,1.1502,1.00674662,32,1.8181818181818181,1.0,0.5303300858899106,165.6909090909091,81.80000000000001,46.36686586345901,3.1145454545454543,0.8999999999999999,0.5920013724646253,3395.818181818182,6480.130149155956,800.4909090909091,1574.584845681553,-3.9845454545454544,2.104190016372096,-0.09551654703564609,0.7707876995599883,3.090909090909091,2.1505813167606567,2.1818181818181817,0.5303300858899106,0.0,6.865452392957446,6.100338615125304,16.427509817791375,0.21962434983889084,2.8433333333333333,3.44,2.54,0.8999999999999999,0.4219267972317262,3.1145454545454543,0.45499999999999985,0.8999999999999999,0.009999999999999787,0.7022222222222221,0.44500000000000006,22
-444.88281024,361.8786077778055,3.113529296226795,-4.367427304999999,-1.661868793025077,1.8735,0.7149548,137,1.2727272727272727,2.0,0.8224783208299743,81.3409090909091,127.05,61.8732700292917,1.839090909090909,2.55,1.6143747651499454,2226.181818181818,2850.867649144937,858.1636363636363,857.1779683424935,-2.660909090909091,2.363001580741798,0.2228459106434057,0.1377901528324989,2.909090909090909,1.4450727642986174,1.3636363636363635,0.641688947919748,0.0,4.031464906832727,3.11352930057682,16.449027626263884,1.0601512513394795,1.7533333333333332,3.44,0.89,2.55,1.1927652279006495,1.839090909090909,2.53,2.55,2.51,2.5157142857142856,0.020000000000000018,22
-484.77689235,87.20233463225763,5.474778978440372,-8.37413529875,-1.741881976724138,0.09050000000000001,5.32632052,65,3.125,3.0,1.8848425873126298,84.5,141.0,85.77326291787521,2.54,1.89,1.1767215831327842,7211.0,9208.336817654337,1318.6,1629.7342682974906,-5.5649999999999995,1.5156586200828925,0.11518507187220006,0.1550375564360148,3.0,1.2977713690461004,2.5,0.6488856845230502,0.5,5.40700720333074,5.474778986089386,10.900291829032204,0.5551139267885111,2.3000000000000003,3.44,1.55,1.89,0.8193900170248597,2.54,1.71,1.89,1.53,1.8,0.17999999999999994,8
-614.23385849,234.69614330367338,6.292047018401381,-9.147170843499998,-2.133976629879308,1.8192,3.09685666,148,3.3,4.0,2.1984843263788196,92.46000000000001,141.0,86.03987447689589,2.765,1.89,1.1647961194990304,7593.2,14728.712457871756,1337.12,2452.442822076706,-6.05859,2.0577730199579025,0.10108565224464057,0.23613171139558653,3.0,1.8257418583505536,2.4,0.6666666666666666,0.4,5.778473791540734,6.292047027192229,11.73480716518367,0.42793023408425207,2.4499999999999997,3.44,1.55,1.89,0.7742092740338363,2.765,1.4849999999999999,1.89,1.08,1.6875,0.4049999999999999,20
-260.35558484,239.6140132477019,3.516649737126222,-8.455307889444448,-2.196907958333336,1.923,2.02882743,2,3.3333333333333335,5.0,2.924038303442689,106.98888888888888,125.3,69.76791526195977,2.858888888888889,1.81,1.1720260236018651,6748.0,13588.014490719386,1226.1333333333334,2295.781517914978,-5.319999999999999,0.6642138209944142,0.035991167437555184,0.40733908263390195,2.6666666666666665,1.3416407864998738,2.3333333333333335,0.6708203932499369,0.3333333333333333,5.980962670404358,3.5166497420394616,13.311889624872329,0.31329304424894405,2.3000000000000003,3.44,1.63,1.81,0.8102263058347752,2.858888888888889,1.71,1.81,1.6099999999999999,1.7433333333333332,0.10000000000000009,18
-371.88326593,679.6395670121804,5.267345319506484,-6.258220926500001,-2.134418422629311,0.0714,1.46187107,11,3.066666666666667,4.0,2.0862461282142593,96.95666666666666,112.1,76.17593261162676,2.758666666666667,2.51,1.1946894238182826,2269.5333333333333,3606.6455316802935,1000.8866666666667,1603.6930150224255,-4.146,1.521326803251277,0.38553224590758056,0.29447464509457516,2.7666666666666666,1.3447564999109927,1.9666666666666666,0.25273830731089986,0.0,5.299405790799571,5.2673453268656845,11.327326116869672,0.41770826938053296,2.06,3.44,0.93,2.51,1.0398397312406689,2.758666666666667,2.07,2.51,1.63,1.7033333333333331,0.43999999999999995,60
-195.50166195,34.49840025661019,4.987595380591106,-6.395818074999999,-3.075623527499999,3.2748,1.66284593,225,1.0,2.0,1.4142135623730951,73.015,135.97,96.14530903793487,2.195,2.49,1.7606958851545034,4111.0,5499.876544068967,872.6,1106.4806912007095,-3.335,2.3405234457274724,0.3712720403290337,0.19978883541743772,3.5,2.1213203435596424,1.5,0.7071067811865476,0.0,4.654915531852944,4.987595387559458,17.249200128305095,0.9975853971933308,2.195,3.44,0.95,2.49,1.2449999999999999,2.195,2.49,2.49,2.49,2.49,0.0,2
-673.77318686,453.463543407749,5.309108237537013,-7.168219441071426,-1.8522391850615731,0.0,5.72285837,135,2.7142857142857144,3.0,1.3627702877384937,110.05714285714285,141.0,63.31756695984366,2.7728571428571427,1.89,1.039319832527848,7641.142857142857,11639.455387357508,916.4,1276.7906484619944,-5.024285714285715,1.164685733209975,0.08013857495539753,0.23590954744161502,3.142857142857143,1.7928429140015905,2.142857142857143,0.46291004988627577,0.14285714285714285,6.010604238582372,5.309108244954563,16.19512655027675,0.35860220056057046,2.3466666666666662,3.44,1.55,1.89,0.7995971207774297,2.7728571428571427,1.1949999999999998,1.89,0.4999999999999998,1.4266666666666665,0.6950000000000001,28
-246.28303491,64.74197216120193,6.552712296160798,-6.546005466666666,-2.054515252916665,0.7966999999999991,4.61990815,65,2.6666666666666665,3.0,1.5634719199411433,116.01666666666667,112.1,58.45296779843128,2.936666666666667,1.63,1.0114236391234772,4363.0,10088.287300957812,782.9666666666667,1408.2438654027378,-4.5183333333333335,1.0430217852204453,0.23562898754491526,0.3374932045200626,2.8333333333333335,1.7159383568311666,2.0,0.0,0.0,6.058173749765444,6.552712305315831,10.790328693533654,0.39529128478193937,2.433333333333333,3.44,1.81,1.63,0.718532455000391,2.936666666666667,0.9349999999999998,1.63,0.23999999999999977,1.3519999999999999,0.6950000000000001,6
-452.21858887,216.25322779642678,8.759271576214951,-8.918519201,-2.802277456,2.7983000000000002,4.65652721,14,3.2,6.0,3.2071349029490928,107.0,141.0,73.0508629068033,2.7060000000000004,2.1399999999999997,1.2286345498734996,8673.2,14269.295968216911,1666.52,2676.8808853375813,-5.348000000000001,1.9777042968336505,0.29870365827387013,0.2933183049430979,3.2,2.138089935299395,2.4,0.6546536707079771,0.2,5.777441010670269,8.75927158845285,10.81266138982134,0.5293583299222266,2.216666666666667,3.44,1.3,2.1399999999999997,0.9001604795195627,2.7060000000000004,1.835,2.1399999999999997,1.53,1.8349999999999997,0.3049999999999998,20
-395.75204355,74.54787045732388,5.733048487761328,-6.508668765999999,-2.375606296999999,0.0,6.7212011700000005,221,1.8,3.0,1.3093073414159542,106.24600000000001,135.97,70.40058421023832,2.664,2.49,1.3524211093970906,5673.2,10199.997563024917,757.12,1094.9363399629353,-4.154,1.7132383705385879,0.2072636011855117,0.2892363965538042,3.2,1.9639610121239315,1.8,0.5345224838248488,0.0,5.693562090100437,5.733048495771179,14.909574091464776,0.6572247862815532,2.1466666666666665,3.44,0.95,2.49,1.0188337559298977,2.664,1.795,2.49,1.0999999999999999,2.1425,0.6950000000000002,5
-310.33111107,265.17950377464143,3.329436099776594,-8.2520250875,-3.5086665855,4.311599999999999,1.9742306200000002,15,3.6,7.0,3.0550504633038935,100.31,111.4,67.98685739007045,2.669,2.2199999999999998,1.2931937209869215,4483.2,7106.789679986004,1252.6200000000001,1961.1467070738656,-4.664,0.8459971105808288,0.4207378684438705,0.3185007613852804,2.6,1.247219128924647,2.1,0.40824829046386296,0.0,5.3685447140146625,3.329436104428271,13.258975188732071,0.4102985970749824,2.09,3.44,1.22,2.2199999999999998,0.9677809669548166,2.669,2.025,2.2199999999999998,1.8299999999999998,1.9275,0.19499999999999995,20
-727.47101646,310.9699838667931,8.206535931579655,-9.509830488333334,-2.429232969166666,1.553799999999999,5.02018534,13,3.5833333333333335,7.0,3.3869497444498005,116.11666666666667,111.4,53.44328368867852,2.985,2.2199999999999998,1.0093817060812171,9848.0,21279.99875402789,1817.8833333333332,3593.57339601843,-6.217308333333334,2.9199424110514824,0.1365957237032259,0.3919113715993238,3.25,2.5606918707925126,2.3333333333333335,0.6761234037828133,0.25,6.144963235853538,8.20653594304531,12.957082661116376,0.4025162639188873,2.34,3.44,1.22,2.2199999999999998,0.9064215354899728,2.985,1.65,2.2199999999999998,1.08,1.365,0.5699999999999998,24
-799.66917019,296.81138881445287,6.072331503873203,-7.782244199499997,-3.009926146499997,3.4987,1.7070853700000002,14,1.8,6.0,2.260776661041756,93.96900000000001,135.97,83.04186036103853,2.585,2.49,1.5187988675265727,6033.2,13966.233628927226,1133.42,2332.740649965186,-4.471590000000001,3.1241110596100423,0.2628222241974205,0.30383573675897024,3.3,2.1984843263788196,1.8,0.816496580927726,0.1,5.3490962500143375,6.072331512357078,14.840569440722643,0.7834310683614608,2.25,3.44,0.95,2.49,1.0195096860746344,2.585,1.7850000000000001,2.49,1.08,2.1375000000000006,0.7050000000000001,20
-765.35636251,766.0815533260688,8.05844137242436,-4.893852924318182,-0.9037052553787881,1.7207999999999992,2.8738182500000002,52,1.8181818181818181,2.0,0.9032106474595007,126.34545454545454,49.8,22.656032076991863,2.632727272727273,1.51,0.9306958347613389,6191.818181818182,6878.569427462447,1260.4545454545455,1373.3155960360275,-3.264545454545455,2.473004245851592,0.0028510000931285732,0.2771798263720331,3.8181818181818183,2.139847510553276,2.3636363636363638,0.606976978666884,0.36363636363636365,5.570688443636022,8.058441383683101,17.41094439377429,0.5611287781433261,2.4633333333333334,3.44,1.93,1.51,0.6915843324489711,2.632727272727273,1.4649999999999999,1.51,1.42,1.48,0.04500000000000004,44
-326.9291221,275.27296614002546,7.124821189855321,-6.285639986499999,-2.173213993499998,0.933199999999999,3.35563111,62,2.0,4.0,1.6903085094570331,92.09400000000001,138.63,81.22742042297926,2.73,2.44,1.2907915622372408,2795.2,4502.6435409815485,809.92,1183.2294017403628,-4.1235802,1.6067290993818113,0.17169620000000024,0.19835838947362805,3.2,2.138089935299395,1.8,0.5345224838248488,0.0,5.5184251892023095,7.124821199809669,13.763648307001272,0.74939992436593,2.2566666666666664,3.44,1.0,2.44,0.9974745889272346,2.73,1.775,2.44,1.1099999999999999,1.7750000000000001,0.665,20
-731.45329909,399.14955897707586,4.815930171239055,-7.143614212,-2.8201032384999998,3.5313,4.75465843,33,3.2,3.0,1.9639610121239315,98.88,112.1,69.17417974112264,2.748,1.8299999999999998,1.1356999100617582,3391.2,5618.36163205711,1107.92,1670.9457852195135,-4.348000000000001,1.0927161440321873,0.41400000000000026,0.30220617371021935,2.6,1.0690449676496976,2.0,0.0,0.0,5.338863054334966,4.815930177967567,9.978738974426896,0.40282322351246813,2.2866666666666666,3.44,1.61,1.8299999999999998,0.819606951871173,2.748,1.73,1.8299999999999998,1.63,1.7299999999999998,0.09999999999999998,40
-402.12761113,279.6471227954062,4.751220194575889,-7.947340789499998,-3.081071199499997,3.706,1.52493835,148,1.8,6.0,2.260776661041756,93.171,138.63,84.62603825064717,2.6,2.44,1.4889220560153202,6195.2,14012.464514773186,1164.02,2346.238977597977,-4.54659,3.001488597623964,0.19605900000000043,0.2232200514066775,3.0,1.8257418583505536,1.8,0.816496580927726,0.1,5.455528377428207,4.751220201213991,13.982356139770308,0.6366719552739813,2.2666666666666666,3.44,1.0,2.44,0.9983096825245272,2.6,1.76,2.44,1.08,2.1,0.6799999999999999,20
-642.54065406,172.05067019171855,7.228237885679817,-7.100745679285715,-1.611381873337439,0.5427999999999991,2.31985033,141,2.5714285714285716,5.0,2.220038609702865,80.57142857142857,141.0,92.30616756982478,2.6942857142857144,1.89,1.1538166479743899,4225.428571428572,7565.406626782953,808.3828571428572,1299.0405178768347,-4.884285714285714,2.731875337042826,0.14760409807473657,0.14848208754047937,3.142857142857143,1.927248223318863,2.4285714285714284,0.6546536707079772,0.2857142857142857,5.845084965678718,7.228237895778652,12.289333585122753,0.4736321256587401,2.33,3.44,1.55,1.89,0.8061017305526641,2.6942857142857144,1.665,1.89,1.44,1.74,0.22499999999999998,14
-561.1594732,205.82626822115904,6.319803566926551,-8.2884854835,-2.591207236500001,0.0,3.74590434,62,3.6,7.0,3.6449573777637356,103.25999999999999,111.4,63.42518652486791,2.684,2.2199999999999998,1.2683397471835827,5653.2,9117.379416727781,1415.92,2176.591526742148,-5.0200000000000005,0.3541589635016618,0.25060601168233276,0.32785345089593065,3.0,1.6903085094570331,2.4,0.6546536707079771,0.2,5.691693728783231,6.319803575756178,10.291313411057953,0.7277857301844105,2.1799999999999997,3.44,1.22,2.2199999999999998,0.9308061022576076,2.684,1.89,2.2199999999999998,1.56,1.89,0.32999999999999985,20
-277.36642173,323.20382845418004,8.501416438842115,-5.667744133684211,-1.473649539210526,0.7797000000000001,4.15827743,1,2.1052631578947367,3.0,1.1445523142259597,110.43157894736841,141.0,59.19771617216326,2.8073684210526313,1.75,1.0044008164074738,4233.789473684211,6554.3668618715565,741.8000000000001,1069.7093640797953,-4.266842105263158,1.6467759410435896,0.0672735804244587,0.3615302507186965,3.5789473684210527,2.515949125081825,2.1052631578947367,0.41231056256176607,0.0,5.898224482195323,8.501416450719754,17.010727813377898,0.44582806007054626,2.3833333333333333,3.44,1.69,1.75,0.7592247507966413,2.8073684210526313,1.585,1.75,1.42,1.5025,0.16500000000000004,19
-308.06493146,100.33403783892136,8.383303437102434,-5.3732777275,-1.6732092212499992,0.0,4.21711629,65,1.25,2.0,1.0488088481701516,126.2,222.8,101.38260205774954,2.6825,2.13,1.1048393548385214,5411.0,6780.055574993467,1168.1,1575.6714936813448,-3.1225,2.3759356051879856,-0.06258525217401356,0.8901891491233199,3.25,2.073644135332772,2.0,0.8944271909999159,0.0,5.950223282293133,8.383303448815058,12.541754729865161,0.5233063390086993,2.43,3.44,1.31,2.13,0.8730406634286859,2.6825,1.515,2.13,0.8999999999999999,1.515,0.615,8
-406.28049282,988.2110324036479,4.741962688460113,-7.471631555625,-2.717900925124999,3.950699999999999,1.59933635,205,1.8,6.0,2.260776661041756,92.46000000000001,141.0,86.03987447689589,2.693,2.13,1.3050478918415216,6243.2,14027.685862845185,1045.8200000000002,2303.391722848914,-4.42959,3.19404750564755,0.27405900000000044,0.32133252457539935,2.7,1.615893285805443,1.8,0.816496580927726,0.1,5.827292710246748,4.741962695085282,12.352637905045599,0.47071862768045647,2.3699999999999997,3.44,1.31,2.13,0.8695976080923866,2.693,1.605,2.13,1.08,1.8674999999999997,0.5249999999999999,80
-538.0603192,79.06978600731826,5.146334199359751,-6.8528004887499865,-2.417624361249986,1.8148,6.09085843,194,2.5,4.0,1.8973665961010275,110.725,98.5,51.17306908912148,2.5975,1.8299999999999998,1.0735501851334197,6061.0,7463.395581101138,1543.1,1846.824912112678,-3.9375,1.5353273266636014,0.3093548369255241,0.3128548040057332,2.75,1.0488088481701516,2.25,0.5477225575051662,0.25,5.347651195739729,5.146334206549882,9.883723250914784,0.5133890949297345,2.3166666666666664,3.44,1.61,1.8299999999999998,0.8030912498312726,2.5975,1.685,1.8299999999999998,1.54,1.685,0.1449999999999999,8
-763.85097052,135.04259794686644,5.6946688398702925,-8.073330959,-2.596938715999999,1.3088,4.32610285,12,2.4,6.0,2.6186146828319083,99.986,135.97,72.83030648608546,2.686,2.49,1.3357608853597798,8933.2,18527.369144823868,1367.52,2502.8999158119423,-4.8056,2.4266840397075655,0.19358881613161377,0.3213006191145077,3.2,1.9639610121239315,2.0,0.8451542547285166,0.2,5.454374327335747,5.694668847826521,13.504259794686643,0.7256185673847445,2.1833333333333336,3.44,0.95,2.49,1.0166721311328555,2.686,1.885,2.49,1.2799999999999998,1.885,0.6050000000000002,10
-495.38290259,206.56740910925978,5.766886485369779,-4.9791975121428536,-0.8401073900967221,0.42639999999999906,1.05826351,70,1.7142857142857142,1.0,0.5976143046671968,144.31428571428572,69.4,28.78119425696479,2.8814285714285717,1.51,0.8899839484908862,4126.857142857143,6432.738274971686,884.1142857142858,1354.358858332184,-3.551428571428571,2.471360238526838,0.08799726130972707,0.21776010893431672,3.142857142857143,1.7928429140015905,2.2857142857142856,0.5976143046671968,0.2857142857142857,6.255832973335955,5.766886493426907,14.754814936375698,0.42895740996408765,2.64,3.44,1.93,1.51,0.6197311244940557,2.8814285714285717,1.065,1.51,0.6199999999999999,1.332,0.44500000000000006,14
-472.68835366,200.95470258776086,4.67159963969896,-6.282231266666668,-1.749546449986112,2.7533000000000003,0.5916728,121,2.1666666666666665,6.0,2.177810171446801,108.30833333333334,110.0,66.5554409067036,2.6233333333333335,2.62,1.6743510469944551,3695.5,14021.831522919638,777.9666666666667,2207.153048224276,-4.335,3.2461132803048374,0.25802905974688456,0.07056548222321654,3.0833333333333335,2.226464205223802,1.8333333333333333,0.7928249671720919,0.08333333333333333,5.344752128226487,4.671599646225822,16.74622521564674,0.9111161107006394,1.92,3.44,0.82,2.62,1.1100750725363877,2.6233333333333335,2.2800000000000002,2.62,1.94,2.45,0.3400000000000001,12
-613.6541434,437.5710254216988,5.943005944561277,-7.251491848611112,-1.9627345175,0.0,7.1537015,136,2.6666666666666665,4.0,1.7748239349298849,124.07777777777778,76.7,37.23903865569035,2.933333333333333,1.78,1.0307739810453116,6803.555555555556,13248.748537126065,800.5777777777778,1489.978717297667,-5.052222222222222,1.234104938811931,0.12390368614450696,0.23192390611027378,2.888888888888889,1.8303005217723127,2.111111111111111,0.4472135954999579,0.1111111111111111,6.321042009551583,5.943005952864467,12.1547507061583,0.38816842100135246,2.3833333333333333,3.44,1.66,1.78,0.7639517145881815,2.933333333333333,1.085,1.78,0.3899999999999999,1.4324999999999999,0.6950000000000001,36
-391.9876005,482.3161905859486,6.936604880949349,-6.347877112894737,-2.008880134035087,1.396299999999999,5.61930584,2,2.9473684210526314,3.0,1.7499999999999998,112.07894736842105,112.1,61.144945621040506,2.856842105263158,1.66,1.049583250628553,1931.7894736842106,3434.4689181880794,1004.6,1656.1009419718353,-4.3510526315789475,1.2573608272886507,0.260079904980335,0.10886241749947728,3.1052631578947367,1.9843134832984428,2.0,0.0,0.0,5.68520344138795,6.936604890640734,12.69253133120917,0.4626078182649047,2.393333333333333,3.44,1.78,1.66,0.7437442810237639,2.856842105263158,1.5699999999999998,1.66,1.48,1.5828571428571425,0.08999999999999998,38
-324.58512028,67.85317071985968,6.7836397495334655,-5.4150766325,-1.7506179754166662,0.0,1.64758652,123,1.25,2.0,1.0488088481701516,105.38749999999999,127.05,67.24838102140453,2.425,2.55,1.365532863024541,4936.0,6142.708978944062,1189.6,1396.7610303842243,-3.1550000000000002,2.384374131716749,0.21962279207425686,0.2921065676169695,3.75,2.2583179581272432,2.0,0.8944271909999159,0.25,5.098999027609438,6.7836397590111375,16.963292679964916,0.8930549487355195,2.0866666666666664,3.44,0.89,2.55,1.0469107995537261,2.425,2.03,2.55,1.51,2.03,0.5199999999999999,4
-258.33262924,333.26860561717393,7.983655309970392,-6.084692797916666,-1.6138287606944441,2.2024,4.87694722,9,2.1666666666666665,1.0,0.5270462766947298,140.9,98.99999999999999,40.41707559930579,2.98,1.42,0.9205795276165263,4881.333333333333,9700.389087270903,576.4666666666667,1000.5583863245785,-4.526666666666666,0.9998888827153635,0.0807264752702715,0.31117777205497077,3.1666666666666665,2.3687784005919825,2.0,0.0,0.0,6.465368447309149,7.983655321124648,13.88619190071558,0.3873204879639155,2.52,3.44,2.02,1.42,0.6513575566972925,2.98,0.75,1.42,0.08000000000000007,1.152,0.6699999999999999,24
-291.0629085,137.87103294852034,3.24332273163737,-5.15639742375,-1.3747728230624991,0.8706,0.17350423,63,1.5,1.0,0.6324555320336759,112.2,92.6,48.032322450616526,2.4,2.62,1.401370757508519,3968.5,6756.966745515328,1103.1,1606.7330381864936,-3.2725,2.2136372783272336,0.19810683003783658,0.10533964490280172,3.0,1.2649110640673518,2.0,0.8944271909999159,0.25,4.982426015091672,3.243322736168735,17.233879118565042,0.8227658697576076,2.0533333333333332,3.44,0.82,2.62,1.0750917273527048,2.4,2.08,2.62,1.54,2.08,0.54,8
-403.51346444,248.92808517080482,5.51826198310841,-7.1091017825,-1.754956429833332,1.628299999999999,1.5719148600000001,8,2.8,6.0,2.8535691936340255,119.84,90.4,46.94446567107626,2.776,1.81,1.0940945375710718,6953.2,12040.747793578745,1277.1200000000001,2012.537102408656,-4.33,2.4713212197989503,0.02420356522151168,0.3653478777461824,3.0,1.6903085094570331,2.4,0.6546536707079771,0.4,5.8612972255538835,5.518261990818178,12.446404258540232,0.4849210230481029,2.3333333333333335,3.44,1.63,1.81,0.7920577981154883,2.776,1.6600000000000001,1.81,1.51,1.6600000000000001,0.15000000000000002,20
-506.1766023,350.3325692370048,4.371653066875919,-6.314044304166667,-2.150680372890625,3.5358,0.56288783,14,1.6666666666666667,2.0,1.0540925533894598,127.33833333333332,189.97,82.2273151763519,2.8766666666666665,2.49,1.3023227113294324,2381.3333333333335,4447.195570743931,495.6333333333334,859.3444698011257,-4.1866666666666665,1.7667421367527798,0.22709068010967814,0.23789379469388355,2.8333333333333335,1.7159383568311666,1.8333333333333333,0.5270462766947298,0.0,6.160822574853751,4.371653072983715,14.5971903848752,0.496671637155182,2.313333333333333,3.44,0.95,2.49,1.0302211197386488,2.8766666666666665,2.045,2.49,1.5999999999999999,2.3120000000000003,0.4450000000000002,24
-241.51572114,272.67251049111314,4.036157855932871,-5.2688240978571415,-2.192958231785712,2.651399999999999,1.0411919,12,2.0,4.0,1.6733200530681511,86.60000000000001,98.5,60.23789504954502,2.0557142857142856,2.62,1.5673608391177827,2562.285714285714,4402.586239927618,849.3714285714286,1136.9767878017562,-3.084285714285714,2.408601253840079,0.3235474078490207,0.2093872676826137,3.4285714285714284,1.7888543819998317,1.5714285714285714,0.6324555320336759,0.0,4.036411531270387,4.036157861571936,19.47660789222237,1.2761121657984058,1.9566666666666668,3.44,0.82,2.62,1.0973402186904275,2.0557142857142856,2.225,2.62,1.8299999999999998,2.4225,0.39500000000000013,14
-454.15754533,560.3495552010497,4.270217026907012,-5.338097818928571,-1.587311184285714,0.49190000000000006,2.32648239,12,1.8571428571428572,3.0,1.2649110640673518,82.77142857142857,125.3,65.75557771018364,2.087142857142857,2.62,1.555808471502839,3005.1428571428573,5751.289038120063,898.2285714285715,1275.206860081924,-3.4071428571428575,2.741247891016061,0.19895679126201601,0.18604315659581674,3.5714285714285716,1.7888543819998317,1.7142857142857142,0.8944271909999159,0.14285714285714285,4.169609389857681,4.270217032873089,20.012484114323204,1.2655897502968518,2.03,3.44,0.82,2.62,1.078919212298431,2.087142857142857,2.115,2.62,1.6099999999999999,2.3675,0.5050000000000001,28
-169.28039707,116.260355946894,9.751712740282583,-4.4215644075,-0.8891108574999991,0.8955000000000001,1.76975033,2,1.25,2.0,1.0488088481701516,126.2,222.8,101.38260205774954,2.7775,1.75,0.9201901977308822,4811.0,6432.905533271883,1087.35,1569.610523665027,-2.965,2.5615854465545356,-0.11258525217401358,0.8404897862966915,3.75,2.2583179581272432,2.5,0.6324555320336759,0.0,6.196810685643527,9.751712753907059,14.53254449336175,0.4767589599515305,2.5566666666666666,3.44,1.69,1.75,0.7145317036742006,2.7775,1.325,1.75,0.8999999999999999,1.325,0.42500000000000004,8
-363.39125959,447.74456725491757,10.976814512286671,-6.351376709749999,-0.9832464427499981,0.37400000000000005,5.32343435,65,2.0,0.0,0.0,157.39000000000001,93.30000000000001,44.217788024479226,2.939,1.53,0.8463089795629543,7853.2,12761.401594913728,1602.1200000000001,2542.6851983243578,-4.415000000000001,0.9595571895410925,0.016293492790557272,0.40441632344276707,3.4,2.449489742783178,2.4,0.6666666666666666,0.4,6.525103033204159,10.976814527622778,11.19361418137294,0.41677915774015295,2.543333333333333,3.44,1.91,1.53,0.6517838769271777,2.939,1.3450000000000002,1.53,1.1600000000000001,1.2525000000000002,0.18499999999999994,40
-172.45646084,54.82428660743616,9.156536003627203,-4.77582958,-1.467407062500001,0.0,2.7747289,166,2.25,5.0,2.258317958127243,77.72500000000001,141.0,81.07405873644171,2.6725,1.63,0.9745306562648504,2081.0,2776.2221813104225,821.82,1240.4833646284821,-3.3249999999999997,2.436612402496548,0.32159608455638844,0.24930911062274183,3.5,2.0976176963403033,2.25,0.5477225575051661,0.0,5.528912788535843,9.156536016420134,13.70607165185904,0.45872911342409173,2.4166666666666665,3.44,1.81,1.63,0.7277514838337481,2.6725,1.535,1.63,1.44,1.5349999999999997,0.09499999999999997,4
-539.86170664,166.66773094950128,5.740751105296045,-7.001606847142857,-1.6170501857142852,1.8272,1.988618859999999,227,2.2857142857142856,4.0,1.6903085094570334,85.05714285714285,141.0,85.69416132802914,2.73,1.75,1.0860478810807561,4969.714285714285,7872.114001787757,1095.5428571428572,1757.5947411976726,-4.695714285714287,2.1260510005977884,0.1379616239688481,0.24857384841283783,3.0,1.5811388300841898,2.4285714285714284,0.6546536707079772,0.2857142857142857,5.856878765392111,5.740751113316659,11.904837924964378,0.5064654839206999,2.32,3.44,1.69,1.75,0.7940193112680992,2.73,1.68,1.75,1.6099999999999999,1.6566666666666665,0.07000000000000006,14
-349.78832382,711.3322558395425,4.052103991368016,-5.4854418725,-2.247742056944444,2.7076000000000002,0.97265647,14,1.7777777777777777,3.0,1.1902380714238083,98.35555555555555,94.1,59.854608566648125,2.1044444444444443,2.62,1.6071610580979951,6649.777777777777,20037.99033502778,819.7555555555556,1205.189141449037,-3.2466666666666666,2.6620809529388847,0.27633344381313596,0.07703736977657462,3.4444444444444446,1.848422751068236,1.5555555555555556,0.6454972243679028,0.0,4.25318228265163,4.052103997029358,19.75922932887618,1.274458034791545,2.0533333333333332,3.44,0.82,2.62,1.0750917273527048,2.1044444444444443,1.85,2.62,1.08,2.3120000000000003,0.77,36
-707.85346976,596.8276909170065,5.026122832858722,-9.526285125749999,-3.953871922749999,4.097300000000001,1.5409672300000001,206,4.8,7.0,4.949747468305833,96.44,111.4,78.7716954241814,2.552,2.2199999999999998,1.5697770542341356,4693.2,7904.039600103229,1497.72,2488.167341639223,-5.186,0.34648232278140845,0.40495147377548124,0.30927343371305727,3.2,2.121320343559643,2.4,0.7071067811865476,0.0,5.393348497105174,5.026122839880902,14.920692272925162,0.6912867587908417,2.33,3.44,1.22,2.2199999999999998,1.11,2.552,2.2199999999999998,2.2199999999999998,2.2199999999999998,2.2199999999999998,0.0,40
-575.39644787,833.3627512821313,4.971519910153703,-6.882938475714285,-2.911548753571428,3.6821,1.23328835,33,1.7142857142857142,4.0,1.6903085094570331,99.00857142857141,135.97,79.24127915063318,2.524285714285714,2.49,1.4641867562380344,6955.428571428572,14149.127444071291,966.2571428571429,1461.3070431246522,-3.9442857142857144,1.92012834392466,0.299664124926477,0.18144387979640184,3.142857142857143,1.7928429140015905,1.7142857142857142,0.5976143046671968,0.0,5.327891393349243,4.971519917099595,14.88147770146663,0.7566547821915477,2.1333333333333333,3.44,0.95,2.49,1.020272294809359,2.524285714285714,1.775,2.49,1.0599999999999998,2.204,0.7150000000000002,56
-349.40553097,454.27125141184564,4.7838175776775245,-5.055597518181822,-1.687838196727276,2.6155,0.96954134,2,1.8181818181818181,2.0,0.9032106474595007,98.27272727272727,92.6,52.68455281449353,2.229090909090909,2.62,1.491078733492529,2930.0,4889.071217360313,750.2727272727273,838.5219389528595,-3.399090909090909,2.252058123022957,0.14540283931683992,0.2811409871244363,3.4545454545454546,1.8918106058538346,1.6363636363636365,0.606976978666884,0.0,4.468609665606196,4.783817584361171,20.648693245992984,0.9564656117060036,2.0933333333333333,3.44,0.82,2.62,1.0708667309966986,2.229090909090909,2.02,2.62,1.42,2.22,0.6000000000000001,22
-354.67250704,153.72544909964498,7.102123904908717,-7.114914164285712,-1.1643603814285681,0.0,4.38942445,227,2.4285714285714284,1.0,0.6546536707079772,121.01428571428572,77.3,35.84225359623949,2.8857142857142857,1.56,0.8622893117410521,8641.142857142857,13054.996044207968,1642.3999999999999,2391.6651019739365,-4.724285714285714,0.4406164512848528,-0.03556122359873015,0.4416734242690379,3.142857142857143,1.7928429140015905,2.4285714285714284,0.6546536707079772,0.42857142857142855,5.9206184483870805,7.102123914831354,10.980389221403211,0.4493348243835987,2.533333333333333,3.44,1.88,1.56,0.6615805989362815,2.8857142857142857,1.36,1.56,1.1600000000000001,1.2933333333333334,0.19999999999999996,14
-782.81936005,227.17483461696207,4.120921886595659,-8.70301589142857,-3.729354905714285,4.1546,1.18791056,227,3.7142857142857144,9.0,4.511889056386788,89.36714285714287,138.63,79.65006802077626,2.457142857142857,2.44,1.5040231761132254,4604.0,6794.685864703386,1333.685714285714,2044.402850991667,-4.692857142857143,1.518695398783349,0.36353676698248666,0.25562460281128824,3.142857142857143,1.7928429140015905,2.142857142857143,0.8451542547285167,0.0,5.219903607535688,4.12092189235315,16.226773901211576,0.6770660869153853,1.8866666666666667,3.44,1.0,2.44,1.1020385151567476,2.457142857142857,2.33,2.44,2.2199999999999998,2.293333333333333,0.1100000000000001,14
-432.42626421,317.41574286165195,7.372716562508138,-8.210634693181818,-1.9024544377272732,0.0,1.40908532,13,2.8181818181818183,4.0,2.3287500774185546,125.12727272727274,62.400000000000006,39.82123515450983,3.1145454545454543,1.42,0.8207032631553539,7516.0,20298.695494273292,1292.2363636363636,3348.433116227074,-5.768345454545455,2.881399067827455,0.08507997012219319,0.3612486848798175,3.090909090909091,2.7174648819470297,2.1818181818181817,0.5883484054145521,0.18181818181818182,6.469883265452521,7.372716572808832,14.427988311893266,0.2835870908425326,2.606666666666667,3.44,2.02,1.42,0.6053832578531462,3.1145454545454543,1.25,1.42,1.08,1.1933333333333334,0.16999999999999993,22
-351.17839063,970.2777395941903,2.914040978998382,-4.186012822916667,-1.287806514875,1.521599999999999,1.32930781,92,1.3333333333333333,1.0,0.6030226891555273,90.93333333333334,92.6,55.25563731010126,1.873333333333333,2.62,1.4989208239142042,3422.3333333333335,5666.193415175819,1079.3999999999999,1327.4087457078992,-2.5416666666666665,2.255894299586993,0.22374054417497438,0.09857090144504875,3.3333333333333335,1.2060453783110545,1.6666666666666667,0.9534625892455924,0.16666666666666666,3.91717000410991,2.9140409830696954,20.214119574878964,1.2031381153301215,2.0533333333333332,3.44,0.82,2.62,1.0750917273527048,1.873333333333333,2.08,2.62,1.54,2.35,0.54,48
-411.43414395,189.59245948622333,5.813837509668662,-5.5388879755,-0.9481102465000001,0.0,4.78024057,204,1.8,4.0,1.2147955199702565,128.16500000000002,98.5,31.132079262768507,2.8095,1.8299999999999998,1.0793514323718234,5253.2,8614.895675232849,1313.72,2091.4920514228706,-3.8914999999999997,1.9398642480779098,0.19409677169573367,0.20260625518181485,2.75,1.312745584975926,2.35,0.6646409352541671,0.35,6.020248196188743,5.8138375177913915,9.479622974311159,0.48092913730498177,2.3166666666666664,3.44,1.61,1.8299999999999998,0.8030912498312726,2.8095,1.685,1.8299999999999998,1.54,1.5762500000000002,0.1449999999999999,20
-428.79204382,203.43243845929118,8.286979112170076,-6.985920994500001,-1.0714212435000001,0.5597000000000001,5.27646049,60,2.4,1.0,0.7071067811865476,128.48,31.299999999999997,22.132442251138936,2.976,1.1600000000000001,0.8202438661763952,8813.2,15187.239446324667,1641.3200000000002,2742.018676085194,-4.686,0.537401153701776,-0.07491598783281432,0.5390204067219453,3.2,2.121320343559643,2.4,0.7071067811865476,0.4,6.021964739844067,8.286979123748118,10.171621922964558,0.45865498402452787,2.86,3.44,2.28,1.1600000000000001,0.5800000000000001,2.976,1.1600000000000001,1.1600000000000001,1.1600000000000001,1.1600000000000001,0.0,20
-688.76493076,140.3737488927426,4.382740779102948,-6.694746349285715,-2.7410589342857152,3.0734,2.81907023,227,1.7142857142857142,4.0,1.6903085094570331,97.57142857142857,141.0,82.22486589486523,2.6271428571428572,2.13,1.2741215461194093,7155.428571428572,14181.114463559323,882.8285714285714,1401.6978235594963,-3.9042857142857144,2.002721362831799,0.31036581616702924,0.2034614166663506,2.5714285714285716,0.9636241116594315,1.7142857142857142,0.5976143046671968,0.0,5.780574497002161,4.382740785226234,10.026696349481615,0.5709711367555974,2.2533333333333334,3.44,1.31,2.13,0.8864285394523099,2.6271428571428572,1.4149999999999998,2.13,0.6999999999999997,1.8439999999999999,0.7150000000000001,14
-470.02512309,582.5649805310345,7.707218325841522,-4.678410072250001,-0.815454045583334,0.7290999999999991,1.530962199999999,14,1.7,3.0,1.181757895737503,131.1,22.0,10.904760112145903,2.5420000000000003,1.51,0.9632344935970538,8918.8,12137.41154021531,1562.8799999999999,1598.457188062591,-2.7800000000000002,2.7304477339048643,0.048751278608942385,0.2195465997736916,3.7,1.8615899767078976,2.5,0.6565321642986128,0.5,5.5024055048133835,7.707218336609558,14.564124513275862,0.6700489886002369,2.4599999999999995,3.44,1.93,1.51,0.6937338586710805,2.5420000000000003,0.7949999999999999,1.51,0.07999999999999985,1.224,0.7150000000000001,40
-798.7467101,77.26563847183948,5.667091788849184,-8.162920410000002,-2.686382930833336,1.579499999999999,5.22817792,194,3.0,6.0,2.9664793948382653,106.925,81.4,44.70144292973103,2.365,2.46,1.3877607863028845,7561.0,14123.224617628937,1703.1,2545.00197563774,-4.720000000000001,2.3416062862915275,0.2550722917605415,0.07267132650036104,2.75,1.6431676725154984,2.0,0.8944271909999159,0.25,5.056061459836231,5.667091796766888,9.65820480897993,0.7079384571336845,2.0066666666666664,3.44,0.98,2.46,1.0446477343530156,2.365,2.15,2.46,1.8399999999999999,2.15,0.31000000000000005,8
-345.2103098,584.2137616498586,3.948992854818224,-4.519932401666666,-1.19144224375,0.0,2.09530438,62,1.6666666666666667,2.0,0.9534625892455924,81.06666666666666,94.1,54.74160790809525,1.8699999999999999,2.62,1.4988541077648738,3869.0,7143.564847278474,1043.8999999999999,1330.2568261942367,-2.9183333333333334,2.509299974820939,0.2017472048193507,0.17790921682474886,3.8333333333333335,1.7188791273808215,1.6666666666666667,0.9534625892455924,0.16666666666666666,3.813862865296866,3.9489928603355064,24.342240068744108,1.1995632462379402,2.0466666666666664,3.44,0.82,2.62,1.076083433361724,1.8699999999999999,2.09,2.62,1.56,2.355,0.53,24
-437.77673676,52.72603186622967,5.7685415583261666,-5.999577614999999,-2.077688422499998,0.0,2.93997034,123,1.25,2.0,1.0488088481701516,101.3575,135.97,71.30915698562143,2.4325,2.49,1.3433502893884381,5386.0,6918.745088525809,1258.85,1631.745542662826,-3.4225000000000003,1.9889167906174456,0.2574908570900408,0.2064870457615221,3.25,1.6431676725154984,2.0,0.8944271909999159,0.25,5.20051569712223,5.768541566385609,13.181507966557412,0.8653386589496591,2.0966666666666662,3.44,0.95,2.49,1.0260062811157098,2.4325,2.015,2.49,1.54,2.015,0.4750000000000001,4
-649.97486171,137.22105676351921,7.424587765233815,-8.5655365125,-1.918304684166666,0.0,4.04805222,13,2.8333333333333335,4.0,2.068278940998476,117.71666666666665,77.3,46.96228392136727,3.0,1.56,0.9015542135667716,8681.333333333334,18578.157832369827,1564.8,3138.2868957442365,-5.724316666666667,2.5432158781310283,0.08770689566216057,0.2944439882069096,3.0,2.1602468994692865,2.3333333333333335,0.6666666666666667,0.3333333333333333,6.269053301812968,7.4245877756069785,11.435088063626601,0.35316888979942623,2.56,3.44,1.88,1.56,0.6523802572120037,3.0,1.32,1.56,1.08,1.32,0.24,12
-335.10986339,138.80680474007113,5.744078133199698,-6.351357792142857,-1.046750069285714,0.0,4.96930009,65,2.0,0.0,0.0,128.57142857142858,29.0,20.50609665440988,2.7842857142857143,1.53,1.0818733752154177,7498.285714285715,12005.258930985205,1416.9714285714285,2189.061173197314,-4.4157142857142855,0.947523086789974,0.16623459394194193,0.10520755240045614,2.857142857142857,1.4142135623730951,2.4285714285714284,0.7071067811865476,0.42857142857142855,5.9859627407857525,5.74407814122496,9.914771767147938,0.49762832451785605,2.675,3.44,1.91,1.53,0.7650000000000001,2.7842857142857143,1.53,1.53,1.53,1.53,0.0,14
-365.52745529,41.75165948717156,5.895549670305644,-8.293399844,-2.867200542,0.6259,5.99609001,221,2.8,8.0,3.625307868699863,92.82000000000001,141.0,80.74308462206353,2.644,2.11,1.3067025019381528,5923.2,10838.5697000507,1538.92,2508.750563242872,-5.064,1.210419053763731,0.35361702234265235,0.25633978638641397,2.6,1.6035674514745464,2.0,0.8451542547285166,0.0,5.884204492503781,5.8955496785425305,8.350331897434312,0.5547543671763033,2.1133333333333333,3.44,1.33,2.11,0.943197870132361,2.644,1.9899999999999998,2.11,1.8699999999999999,1.99,0.12,5
-256.62028674,523.0730091077116,4.24570923859573,-6.409501905714287,-2.44712343857143,2.7537000000000003,0.69371551,148,1.7142857142857142,4.0,1.6903085094570331,99.65714285714286,141.0,83.44479783494167,2.7085714285714286,1.79,1.1219275505002222,9398.285714285714,22416.443269554224,841.9714285714286,1407.3789427767592,-3.988571428571429,2.28263475584059,0.3153178839610523,0.13033014368225893,2.7142857142857144,1.164964745021435,2.2857142857142856,0.5976143046671968,0.0,6.169066914392862,4.245709244527566,12.454119264469325,0.3418993147884375,2.33,3.44,1.65,1.79,0.7914964729338133,2.7085714285714286,1.02,1.79,0.25,1.482,0.77,42
-684.34547637,314.05229399125733,3.252231807699722,-7.7401599545833335,-3.4642884175,3.7508,2.38988791,15,2.8333333333333335,5.0,2.2072142786315223,96.83583333333333,135.97,72.20820056951413,2.6225,2.49,1.334513740310276,4362.833333333333,6724.16093326225,1121.2,1704.8329491816448,-4.2975,1.3273122060418538,0.4168786733881726,0.3091296702548161,2.5833333333333335,1.1712364713391024,1.9166666666666667,0.3755338080994054,0.0,5.235719367646838,3.2522318122435343,13.085512249635721,0.4621440269106396,2.0,3.44,0.95,2.49,1.0532805893967665,2.6225,2.16,2.49,1.8299999999999998,1.9619999999999997,0.3300000000000002,24
-380.18661673,71.11550484229129,4.7781155825131,-7.176823657999999,-2.246558206999999,0.0,0.99507049,221,2.8,8.0,3.625307868699863,92.82000000000001,141.0,80.74308462206353,2.66,2.11,1.2837167021693576,5803.2,10803.185720623602,1226.52,2376.6855348212503,-4.568,2.3558498618181445,0.3690588747777377,0.25955295601526507,3.0,1.6903085094570331,2.4,0.6546536707079771,0.0,5.893204381851528,4.778115589188781,14.223100968458258,0.40242788039145905,2.14,3.44,1.33,2.11,0.9284754529155128,2.66,1.95,2.11,1.79,1.95,0.15999999999999992,5
-250.56301711,104.29367122360046,6.200943768911236,-6.394561785454545,-1.06833911,0.0,4.57043271,12,2.0,0.0,0.0,127.81818181818181,29.0,20.506096654409877,2.744545454545454,1.53,1.0818733752154177,7939.272727272727,12005.258930985203,1497.3818181818183,2189.0611731973136,-4.380909090909091,0.9475230867899738,0.16237002387781718,0.10520755240045612,2.909090909090909,1.414213562373095,2.4545454545454546,0.7071067811865475,0.45454545454545453,5.90281744427488,6.200943777574801,9.481242838509132,0.5461371235440856,2.675,3.44,1.91,1.53,0.7650000000000001,2.744545454545454,1.53,1.53,1.53,1.53,0.0,11
-600.32449869,278.2199660312183,5.415575897777201,-8.6784611755,-3.661658828500002,3.6122,1.83711263,62,2.8,8.0,3.625307868699863,93.826,135.97,78.69679499736405,2.5200000000000005,2.49,1.5142419131131497,5933.2,10841.941391782982,1321.52,2386.904867336418,-4.65,2.152257950551998,0.38556769090935106,0.27001398247284064,3.2,1.9639610121239315,2.0,0.8451542547285166,0.0,5.341614387697048,5.415575897777201,13.910998301560914,0.745067862009971,1.906666666666667,3.44,0.95,2.49,1.0952726702617126,2.5200000000000005,2.3,2.49,2.11,2.3000000000000003,0.19000000000000017,20
-721.30953225,1070.6269938977316,5.391174379983415,-6.551456852894737,-2.52860963868421,2.9373999999999993,1.3067233200000001,58,2.736842105263158,5.0,2.215851980616034,92.22631578947369,127.05,77.04487474842178,2.656842105263158,2.55,1.281731641179229,2735.8947368421054,4063.5301352395554,1060.0105263157895,1533.0299154289194,-4.048947368421053,1.5395856585458312,0.3979474477592615,0.2687254768284428,3.0526315789473686,1.8220867158288598,1.894736842105263,0.412310562561766,0.0,5.132437999576194,5.391174387515621,14.087197288128047,0.5545488187951786,2.046666666666667,3.44,0.89,2.55,1.0543981959182003,2.656842105263158,2.09,2.55,1.63,1.86,0.45999999999999996,76
-238.06699932,43.453575205003915,5.859229670745691,-6.25711068,-2.8236427075,2.0906,1.72769767,225,1.0,2.0,1.4142135623730951,77.475,127.05,89.83791654975086,2.165,2.55,1.8031222920256962,4111.0,5499.876544068967,1116.6,1451.5488004197448,-3.46,2.1637467504308354,0.3827503768564916,0.21602165460805117,4.0,2.8284271247461903,1.5,0.7071067811865476,0.0,4.493984206161179,5.859229678931834,21.726787602501958,0.9788503324538809,2.165,3.44,0.89,2.55,1.275,2.165,2.55,2.55,2.55,2.55,0.0,2
-606.49535401,203.51248447988607,3.310470191808717,-8.622575730714285,-2.420244780714285,1.5159,-0.29734148,115,3.4285714285714284,5.0,3.4099716973523675,117.70714285714287,90.4,56.966498722882605,2.920714285714286,1.8399999999999999,1.2395690361366878,6958.571428571428,16140.690801043298,1211.357142857143,2716.650234268084,-5.346428571428572,0.9293139505057754,0.09266647121439167,0.43199970756287825,2.642857142857143,1.5737675133406814,2.2857142857142856,0.6819943394704735,0.2857142857142857,6.143726705623991,3.3104701964338954,14.536606034277577,0.25912818869803306,2.223333333333333,3.44,1.6,1.8399999999999999,0.8604004235754936,2.920714285714286,1.825,1.8399999999999999,1.81,1.8175000000000001,0.014999999999999902,14
-485.65209225,774.8421109862353,3.889546069487639,-5.832303124166667,-2.320139532314814,3.0341,0.33364268,14,2.2222222222222223,7.0,2.7233557730613653,84.35555555555555,133.4,67.55201082622683,2.0644444444444443,2.62,1.6223953484482958,3149.777777777778,7242.862463602817,862.7555555555556,1348.6871270486222,-3.2633333333333336,2.6856423812562986,0.23477683849416056,0.08991940375739925,3.5555555555555554,1.848422751068236,1.6666666666666667,0.8660254037844386,0.1111111111111111,4.103432791826316,3.889546074921866,21.52339197183987,1.2005518774844675,1.9333333333333333,3.44,0.82,2.62,1.1051797239463916,2.0644444444444443,2.26,2.62,1.9,2.476,0.3600000000000001,36
-294.86284902,330.35511116971674,2.945854776662261,-5.169257450277779,-1.953662920722222,2.7733,0.25982805000000003,2,1.7777777777777777,3.0,1.1902380714238083,97.4,92.6,57.56691758293126,2.1166666666666663,2.62,1.6051635430696773,4667.555555555556,12528.053985622295,842.4222222222222,1183.6552778012128,-3.1744444444444446,2.448579520184441,0.2413991781073561,0.049238403699100555,3.111111111111111,1.2909944487358056,1.5555555555555556,0.6454972243679028,0.0,4.30429053903218,2.9458547807780224,18.35306173165093,1.1515444536906385,2.09,3.44,0.82,2.62,1.071105348071172,2.1166666666666663,1.905,2.62,1.19,2.334,0.7150000000000001,18
-780.63269814,132.3655227051685,5.241345884736499,-9.340636451666667,-2.749603696666666,0.0,4.05739303,109,3.5,5.0,3.0276503540974917,119.06666666666666,76.7,44.76037434060523,2.8366666666666664,1.8399999999999999,1.2069152598440556,8031.333333333333,15829.016028940157,1386.9666666666665,2728.119618182295,-5.715,1.453587515998492,0.22347228119875343,0.1173499309731665,2.8333333333333335,1.7159383568311666,2.3333333333333335,0.6666666666666667,0.3333333333333333,5.984904053158988,5.241345892059375,11.030460225430708,0.42130616835991885,2.233333333333333,3.44,1.6,1.8399999999999999,0.8535937102756921,2.8366666666666664,1.81,1.8399999999999999,1.78,1.81,0.029999999999999916,12
-426.12473786,144.63734978159653,3.840585880486441,-6.023788655833333,-1.8707510703906252,2.868999999999999,1.32942344,63,1.6666666666666667,2.0,1.0540925533894598,126.5,195.0,84.72602905837142,2.936666666666667,2.13,1.1267850036472993,2498.0,4747.178530453642,446.9666666666667,732.4392928958533,-4.163333333333333,1.833242421988368,0.23333333333333364,0.2532017201977725,2.5,1.0801234497346432,1.8333333333333333,0.5270462766947298,0.0,6.460971489142616,3.8405858858522635,12.05311248179971,0.3336193316211312,2.433333333333333,3.44,1.31,2.13,0.8734732712313271,2.936666666666667,1.6849999999999998,2.13,1.2399999999999998,1.952,0.44500000000000006,12
-515.73161188,209.28981749612427,3.397662774342337,-7.43838321,-3.411476938333332,3.5662000000000003,4.15817026,46,2.2222222222222223,5.0,2.188987589427283,88.30444444444444,138.63,78.48127916367487,2.4911111111111115,2.44,1.4032209970872964,4398.888888888889,6138.061719033678,1061.0,1479.4731241222328,-4.032222222222223,1.5966462246429756,0.3522222222222225,0.25725311789493754,2.6666666666666665,1.0606601717798212,1.7777777777777777,0.5400617248673216,0.0,5.108494390891391,3.3976627790893357,11.627212083118016,0.6664863579283897,2.016666666666667,3.44,1.0,2.44,1.036800634430533,2.4911111111111115,2.135,2.44,1.8299999999999998,2.135,0.30500000000000005,18
-203.38903899,47.397148259900405,5.70421780686615,-4.894751419999999,-1.7908991124999991,0.7227,0.8923141,186,1.0,2.0,1.4142135623730951,70.5,141.0,99.7020561473032,2.545,1.79,1.26572113832392,3786.0,5040.2571362977105,635.1,770.6049701370995,-3.13,2.630437226013957,0.33000000000000024,0.14142135623730923,3.0,1.4142135623730951,2.5,0.7071067811865476,0.0,5.951264188702443,5.7042178148357205,11.849287064975101,0.4730568735005466,2.545,3.44,1.65,1.79,0.895,2.545,1.79,1.79,1.79,1.79,0.0,4
-793.84406193,258.8135604925488,4.533626381964133,-7.526046116428573,-2.802741493571429,3.205599999999999,5.99910595,74,2.857142857142857,3.0,1.7928429140015905,108.71428571428571,98.5,56.896679541579076,2.698571428571429,1.8299999999999998,1.1391538212951877,5641.142857142857,8692.80862059471,1304.3999999999999,1861.6828838446145,-4.441428571428572,0.8387618425819267,0.3487448646473142,0.3176613204355493,2.5714285714285716,0.9636241116594315,2.142857142857143,0.46291004988627577,0.14285714285714285,5.471606076266102,4.533626388298227,9.243341446162457,0.4680986748428985,2.32,3.44,1.61,1.8299999999999998,0.8013738203859668,2.698571428571429,1.68,1.8299999999999998,1.53,1.7299999999999998,0.1499999999999999,28
-455.8339527,453.10170689542934,5.923923134248502,-7.004955324634147,-2.056250776097561,0.0,3.84278719,2,2.7560975609756095,8.0,3.489586678945433,118.63414634146342,111.4,50.757073461037066,2.7019512195121953,2.2199999999999998,1.2005230927402153,5312.878048780488,8084.843340974596,1439.4829268292683,2141.401172839404,-4.267560975609756,1.817983825525799,0.24770451052086034,0.2515050472820511,2.975609756097561,1.5970701022160565,2.4146341463414633,0.656033342777212,0.2682926829268293,5.79960110276151,5.923923142525031,11.05126114379096,0.6216149104766334,2.186666666666667,3.44,1.22,2.2199999999999998,0.9287027990099357,2.7019512195121953,1.88,2.2199999999999998,1.54,1.78,0.33999999999999986,41
-439.55085209,278.2199660312183,5.415575897777201,-8.6784611755,-3.661658828500002,3.6122,1.83711263,62,2.8,8.0,3.625307868699863,93.826,135.97,78.69679499736405,2.5200000000000005,2.49,1.5142419131131497,5933.2,10841.941391782982,1321.52,2386.904867336418,-4.65,2.152257950551998,0.38556769090935106,0.27001398247284064,3.2,1.9639610121239315,2.0,0.8451542547285166,0.0,5.341614387697048,5.415575897777201,13.910998301560914,0.745067862009971,1.906666666666667,3.44,0.95,2.49,1.0952726702617126,2.5200000000000005,2.3,2.49,2.11,2.3000000000000003,0.19000000000000017,20
-403.50397966,386.8345933490016,3.170408477653025,-7.6185847895,-1.859907702999998,3.7256,1.48502834,4,2.6,6.0,2.653955210788148,113.08,141.0,68.58088845202842,3.005,1.79,0.9987655424050492,8090.4,20808.76574489912,1163.54,2803.979585145556,-5.0956,2.3374072592623163,0.1570800000000004,0.3016379401808096,2.8,1.8415494421345537,2.3,0.6756639246921763,0.2,6.309213654370802,3.170408482082519,19.34172966745008,0.21807535981053208,2.4166666666666665,3.44,1.65,1.79,0.752964511484808,3.005,1.535,1.79,1.2799999999999998,1.45,0.2550000000000001,20
-577.94631379,51.326965807119315,4.927262391172839,-5.411062696000002,-1.6323327853333351,1.1973,2.7398732900000002,71,1.2,2.0,0.9354143466934854,90.97999999999999,87.3,51.12242658559939,2.2079999999999997,2.46,1.3751908958395558,4628.8,7702.670413564377,1329.28,1465.1675979218214,-3.308,1.774003241259722,0.11933542934671308,0.24829437032359825,2.6,1.5000000000000002,1.8,0.9354143466934854,0.2,4.695532295031425,4.927262398056897,10.265393161423864,0.7567893047195781,2.2066666666666666,3.44,0.98,2.46,1.004301858119471,2.2079999999999997,1.8499999999999999,2.46,1.2399999999999998,2.0533333333333332,0.6100000000000001,5
-253.92704168,42.9164487435527,6.155599921960791,-5.466378779999999,-0.9427949424999991,0.0,4.73658869,131,1.5,1.0,0.7071067811865476,129.7,22.599999999999994,15.980613254815971,2.67,1.54,1.0889444430272832,6661.0,9106.12112812036,1645.1,2198.9606681339255,-3.51,2.093036072312181,0.14370967385104794,0.12203294954144633,3.0,1.4142135623730951,2.5,0.7071067811865476,0.5,5.810065366588724,6.155599930561004,10.729112185888175,0.5224464610911854,2.67,3.44,1.9,1.54,0.77,2.67,1.54,1.54,1.54,1.54,0.0,4
-761.88230159,296.81138881445287,6.072331503873203,-7.782244199499997,-3.009926146499997,3.4987,1.7070853700000002,14,1.8,6.0,2.2607766610417563,93.96900000000001,135.97,83.04186036103852,2.585,2.49,1.5187988675265727,6033.2,13966.233628927228,1133.4199999999998,2332.740649965186,-4.471590000000001,3.124111059610042,0.2628222241974205,0.30383573675897024,3.3,2.1984843263788196,1.8,0.816496580927726,0.1,5.3490962500143375,6.072331512357078,14.840569440722643,0.7834310683614608,2.25,3.44,0.95,2.49,1.0195096860746344,2.585,1.7850000000000001,2.49,1.08,2.1375,0.7050000000000001,20
-791.5953716,837.6689258086527,4.048522256479207,-7.619861021071428,-3.448150932499999,4.1027,1.66049329,173,2.5714285714285716,5.0,2.220038609702865,94.70714285714287,127.05,71.66763938985493,2.552857142857143,2.55,1.386645489765035,4326.857142857143,6366.421421354835,1155.4,1648.550654362795,-4.195714285714286,1.4205959514030924,0.41364296481614066,0.2904554788749753,2.857142857142857,1.7928429140015905,1.8571428571428572,0.46291004988627577,0.0,5.097011747652727,4.048522262135545,14.958373675154514,0.5884075909001776,1.9799999999999998,3.44,0.89,2.55,1.0734057946554973,2.552857142857143,2.19,2.55,1.8299999999999998,2.07,0.36,56
-478.34321133,570.5122499903749,5.090816677635507,-7.329136523414634,-2.717323549087469,0.0,2.69338002,2,1.853658536585366,5.0,2.065292255049012,80.56975609756098,141.0,89.85610211696434,2.434634146341464,2.49,1.5147075258573484,4397.707317073171,6564.593673546402,876.5512195121951,1201.759851423664,-4.310975609756097,2.395931479471187,0.2751478539704785,0.23139675941196794,3.1707317073170733,1.7881641043812313,1.853658536585366,0.8498365855987976,0.14634146341463414,5.1263990929066745,5.090816684748072,13.91493292659451,0.862204118030373,1.9799999999999998,3.44,0.95,2.49,1.061037228376083,2.434634146341464,2.19,2.49,1.89,2.29,0.30000000000000016,41
-428.04343237,176.75970785828287,4.96556488626975,-6.369833005999999,-2.318079119468748,3.886599999999999,1.17998316,11,1.6,2.0,1.0690449676496976,126.39000000000001,181.05,80.1570823891617,2.752,2.55,1.326633763650369,2813.2,4380.858559036769,674.3199999999999,1079.2000688340547,-4.0760000000000005,1.632998993963473,0.23110015074259685,0.2558771041932591,3.2,2.138089935299395,1.8,0.5345224838248488,0.0,5.834198029784078,4.965564893207321,17.675970785828287,0.5738268163190288,2.2933333333333334,3.44,0.89,2.55,1.0567350135624771,2.752,2.1049999999999995,2.55,1.6599999999999997,2.3274999999999997,0.44500000000000006,10
-240.34482521,275.13193548766117,3.731545734253382,-7.6916159195,-3.1110288485,0.0,1.48768934,14,1.9,7.0,2.614064523559687,93.921,138.63,84.44208873541677,2.524,2.44,1.5429553172762687,5375.2,10957.854899568618,1082.92,2052.6899684722644,-4.277,2.2447308673127537,0.2603248362430942,0.05576770921221711,2.9,1.5456030825826172,1.8,0.816496580927726,0.1,5.380020375856682,3.731545739466861,13.756596774383059,0.6650321846808341,2.013333333333333,3.44,1.0,2.44,1.0381179551904922,2.524,2.1399999999999997,2.44,1.8399999999999999,2.29,0.30000000000000004,20
-246.93162341,26.32170194637648,8.100938388867615,-4.300136945,-1.346151347499999,0.0,1.54992079,225,1.0,2.0,1.4142135623730951,70.5,141.0,99.7020561473032,2.565,1.75,1.2374368670764582,3261.0,4297.795016051836,565.1,671.6100207709828,-2.95,2.884995667241114,0.2900000000000002,0.08485281374238539,3.5,2.1213203435596424,2.5,0.7071067811865476,0.0,5.823165111461915,8.100938400185731,13.16085097318824,0.6269849055241156,2.565,3.44,1.69,1.75,0.875,2.565,1.75,1.75,1.75,1.75,0.0,2
-563.51263289,146.0255623515541,5.6109754340936355,-5.619746528999999,-1.662393840999998,1.815999999999999,3.5560962,141,1.2,2.0,0.9354143466934854,104.766,135.97,63.60239559167563,2.3259999999999996,2.49,1.2168504427414242,6928.8,7230.0851654735025,1647.08,1738.4380963957271,-3.1439999999999997,1.8908265388448515,0.21747655521245174,0.20812791834539437,3.4,1.5,2.2,0.9354143466934853,0.4,5.0470355752270555,5.610975441932934,14.60255623515541,0.766055853595091,2.0966666666666662,3.44,0.95,2.49,1.0260062811157098,2.3259999999999996,2.015,2.49,1.54,1.8566666666666667,0.4750000000000001,10
-584.18769082,97.66062516736574,5.954172764725702,-5.460336769249999,-0.851877498249999,0.136,3.11928098,43,1.6,1.0,0.7071067811865476,131.95999999999998,22.599999999999994,15.980613254815971,2.8240000000000003,1.54,1.0889444430272832,5373.2,9106.12112812036,1334.1200000000001,2198.9606681339255,-3.806,2.0930360723121813,0.16096773908083845,0.12203294954144635,2.8,1.4142135623730951,2.4,0.7071067811865476,0.4,6.120938070306107,5.954172773044494,9.766062516736573,0.47770174341867583,2.67,3.44,1.9,1.54,0.77,2.8240000000000003,1.54,1.54,1.54,1.54,0.0,10
-656.99925572,157.49365025018096,3.920497855706924,-8.6049389,-2.610714884615385,0.6497,3.44783157,8,3.3846153846153846,7.0,3.4178674903831747,102.52076923076923,138.63,69.45893708450404,2.6953846153846155,2.44,1.323097261593555,7808.923076923077,14174.007132135152,1322.9692307692308,2259.8037505299194,-5.056153846153847,1.3936870654360098,0.024777665084158206,0.44099145598387207,2.769230769230769,1.3483997249264843,2.230769230769231,0.7977240352174656,0.3076923076923077,5.62156838771883,3.920497861184394,12.114896173090843,0.46282013676615935,2.0233333333333334,3.44,1.0,2.44,1.034225421376898,2.6953846153846155,2.125,2.44,1.81,1.936,0.31499999999999995,13
-413.99606361,154.68489951937246,5.0106199066219,-5.736829246,-1.032893985468749,1.0589,1.48595699,11,1.6,2.0,1.0690449676496976,134.34,141.3,60.696881539099095,3.0140000000000002,1.2399999999999998,0.7127211436259123,4553.2,8546.923021933515,892.9200000000001,1628.686750553516,-4.258,1.2281635535569826,0.06851910750222281,0.2784388207643796,3.0,1.6903085094570331,2.2,0.5345224838248488,0.2,6.456777821477589,5.0106199136224205,15.468489951937247,0.266076426868838,2.73,3.44,2.2,1.2399999999999998,0.5219833969262496,3.0140000000000002,0.7949999999999997,1.2399999999999998,0.34999999999999964,1.0174999999999996,0.44500000000000006,10
-518.817109,111.10588952872253,8.187810568872301,-7.439265832499998,-2.563697553749998,1.7796,3.390052889999999,194,3.5,8.0,4.049691346263318,130.725,204.70000000000002,92.46263569680458,2.6950000000000003,2.08,1.080055554126731,7236.0,9009.101708827578,1603.1,1913.71927303876,-4.0175,2.2265915655997626,-0.07764580719707653,0.8740724582504621,3.5,2.0976176963403033,2.5,0.6324555320336759,0.0,5.767557262463955,8.18781058031179,13.888236191090316,0.5269358244021192,2.4466666666666668,3.44,1.36,2.08,0.8517172196346755,2.6950000000000003,1.49,2.08,0.8999999999999999,1.49,0.5900000000000001,8
-379.46045337,498.9382964624441,5.946568654173021,-5.462751778095238,-1.82219273952381,0.9483,2.9557062,15,1.4285714285714286,3.0,1.4113126084211551,90.4,141.0,87.15445870482557,2.710952380952381,1.79,1.1411721038002127,4453.047619047619,7972.452281265106,622.0190476190476,862.2549267406505,-3.6671428571428573,2.303157312594469,0.25893085002566596,0.2227315511462914,2.9523809523809526,1.5230469891462777,2.3333333333333335,0.6337502222976297,0.0,6.175482271279528,5.946568662481189,11.879483249105812,0.4350814878601702,2.38,3.44,1.65,1.79,0.7671158104658427,2.710952380952381,1.095,1.79,0.3999999999999999,1.5914285714285714,0.6950000000000001,42
-311.76793773,261.9034629877659,5.910380819331949,-5.942425548499999,-1.8570413364999991,1.5369000000000002,1.41061748,15,2.0,4.0,1.6903085094570331,108.4,141.0,73.31731426769922,2.8040000000000003,1.75,1.0496461988961532,7753.2,16371.985009242377,880.7199999999999,1557.73628430122,-4.034000000000001,2.1185170015164583,0.23851214263384085,0.08458841588152469,3.0,1.6903085094570331,2.2,0.5345224838248488,0.0,6.150518182303306,5.910380827589558,13.095173149388296,0.40463914059069217,2.38,3.44,1.69,1.75,0.7608328769622582,2.8040000000000003,1.035,1.75,0.31999999999999984,1.3924999999999998,0.7150000000000001,20
-651.23745304,112.58150624819807,3.321847881193346,-5.852826163333333,-2.010695488333333,3.734,3.2989026,205,1.3333333333333333,2.0,1.4142135623730951,94.0,141.0,99.7020561473032,2.73,2.13,1.5061374439273463,3048.0,5994.85129089955,514.4666666666667,900.0055110942377,-3.84,2.439518395093589,0.33666666666666695,0.22627416997969493,2.3333333333333335,0.7071067811865476,1.6666666666666667,0.7071067811865476,0.0,6.0124027754961915,3.321847885834422,9.38179218734984,0.5665841519109013,2.375,3.44,1.31,2.13,1.065,2.73,2.13,2.13,2.13,2.13,0.0,12
-546.97004103,981.5573812568464,4.296367179824908,-7.915730077125,-1.499793677124998,0.15629999999999902,2.81891952,1,2.9,4.0,1.6428722184678857,93.31,125.3,82.61314571338023,2.7875,1.78,1.1146846391065923,5988.2,10032.716497074938,1298.22,2062.399326451493,-5.4585,0.8835527907151798,0.08813225559991786,0.2504434586396052,2.8,1.3653122975725782,2.4,0.6826561487862891,0.4,5.84650787743299,4.29636718582752,12.26946726571058,0.4189654879050801,2.31,3.44,1.66,1.78,0.802039068042615,2.7875,1.6949999999999998,1.78,1.6099999999999999,1.6312499999999996,0.08500000000000008,80
-609.65236843,419.95390053719893,7.941578977953665,-6.056331621071429,-1.647599028214287,1.104299999999999,3.78327308,13,2.142857142857143,3.0,1.0497813183356477,116.7,141.0,55.46466056353876,2.882142857142857,2.13,1.0853331097795151,3878.4285714285716,6977.337206255401,680.1999999999999,1130.8568685482956,-4.477857142857142,1.2922867723693596,0.09419990609831984,0.3923647179000404,3.2142857142857144,2.517287169529442,1.9285714285714286,0.3642156795423418,0.0,6.042025290192476,7.941578989049136,14.998353590614247,0.4329490151094643,2.2566666666666664,3.44,1.31,2.13,0.8855255815364994,2.882142857142857,1.775,2.13,1.42,1.5619999999999998,0.355,28
-376.029244,64.18701003620627,5.602677389170582,-8.18034014,-1.688998426810345,0.0,5.4649746,71,3.0,3.0,1.8090680674665818,89.16666666666667,141.0,81.71374647901271,2.555,1.89,1.1424554894850587,7377.666666666667,9311.108605023648,1354.1000000000001,1657.1000348363239,-5.426666666666667,1.5218708582172498,0.11967640013813326,0.14842246780637408,3.0,1.2792042981336627,2.5,0.6396021490668313,0.5,5.4451439476393935,5.60267739699829,10.697835006034373,0.5609921910423804,2.3000000000000003,3.44,1.55,1.89,0.8193900170248597,2.555,1.71,1.89,1.53,1.77,0.17999999999999994,6
-563.29823086,161.0288658479818,6.514222153939238,-5.860100102142857,-2.030379208571428,1.5793,1.5750321,227,2.5714285714285716,5.0,2.220038609702865,88.82857142857142,141.0,80.56179970326241,2.724285714285714,1.75,1.0943687025599997,2624.0,3680.5469702205946,907.8285714285714,1379.8671271435626,-3.847142857142857,1.9485085871726904,0.37000000000000016,0.24849547279578313,3.0,1.5811388300841898,2.142857142857143,0.46291004988627577,0.0,5.457326676970365,6.514222163040496,11.502061846284414,0.46728504013850164,2.313333333333333,3.44,1.69,1.75,0.7981784818503246,2.724285714285714,1.69,1.75,1.63,1.67,0.06000000000000005,14
-261.63862984,273.4878134372338,5.81352277375989,-5.274442168000002,-1.4144812314687512,3.0904,1.41065876,62,1.6,2.0,1.0690449676496976,123.6,195.0,87.18453335966682,2.912,1.75,0.9374509510978618,2473.2,3703.9679881368925,453.71999999999997,595.9574912932729,-3.872,2.1277822122710637,0.19400000000000028,0.1870064933937551,3.0,1.6903085094570331,2.2,0.5345224838248488,0.0,6.471309801026898,5.813522781882174,13.67439067186169,0.36101781895184815,2.56,3.44,1.69,1.75,0.7144695001654492,2.912,1.305,1.75,0.8599999999999999,1.5274999999999999,0.44500000000000006,20
-456.42443029,244.070745068559,7.427054837436873,-7.423576698125,-2.371655990416668,2.735999999999999,5.8104366800000005,36,3.0,6.0,2.6568446566202857,111.875,133.4,61.29871891953755,2.8475,1.9,1.066533692691918,5201.25,9344.799214158706,960.625,1685.9987492145244,-4.83,0.6617979076638395,0.06907688531810308,0.32205209440992466,3.25,2.3514701283890216,2.125,0.45374260648651504,0.125,5.878313834481256,7.427054847813483,15.254421566784938,0.4124419179084736,2.3333333333333335,3.44,1.54,1.9,0.8066942144056541,2.8475,1.66,1.9,1.42,1.5799999999999998,0.24,16
-534.0787737,254.34244461182925,3.30116544079935,-8.668876509444445,-2.333588346992338,1.8524,0.44326615,12,3.4444444444444446,5.0,3.0083217912982647,105.24444444444445,141.0,74.57758376348754,2.8277777777777775,1.89,1.2324629811884817,6681.333333333333,13520.432604025658,1137.2444444444445,2170.6636722440444,-5.427777777777778,0.9623824603555488,0.04994188857731441,0.3980563348839289,2.6666666666666665,1.3416407864998738,2.3333333333333335,0.6708203932499369,0.3333333333333333,5.927053203259366,3.3011654454115287,14.130135811768291,0.29515090872720157,2.2066666666666666,3.44,1.55,1.89,0.8727097010015543,2.8277777777777775,1.85,1.89,1.81,1.836666666666667,0.039999999999999925,18
-165.11659908,149.26590686018258,8.1176254841836,-5.340340333,-1.024969332333334,0.0,3.39612036,65,2.0,2.0,0.8451542547285166,127.96,49.8,25.822138895584484,2.854,1.51,0.9598214119601327,4573.2,7123.328395390137,908.5200000000001,1362.922171554299,-3.9480000000000004,2.2163741303566704,0.04953801718563271,0.30818678888982415,3.4,2.32992949004287,2.2,0.5345224838248488,0.2,6.008612354595528,8.117625495525031,14.926590686018258,0.4961468588402669,2.4633333333333334,3.44,1.93,1.51,0.6915843324489711,2.854,1.4649999999999999,1.51,1.42,1.4649999999999999,0.04500000000000004,10
-561.51805519,72.82143907393863,6.8731915563027774,-6.742646626666667,-2.107482005,0.6519,5.59411961,136,2.6666666666666665,2.0,1.4142135623730951,129.76666666666668,33.7,23.82949852598665,2.9466666666666668,1.48,1.0465180361560904,2481.3333333333335,4792.769762882419,1018.4666666666667,1969.1509642482974,-4.65,0.7212489168102785,0.2135020216251514,0.034997497154174335,3.0,2.1213203435596424,2.0,0.0,0.0,6.217757544908528,6.873191565905563,12.136906512323106,0.4004207577312871,2.7,3.44,1.96,1.48,0.74,2.9466666666666668,1.48,1.48,1.48,1.48,0.0,6
-388.24087893,338.74942397432324,5.961558621670344,-4.9446807660714285,-1.072082281547618,0.44809999999999905,1.95260472,57,1.4285714285714286,2.0,0.9636241116594315,116.45714285714287,141.0,63.51940086079438,2.704285714285714,2.13,1.1519734619959165,4598.285714285715,6768.631978261403,941.9714285714286,1372.7337646358922,-3.2742857142857145,2.642610992398022,0.17656868988115562,0.2842740624969128,3.0,1.7320508075688772,2.142857142857143,0.8451542547285167,0.2857142857142857,5.8816562386090965,5.961558629999455,12.098193713368687,0.6148598031522742,2.2266666666666666,3.44,1.31,2.13,0.8945141449723171,2.704285714285714,1.8199999999999998,2.13,1.51,1.7166666666666668,0.30999999999999994,28
-271.93031437,231.60014010932102,4.81824764098437,-8.725866472222222,-2.781807325555555,0.001699999999999,2.48979732,15,2.888888888888889,4.0,1.949358868961793,132.42222222222222,62.400000000000006,27.417913852078538,2.977777777777778,1.54,0.9471113978830579,15192.444444444445,30697.20732900633,1412.8000000000002,2853.401536412287,-5.612877777777778,2.0893431173457366,0.2161155972727481,0.2789545558539592,2.6666666666666665,1.7748239349298849,2.111111111111111,0.4472135954999579,0.1111111111111111,6.41400941532052,4.818247647716119,12.866674450517834,0.23216934426685015,2.5666666666666664,3.44,1.9,1.54,0.6454627969311804,2.977777777777778,0.77,1.08,0.45999999999999996,0.925,0.31000000000000005,18
-140.29051559,61.70418835153962,7.086137227330518,-5.479369706,-0.8457294909999991,0.0,3.02730288,221,1.8,3.0,1.3093073414159542,106.54,141.0,73.00497047657586,2.8579999999999997,1.75,0.984610147650908,5733.2,11122.37032804994,1055.72,2006.9796539647757,-4.022,2.11616904536746,0.10154200608359296,0.4280264998139066,3.2,1.9639610121239315,2.4,0.6546536707079771,0.2,6.07672147788103,7.086137237230819,12.340837670307923,0.46380744389027745,2.47,3.44,1.69,1.75,0.7269571284929165,2.8579999999999997,1.455,1.75,1.1600000000000001,1.455,0.29499999999999993,5
-505.15793125,263.4501234018471,6.158290639687289,-6.827112947000001,-2.047858012,0.0,2.49640627,194,1.8,3.0,1.3093073414159542,100.13,127.05,70.11523168531724,2.618,2.55,1.4088597212943927,4973.2,8513.104620860377,1122.72,1747.8922130873598,-4.3100000000000005,1.5999107117943447,0.22423042553718883,0.27055054604187595,3.2,2.138089935299395,2.0,0.8451542547285166,0.2,5.47143800592749,6.158290648291261,13.172506170092356,0.8297600760040287,2.07,3.44,0.89,2.55,1.0496666137398103,2.618,2.0549999999999997,2.55,1.56,2.0549999999999997,0.4949999999999999,20
-159.53021998,71.74228473402489,8.197237478842462,-4.623651614,-0.471315778666665,0.0,2.70883702,71,1.2,2.0,0.9354143466934854,117.38,87.3,40.720418711010325,2.588,1.51,0.8782582194320757,7948.8,8262.329060258977,1657.28,1640.6489843961137,-2.848,2.3925979603769623,-0.010284726664159782,0.2559338561733251,3.8,1.8371173070873836,2.6,0.6123724356957945,0.6,5.488893135793067,8.197237490295123,14.348456946804978,0.6637392051918866,2.5233333333333334,3.44,1.93,1.51,0.6574867975015839,2.588,1.375,1.51,1.2399999999999998,1.42,0.13500000000000012,5
-463.63946243,78.40702484441908,4.28485740255622,-5.9368204075,-2.693945698125,2.8326000000000002,4.18257704,221,1.0,2.0,1.2977713690461004,70.5,141.0,91.49288151775006,2.4175,2.13,1.3338310474561217,4292.25,5309.422716166737,703.725,799.5288290118452,-3.23125,2.2849755267605683,0.3750000000000002,0.1941242141679283,2.625,0.9032106474595007,1.75,0.8583950752789521,0.0,5.5089545247938645,4.28485740854275,9.800878105552385,0.7185148317039979,2.1333333333333333,3.44,1.31,2.13,0.9343209060893134,2.4175,1.96,2.13,1.79,2.045,0.16999999999999993,8
-408.02329545,103.68707388128288,6.18492908079224,-6.083081028333322,-2.286241100833322,0.0,3.1364664700000002,71,1.1666666666666667,2.0,1.1481209945740989,94.88333333333333,127.05,73.91706040003092,2.3333333333333335,2.55,1.479711274048236,4961.0,6440.399324152614,1292.7666666666667,1602.994260183678,-3.4766666666666666,1.9363320526660242,0.30307014252134373,0.22426244460297026,3.6666666666666665,2.2962419891481978,1.8333333333333333,0.8790490729915326,0.16666666666666666,4.895698912655164,6.184929089433431,17.281178980213813,0.9285619012262512,2.0766666666666667,3.44,0.89,2.55,1.0485015763247834,2.3333333333333335,2.045,2.55,1.54,2.213333333333333,0.5049999999999999,6
-502.52040791,244.0602684640958,5.920503125609016,-8.22732639272728,-3.054602234090915,3.1753,6.03354241,227,3.6363636363636362,7.0,3.627154532136727,116.74545454545455,111.4,57.62010282878712,2.7763636363636364,2.2199999999999998,1.2507660152882314,7995.818181818182,16476.445664948493,1275.9454545454546,2167.399370213067,-4.951818181818182,0.49821242959203677,0.2954435268378013,0.2443840333565334,2.909090909090909,1.704772712123232,2.1818181818181817,0.5303300858899106,0.0,5.910384480895304,5.920503133880767,11.09364856654981,0.5863630481602852,2.223333333333333,3.44,1.22,2.2199999999999998,0.9187793835059402,2.7763636363636364,1.505,2.2199999999999998,0.7899999999999998,1.902222222222222,0.7150000000000001,22
-465.65589136,289.0372280681903,6.826443674238326,-6.412126172499998,-2.264222731499998,0.665299999999999,4.01088681,14,1.8,3.0,1.3093073414159542,103.31400000000001,138.63,72.20294790182936,2.668,2.44,1.3349799356437642,4021.2,6297.369201273089,772.92,1117.8741764106164,-4.192,1.5861543790834847,0.13093993426882394,0.3064159007740049,3.2,2.138089935299395,1.8,0.5345224838248488,0.0,5.580946415913826,6.8264436837758,14.451861403409515,0.6130787442421691,2.1533333333333333,3.44,1.0,2.44,1.0005776109605669,2.668,1.93,2.44,1.42,1.93,0.51,20
-230.39675937,70.35850277043419,5.661576907486393,-4.974970445999999,-0.774110666499999,0.0,0.99726565,221,1.4,2.0,1.0690449676496976,104.72,94.1,59.44657865921061,2.668,2.62,1.391566434941984,3911.2,8605.366365571792,893.5200000000001,1628.7303521454987,-3.754,2.1732891464979334,0.13950789783176568,0.28000894348100247,3.2,1.9639610121239315,2.0,0.8451542547285166,0.2,5.3649215392908784,5.661576915396388,14.071700554086837,0.9745797501875192,2.1533333333333333,3.44,0.82,2.62,1.070119411820735,2.668,1.93,2.62,1.2399999999999998,1.93,0.6900000000000002,5
-597.38303864,549.8176542566329,5.019475058420438,-6.739055862222222,-2.912376178888889,2.698599999999999,3.12865424,130,1.5555555555555556,4.0,1.6681153124565984,93.23222222222222,135.97,83.23684074087471,2.451111111111111,2.49,1.5222751850865976,6323.333333333333,12847.45760672211,945.4444444444445,1383.2582581339077,-3.808888888888889,2.0174661249243795,0.315576995015934,0.18744365257984924,3.2222222222222223,1.8533166509519232,1.6666666666666667,0.6255432421712243,0.0,5.170391886707327,5.01947506543333,15.272712618239801,0.8238083177439182,2.1333333333333333,3.44,0.95,2.49,1.020272294809359,2.451111111111111,1.775,2.49,1.0599999999999998,2.251666666666667,0.7150000000000002,36
-670.48959412,489.8968337838239,5.825361699006772,-9.53353126075,-2.6181616165431043,0.0,5.40309175,71,3.8,5.0,3.0912061651652345,110.42999999999999,141.0,60.2122495842831,2.6990000000000003,1.89,1.2351405677987513,9493.2,16262.01687641754,1792.6200000000001,3008.39487767148,-5.803,1.3552511042443594,0.24131672614416208,0.14280391525006209,3.1,1.8708286933869707,2.4,0.6666666666666666,0.4,5.731323086302234,5.825361707145597,12.247420844595599,0.45097547265153637,2.1966666666666668,3.44,1.55,1.89,0.8794063654281538,2.6990000000000003,1.8649999999999998,1.89,1.8399999999999999,1.8524999999999998,0.025000000000000022,40
-345.32695548,144.74636089448066,6.359750337816267,-8.113840315454546,-1.6338325718181812,0.0,0.80900499,2,2.727272727272727,4.0,2.3533936216582085,127.01818181818182,62.400000000000006,37.01851927388195,3.1045454545454545,1.53,0.8525369380673372,8088.727272727273,20704.81568658327,1414.8727272727274,3445.704490208955,-5.7310727272727275,2.937876740423784,0.12203582295738218,0.3028204091899631,2.909090909090909,2.3858557568108956,2.272727272727273,0.6793662204867574,0.2727272727272727,6.509317286507561,6.359750346701708,13.158760081316421,0.26360741187815084,2.57,3.44,1.91,1.53,0.642028036770981,3.1045454545454545,1.3050000000000002,1.53,1.08,1.2300000000000002,0.22499999999999998,11
-294.50096994,77.29908558651587,7.356434052251263,-5.390518846000001,-1.447628566500001,0.0,1.91578066,221,2.0,2.0,0.8451542547285166,112.22,94.1,50.686036397752446,2.632,2.62,1.4162929479050985,2751.2,5539.096264605935,613.72,933.3574051317564,-3.998,2.0861344977870298,0.12992872459836685,0.3054890645841803,3.4,2.32992949004287,1.8,0.5345224838248488,0.0,5.282527554092464,7.356434062529205,15.459817117303174,0.9603375751109552,2.0933333333333333,3.44,0.82,2.62,1.0708667309966986,2.632,2.02,2.62,1.42,2.02,0.6000000000000001,5
-377.10930501,35.06364171960439,4.306529701448667,-7.77309494,-2.408621853333333,3.1156,2.86844198,166,2.75,5.0,2.4289915602982237,101.475,81.4,50.03977418014594,2.38,2.46,1.3748599928720016,5986.0,10696.163499124348,1184.85,1506.80522828931,-4.782500000000001,2.4425130501186683,0.18365653234320162,0.08559154960128854,2.5,1.0954451150103324,2.0,0.8944271909999159,0.25,5.019713198890718,4.306529707465478,8.765910429901096,0.7436092473500973,2.026666666666667,3.44,0.98,2.46,1.0372185026416672,2.38,2.12,2.46,1.78,2.12,0.33999999999999997,4
-470.90572425,558.7173420272759,5.721991269880247,-6.7892008411904765,-2.022314588690476,3.1907,1.68477958,150,2.7142857142857144,2.0,1.355261854357877,127.14999999999999,105.9,38.66577482551129,2.952142857142857,1.4300000000000002,0.9319438758611498,9569.142857142857,19950.644549968398,1086.1285714285714,1924.015537826012,-4.699135785714286,0.5847842080230913,0.1827659894769154,0.1289065306109828,2.857142857142857,1.7612611437054218,2.0,0.0,0.0,6.231530631143572,5.72199127787465,13.302793857792283,0.35060817624016927,2.5933333333333333,3.44,2.01,1.4300000000000002,0.612771481784922,2.952142857142857,0.7150000000000001,1.1099999999999999,0.3200000000000003,0.8669230769230769,0.3949999999999998,42
-433.90550933,298.11228727832986,3.9598849973372383,-7.169586492187499,-2.717096784687499,3.8385,0.8360709,217,2.25,6.0,2.406132515928939,103.6125,81.4,49.64990857043577,2.2875,2.46,1.5158357083592013,4586.0,11023.286051283485,1277.85,2050.1246781084983,-4.0725,2.3779137251402807,0.23679634703307736,0.05876269876045287,2.375,1.287592612918428,1.75,0.8583950752789521,0.125,4.905692992091417,3.9598850028697385,9.316008977447808,0.7339424669622369,2.0066666666666664,3.44,0.98,2.46,1.0446477343530156,2.2875,2.15,2.46,1.8399999999999999,2.3049999999999997,0.31000000000000005,32
-448.5782274,220.4426983744759,6.725802950749754,-6.307388707857145,-2.4660533835714302,1.3966,2.46052846,55,1.7142857142857142,4.0,1.6903085094570331,87.02285714285713,135.97,83.36031451304802,2.5700000000000003,2.49,1.443433406846329,3094.0,4580.9437892207325,813.2571428571429,1114.6039540059573,-3.862557285714286,1.9126255741669247,0.26050988018801935,0.2630170873095575,3.4285714285714284,2.220038609702865,1.7142857142857142,0.5976143046671968,0.0,5.207453922656393,6.725802960146619,15.745907026748279,0.8625260277510697,2.24,3.44,0.95,2.49,1.0185283501208986,2.5700000000000003,1.8,2.49,1.1099999999999999,2.03,0.6900000000000002,14
-329.91236828,146.0560950984401,4.256387156615788,-5.527121085,-2.05098305875,2.4653,0.25078331,227,2.5,4.0,1.8973665961010275,89.45,112.1,65.70117198345856,2.3775,2.62,1.4150159009707277,2056.0,2773.7500968904897,904.6,1233.226246882542,-3.4925,2.1083144926694404,0.3512359879119288,0.22726740088516065,3.25,1.6431676725154984,1.75,0.5477225575051662,0.0,4.5201264972462365,4.256387162562542,18.257011887305012,0.8951892775616704,2.0233333333333334,3.44,0.82,2.62,1.0801954555645115,2.3775,2.125,2.62,1.63,2.125,0.4950000000000001,8
-144.85200107,361.8786077778055,3.113529296226795,-4.367427304999999,-1.661868793025077,1.8735,0.7149548,137,1.2727272727272727,2.0,0.8224783208299743,81.3409090909091,127.05,61.8732700292917,1.839090909090909,2.55,1.6143747651499454,2226.181818181818,2850.867649144937,858.1636363636363,857.1779683424935,-2.660909090909091,2.363001580741798,0.2228459106434057,0.1377901528324989,2.909090909090909,1.4450727642986174,1.3636363636363635,0.641688947919748,0.0,4.031464906832727,3.11352930057682,16.449027626263884,1.0601512513394795,1.7533333333333332,3.44,0.89,2.55,1.1927652279006495,1.839090909090909,2.53,2.55,2.51,2.5157142857142856,0.020000000000000018,22
-777.68369197,491.4574037777165,9.283679194004945,-7.9195099782352925,-2.406476838215685,2.7997,3.8366377,2,2.823529411764706,5.0,2.2087051361325662,116.34117647058824,110.0,52.26712056247113,2.8776470588235292,1.94,1.0833007618111143,6943.64705882353,16069.60836906535,1164.8352941176472,2540.979382155735,-5.2688235294117645,2.087129478364833,0.11951955349502441,0.352989879999818,3.411764705882353,2.6711673731039647,2.1176470588235294,0.45022516889074815,0.11764705882352941,6.087440615382263,9.28367920697551,14.454629522874015,0.4237266730242213,2.32,3.44,1.5,1.94,0.8199186951562129,2.8776470588235292,1.68,1.94,1.42,1.5933333333333333,0.26,34
-559.65403476,317.41574286165195,7.372716562508138,-8.210634693181818,-1.9024544377272732,0.0,1.40908532,13,2.8181818181818183,4.0,2.3287500774185546,125.12727272727274,62.400000000000006,39.82123515450983,3.1145454545454543,1.42,0.8207032631553539,7516.0,20298.695494273292,1292.2363636363636,3348.433116227074,-5.768345454545455,2.881399067827455,0.08507997012219319,0.3612486848798175,3.090909090909091,2.7174648819470297,2.1818181818181817,0.5883484054145521,0.18181818181818182,6.469883265452521,7.372716572808832,14.427988311893266,0.2835870908425326,2.606666666666667,3.44,2.02,1.42,0.6053832578531462,3.1145454545454543,1.25,1.42,1.08,1.1933333333333334,0.16999999999999993,22
-650.1000895,307.1528151625357,5.781120666905402,-6.287451600625,-2.371338410625,2.329499999999999,4.43720305,167,1.25,2.0,1.2565617248750864,89.73125,127.05,77.1031157640618,2.2925,2.55,1.543362699125721,5261.0,7491.920813361831,1246.9750000000001,1557.3874179129882,-3.6750000000000003,1.8383402124857373,0.3259645392087684,0.21930792936315344,3.75,2.406132515928939,1.75,0.8583950752789521,0.125,4.781683555843125,5.781120674982418,19.19705094765848,0.903878500466045,2.08,3.44,0.89,2.55,1.047950380504726,2.2925,2.04,2.55,1.53,2.295,0.5099999999999999,16
-487.39769253,127.42365027123795,7.013112294262959,-5.517573629999998,-1.788510993611109,1.044,2.8773962600000003,15,2.0,3.0,1.2792042981336627,96.21666666666665,105.9,58.23178216872169,2.435,2.46,1.408592140465727,1906.0,2282.5664980853935,920.4333333333334,1076.123978156623,-3.734650166666667,1.7906283794066793,0.16376043487040884,0.16372963584862793,2.6666666666666665,1.9069251784911847,1.6666666666666667,0.6030226891555273,0.0,4.969199365881144,7.013112304061234,10.618637522603162,0.8269024076928574,2.25,3.44,0.98,2.46,1.0058826969383656,2.435,1.785,2.46,1.1099999999999999,2.01,0.675,12
-426.16409204,152.52431613939416,6.611131840627541,-6.238769738125001,-1.084837146875,0.0,6.25605264,65,1.875,1.0,0.42919753763947605,127.3,29.0,17.96042432976635,2.67375,1.54,0.9944252505580138,8198.5,10479.091141787761,1639.85,2011.0990962000958,-4.1175,1.3024955803541545,0.15263268816196113,0.10084928673054491,3.0,1.2977713690461004,2.5,0.6488856845230502,0.5,5.77253774143803,6.611131849864195,9.532769758712135,0.5880123861215413,2.4166666666666665,3.44,1.9,1.54,0.7236174557196795,2.67375,1.5350000000000001,1.54,1.53,1.5325,0.0050000000000000044,16
-539.13952476,464.7531201547575,4.105246622350272,-6.175546773611112,-2.070055870833334,0.9862000000000001,2.27155718,33,1.3333333333333333,2.0,1.0606601717798212,105.1711111111111,138.63,72.33345995572634,2.5555555555555554,2.44,1.3423548959446852,4932.222222222223,7120.23887707896,1151.6666666666667,1663.4538541841189,-3.652222222222223,1.9434290999845265,0.20498207726713258,0.10706460810037578,2.888888888888889,1.2909944487358056,2.0,0.8660254037844386,0.2222222222222222,5.499318498106806,4.105246628085861,12.909808893187709,0.6368450565354882,2.1133333333333333,3.44,1.0,2.44,1.0074831126238406,2.5555555555555554,1.99,2.44,1.54,1.9899999999999998,0.44999999999999996,36
-193.1566605,273.9954078836132,5.378731327083722,-4.044920198571428,-1.369924264285714,1.0967,0.34635855,14,1.1428571428571428,2.0,1.0307764064044151,73.82857142857142,141.0,75.25234630893577,2.1914285714285713,2.62,1.3985371822014603,2520.8571428571427,3124.795233291295,610.3714285714286,558.6658236369932,-2.672857142857143,2.4832803405978954,0.27998398618506143,0.0616041254312711,3.7142857142857144,1.8371173070873836,2.0,0.9354143466934853,0.0,4.6517272195161405,5.378731334598544,19.57110056311523,1.0411458408008907,1.9833333333333332,3.44,0.82,2.62,1.0895360888418928,2.1914285714285713,2.185,2.62,1.75,2.185,0.43500000000000005,14
-287.99275537,258.7265007863652,4.603084505750543,-8.7496117745,-3.670175069499999,3.8263,1.990374699999999,62,2.8,8.0,3.625307868699863,93.29400000000001,138.63,79.77417842169947,2.5300000000000002,2.44,1.495851405912843,6041.2,10882.472224374647,1341.92,2392.6102518259963,-4.7,2.029707931135484,0.34105887477773766,0.2585993512250869,3.0,1.6903085094570331,2.0,0.8451542547285166,0.0,5.412236976685679,4.60308451218168,12.936325039318259,0.6608042318194137,1.9233333333333331,3.44,1.0,2.44,1.0808741318437076,2.5300000000000002,2.275,2.44,2.11,2.275,0.16500000000000004,20
-536.97491555,815.7946760958519,7.45475117677773,-6.451364925416667,-2.309565526354167,1.6295000000000002,3.09924655,150,1.375,2.0,1.2275379077928685,109.33437500000001,191.35000000000002,89.40234043931622,2.498125,2.55,1.5173749412484596,5124.875,8759.896513744146,1232.675,1881.7326574124716,-3.85,1.8236257727132807,0.24262402200923958,0.3835814727393073,3.75,2.6275672377773884,1.8125,0.8399282422057223,0.125,5.254047217096721,7.454751187193036,16.99572241866358,0.8711891990379049,2.203333333333333,3.44,0.89,2.55,1.0424437101776232,2.498125,1.855,2.55,1.1600000000000001,2.152857142857143,0.6949999999999998,48
-348.51355266,57.68750319890507,7.094680294360936,-4.307147351999999,-1.502459395833334,1.1767,2.15678336,139,1.2,2.0,0.9354143466934854,80.24,141.0,67.71731683993393,2.168,2.46,1.3791845416767112,1746.8,1589.626213925777,808.056,859.6326247880544,-2.798,2.3491674056993044,0.2080931894896012,0.02905630307646273,2.8,2.0,1.8,0.9354143466934854,0.0,4.848325516839681,7.094680304273172,11.537500639781014,0.7191648638823916,2.14,3.44,0.98,2.46,1.009158064923429,2.168,1.95,2.46,1.44,2.1199999999999997,0.51,5
-147.71348125,197.76519734263016,3.615630360957872,-4.8230165,-1.9233487985517241,1.5152,0.7175575200000001,36,1.2,2.0,0.9354143466934854,80.31,127.05,64.42971461212598,1.9259999999999997,2.55,1.545327635163495,2728.8,3552.588000317515,927.0799999999999,965.6614391182864,-2.874,2.183139940544353,0.26548710163356193,0.1725130358894289,3.2,1.8371173070873836,1.4,0.6123724356957945,0.0,4.149934025946762,3.615630366009401,19.776519734263015,0.9334036059811273,1.7533333333333332,3.44,0.89,2.55,1.1927652279006495,1.9259999999999997,2.53,2.55,2.51,2.523333333333333,0.020000000000000018,10
-749.69598953,566.7567149976325,3.875938454119269,-9.438292248958332,-3.461866468749999,0.0,4.42095503,115,3.9791666666666665,6.0,4.1434202886992475,98.16875,133.4,91.01343224050692,2.807916666666667,1.9,1.3216893048654912,6550.083333333333,13336.903795630002,1277.1541666666667,2500.0106219660493,-5.213958333333334,0.5581596725972344,0.1773225929224945,0.12639229361330165,2.6875,1.4522768879909882,2.3333333333333335,0.6969709469904515,0.3333333333333333,5.824504008887709,3.875938459534485,11.807431562450676,0.37782273698063357,2.1933333333333334,3.44,1.54,1.9,0.881866706985182,2.807916666666667,1.8699999999999999,1.9,1.8399999999999999,1.89625,0.030000000000000027,48
-589.76907419,303.9663425045353,4.323394868140343,-6.638894068333333,-1.37299685625,0.0,1.00352803,62,2.3333333333333335,1.0,0.6666666666666667,117.61666666666667,77.3,47.129637997525265,2.97,1.56,0.9479451460923253,7464.666666666667,15227.164819638763,741.3000000000001,1608.535464327722,-4.876666666666667,0.22666666666666657,0.0676085623288271,0.3479286945877971,2.6666666666666665,1.3333333333333333,2.1666666666666665,0.5270462766947298,0.16666666666666666,6.469520629490434,4.3233948741807176,12.665264271022302,0.2670787242102433,2.5,3.44,1.88,1.56,0.6758698099486321,2.97,0.9300000000000002,1.56,0.30000000000000027,1.3080000000000003,0.6299999999999999,24
-491.92106019,198.75074807523504,5.063148782718509,-6.69960624,-1.144172718421053,0.0,2.48483141,204,2.263157894736842,3.0,1.3228756555322954,111.05263157894737,125.3,68.41049352986718,2.857894736842105,1.6099999999999999,1.0454693921870692,5113.894736842105,8787.302586687225,1222.021052631579,2032.1755257605087,-4.735263157894737,1.697904959059841,0.12230109361421902,0.21174446935691313,2.736842105263158,1.3228756555322954,2.3684210526315788,0.6614378277661477,0.3684210526315789,6.087156243438674,5.063148789792418,10.460565688170265,0.4415152669796661,2.39,3.44,1.83,1.6099999999999999,0.7430118886442306,2.857894736842105,1.575,1.6099999999999999,1.54,1.58,0.03499999999999992,19
-322.64272764,201.19735291641985,4.880483751867384,-5.066491792,-1.805457756666666,1.9587999999999992,0.50252106,70,1.4,1.0,0.6432675209026769,108.47999999999999,163.20000000000002,71.00939228794631,2.12,2.46,1.5337580621152243,2838.8,4564.8447040851015,1156.48,1279.1329401671626,-3.0230000000000006,2.1356582607937424,0.06948630143600765,0.5822230688755122,2.4,1.5756771943166707,1.6,0.8709883407113854,0.0,4.633942993722544,4.880483758686086,10.059867645820992,0.773125103287818,2.32,3.44,0.98,2.46,1.016267681273,2.12,1.68,2.46,0.8999999999999999,2.2,0.78,20
-123.64670611,26.32170194637648,8.100938388867615,-4.300136945,-1.346151347499999,0.0,1.54992079,225,1.0,2.0,1.4142135623730951,70.5,141.0,99.7020561473032,2.565,1.75,1.2374368670764582,3261.0,4297.795016051836,565.1,671.6100207709828,-2.95,2.884995667241114,0.2900000000000002,0.08485281374238539,3.5,2.1213203435596424,2.5,0.7071067811865476,0.0,5.823165111461915,8.100938400185731,13.16085097318824,0.6269849055241156,2.565,3.44,1.69,1.75,0.875,2.565,1.75,1.75,1.75,1.75,0.0,2
-632.95563098,697.2273396013662,3.737912637146308,-9.162428347749998,-2.8863555272499983,2.7436,-1.691398889999999,205,3.6,6.0,3.623594180176458,108.82000000000001,141.0,74.99245759176168,2.864,2.1399999999999997,1.3033435264066366,7265.4,15896.503692704693,1286.74,2733.0557036274317,-5.499,1.4085831611016544,0.14283590618851819,0.48824461392983776,2.8,1.956038587687303,2.3,0.6756639246921763,0.2,6.019730149147113,3.7379126423686833,17.430683490034156,0.24407517546866567,2.123333333333333,3.44,1.3,2.1399999999999997,0.9407207638590506,2.864,1.9749999999999999,2.1399999999999997,1.81,1.9199999999999997,0.1649999999999998,40
-119.64219211,58.68753393124512,5.9367346175307265,-4.543642295,-1.514723342499999,0.036199999999999004,0.46117376,156,1.0,2.0,1.2649110640673518,70.5,141.0,89.1762300167483,2.5549999999999997,1.79,1.1195892103803073,3523.5,4202.421159284253,600.1,648.0098888134347,-3.04,2.4718252365408038,0.3100000000000002,0.10733126291998968,3.25,1.6431676725154984,2.5,0.6324555320336759,0.0,5.886866228541698,5.936734625825162,14.671883482811262,0.47223117646902996,2.26,3.44,1.65,1.79,0.8345457846437586,2.5549999999999997,1.77,1.79,1.75,1.77,0.020000000000000018,4
-570.47129192,176.43791618028882,5.965081773206399,-6.092007931428567,-2.215267584285709,1.462999999999999,1.67866465,70,1.7142857142857142,4.0,1.6903085094570331,99.65714285714286,141.0,83.44479783494167,2.7199999999999998,1.75,1.1031545675924113,9098.285714285714,22473.125702873265,801.9714285714286,1392.9793568360692,-3.885714285714286,2.4970768624819817,0.29246074110390946,0.10048428411864573,3.0,1.7320508075688772,2.2857142857142856,0.5976143046671968,0.0,6.092834888696874,5.965081781540432,12.60270829859206,0.45785461109086045,2.3433333333333333,3.44,1.69,1.75,0.7801851632073561,2.7199999999999998,0.98,1.75,0.20999999999999996,1.442,0.77,14
-308.98355276,354.33464490495084,4.243448231713888,-8.024195444,-2.8390510185,3.3093,-0.21774262,2,2.8,6.0,2.8535691936340255,111.2,94.1,51.508043754627025,2.548,2.62,1.496624774045156,5931.2,13980.704621523399,1249.72,2557.1480855493237,-4.593999999999999,2.649752009959746,0.265638462815731,0.06507824001382967,3.2,1.9639610121239315,2.0,0.8451542547285166,0.2,5.205837442117583,4.243448237642563,17.71673224524754,0.7884747740480932,1.9533333333333331,3.44,0.82,2.62,1.0984028809543833,2.548,2.23,2.62,1.8399999999999999,2.23,0.3900000000000001,20
-538.10803794,525.4502702231417,9.024064636447847,-5.907433620277778,-1.6497857512037042,2.1058,4.82515871,62,2.2222222222222223,2.0,0.8340576562282991,115.35555555555555,81.4,39.92549583150226,2.6933333333333334,2.46,1.1772185346234019,4090.0,6487.633185363217,841.8888888888889,1118.4478841525058,-4.332222222222223,1.2894049857943408,0.04234886873817594,0.3450952513389784,3.3333333333333335,2.502172968684897,1.8888888888888888,0.41702882811414954,0.0,5.56335073626193,9.024064649055695,14.595840839531714,0.5234809221161787,2.1466666666666665,3.44,0.98,2.46,1.0082768579225758,2.6933333333333334,1.94,2.46,1.42,1.6799999999999997,0.52,36
-587.80148857,458.80328245471986,6.712705038560279,-9.1413639178125,-2.190860606562499,1.358499999999999,0.453507,60,3.0,4.0,2.8284271247461903,125.4,62.400000000000006,44.12346314604057,3.17,1.08,0.7636753236814714,8916.5,24591.75963610575,1524.65,4057.2372890921724,-6.176475,3.3558580728332363,0.10014750000000072,0.3672783332161038,3.0,2.8284271247461903,2.25,0.7071067811865476,0.25,6.589209627510562,6.712705047938844,14.337602576709996,0.2270311700150125,2.9,3.44,2.36,1.08,0.54,3.17,1.08,1.08,1.08,1.08,0.0,32
-664.72693091,147.4523745624261,7.519352299974885,-10.069306844166666,-3.707996333722221,4.031499999999999,2.26788601,13,4.0,7.0,4.0824829046386295,104.10000000000001,111.4,73.80221315561388,2.7466666666666666,2.2199999999999998,1.391370227908845,8048.0,18596.91114136969,1616.8,3173.721932789113,-5.776666666666667,2.1924060856612413,0.3314825910763621,0.230163601096338,3.1666666666666665,2.3687784005919825,2.3333333333333335,0.6666666666666667,0.16666666666666666,5.925428867457905,7.519352310480446,12.287697880202174,0.5536457431824624,2.0533333333333332,3.44,1.22,2.2199999999999998,0.9871620378078204,2.7466666666666666,2.08,2.2199999999999998,1.94,2.08,0.1399999999999999,12
-148.62212881,211.46183443570143,4.561553749238541,-6.254592795833333,-2.893251054583333,3.1602,1.3834739200000001,152,1.0,2.0,1.2649110640673518,73.9875,141.0,84.99412185557304,2.27,2.55,1.4918176832307624,4286.0,5150.1217072997415,921.6,1107.989862769511,-3.3625000000000003,2.0660179089252835,0.38637518842824586,0.19790696025690752,3.25,2.073644135332772,1.5,0.6324555320336759,0.0,4.912022613442157,4.561553755611655,17.621819536308454,0.8168352314935987,1.8800000000000001,3.44,0.89,2.55,1.1163332835672328,2.27,2.34,2.55,2.13,2.34,0.20999999999999996,12
-653.63004045,259.4281034785164,4.580887168132784,-8.128131303181817,-2.326478674545453,0.5063000000000001,5.26928462,1,3.272727272727273,4.0,2.3518609652783473,110.52727272727272,98.5,56.752791781550265,2.8745454545454545,1.8299999999999998,1.0535075343821703,8632.181818181818,18548.211146900394,1458.1272727272726,2638.863091844668,-5.196909090909091,1.5544833948936219,0.23461818181818223,0.3958453943776533,2.727272727272727,1.5612494995995998,2.1818181818181817,0.5303300858899106,0.18181818181818182,5.732456609238043,4.580887174532909,11.792186521750745,0.3718642117523108,2.4033333333333338,3.44,1.61,1.8299999999999998,0.7666521737760582,2.8745454545454545,1.5549999999999997,1.8299999999999998,1.2799999999999998,1.5549999999999997,0.275,22
-496.90629093,187.4619492921981,6.821766535397419,-4.898956491000002,-1.398802029666667,1.7273,1.453641,141,1.2,2.0,0.9354143466934854,109.42999999999999,127.05,60.29277008895842,2.3259999999999996,2.55,1.2320866446804786,6208.8,6293.1654594488455,1438.6799999999998,1382.724932877107,-2.666,2.436411295327618,0.15229631657621426,0.30820686193092606,4.0,2.091650066335189,2.2,0.9354143466934853,0.4,4.959639374924465,6.821766544928358,18.74619492921981,0.8295432205964776,2.0866666666666664,3.44,0.89,2.55,1.0469107995537261,2.3259999999999996,2.03,2.55,1.51,1.8566666666666667,0.5199999999999999,10
-255.40776584,296.81138881445287,6.072331503873203,-7.782244199499997,-3.009926146499997,3.4987,1.7070853700000002,14,1.8,6.0,2.260776661041756,93.96900000000001,135.97,83.04186036103853,2.585,2.49,1.5187988675265727,6033.2,13966.233628927226,1133.42,2332.740649965186,-4.471590000000001,3.1241110596100423,0.2628222241974205,0.30383573675897024,3.3,2.1984843263788196,1.8,0.816496580927726,0.1,5.3490962500143375,6.072331512357078,14.840569440722643,0.7834310683614608,2.25,3.44,0.95,2.49,1.0195096860746344,2.585,1.7850000000000001,2.49,1.08,2.1375000000000006,0.7050000000000001,20
-535.9309005,342.04668809016573,4.619259044653502,-6.6488579787500015,-2.572980549166666,0.0,5.85306321,36,1.6666666666666667,3.0,1.3614912914100352,100.0425,138.63,76.87396307450584,2.598333333333333,2.44,1.3911304404832152,5547.833333333333,9571.13290692127,801.8666666666667,1116.7079754524118,-4.08,1.6965129228983127,0.17896232087824862,0.2072580817140005,3.0,1.623005342401378,1.75,0.5738190417570044,0.0,5.596747198738527,4.61925905110724,14.251945337090232,0.6148904751914606,2.1633333333333336,3.44,1.0,2.44,0.9993442294269221,2.598333333333333,1.7449999999999999,2.44,1.0499999999999998,2.131111111111111,0.6950000000000001,24
-461.83717775,109.2793890851786,8.066736618047301,-6.897588077142856,-2.259269779999999,0.0,4.1620923,139,1.5714285714285714,3.0,1.3887301496588271,106.12857142857142,137.05,77.25168167378993,2.5342857142857147,2.55,1.4832709992253124,6126.857142857143,11634.307960265007,1335.3999999999999,2169.8957947330096,-4.227142857142857,1.9533268324286428,0.2566320161454593,0.30081661144818506,3.7142857142857144,2.618614682831909,1.8571428571428572,0.8451542547285167,0.14285714285714285,5.340457510637027,8.066736629317633,15.611341297882657,0.8893227346308955,2.1766666666666667,3.44,0.89,2.55,1.0411638786580246,2.5342857142857147,1.8949999999999998,2.55,1.2399999999999998,2.1133333333333333,0.655,7
-497.64158809,1017.5916369395012,2.755846429982759,-7.680240694444445,-2.383371937777779,0.8597999999999991,-0.058852930000000005,61,2.5555555555555554,2.0,1.1832159566199232,130.76666666666668,77.3,34.015026091420246,2.9244444444444446,1.56,1.0375644558291306,13103.555555555555,29076.35839990971,1120.8000000000002,2074.0688532447516,-5.047777777777778,0.3200859259636385,0.23667797215863237,0.20631582327738154,2.4444444444444446,0.9746794344808964,2.111111111111111,0.4472135954999579,0.1111111111111111,6.39316500955338,2.755846433833053,14.133217179715295,0.21136357929595911,2.4066666666666667,3.44,1.88,1.56,0.7307226255943876,2.9244444444444446,0.79,1.56,0.020000000000000018,1.1749999999999998,0.77,72
-263.72027289,71.13628093297905,7.097114448493584,-6.741954234,-2.587468271999999,0.372399999999999,4.12362011,221,2.0,4.0,1.6903085094570331,108.85,127.05,65.76277713982931,2.634,2.55,1.3944686648121056,3133.2,4783.27222127877,1057.72,1613.4063486035643,-4.174,1.5895551938469188,0.28120136371768745,0.17183096126775166,3.4,2.32992949004287,1.8,0.5345224838248488,0.0,5.4605059744902436,7.097114458409221,14.22725618659581,0.8028836156907395,2.0966666666666667,3.44,0.89,2.55,1.0455089138256493,2.634,2.0149999999999997,2.55,1.48,2.015,0.5349999999999999,5
-650.04755688,203.0244679760712,7.944229464871837,-7.896236212777778,-1.5212904349999992,0.0,4.33854722,136,2.6666666666666665,4.0,1.7748239349298849,127.11111111111111,62.400000000000006,30.435694504972286,3.0622222222222226,1.1600000000000001,0.7608942107809732,8859.111111111111,18129.044039882523,1589.4666666666667,3102.0206604727828,-5.348433333333334,2.2511245549724697,0.002890006759547919,0.466629773496959,3.111111111111111,2.2693611435820435,2.3333333333333335,0.6708203932499369,0.3333333333333333,6.267781026667631,7.944229475971014,11.279137109781729,0.35805197834569397,2.6933333333333334,3.44,2.28,1.1600000000000001,0.5289822513300633,3.0622222222222226,1.12,1.1600000000000001,1.08,1.1333333333333335,0.040000000000000036,18
-166.46906704,216.56275852085403,8.93386242046077,-4.90796435375,-0.9115316718750011,0.0,3.8654609300000002,166,1.5,2.0,1.0954451150103324,98.5,141.0,73.47652686402645,2.6975,1.53,0.9400585088174034,4983.5,8985.356509343412,999.07,1621.2406896941613,-3.48,2.4302427862252776,0.17689959768918784,0.0772155416607556,3.5,2.0976176963403033,2.5,0.6324555320336759,0.25,6.011144122543804,8.933862432942597,13.535172407553375,0.484898127250168,2.4499999999999997,3.44,1.91,1.53,0.7009992867328754,2.6975,1.4849999999999999,1.53,1.44,1.4849999999999999,0.04500000000000004,16
-266.03134208,350.8265738795596,5.112815779726547,-5.543199315,-1.04517519533482,0.0,3.36469195,14,1.7142857142857142,1.0,0.5976143046671968,142.25714285714284,76.6,31.330724308804058,2.8728571428571428,1.54,0.9060550282878598,4641.142857142857,7446.403273680906,1102.6857142857143,1797.1434047239684,-3.9285714285714284,1.7260421282724907,0.1378340993434561,0.15008854918706901,2.857142857142857,1.3093073414159544,2.2857142857142856,0.5976143046671968,0.2857142857142857,6.271019011190818,5.112815786869848,12.529520495698558,0.3489100623300938,2.6299999999999994,3.44,1.9,1.54,0.6312421616675068,2.8728571428571428,1.095,1.54,0.6499999999999999,1.362,0.44500000000000006,28
-329.74440938,200.70719338966217,4.126421581024183,-5.685420104166667,-0.9408138862239581,1.1499,0.18101349,15,1.6666666666666667,2.0,1.0540925533894598,135.45000000000002,141.3,58.74372306893733,3.0849999999999995,1.2399999999999998,0.7242352288218701,3831.3333333333335,8566.843941097042,759.1333333333333,1629.3458455602495,-4.38,1.2476644848141936,0.09543258958518575,0.28214001304266306,2.8333333333333335,1.7159383568311666,2.1666666666666665,0.5270462766947298,0.16666666666666666,6.625838473871359,4.126421586789357,16.725599449138514,0.21408083087350221,2.73,3.44,2.2,1.2399999999999998,0.5219833969262496,3.0849999999999995,0.7949999999999997,1.2399999999999998,0.34999999999999964,1.0619999999999998,0.44500000000000006,12
-410.672683,67.85317071985968,6.7836397495334655,-5.4150766325,-1.7506179754166662,0.0,1.64758652,123,1.25,2.0,1.0488088481701516,105.38749999999999,127.05,67.24838102140453,2.425,2.55,1.365532863024541,4936.0,6142.708978944062,1189.6,1396.7610303842243,-3.1550000000000002,2.384374131716749,0.21962279207425686,0.2921065676169695,3.75,2.2583179581272432,2.0,0.8944271909999159,0.25,5.098999027609438,6.7836397590111375,16.963292679964916,0.8930549487355195,2.0866666666666664,3.44,0.89,2.55,1.0469107995537261,2.425,2.03,2.55,1.51,2.03,0.5199999999999999,4
-421.87391833,275.13193548766117,3.731545734253382,-7.6916159195,-3.1110288485,0.0,1.48768934,14,1.9,7.0,2.614064523559687,93.921,138.63,84.44208873541677,2.524,2.44,1.5429553172762687,5375.2,10957.854899568618,1082.92,2052.6899684722644,-4.277,2.2447308673127537,0.2603248362430942,0.05576770921221711,2.9,1.5456030825826172,1.8,0.816496580927726,0.1,5.380020375856682,3.731545739466861,13.756596774383059,0.6650321846808341,2.013333333333333,3.44,1.0,2.44,1.0381179551904922,2.524,2.1399999999999997,2.44,1.8399999999999999,2.29,0.30000000000000004,20
-233.41776753,168.6703061015562,4.436788514976738,-4.439157937499999,-1.009309497291665,1.0399,-0.59218724,63,1.5,1.0,0.6324555320336759,113.625,94.1,49.37370757802172,2.4074999999999998,2.62,1.3971793013067437,3483.5,5798.12311011072,894.1,1211.8347808179133,-2.9125,2.6302300279633344,0.15698359155793978,0.20209790358745353,3.5,1.8973665961010275,2.0,0.8944271909999159,0.25,4.925187825621851,4.4367885211755365,21.083788262694526,0.8694884051738663,2.063333333333333,3.44,0.82,2.62,1.0737576800915352,2.4074999999999998,2.065,2.62,1.51,2.065,0.555,8
-488.04741201,630.35696129045,3.45808532481291,-8.018448755749986,-2.222699028749986,3.7069,-1.0430185,14,2.6,6.0,2.653955210788148,113.08,141.0,68.58088845202842,2.971,2.13,1.1047417561702313,8225.4,20806.891293615867,1181.84,2805.381142205721,-5.1226,2.2424637266224376,0.1690800000000004,0.3286976461867282,2.7,1.7507762253652943,2.1,0.7939992333804207,0.2,6.180608334612373,3.458085329644327,15.758924032261252,0.29196611845284,2.3033333333333332,3.44,1.31,2.13,0.8754554370281916,2.971,1.7049999999999998,2.13,1.2799999999999998,1.5633333333333332,0.42500000000000004,40
-427.80564239,455.9543987223166,4.883425837114234,-7.366794653333334,-1.577344520000001,0.44069999999999904,1.91073747,2,2.5,5.0,2.273030282830976,125.71666666666667,69.1,35.981885874855294,2.97,1.54,0.9459739249401468,8331.333333333334,18720.2247612338,1412.1333333333334,2734.688577841685,-4.894666666666667,2.1916214190513026,0.12380322461701627,0.2435643042655651,2.8333333333333335,1.7159383568311666,2.3333333333333335,0.6666666666666666,0.3333333333333333,6.198284360723,4.8834258439370455,12.665399964508799,0.35128723464332395,2.5,3.44,1.9,1.54,0.6731022705849882,2.97,1.41,1.54,1.2799999999999998,1.4099999999999997,0.13000000000000012,36
-577.50730151,217.50525204727657,4.426262699821197,-6.77348626,-2.554010083,2.5261,2.46516353,15,2.0,4.0,1.6903085094570331,108.4,141.0,73.31731426769922,2.728,2.13,1.2022419533046225,8233.2,16346.143503241718,945.3199999999999,1578.9549672398603,-4.16,1.7876560870912184,0.2785121426338409,0.18577031058947865,2.6,1.0690449676496976,1.8,0.5345224838248488,0.0,5.953930135374207,4.42626270600529,10.87526260236383,0.46036100051759693,2.2533333333333334,3.44,1.31,2.13,0.8864285394523099,2.728,1.4149999999999998,2.13,0.6999999999999997,1.7725,0.7150000000000001,20
-518.621725,136.4985498381144,7.124274401518401,-9.908068244166666,-3.315690980944443,0.0,5.47277112,109,3.8333333333333335,6.0,3.6893239368631088,100.43333333333334,133.4,81.69380501468748,2.8000000000000003,1.94,1.280104162428459,9264.666666666666,19415.482184186014,1608.6333333333332,3163.5580155542866,-5.791666666666667,2.1888568807586406,0.2291221003126759,0.1422041775573579,3.0,2.1602468994692865,2.3333333333333335,0.6666666666666667,0.3333333333333333,5.981794656492234,7.124274411471986,11.374879153176197,0.4085494773388485,2.16,3.44,1.5,1.94,0.905243981845042,2.8000000000000003,1.92,1.94,1.9,1.92,0.020000000000000018,12
-540.3205304,149.0743337162633,4.077667252326115,-6.331003840416667,-2.115444610807291,3.2683,1.68173968,88,1.6666666666666667,2.0,1.0540925533894598,126.895,192.63,83.54753287799706,2.885,2.44,1.2776997560720855,2471.3333333333335,4677.741810365814,512.6333333333333,905.6488564068919,-4.2283333333333335,1.6495336041169675,0.1900000000000003,0.16733200530681516,2.6666666666666665,1.3333333333333333,1.8333333333333333,0.5270462766947298,0.0,6.228626095901581,4.077667258023173,12.422861143021942,0.4617664846245662,2.33,3.44,1.0,2.44,1.008199715664841,2.885,1.9949999999999999,2.44,1.5499999999999998,2.2619999999999996,0.44500000000000006,12
-266.3385243,41.253952671138684,2.494753648201913,-3.969539539999999,-1.425738685919539,1.8736000000000002,0.65267651,225,1.3333333333333333,1.0,0.7071067811865476,82.2,88.2,62.36681810065349,1.7666666666666666,2.51,1.7748380207782342,1807.3333333333333,1681.49992566161,800.7333333333332,753.6344073886222,-2.4833333333333334,2.658721497261419,0.1873115848182755,0.045277901779656675,2.6666666666666665,0.7071067811865476,1.3333333333333333,0.7071067811865476,0.0,3.935328218270046,2.494753648201913,13.751317557046228,1.2062559927179162,2.185,3.44,0.93,2.51,1.255,1.7666666666666666,2.51,2.51,2.51,2.51,0.0,3
-317.53441013,187.0400915072898,6.674296648124415,-6.405601944500001,-1.1255996025,0.0,6.48577288,2,1.95,1.0,0.2952218882514511,126.82000000000001,29.0,19.295652407598514,2.6744999999999997,1.54,1.036928022945972,8506.0,11282.942065409012,1638.8,2097.6923887448716,-4.239,1.1187304403497467,0.15441729102414375,0.10261019456062902,3.0,1.3545709229571927,2.5,0.6772854614785964,0.5,5.765061353886213,6.674296657449318,9.352004575364488,0.599378095572534,2.4166666666666665,3.44,1.9,1.54,0.7236174557196795,2.6744999999999997,1.5350000000000001,1.54,1.53,1.531,0.0050000000000000044,20
-463.06400938,131.84034243067953,5.7628226352971215,-7.412516732499998,-2.600528935416664,2.4154,1.18122745,194,3.5,8.0,4.049691346263318,109.3,111.4,58.7454168425078,2.5075,2.2199999999999998,1.22151954548423,5786.0,7038.107245559704,1556.1,1927.1314682709117,-4.0425,2.4468326465044563,0.2525922747556868,0.3519512025592969,3.5,1.8973665961010275,2.5,0.6324555320336759,0.25,5.356856083418331,5.762822643348569,16.480042803834944,0.6583093721013986,2.1966666666666668,3.44,1.22,2.2199999999999998,0.9257189398276107,2.5075,1.8649999999999998,2.2199999999999998,1.51,1.8649999999999998,0.35499999999999987,8
-502.82131438,244.0602684640958,5.920503125609016,-8.22732639272728,-3.054602234090915,3.1753,6.03354241,227,3.6363636363636362,7.0,3.627154532136727,116.74545454545455,111.4,57.62010282878712,2.7763636363636364,2.2199999999999998,1.2507660152882314,7995.818181818182,16476.445664948493,1275.9454545454546,2167.399370213067,-4.951818181818182,0.49821242959203677,0.2954435268378013,0.2443840333565334,2.909090909090909,1.704772712123232,2.1818181818181817,0.5303300858899106,0.0,5.910384480895304,5.920503133880767,11.09364856654981,0.5863630481602852,2.223333333333333,3.44,1.22,2.2199999999999998,0.9187793835059402,2.7763636363636364,1.505,2.2199999999999998,0.7899999999999998,1.902222222222222,0.7150000000000001,22
-483.21537997,300.30559622315633,5.869625819890577,-6.7772064899999975,-2.570062335909088,1.370399999999999,3.65151314,74,1.8181818181818181,3.0,1.286953767623375,109.40545454545455,135.97,70.42093618466741,2.7345454545454544,2.49,1.3618163422429619,5177.636363636364,10236.284079195926,696.4909090909091,1106.0852640054472,-4.23,1.712985332686769,0.20933054653228342,0.28390368450251335,3.090909090909091,1.984313483298443,1.8181818181818181,0.5303300858899106,0.0,5.840813173820839,5.869625828091246,13.650254373779832,0.6586237245400189,2.1466666666666665,3.44,0.95,2.49,1.0188337559298977,2.7345454545454544,1.795,2.49,1.0999999999999999,2.181111111111111,0.6950000000000002,22
-264.82958008,115.7161805496547,9.66719256736608,-4.47273018125,-0.46954475916666605,0.6522999999999991,1.78974023,14,1.5,1.0,0.6324555320336759,157.6,97.20000000000002,48.27487959591407,2.8375,1.51,0.8094627848147189,6061.0,7405.286868177356,1436.1,1730.5034227068145,-2.915,2.627264737326637,-0.22933764852800265,0.7739683903495773,3.75,2.2583179581272432,2.5,0.6324555320336759,0.25,6.176718862702974,9.667192580872468,14.464522568706837,0.5059419799085557,2.6366666666666667,3.44,1.93,1.51,0.6202329311548113,2.8375,1.205,1.51,0.8999999999999999,1.205,0.30500000000000005,8
-591.05650658,145.1475013418485,6.151538832288072,-6.049497091428571,-2.176957137857143,2.310499999999999,1.84772472,227,2.5714285714285716,5.0,2.220038609702865,88.82857142857142,141.0,80.56179970326241,2.718571428571429,1.79,1.103934521867773,2774.0,3963.9091816034334,927.8285714285714,1384.7329304134528,-3.8985714285714286,1.8154259633957617,0.3814285714285716,0.24964260167573235,2.857142857142857,1.3093073414159544,2.142857142857143,0.46291004988627577,0.0,5.491360903938607,6.151538840882612,10.367678667274893,0.4454868778033407,2.3000000000000003,3.44,1.65,1.79,0.8087438819964369,2.718571428571429,1.71,1.79,1.63,1.6833333333333333,0.08000000000000007,14
-404.48539684,47.397148259900405,5.70421780686615,-4.894751419999999,-1.7908991124999991,0.7227,0.8923141,186,1.0,2.0,1.4142135623730951,70.5,141.0,99.7020561473032,2.545,1.79,1.26572113832392,3786.0,5040.2571362977105,635.1,770.6049701370995,-3.13,2.630437226013957,0.33000000000000024,0.14142135623730923,3.0,1.4142135623730951,2.5,0.7071067811865476,0.0,5.951264188702443,5.7042178148357205,11.849287064975101,0.4730568735005466,2.545,3.44,1.65,1.79,0.895,2.545,1.79,1.79,1.79,1.79,0.0,4
-638.31937567,152.06536936394178,7.074338969265446,-7.615073251666665,-2.154109184999999,2.2615,3.39345985,88,3.0,5.0,2.581988897471611,117.63333333333333,90.4,49.58559378600917,2.901666666666667,1.81,1.088375445841696,5764.666666666667,12103.151729106668,979.6333333333333,1931.4437047049662,-4.998333333333334,0.7799323332472148,0.02378784714460558,0.41565384417289275,3.0,2.1602468994692865,2.1666666666666665,0.5270462766947298,0.16666666666666666,6.03597916221322,7.074338979149263,12.672114113661815,0.4088030594454619,2.3633333333333333,3.44,1.63,1.81,0.777788888809525,2.901666666666667,1.615,1.81,1.42,1.615,0.19500000000000006,12
-319.38615361,216.29428656251838,2.872615002794277,-5.340034713333334,-1.028747306222222,0.020199999999999,0.92659745,1,1.6666666666666667,2.0,1.2030662579644695,117.444,135.97,83.44360460814238,2.9440000000000004,2.49,1.706887749523584,1444.2666666666667,4580.48236944998,400.4933333333333,1067.891167330809,-4.340000000000001,2.2377561599912865,0.2661419310618243,0.16658085517183985,2.4,1.7546929555968056,1.8,0.6882472016116854,0.0,6.235545389876968,2.8726150068077128,14.419619104167891,0.41909585068607147,1.79,3.44,0.95,2.49,1.1667904696216882,2.9440000000000004,2.475,2.49,2.46,2.48,0.015000000000000124,15
-306.55175616,317.54911392948304,4.845353042399986,-7.815600569333332,-1.6868005221666662,0.0,2.9522065,1,2.6666666666666665,4.0,1.5135220179034115,90.35666666666665,141.0,87.4149959665033,2.7786666666666666,2.13,1.147564361923857,5483.2,9158.850146170096,1248.6866666666667,2044.6962977097214,-5.245333333333334,1.1826875241312402,0.10055075076002166,0.28229468939906927,2.7666666666666666,1.3447564999109927,2.3333333333333335,0.7567610089517057,0.36666666666666664,5.85996971698456,4.8453530491696055,10.584970464316102,0.49396335847899375,2.1933333333333334,3.44,1.31,2.13,0.906727939106078,2.7786666666666666,1.8699999999999999,2.13,1.6099999999999999,1.653333333333333,0.26,30
-489.8031496,206.56740910925978,5.766886485369779,-4.9791975121428536,-0.8401073900967221,0.42639999999999906,1.05826351,70,1.7142857142857142,1.0,0.5976143046671968,144.31428571428572,69.4,28.78119425696479,2.8814285714285717,1.51,0.8899839484908862,4126.857142857143,6432.738274971686,884.1142857142858,1354.358858332184,-3.551428571428571,2.471360238526838,0.08799726130972707,0.21776010893431672,3.142857142857143,1.7928429140015905,2.2857142857142856,0.5976143046671968,0.2857142857142857,6.255832973335955,5.766886493426907,14.754814936375698,0.42895740996408765,2.64,3.44,1.93,1.51,0.6197311244940557,2.8814285714285717,1.065,1.51,0.6199999999999999,1.332,0.44500000000000006,14
-522.26548865,246.77642282728726,4.211810675493682,-6.520978600555555,-1.9393015047222222,3.0694,-0.54550917,152,2.6666666666666665,3.0,1.5634719199411433,111.81666666666666,112.1,61.712798060405945,2.9583333333333335,1.63,0.9751039830591287,5696.333333333333,14189.737551405868,620.8000000000001,1243.9836976423765,-4.6066666666666665,1.012510630945561,0.19500000000000037,0.4423987643141268,2.6666666666666665,1.3333333333333333,2.0,0.0,0.0,6.149271322963821,4.211810681378157,13.709801268182625,0.2333186400021853,2.4766666666666666,3.44,1.81,1.63,0.6977264666201377,2.9583333333333335,1.0,1.63,0.3700000000000001,1.378,0.6299999999999999,18
-527.12687223,1020.0944985470918,5.7835495813543,-5.545642485500002,-1.572585075950002,0.49140000000000006,1.19517403,201,2.0,2.0,0.8451542547285166,112.52,92.6,49.9973142135798,2.632,2.62,1.4162929479050985,2779.2,5534.534075111602,627.92,943.5085524633195,-4.022,2.0237765263416385,0.12794152875867396,0.3037295053807509,3.2,2.138089935299395,1.8,0.5345224838248488,0.0,5.322542516037523,5.783549589434709,17.001574975784862,0.7584457195748228,2.0933333333333333,3.44,0.82,2.62,1.0708667309966986,2.632,2.02,2.62,1.42,2.02,0.6000000000000001,60
-268.63933594,385.68715665835686,5.763593582284474,-5.788984377142857,-0.840450853037766,0.068,1.23644736,62,2.142857142857143,4.0,1.647508942095828,116.45714285714287,141.0,63.51940086079438,2.738571428571429,1.89,1.0826224773998683,5241.142857142857,7706.005561527043,1080.6857142857143,1513.55367170869,-4.05,2.9313819266687173,0.09420042904526997,0.21069695130638147,3.142857142857143,1.7928429140015905,2.4285714285714284,0.6546536707079772,0.42857142857142855,5.858140555834964,5.763593590337002,13.77454130922703,0.5126198636711432,2.3066666666666666,3.44,1.55,1.89,0.8162652074472418,2.738571428571429,1.7,1.89,1.51,1.6366666666666667,0.18999999999999995,28
-180.41191164,204.24457974584027,5.725287390866139,-5.634084176666666,-2.3654240366666652,2.2724,1.16992688,152,1.0,2.0,1.2649110640673518,73.9875,141.0,84.99412185557304,2.355,2.55,1.4138882558391945,3948.5,4722.645826229192,875.85,1083.0823034285067,-3.295,2.1642458270723317,0.35637518842824595,0.1666708823017409,3.5,2.0976176963403033,2.0,0.8944271909999159,0.0,5.171545926579537,5.725287398865147,17.02038164548669,0.7894258930191891,1.9933333333333334,3.44,0.89,2.55,1.0689662711652268,2.355,2.17,2.55,1.79,2.17,0.3799999999999999,12
-719.55755292,289.30911132681416,4.41793024636892,-8.074746667222223,-2.115222795000001,2.1245,1.80809144,2,3.111111111111111,5.0,2.958039891549808,117.6888888888889,90.4,52.59558916867459,2.867777777777778,1.81,1.1566697886605322,7125.777777777777,14061.852573540942,1231.9111111111113,2305.6013658045918,-5.058888888888889,0.9091644515707815,0.06191876395313627,0.3963091872037251,2.6666666666666665,1.3416407864998738,2.3333333333333335,0.6708203932499369,0.3333333333333333,6.039188766413682,4.417930252541371,10.715152271363488,0.3768978035881693,2.3266666666666667,3.44,1.63,1.81,0.7955012396107389,2.867777777777778,1.67,1.81,1.53,1.7166666666666666,0.14,27
-500.06598531,79.80142772398956,6.335479937308899,-6.536782593333332,-1.8817130741666652,0.0,7.3462941,65,2.5,2.0,1.0801234497346432,129.08333333333334,37.8,23.892037260234723,2.9616666666666664,1.48,0.9573719815782741,4598.0,10172.471217293596,849.3000000000001,1573.7329527803204,-4.675,0.6329691935631623,0.1557133316908242,0.20521021529121086,3.0,2.0,2.0,0.0,0.0,6.363064726055739,6.33547994616043,13.300237953998261,0.36539716950832885,2.483333333333333,3.44,1.96,1.48,0.6774625860928082,2.9616666666666664,0.7849999999999999,1.48,0.08999999999999986,1.202,0.6950000000000001,6
-498.83742698,149.67360981603022,4.583776086155817,-5.919669276249994,-2.213717543749994,3.056,2.6938652,13,1.75,2.0,0.8583950752789521,105.75,81.4,48.91715875899408,2.34375,2.46,1.4848560093224705,3698.5,8024.382816076721,883.225,1033.7594095543243,-3.7075,1.8912067993465804,0.17186204238789624,0.1664086911524522,2.375,1.287592612918428,1.625,0.6282808624375432,0.0,5.054260774770757,4.583776092559978,9.354600613501889,0.7309146476314189,2.1566666666666667,3.44,0.98,2.46,1.0071191036262241,2.34375,1.765,2.46,1.0699999999999998,2.182,0.6950000000000001,16
-549.87423309,266.4922950997104,7.497017393534521,-9.362115119166665,-2.673982990388886,0.0,1.98714392,109,3.1666666666666665,5.0,2.6352313834736494,101.78333333333335,125.3,78.6816546456528,2.848333333333333,1.94,1.1909776562882184,8448.0,18783.192060988993,1537.6333333333332,3082.9079104709635,-5.863333333333333,2.186072073631405,0.1948970909850729,0.23667937818721607,3.0,2.1602468994692865,2.3333333333333335,0.6666666666666667,0.3333333333333333,6.1384332852874195,7.4970174040088775,11.1038456291546,0.41852175255578744,2.2566666666666664,3.44,1.5,1.94,0.8475192557628934,2.848333333333333,1.775,1.94,1.6099999999999999,1.775,0.16500000000000004,24
-653.22205397,103.48547026309927,5.97066705202391,-6.111723113,-1.9663922169999992,2.1201,2.24983274,148,2.0,4.0,1.6903085094570331,108.4,141.0,73.31731426769922,2.796,1.79,1.0649144834881612,7963.2,16348.302454470835,908.7199999999999,1564.6310528135928,-4.106,1.9292041290201956,0.25451214263384087,0.12391330128987314,2.8,1.3093073414159542,2.2,0.5345224838248488,0.0,6.20428525102762,5.970667060365747,10.348547026309927,0.4097495342606824,2.3666666666666667,3.44,1.65,1.79,0.7730602966277742,2.796,1.075,1.79,0.3599999999999999,1.4325,0.7150000000000001,10
-461.97547715,265.7451621958398,3.432572347750595,-5.099994704444445,-1.859072594501915,2.0838,0.88288751,2,1.7777777777777777,3.0,1.1902380714238083,98.05555555555556,88.2,54.17787063614319,2.1599999999999997,2.51,1.53979706455104,2032.0,2706.7942293421565,873.3111111111111,1127.4525341080514,-3.2055555555555557,2.3291343170085037,0.19604173042056747,0.03985570867640968,2.7777777777777777,1.1902380714238083,1.5555555555555556,0.6454972243679028,0.0,4.583514055939262,3.4325723525463676,14.7636201219911,0.8587570304528812,2.11,3.44,0.93,2.51,1.0301779781507012,2.1599999999999997,1.9949999999999999,2.51,1.48,2.304,0.5149999999999999,18
-192.37157005,281.0113696613671,4.421518708120131,-4.803311777857141,-1.8299430271428552,2.4181,0.57973211,12,2.0,4.0,1.6733200530681511,84.65714285714286,112.1,62.81308780819489,2.084285714285714,2.62,1.5566052807311173,1832.2857142857142,2280.2301638211875,804.3714285714286,1013.4075271084185,-2.982857142857143,2.3843070272093736,0.314975979277592,0.18292718575259123,3.5714285714285716,1.7888543819998317,1.5714285714285714,0.6324555320336759,0.0,4.024873457128486,4.421518714297597,20.07224069009765,1.2455146948703881,2.0233333333333334,3.44,0.82,2.62,1.0801954555645115,2.084285714285714,2.125,2.62,1.63,2.3725,0.4950000000000001,14
-397.26924114,349.69925541179407,3.628524434360143,-7.466711322727287,-2.140368895409105,3.4081,-0.56368796,2,2.5454545454545454,5.0,2.2980970388562794,111.6,92.6,54.35746556361877,2.730909090909091,2.62,1.404354834078624,7110.363636363636,18757.415563584447,1138.1272727272726,2494.155652219805,-4.713272727272727,2.6590888712113405,0.15371054044531854,0.25276920761929844,2.909090909090909,1.704772712123232,2.0,0.82915619758885,0.18181818181818182,5.444993276829957,3.6285244394296874,15.895420700536095,0.6924694645078641,2.14,3.44,0.82,2.62,1.0697040089046441,2.730909090909091,1.95,2.62,1.2799999999999998,1.9499999999999997,0.6700000000000002,22
-320.66329478,244.0602684640958,5.920503125609016,-8.22732639272728,-3.054602234090915,3.1753,6.03354241,227,3.6363636363636362,7.0,3.627154532136727,116.74545454545455,111.4,57.62010282878712,2.7763636363636364,2.2199999999999998,1.2507660152882314,7995.818181818182,16476.445664948493,1275.9454545454546,2167.399370213067,-4.951818181818182,0.49821242959203677,0.2954435268378013,0.2443840333565334,2.909090909090909,1.704772712123232,2.1818181818181817,0.5303300858899106,0.0,5.910384480895304,5.920503133880767,11.09364856654981,0.5863630481602852,2.223333333333333,3.44,1.22,2.2199999999999998,0.9187793835059402,2.7763636363636364,1.505,2.2199999999999998,0.7899999999999998,1.902222222222222,0.7150000000000001,22
-696.23225561,319.5095080064391,7.131716886828514,-7.793474916538461,-2.63218461228205,3.5117000000000003,0.80771515,15,2.3076923076923075,7.0,2.930350921261672,91.53846153846153,141.0,85.7517904490477,2.7284615384615383,1.94,1.2214166756894118,7371.2307692307695,17011.946173459863,1209.5076923076924,2682.210998249473,-4.782307692307692,3.292981667253793,0.3025410556953031,0.12491546176999359,3.076923076923077,2.021622250010899,2.3846153846153846,0.659380473395787,0.15384615384615385,6.156129191569423,7.131716896792494,12.28882723101689,0.39871310902600743,2.1966666666666668,3.44,1.5,1.94,0.8812995454945435,2.7284615384615383,1.865,1.94,1.79,1.85,0.07499999999999996,26
-382.50971188,111.05811796258611,10.029352519339021,-5.171584504999998,-0.584163049999998,0.0,2.6475299100000003,12,1.25,2.0,1.0488088481701516,139.625,169.10000000000002,75.64381666732584,2.9050000000000002,1.2399999999999998,0.6935993079581322,7411.0,9285.405408489174,1636.35,1956.3275584625394,-3.4475,2.122797682305123,-0.2694363677962354,0.769630786506056,3.75,2.2583179581272432,2.5,0.6324555320336759,0.25,6.179421115925149,10.029352533351394,13.882264745323264,0.4251754454988445,2.7266666666666666,3.44,2.2,1.2399999999999998,0.5231528351150253,2.9050000000000002,1.0699999999999998,1.2399999999999998,0.8999999999999999,1.0699999999999998,0.16999999999999993,8
-745.3958647,332.07650026951177,5.408199916449544,-7.289964569375,-2.304976676875,1.666199999999999,2.8583195,15,3.375,5.0,2.561020017378186,101.675,112.1,70.18183944750447,2.80625,1.81,1.124778409549292,4386.25,10043.073205536477,1135.625,1912.0044963643904,-4.6225000000000005,1.3340032630703544,0.25225342644043935,0.4421670941880785,2.75,1.3284223283101428,2.125,0.45374260648651504,0.125,5.533235988722881,5.408199924005539,10.377390633422241,0.4003346488430024,2.2933333333333334,3.44,1.63,1.81,0.8141389452803632,2.80625,1.72,1.81,1.63,1.69,0.09000000000000008,32
-374.56179217,993.48557951547,4.266358674779433,-4.68555120875,-1.083094576458333,1.580299999999999,1.7312888,14,1.3333333333333333,1.0,0.5834599659915781,108.05833333333334,94.1,45.330543692849766,2.143333333333333,2.62,1.2518106035794883,6079.833333333333,7400.94550313847,1603.6499999999999,1718.8363439975337,-2.749166666666666,2.029821027641432,0.17182738278780185,0.12240581988982235,3.5833333333333335,1.469549069641809,2.1666666666666665,0.9893045053244824,0.4166666666666667,4.52497172674291,4.266358680740118,20.697616239905624,0.8786594582709611,2.0533333333333332,3.44,0.82,2.62,1.0750917273527048,2.143333333333333,2.08,2.62,1.54,1.945,0.54,48
-260.84922848,98.39510984595381,2.928769450282601,-5.050003676,-1.484000282499999,0.0,-0.79849085,221,1.4,2.0,1.0690449676496976,94.454,138.63,78.46845662885364,2.428,2.62,1.6580194725721926,2279.2,4305.38652653361,597.72,896.1489289493923,-3.572,2.3566683505079187,0.2529887903295432,0.037684855894396026,3.0,1.6903085094570331,1.6,0.6546536707079771,0.0,4.9813272621359586,2.928769454374492,19.679021969190764,0.8283435663983828,1.7533333333333332,3.44,0.82,2.62,1.1949151527293569,2.428,2.5300000000000002,2.62,2.44,2.53,0.09000000000000008,5
-350.69260355,539.0801004697686,8.461715291385856,-5.682801105454545,-1.417964930606061,0.0,3.49163556,5,2.121212121212121,3.0,1.106407669457548,113.0909090909091,141.0,57.81049898680558,2.8506060606060606,1.75,1.0088376719154881,4010.3030303030305,6650.805219593002,705.8787878787879,1085.5203109648576,-4.337272727272727,1.591702081810971,0.07263626404367252,0.3625023353493106,3.484848484848485,2.5495097567963922,2.090909090909091,0.3939192985791677,0.0,5.988209300283201,8.46171530320803,16.335760620296018,0.4386435589779956,2.3833333333333333,3.44,1.69,1.75,0.7592247507966413,2.8506060606060606,1.585,1.75,1.42,1.4961538461538462,0.16500000000000004,33
-221.08193661,79.65491918762994,6.206805514125855,-5.182268727999999,-1.6376950989999992,0.0,1.0511327,221,1.2,2.0,1.3093073414159544,87.39,141.0,87.93776614336821,2.58,2.55,1.447534850308324,2993.2,4591.981396179338,690.72,1087.754326254653,-3.5620000000000003,2.3765280798437276,0.3151001507425968,0.1598219234884531,3.4,2.32992949004287,2.0,0.8451542547285166,0.0,5.528272334254519,6.206805522797609,15.93098383752599,0.7525289792441755,2.0066666666666664,3.44,0.89,2.55,1.064842189664219,2.58,2.15,2.55,1.75,2.15,0.3999999999999999,5
-662.03489793,334.66604672074277,7.825829472632553,-6.364005463999999,-2.233427010999999,0.0,3.73709829,14,1.8,3.0,1.3093073414159542,105.63,127.05,66.457714805302,2.646,2.55,1.3844441896608595,3913.2,6164.187491354512,850.1200000000001,1250.4150807974584,-4.192,1.5861543790834847,0.1800400850114205,0.37283144410434144,3.6,2.618614682831909,1.8,0.5345224838248488,0.0,5.4311459860667926,7.825829483566305,16.733302336037138,0.7350777192443373,2.1166666666666667,3.44,0.89,2.55,1.0432747587391455,2.646,1.9849999999999999,2.55,1.42,1.985,0.565,20
-435.23837445,160.09294737403405,5.560200613145717,-8.513092403846155,-2.005649442692309,0.5366000000000001,4.67696158,12,3.076923076923077,6.0,2.796101181678127,108.89230769230768,141.0,61.4706470971752,2.882307692307692,2.13,1.020327487534361,11882.76923076923,22491.98366287218,1671.7384615384615,3028.9023109190744,-5.459384615384616,2.169076007721428,0.1116615384615389,0.3402687734450784,3.0,1.8829377433825436,2.230769230769231,0.7977240352174656,0.3076923076923077,5.851026504641925,5.560200620914077,12.314842105694927,0.45258457512191697,2.3033333333333332,3.44,1.31,2.13,0.8754554370281916,2.882307692307692,1.7049999999999998,2.13,1.2799999999999998,1.4499999999999997,0.42500000000000004,13
-344.41703733,422.2454330523813,4.686678708269582,-4.181844761250001,-1.316017036939655,1.9715,0.72418833,136,1.3333333333333333,1.0,0.6030226891555273,110.53333333333335,170.0,81.67505460943718,2.035,2.51,1.4646889213630434,3457.3333333333335,5348.992564450379,1129.5666666666666,1296.1897960070228,-2.44,2.3095572184846485,-0.050406479502302516,0.6931450241912517,3.1666666666666665,1.7188791273808215,1.6666666666666667,0.9534625892455924,0.0,4.427728839517485,4.6866787148175115,17.593559710515887,0.8090330296684785,2.3033333333333332,3.44,0.93,2.51,1.0382784897233603,2.035,1.7049999999999998,2.51,0.8999999999999999,2.1075,0.8049999999999999,24
-458.03908638,125.00498495957883,3.45458838715659,-6.04434721125,-1.504170098062499,0.0,1.58643865,82,2.0,2.0,0.8944271909999159,98.525,92.6,54.16104688796184,2.395,2.62,1.4042649322688365,4743.5,8437.163006603583,1103.1,1606.7330381864936,-3.9275,2.0869187813616517,0.15766483660555275,0.1927539549342179,3.0,1.2649110640673518,2.0,0.8944271909999159,0.25,4.924021817408391,3.454588391983123,15.625623119947347,0.9074484539552505,2.0466666666666664,3.44,0.82,2.62,1.076083433361724,2.395,2.09,2.62,1.56,2.09,0.53,8
-777.42191243,119.77140138378309,5.959897098396696,-8.027599675714287,-3.430814742857144,2.9787999999999992,1.8792550000000001,139,2.2857142857142856,8.0,3.295017884191656,90.42857142857143,127.05,78.04026090056703,2.41,2.55,1.5835719118499165,5412.571428571428,9541.038068709895,1332.685714285714,2162.5336800019686,-4.345714285714286,2.1455518770570094,0.3880422687592363,0.2535431062177696,3.5714285714285716,2.434865792722759,1.8571428571428572,0.8451542547285167,0.0,5.03345813052865,5.959897106723486,17.110200197683298,0.8556064334206542,1.8866666666666667,3.44,0.89,2.55,1.1129640105991248,2.41,2.33,2.55,2.11,2.403333333333333,0.21999999999999997,7
-447.35222354,192.9771221594798,6.845112922688816,-7.644035093888888,-1.503809329444443,0.0,4.36524303,136,2.6666666666666665,4.0,1.7748239349298849,126.36666666666666,69.1,32.88723916658253,3.04,1.2799999999999998,0.8063249965119524,8970.222222222223,18456.046104190355,1487.6888888888889,2836.0571112021,-5.086444444444445,1.234567454617203,0.008980006759547798,0.45949400346152774,3.0,2.0124611797498106,2.3333333333333335,0.6708203932499369,0.3333333333333333,6.188008294100084,6.845112932252373,10.72095123108221,0.4022312241924601,2.6266666666666665,3.44,2.16,1.2799999999999998,0.5771962885843562,3.04,1.22,1.2799999999999998,1.1600000000000001,1.2000000000000002,0.05999999999999983,18
-443.54262719,408.70445450679466,8.399308430563199,-9.637250827222232,-2.908913289962972,2.004,2.78382462,136,3.2222222222222223,5.0,2.906888370749727,107.96666666666667,110.0,67.67390930040912,2.8355555555555556,1.94,1.2252918019802466,9948.0,21021.79958519251,1689.2444444444445,3364.0026527932464,-5.892222222222222,2.535637000834307,0.23096501089021101,0.19593048600422955,3.111111111111111,2.3664319132398464,2.3333333333333335,0.6708203932499369,0.3333333333333333,6.183680731283896,8.399308442298178,11.35290151407763,0.40395711303363974,2.2733333333333334,3.44,1.5,1.94,0.8394177876494053,2.8355555555555556,1.75,1.94,1.56,1.8133333333333335,0.18999999999999995,36
-228.5684329,289.0372280681903,6.826443674238326,-6.412126172499998,-2.264222731499998,0.665299999999999,4.01088681,14,1.8,3.0,1.3093073414159542,103.31400000000001,138.63,72.20294790182936,2.668,2.44,1.3349799356437642,4021.2,6297.369201273089,772.92,1117.8741764106164,-4.192,1.5861543790834847,0.13093993426882394,0.3064159007740049,3.2,2.138089935299395,1.8,0.5345224838248488,0.0,5.580946415913826,6.8264436837758,14.451861403409515,0.6130787442421691,2.1533333333333333,3.44,1.0,2.44,1.0005776109605669,2.668,1.93,2.44,1.42,1.93,0.51,20
-321.62756789,151.89041774010815,6.123883749157043,-5.45149849375,-1.7221669830625,1.8514,2.13503775,15,2.0,2.0,0.8944271909999159,105.4,92.6,48.929990803187366,2.4299999999999997,2.62,1.385698379879258,3418.5,5571.100393997581,762.35,923.2886850817572,-3.7800000000000002,2.0294432734126864,0.10242691094834233,0.3132312885958833,3.5,2.0976176963403033,1.75,0.5477225575051662,0.0,4.878737602438516,6.123883757712944,18.98630221751352,0.8370387163804903,2.0933333333333333,3.44,0.82,2.62,1.0708667309966986,2.4299999999999997,2.02,2.62,1.42,2.02,0.6000000000000001,8
-238.66564049,311.0802979650295,6.710016927137948,-6.3568929354999995,-2.3815041635,0.0,3.01105195,2,1.65,3.0,1.3606437268261486,99.5375,135.97,76.81529641623153,2.6045000000000003,2.49,1.4422359704967127,3768.2,5950.507459622837,743.42,1076.4890609654972,-4.023000000000001,1.8665722305584354,0.21734097086613477,0.3449802360468073,3.35,2.2571208639757407,1.75,0.5812381937190964,0.0,5.410075673827872,6.7100169365127575,15.554014898251475,0.7389757819523485,2.1366666666666667,3.44,0.95,2.49,1.0198801672527786,2.6045000000000003,1.955,2.49,1.42,2.08875,0.5350000000000001,20
-604.82448478,429.5219768733596,4.690653331240539,-5.496799646562505,-1.372878197773443,3.0515,1.45977848,60,1.75,2.0,0.9074852129730301,136.875,195.0,77.57633811475067,2.99375,1.79,0.8670690996278277,2407.5,3947.3139042674993,443.375,631.7030342885902,-4.147500000000001,1.7300221011849055,0.18000000000000033,0.2169304578186562,2.75,1.3284223283101428,2.125,0.45374260648651504,0.0,6.6805619311922975,4.690653337794023,13.422561777292486,0.2567611643751466,2.5466666666666664,3.44,1.65,1.79,0.7307682411149394,2.99375,1.345,1.79,0.8999999999999999,1.5357142857142858,0.44500000000000006,32
-354.82465079,164.94006408470707,7.421376491587794,-7.515733541428573,-1.886074827500002,1.2575,2.31509323,227,2.857142857142857,6.0,2.7774602993176543,98.94285714285715,141.0,69.39949052921271,2.7257142857142855,1.78,1.0998831106726101,6311.142857142857,11907.22015057611,982.6685714285715,1658.6215907709113,-4.975714285714285,2.8578213480102033,0.17450785539267347,0.09387273179251902,3.142857142857143,1.927248223318863,2.4285714285714284,0.6546536707079772,0.2857142857142857,5.844852133191217,7.421376501956469,11.781433148907649,0.4940505212976327,2.3666666666666667,3.44,1.66,1.78,0.7715496671562297,2.7257142857142855,1.6099999999999999,1.78,1.44,1.6666666666666667,0.17000000000000004,14
-333.51600034,593.2042360626177,7.070107203563979,-5.06767958525,-1.124494541083332,0.7138000000000001,1.95957998,58,1.7,3.0,1.181757895737503,132.56,15.400000000000006,9.543222906768758,2.531,1.54,0.974616635506955,10758.8,18574.96164937796,1570.8799999999999,1611.914604566195,-2.893,2.8708646420727413,0.0762177260647585,0.26408141337406255,3.6,1.8754309849499513,2.5,0.6565321642986128,0.5,5.526351509086519,7.070107213441884,14.830105901565442,0.6404594715908625,2.4233333333333333,3.44,1.9,1.54,0.7189962138673301,2.531,0.77,1.51,0.030000000000000027,1.214,0.74,40
-383.84805905,185.09147442438095,5.17800025594637,-8.238153916153847,-1.759228370769231,0.0,3.64114363,1,3.076923076923077,6.0,2.796101181678127,108.89230769230768,141.0,61.4706470971752,2.9084615384615384,1.79,0.9480961784736628,11778.923076923076,22525.70404509641,1657.6615384615384,3032.4097378457645,-5.438615384615384,2.242206867432984,0.10243076923076967,0.3196957673106786,3.076923076923077,1.9188064472004938,2.3846153846153846,0.6741998624632421,0.3076923076923077,5.944455416048263,5.178000263180742,14.23780572495238,0.3707595206081537,2.4166666666666665,3.44,1.65,1.79,0.752964511484808,2.9084615384615384,1.535,1.79,1.2799999999999998,1.382,0.2550000000000001,13
-526.7404548,172.4851298323598,7.779378751908711,-5.504796245714286,-1.7679808025000012,0.5638000000000001,1.87762574,227,2.5714285714285716,5.0,2.220038609702865,88.82857142857142,141.0,80.56179970326241,2.7685714285714282,1.63,1.0285530752330811,2051.1428571428573,3101.899694426903,849.24,1383.1025749379544,-3.758571428571429,2.188508950991846,0.3437691911750792,0.2661028703333441,3.142857142857143,1.927248223318863,2.142857142857143,0.46291004988627577,0.0,5.574630508912088,7.779378762777566,12.320366416597128,0.41930369154798447,2.4166666666666665,3.44,1.81,1.63,0.7277514838337481,2.7685714285714282,1.535,1.63,1.44,1.5666666666666664,0.09499999999999997,14
-692.43282847,107.27274426030148,4.803170970816857,-7.604842957777777,-2.180888695555554,2.2611,1.02080039,12,2.888888888888889,7.0,3.2480763537823427,105.24444444444445,141.0,74.57758376348754,2.8433333333333333,1.81,1.2009933388657907,5914.666666666667,13118.065322295051,993.4666666666667,2085.616747631261,-4.754444444444444,2.0162489925601945,0.09178386922744769,0.4169460217622658,2.7777777777777777,1.61245154965971,2.3333333333333335,0.6708203932499369,0.2222222222222222,6.053824199459229,4.8031709775275395,11.919193806700168,0.3881619037210009,2.2533333333333334,3.44,1.63,1.81,0.8394574967732965,2.8433333333333333,1.78,1.81,1.75,1.79,0.030000000000000027,9
-412.34737682,152.52431613939416,6.611131840627541,-6.238769738125001,-1.084837146875,0.0,6.25605264,65,1.875,1.0,0.42919753763947605,127.3,29.0,17.96042432976635,2.67375,1.54,0.9944252505580138,8198.5,10479.091141787761,1639.85,2011.0990962000958,-4.1175,1.3024955803541545,0.15263268816196113,0.10084928673054491,3.0,1.2977713690461004,2.5,0.6488856845230502,0.5,5.77253774143803,6.611131849864195,9.532769758712135,0.5880123861215413,2.4166666666666665,3.44,1.9,1.54,0.7236174557196795,2.67375,1.5350000000000001,1.54,1.53,1.5325,0.0050000000000000044,16
-404.91335166,90.81177964681467,6.027965995755455,-6.295895815000001,-2.394458980833334,0.2353,3.05120574,71,1.0,2.0,1.2792042981336627,81.12666666666667,135.97,79.35205021124074,2.4033333333333333,2.49,1.4292146603832978,5561.0,7772.144772431633,1136.1000000000001,1498.1638634736125,-3.5283333333333338,1.9340877577156252,0.23961394980454132,0.33705962598966044,3.5,1.9188064472004938,1.8333333333333333,0.8790490729915326,0.16666666666666666,5.0062662978579215,6.027966004177346,15.135296607802445,0.8944766853720272,2.1966666666666668,3.44,0.95,2.49,1.0165409758369583,2.4033333333333333,1.865,2.49,1.2399999999999998,2.0733333333333333,0.6250000000000002,6
-321.91519429,262.02917709843825,4.3178883328789475,-8.4349304075,-2.187828246427204,1.372099999999999,1.9854164300000001,186,3.25,6.0,2.754217545095936,94.63333333333333,141.0,94.08823822045225,2.8091666666666666,1.9,1.2795685656836502,5006.333333333333,9902.759707706304,940.3000000000001,1779.472822736313,-5.533333333333334,1.2110255394263394,0.15112352185858255,0.16252888858403922,2.6666666666666665,1.3522468075656264,2.3333333333333335,0.6761234037828133,0.3333333333333333,5.9200393783941365,4.317888338911626,10.917882379101593,0.4061714909070216,2.1766666666666663,3.44,1.54,1.9,0.8933208954358014,2.8091666666666666,1.895,1.9,1.89,1.8925,0.0050000000000000044,24
-570.92392588,119.77140138378309,5.959897098396696,-8.027599675714287,-3.430814742857144,2.9787999999999992,1.8792550000000001,139,2.2857142857142856,8.0,3.295017884191656,90.42857142857143,127.05,78.04026090056703,2.41,2.55,1.5835719118499165,5412.571428571428,9541.038068709895,1332.685714285714,2162.5336800019686,-4.345714285714286,2.1455518770570094,0.3880422687592363,0.2535431062177696,3.5714285714285716,2.434865792722759,1.8571428571428572,0.8451542547285167,0.0,5.03345813052865,5.959897106723486,17.110200197683298,0.8556064334206542,1.8866666666666667,3.44,0.89,2.55,1.1129640105991248,2.41,2.33,2.55,2.11,2.403333333333333,0.21999999999999997,7
-746.09608981,699.3001778338033,3.806737706838419,-8.727693626904761,-2.507684173809523,3.3185000000000002,-0.57073005,14,3.4285714285714284,7.0,3.572856857257085,117.22857142857144,111.4,58.601983319505415,2.9847619047619047,2.2199999999999998,1.1366456199300299,8101.428571428572,20872.991478590367,1343.7619047619048,3013.5970689323335,-5.49152380952381,1.3890513426987,0.18315987470844824,0.3585594575797264,2.857142857142857,2.032892781536815,2.2857142857142856,0.6776309271789384,0.19047619047619047,6.1459437405533,3.8067377121569517,16.650004234138173,0.32463864578447466,2.2733333333333334,3.44,1.22,2.2199999999999998,0.9098473620460864,2.9847619047619047,1.7499999999999998,2.2199999999999998,1.2799999999999998,1.593333333333333,0.47,42
-376.25556208,637.0390587018919,5.244167984234592,-6.6067485084375,-2.944955424687499,0.0,4.29321131,62,1.625,5.0,2.045534288716713,81.04375,127.05,78.63217794195158,2.255,2.55,1.564245235854895,4448.5,5588.972563520908,1197.725,1460.266288261007,-3.6862500000000002,1.83848836648052,0.40581278264236875,0.23965372178426167,3.625,2.422482415340012,1.625,0.6282808624375432,0.0,4.597375085143218,5.24416799156141,19.907470584434122,0.8582811197710617,1.9799999999999998,3.44,0.89,2.55,1.0734057946554973,2.255,2.19,2.55,1.8299999999999998,2.3699999999999997,0.36,32
-784.33751114,582.8809764099692,4.829206904039983,-8.948621483076922,-2.316224642115383,0.0,5.48222501,64,3.4615384615384617,6.0,2.8385106758902383,106.2703846153846,135.97,58.42896645867161,2.659615384615385,2.49,1.2798465309782823,8320.384615384615,13538.258155527774,1248.0,1908.6048469272746,-5.747307692307692,1.9068017351426072,0.17839989724130267,0.14276983792237505,2.8846153846153846,1.4589624493356326,2.3461538461538463,0.7653197277702214,0.38461538461538464,5.5348123632886725,4.829206910787045,11.209249546345562,0.5559365005152571,2.0166666666666666,3.44,0.95,2.49,1.0473564605976111,2.659615384615385,2.1350000000000002,2.49,1.78,1.8445454545454547,0.3550000000000001,52
-471.64598917,185.7839742020492,8.444306745185083,-8.639844915714287,-1.666708231785714,0.0,3.82241139,83,3.0,6.0,2.7774602993176543,113.10000000000001,141.0,59.23114528209438,3.0035714285714286,1.79,0.8621502544362496,10667.714285714286,21913.0237297273,1807.4142857142856,3617.2900424240806,-6.0802571428571435,3.5313174052082226,0.0958828571428579,0.3519990422644662,3.2857142857142856,2.5314350209527645,2.357142857142857,0.6776309271789385,0.2857142857142857,6.248733698503778,8.444306756982932,13.270283871574943,0.3211955278430744,2.483333333333333,3.44,1.65,1.79,0.7359498775203528,3.0035714285714286,1.435,1.79,1.08,1.222,0.355,14
-366.19022031,127.42365027123795,7.013112294262959,-5.517573629999998,-1.788510993611109,1.044,2.8773962600000003,15,2.0,3.0,1.2792042981336627,96.21666666666665,105.9,58.23178216872169,2.435,2.46,1.408592140465727,1906.0,2282.5664980853935,920.4333333333334,1076.123978156623,-3.734650166666667,1.7906283794066793,0.16376043487040884,0.16372963584862793,2.6666666666666665,1.9069251784911847,1.6666666666666667,0.6030226891555273,0.0,4.969199365881144,7.013112304061234,10.618637522603162,0.8269024076928574,2.25,3.44,0.98,2.46,1.0058826969383656,2.435,1.785,2.46,1.1099999999999999,2.01,0.675,12
-147.6129908,114.30716121628458,4.986096108562165,-7.85724884375,-2.54689945125,0.0,4.09160333,123,2.5,6.0,2.7568097504180447,87.8325,135.97,72.28720128764151,2.3725,2.49,1.3871229217340473,7236.0,10486.367988965483,1194.85,1511.5246594085058,-4.737500000000001,2.529116446508543,0.2600323513549119,0.20258520749165704,3.25,1.6431676725154984,2.0,0.8944271909999159,0.25,4.964101047928478,4.986096115528422,14.288395152035573,0.8190898773194876,2.0166666666666666,3.44,0.95,2.49,1.0473564605976111,2.3725,2.1350000000000002,2.49,1.78,2.1350000000000002,0.3550000000000001,8
-501.00220931,87.56813597285675,6.267888091990467,-5.930823704999989,-1.6750175293749892,0.7812999999999991,4.15341595,194,2.5,4.0,1.8973665961010275,107.325,112.1,58.4504833170779,2.6475,1.63,1.0032497196610624,4783.5,6676.201884305177,1464.35,1767.9951798576828,-3.76,1.6188390902124896,0.294354836925524,0.28150872199967575,3.0,1.2649110640673518,2.25,0.5477225575051662,0.25,5.320928940297533,6.2678881007475615,10.946016996607094,0.48689683551315327,2.3833333333333333,3.44,1.81,1.63,0.7480790213755644,2.6475,1.585,1.63,1.54,1.585,0.04499999999999993,8
-345.82435282,81.03448816622719,5.545434285899893,-8.276657415,-1.969664193333334,0.0,7.90941535,129,4.666666666666667,6.0,3.055050463303893,105.23333333333333,99.9,55.664201542224006,2.223333333333333,2.11,1.0915279810125498,23807.333333333332,25106.99028823115,2648.4,2340.4189112208096,-5.669999999999999,0.8336066218546968,0.46083985387201726,0.24935233814115093,3.3333333333333335,1.5275252316519465,2.3333333333333335,0.5773502691896258,0.0,5.025511997949571,5.545434293647622,13.505748027704533,0.5449183445291428,2.223333333333333,3.44,1.33,2.11,0.8912288644836908,2.223333333333333,1.3399999999999999,2.11,0.5699999999999998,1.3399999999999999,0.77,6
-500.18030816,27.771067003632275,3.353083748678994,-6.7827998350000005,-3.306019392499999,3.6301,2.25697064,225,1.0,2.0,1.4142135623730951,71.685,138.63,98.02621307589108,2.2199999999999998,2.44,1.7253405460951758,4381.0,5881.714205909702,923.6,1178.6055828817373,-3.46,2.1637467504308354,0.26000000000000023,0.042426406871192576,3.0,1.4142135623730951,1.5,0.7071067811865476,0.0,4.810303542778814,3.3530837533637103,13.885533501816138,0.9122372991730782,2.2199999999999998,3.44,1.0,2.44,1.22,2.2199999999999998,2.44,2.44,2.44,2.44,0.0,2
-276.80048587,65.56081830486396,2.326659196666336,-4.407233069999999,-1.674364853237547,2.8819,3.58552983,194,1.3333333333333333,1.0,0.5773502691896257,84.46666666666667,88.2,49.07721806840047,1.7833333333333332,2.51,1.434933215635255,1940.6666666666667,1501.7860477888764,953.7333333333332,782.264413950509,-2.6933333333333334,2.0137609921073887,0.2010027272795465,0.03244052986900221,2.3333333333333335,0.5773502691896258,1.3333333333333333,0.5773502691896257,0.0,4.008560373265935,2.326659199916996,10.92680305081066,1.1623971354179417,1.7833333333333332,3.44,0.93,2.51,1.1716180644258132,1.7833333333333332,2.485,2.51,2.46,2.485,0.02499999999999991,6
-234.2060303,296.81138881445287,6.072331503873203,-7.782244199499997,-3.009926146499997,3.4987,1.7070853700000002,14,1.8,6.0,2.260776661041756,93.96900000000001,135.97,83.04186036103853,2.585,2.49,1.5187988675265727,6033.2,13966.233628927226,1133.42,2332.740649965186,-4.471590000000001,3.1241110596100423,0.2628222241974205,0.30383573675897024,3.3,2.1984843263788196,1.8,0.816496580927726,0.1,5.3490962500143375,6.072331512357078,14.840569440722643,0.7834310683614608,2.25,3.44,0.95,2.49,1.0195096860746344,2.585,1.7850000000000001,2.49,1.08,2.1375000000000006,0.7050000000000001,20
-499.7275381,150.6437935459906,5.172426779272635,-7.838973388571427,-1.5725015085714271,1.5511,2.90527891,227,2.7142857142857144,2.0,1.164964745021435,94.15714285714286,125.3,74.18843768212325,2.757142857142857,1.6099999999999999,1.0432812249272552,6384.0,9463.468497332255,1404.1142857142856,2007.2180791191715,-5.2299999999999995,0.6619289992136618,0.07305467739355669,0.24053036960336285,2.857142857142857,1.3093073414159544,2.4285714285714284,0.6546536707079772,0.42857142857142855,5.8138063040251,5.172426786499221,10.760270967570758,0.4900724976716033,2.3833333333333333,3.44,1.83,1.6099999999999999,0.747454941042528,2.757142857142857,1.585,1.6099999999999999,1.56,1.593333333333333,0.02499999999999991,14
-405.4013155,538.963689099858,5.366538626812933,-7.273226179444445,-1.851957443888889,1.3984,3.827482159999999,2,2.6666666666666665,4.0,1.7748239349298849,124.92222222222222,69.1,34.552250288512326,2.988888888888889,1.3900000000000001,0.9088426706531775,8525.777777777777,17863.707280405153,1019.2444444444445,2211.9801305617552,-5.062,1.2701101527032999,0.09032753894877595,0.2823300451098718,3.0,2.0124611797498106,2.111111111111111,0.4472135954999579,0.1111111111111111,6.358341230869414,5.3665386343107215,14.971213586107163,0.3246142521597599,2.5500000000000003,3.44,2.05,1.3900000000000001,0.6309252464964978,2.988888888888889,0.6950000000000001,1.2799999999999998,0.11000000000000032,0.9874999999999999,0.5849999999999997,36
-318.69020251,92.7108576429002,7.234760825313934,-5.67793634125,-0.884183718749999,0.0,3.68922583,53,1.25,2.0,1.0488088481701516,113.525,87.3,45.22188629413859,2.745,1.54,0.8892918531056044,7561.0,9421.755335392658,1654.1,1978.2599262988674,-3.7125,1.6560283813993046,0.06000372130330223,0.2620293350129375,3.25,1.6431676725154984,2.5,0.6324555320336759,0.5,5.800288901215869,7.234760835421882,11.588857205362524,0.50931666453656,2.513333333333333,3.44,1.9,1.54,0.6665999966663333,2.745,1.39,1.54,1.2399999999999998,1.39,0.15000000000000013,8
-242.72982946,383.45323020926315,4.855074792953051,-6.3573052262499985,-2.156183486640623,3.7215,0.45259235000000003,62,1.6666666666666667,2.0,1.0540925533894598,128.82500000000002,181.05,77.82098849282242,2.8666666666666667,2.55,1.3319576236168742,2381.3333333333335,4447.195570743931,576.9666666666667,1087.1083897712826,-4.2283333333333335,1.6495336041169675,0.23091679228549744,0.24720144785891524,3.0,2.1602468994692865,1.8333333333333333,0.5270462766947298,0.0,6.088990280126317,4.855074799736253,15.977217925385965,0.5384699340043468,2.2933333333333334,3.44,0.89,2.55,1.0567350135624771,2.8666666666666667,2.1049999999999995,2.55,1.6599999999999997,2.372,0.44500000000000006,24
-580.48256481,1070.4520788843113,3.911293244210028,-6.301243038833333,-2.078901624233332,3.3802,0.29395752,2,2.0,5.0,1.8569533817705186,97.72,92.6,57.92565984920256,2.2840000000000003,2.62,1.6220804010856573,4543.0,13394.373046557454,1040.7,2174.9274779823713,-3.9005900000000007,3.518616139831505,0.19606218897970037,0.21430395279613246,3.2,1.7419766814227708,1.7,0.8407714027749386,0.1,4.535453491549757,3.911293249674639,17.84086798140519,1.083124659209057,2.2066666666666666,3.44,0.82,2.62,1.0750917273527048,2.2840000000000003,1.85,2.62,1.08,2.3120000000000003,0.77,60
-327.75248842,444.1731949366586,6.092510910831311,-5.928999448333333,-1.41250524146875,3.2263,1.966764899999999,15,2.1333333333333333,1.0,0.48181205582971576,145.16,103.8,42.43981452766797,3.072666666666666,1.42,0.7663480186666406,2681.3333333333335,5400.268015835616,496.6666666666667,887.6853729946052,-4.564000000000001,0.8849909200502731,0.09595995617921611,0.28751146944478306,2.933333333333333,2.0354009783964293,2.0,0.0,0.0,6.619438060937694,6.09251091934338,14.805773164555287,0.2813057420854558,2.67,3.44,2.02,1.42,0.5858896369340105,3.072666666666666,0.9749999999999999,1.42,0.5299999999999998,1.2146153846153847,0.44500000000000006,30
-293.81827299,94.60225695480123,10.202726484837532,-5.84895921375,-0.832393713749999,0.0,4.64625183,53,1.75,1.0,0.5477225575051662,151.425,86.9,41.03913985453399,2.7649999999999997,1.54,0.8705630362012852,8386.0,10777.914158129113,1869.6,2286.3297609924953,-3.8825000000000003,1.551293009073399,0.021164909873388482,0.3432702334310289,3.5,2.0976176963403033,2.5,0.6324555320336759,0.5,6.136879013951827,10.202726499092131,11.825282119350154,0.47401716386920556,2.5399999999999996,3.44,1.9,1.54,0.6550318058435535,2.7649999999999997,1.35,1.54,1.1600000000000001,1.35,0.18999999999999995,8
-276.99268777,125.00498495957883,3.45458838715659,-6.04434721125,-1.504170098062499,0.0,1.58643865,82,2.0,2.0,0.8944271909999159,98.525,92.6,54.16104688796184,2.395,2.62,1.4042649322688365,4743.5,8437.163006603583,1103.1,1606.7330381864936,-3.9275,2.0869187813616517,0.15766483660555275,0.1927539549342179,3.0,1.2649110640673518,2.0,0.8944271909999159,0.25,4.924021817408391,3.454588391983123,15.625623119947347,0.9074484539552505,2.0466666666666664,3.44,0.82,2.62,1.076083433361724,2.395,2.09,2.62,1.56,2.09,0.53,8
-382.93774119,149.23847112129258,3.9826040830217133,-4.4885759125,-1.021018559729165,0.9659000000000001,-0.56361765,63,1.5,1.0,0.6324555320336759,114.0,92.6,48.56303120687587,2.4074999999999998,2.62,1.3971793013067437,3518.5,5786.124748050287,911.85,1214.0246109531718,-2.9425,2.595185927828679,0.15449959675832367,0.19963980203949647,3.25,1.6431676725154984,2.0,0.8944271909999159,0.25,4.9718670571956824,3.9826040885859544,18.654808890161572,0.8519127765142133,2.063333333333333,3.44,0.82,2.62,1.0737576800915352,2.4074999999999998,2.065,2.62,1.51,2.065,0.555,8
-535.8933343,1617.547896157262,4.262086953852866,-8.989618128257577,-3.671023028712122,4.7121,3.12414824,2,3.6363636363636362,7.0,3.627154532136727,119.4,111.4,58.33230237184197,2.7563636363636363,2.2199999999999998,1.27505882217253,11341.272727272728,25842.139264194055,1290.490909090909,2190.7437161840726,-5.157272727272727,0.30527651400001277,0.3453825222120124,0.23229376753190467,2.727272727272727,1.5612494995995998,2.1818181818181817,0.5303300858899106,0.0,5.95723407180463,4.262086959807584,12.254150728464106,0.4921676279584395,2.186666666666667,3.44,1.22,2.2199999999999998,0.9287027990099357,2.7563636363636363,1.4499999999999997,2.2199999999999998,0.6799999999999999,1.8777777777777775,0.7699999999999998,132
-352.66829971,224.18182162147863,6.407273253808278,-6.170801069,-1.316018186,0.0,2.117454539999999,62,2.0,4.0,1.6903085094570331,87.74,141.0,87.41925253790332,2.768,1.75,1.1014081895464551,4153.2,7172.180899638746,888.9200000000001,1578.547058893987,-4.376,2.374080273044099,0.17757313677819375,0.22888218710860214,3.0,1.6903085094570331,2.4,0.6546536707079771,0.2,5.999772323813039,6.407273262760114,11.209091081073932,0.5318345133052234,2.32,3.44,1.69,1.75,0.7940193112680992,2.768,1.68,1.75,1.6099999999999999,1.68,0.07000000000000006,20
-195.75179061,207.94774285999776,4.104683120350914,-4.459019295,-1.655289340642857,1.4031,1.92785761,14,1.1428571428571428,2.0,1.0307764064044151,74.25714285714285,141.0,75.02183015629517,2.18,2.62,1.4049755335948024,2860.8571428571427,3675.5692076194127,670.657142857143,625.8874619290596,-2.81,2.3378903417397487,0.3000022778426431,0.10431988363938634,3.142857142857143,1.224744871391589,2.0,0.9354143466934853,0.0,4.760978998840871,4.104683126085716,14.853410204285554,1.0822988516859966,1.97,3.44,0.82,2.62,1.0932825191443731,2.18,2.205,2.62,1.79,2.205,0.41500000000000004,14
-474.92961858,256.7279879190002,8.872319484074048,-4.735976251333322,-1.579683229999991,1.5122,0.90127674,12,1.4666666666666666,4.0,1.7489492643904123,83.61333333333333,141.0,87.86504357452365,2.6586666666666665,1.54,0.940953833961613,7712.933333333333,21470.438326712767,717.1119999999999,1280.2038638022136,-3.167333333333333,3.027048892898825,0.23085042698720334,0.1061005430638812,3.7333333333333334,2.4162440468871615,2.4,0.6301260378126043,0.0,6.122496598260569,8.872319496469887,17.115199194600017,0.3985035398399239,2.4466666666666668,3.44,1.9,1.54,0.7035781564419281,2.6586666666666665,0.77,1.44,0.10000000000000009,1.1422222222222222,0.6699999999999999,15
-384.94633298,187.84626527897058,7.84681259314333,-8.96672603846154,-1.809289194230769,0.8240000000000001,4.61188183,1,3.076923076923077,6.0,2.796101181678127,110.95384615384616,141.0,59.195377583665504,2.9438461538461533,2.13,0.9416499059918955,11575.076923076924,21858.550688044674,1953.5846153846153,3609.0483220523793,-6.184892307692309,3.5108035294320774,0.09479692307692383,0.37341806530409577,3.3076923076923075,2.5135993750360894,2.230769230769231,0.7977240352174656,0.3076923076923077,6.06229544131814,7.846812604106399,14.449712713766967,0.33324790952039346,2.3699999999999997,3.44,1.31,2.13,0.8695976080923866,2.9438461538461533,1.605,2.13,1.08,1.29,0.5249999999999999,13
-358.73987614,195.43380986900937,2.785895982264032,-6.674976486875,-2.929171832219827,3.7968,1.550362939999999,33,2.5,4.0,1.8973665961010275,94.325,98.5,59.21914386412556,2.355,2.51,1.4057168989522748,3436.0,5445.151384488773,1032.1,1398.1345342991854,-3.7375000000000003,1.9416565092724307,0.3364918443068535,0.2820199462191539,2.5,0.6324555320336759,1.75,0.5477225575051662,0.0,4.77376630429322,2.7858959861563095,12.214613116813085,0.7044802070752334,1.9933333333333334,3.44,0.93,2.51,1.0599475878027598,2.355,2.17,2.51,1.8299999999999998,2.17,0.33999999999999997,16
-612.39175761,440.40510599716845,3.573784982178108,-5.846834382142857,-2.3777233978571433,2.455,1.10319242,62,1.1428571428571428,2.0,1.0307764064044151,73.82857142857142,141.0,75.25234630893577,2.1571428571428575,2.62,1.4188221347300725,2992.285714285714,4008.898102970441,1096.6571428571428,1362.7850536676722,-3.4842857142857144,2.0752063150443623,0.2807813398492253,0.06299582433759256,2.857142857142857,1.6770509831248421,1.4285714285714286,0.6123724356957945,0.0,4.699656354509532,3.5737849871711735,15.72875378561316,1.100219977313309,1.9433333333333334,3.44,0.82,2.62,1.1017057481721495,2.1571428571428575,2.245,2.62,1.8699999999999999,2.2449999999999997,0.3750000000000001,28
-570.01493137,119.77140138378309,5.959897098396696,-8.027599675714287,-3.430814742857144,2.9787999999999992,1.8792550000000001,139,2.2857142857142856,8.0,3.295017884191656,90.42857142857143,127.05,78.04026090056703,2.41,2.55,1.5835719118499165,5412.571428571428,9541.038068709895,1332.685714285714,2162.5336800019686,-4.345714285714286,2.1455518770570094,0.3880422687592363,0.2535431062177696,3.5714285714285716,2.434865792722759,1.8571428571428572,0.8451542547285167,0.0,5.03345813052865,5.959897106723486,17.110200197683298,0.8556064334206542,1.8866666666666667,3.44,0.89,2.55,1.1129640105991248,2.41,2.33,2.55,2.11,2.403333333333333,0.21999999999999997,7
-207.55201085,168.6703061015562,4.436788514976738,-4.439157937499999,-1.009309497291665,1.0399,-0.59218724,63,1.5,1.0,0.6324555320336759,113.625,94.1,49.37370757802172,2.4074999999999998,2.62,1.3971793013067437,3483.5,5798.12311011072,894.1,1211.8347808179133,-2.9125,2.6302300279633344,0.15698359155793978,0.20209790358745353,3.5,1.8973665961010275,2.0,0.8944271909999159,0.25,4.925187825621851,4.4367885211755365,21.083788262694526,0.8694884051738663,2.063333333333333,3.44,0.82,2.62,1.0737576800915352,2.4074999999999998,2.065,2.62,1.51,2.065,0.555,8
-165.70573318,292.7343311663189,4.749830446430842,-3.923519339166667,-0.9997084205555551,1.4174,0.17168123,139,1.3333333333333333,1.0,0.5773502691896257,104.5,94.1,50.4738546180099,2.063333333333333,2.62,1.3150792118094383,4570.666666666667,5910.262374322592,1162.0666666666666,1185.2605676952783,-2.22,2.402144874898265,0.13264478874391958,0.21794538159487575,4.0,1.7320508075688772,2.0,1.0,0.3333333333333333,4.273415411550636,4.749830453067004,24.394527597193242,0.9896161991445156,2.063333333333333,3.44,0.82,2.62,1.0737576800915352,2.063333333333333,2.065,2.62,1.51,2.065,0.555,12
-613.00023432,606.7596176820066,7.011241736971034,-8.875925680952381,-2.059779611190476,0.0,3.05717056,67,3.0,4.0,2.5751852258368566,124.34285714285713,62.400000000000006,40.81346527028085,3.1166666666666667,1.3900000000000001,0.7845280176808958,9430.0,22661.64549699732,1540.6190476190477,3695.5764193937252,-6.07854761904762,3.127393967069573,0.0874630440604526,0.3453815894216372,3.0952380952380953,2.6556791182195503,2.238095238095238,0.6488856845230502,0.23809523809523808,6.494194751698311,7.0112417467666965,14.4466575638573,0.25668057673176536,2.6166666666666667,3.44,2.05,1.3900000000000001,0.595781466273965,3.1166666666666667,0.6950000000000001,1.08,0.31000000000000005,1.0318749999999999,0.385,42
-702.8537306,302.9028911962269,5.598543109371111,-7.368242535333334,-2.967999715666667,4.4978,0.9465844800000001,15,2.4,7.0,2.8876002656388655,89.64,141.0,66.37960352929116,2.170666666666667,2.46,1.532756072071022,4703.6,10622.121722252714,1338.2266666666667,2003.516075920178,-4.155333333333333,2.737105598770995,0.2864568870229109,0.22031369021922761,2.533333333333333,1.7489492643904125,1.7333333333333334,0.8744746321952063,0.0,4.695050108235727,5.5985431171930395,10.09676303987423,0.7537122925101897,1.906666666666667,3.44,0.98,2.46,1.0920724436694766,2.170666666666667,2.3,2.46,2.1399999999999997,2.3799999999999994,0.16000000000000014,30
-373.4004048,138.80680474007113,5.744078133199698,-6.351357792142857,-1.046750069285714,0.0,4.96930009,65,2.0,0.0,0.0,128.57142857142858,29.0,20.50609665440988,2.7842857142857143,1.53,1.0818733752154177,7498.285714285715,12005.258930985205,1416.9714285714285,2189.061173197314,-4.4157142857142855,0.947523086789974,0.16623459394194193,0.10520755240045614,2.857142857142857,1.4142135623730951,2.4285714285714284,0.7071067811865476,0.42857142857142855,5.9859627407857525,5.74407814122496,9.914771767147938,0.49762832451785605,2.675,3.44,1.91,1.53,0.7650000000000001,2.7842857142857143,1.53,1.53,1.53,1.53,0.0,14
-355.49252942,353.677994573698,5.11841063847267,-8.073257374,-1.8920842635000001,4.1933,-1.6598926,4,2.6,6.0,2.653955210788148,114.42,141.0,66.92558489130654,3.0449999999999995,1.79,0.9297790761437809,7890.4,20225.808772994445,1346.74,3337.6454211601485,-5.5671800000000005,3.4751967756610878,0.14611800000000064,0.33271334997588153,3.0,2.377430106868229,2.3,0.6756639246921763,0.2,6.456371405792145,5.118410645623788,17.6838997286849,0.21065169708871262,2.483333333333333,3.44,1.65,1.79,0.7359498775203528,3.0449999999999995,1.435,1.79,1.08,1.3166666666666669,0.355,20
-730.4729943,153.66088468195457,3.847835684530877,-8.505450933846154,-2.540083061923077,1.2690000000000001,2.90927867,44,3.3846153846153846,7.0,3.4178674903831747,102.33846153846154,141.0,69.96740799699658,2.7192307692307693,2.13,1.2682306930953418,7821.2307692307695,14175.349346344488,1292.6615384615384,2253.2990057005104,-5.026153846153846,1.5242449695743552,0.04477766508415821,0.47335562066459613,2.6923076923076925,1.2613124477737825,2.230769230769231,0.7977240352174656,0.3076923076923077,5.717399346468501,3.847835689906829,11.820068052458044,0.40738653395753666,2.1266666666666665,3.44,1.31,2.13,0.9378106892592389,2.7192307692307693,1.97,2.13,1.81,1.874,0.15999999999999992,13
-375.78987479,128.45820493772405,8.288778142141021,-5.436857545,-1.473602805999999,0.0,3.47728695,161,2.0,4.0,1.6903085094570331,91.61999999999999,141.0,82.16683376782004,2.86,1.79,0.9917877076990101,2557.2,3974.3325046028617,694.52,1051.105195224803,-3.9915802000000005,1.93394723859195,0.19969620000000024,0.238278053279297,3.2,2.138089935299395,2.2,0.5345224838248488,0.0,6.0088291857911384,8.288778153721575,12.845820493772404,0.5830589839749423,2.473333333333333,3.44,1.65,1.79,0.7377593705869746,2.86,1.45,1.79,1.1099999999999999,1.45,0.3400000000000001,10
-289.33206354,94.60225695480123,10.202726484837532,-5.84895921375,-0.832393713749999,0.0,4.64625183,53,1.75,1.0,0.5477225575051662,151.425,86.9,41.03913985453399,2.7649999999999997,1.54,0.8705630362012852,8386.0,10777.914158129113,1869.6,2286.3297609924953,-3.8825000000000003,1.551293009073399,0.021164909873388482,0.3432702334310289,3.5,2.0976176963403033,2.5,0.6324555320336759,0.5,6.136879013951827,10.202726499092131,11.825282119350154,0.47401716386920556,2.5399999999999996,3.44,1.9,1.54,0.6550318058435535,2.7649999999999997,1.35,1.54,1.1600000000000001,1.35,0.18999999999999995,8
-782.85390604,302.9746509865423,4.46734658718651,-8.323815073571428,-2.301357292142856,3.6769,2.42958006,62,2.857142857142857,2.0,1.3093073414159544,104.14285714285714,125.3,74.07056963271098,2.7600000000000002,1.6099999999999999,1.0391101962737157,11241.142857142857,22453.140575747653,1400.2571428571428,2001.2086783455927,-5.340000000000001,0.5847221562417486,0.14899379364418586,0.2669349206703784,2.7142857142857144,1.164964745021435,2.2857142857142856,0.5976143046671968,0.2857142857142857,5.906048427500806,4.467346593428003,10.820523249519368,0.42488670307673165,2.39,3.44,1.83,1.6099999999999999,0.7430118886442306,2.7600000000000002,0.8399999999999999,1.6099999999999999,0.06999999999999984,1.302,0.77,28
-507.4424416,151.83377570656785,6.124373592523852,-6.989653477142882,-2.061175068571454,0.0,4.36842419,88,2.7142857142857144,8.0,3.4434202266268428,118.62857142857145,111.4,49.81996157594435,2.682857142857143,2.2199999999999998,1.1894056138616944,5498.285714285715,8089.485697937963,1481.3999999999999,2131.6427608771596,-4.214285714285714,1.8405957886355326,0.24317391140612785,0.24982664644925034,3.0,1.5811388300841898,2.4285714285714284,0.6546536707079772,0.2857142857142857,5.763972327090546,6.124373601080438,10.845269693326275,0.6409657980908321,2.186666666666667,3.44,1.22,2.2199999999999998,0.9287027990099357,2.682857142857143,1.88,2.2199999999999998,1.54,1.7666666666666666,0.33999999999999986,14
-417.07201643,328.6645673176261,6.48281691256342,-6.490013648636363,-2.623776220454545,2.1959,3.03694562,167,1.2727272727272727,2.0,1.2833778958394957,97.40181818181819,200.27,96.17289984556919,2.429090909090909,2.49,1.5527565621102593,4848.363636363636,8021.0664906269685,1023.5636363636363,1622.5168267050967,-3.652727272727273,2.0631721721089367,0.27249241949306624,0.345684473997693,3.4545454545454546,2.155703788448082,1.7272727272727273,0.8224783208299743,0.09090909090909091,5.165340487552226,6.482816921620801,14.939298514437551,0.9114213593576895,2.223333333333333,3.44,0.95,2.49,1.017327653981526,2.429090909090909,1.8250000000000002,2.49,1.1600000000000001,2.224,0.665,22
-528.45909005,1020.0944985470918,5.7835495813543,-5.545642485500002,-1.572585075950002,0.49140000000000006,1.19517403,201,2.0,2.0,0.8451542547285166,112.52,92.6,49.9973142135798,2.632,2.62,1.4162929479050985,2779.2,5534.534075111602,627.92,943.5085524633195,-4.022,2.0237765263416385,0.12794152875867396,0.3037295053807509,3.2,2.138089935299395,1.8,0.5345224838248488,0.0,5.322542516037523,5.783549589434709,17.001574975784862,0.7584457195748228,2.0933333333333333,3.44,0.82,2.62,1.0708667309966986,2.632,2.02,2.62,1.42,2.02,0.6000000000000001,60
-568.64501741,76.75730697732924,7.068081569952337,-9.812293953333333,-2.287660930833333,0.0,6.20311821,221,4.5,5.0,3.5355339059327378,113.55,54.900000000000006,38.820162287141464,2.52,1.8399999999999999,1.3010764773832473,13511.0,18793.48403037606,2553.6,3483.7736895498824,-6.015000000000001,1.4495689014324222,0.29162418121546985,0.08714975284505418,3.5,2.1213203435596424,2.5,0.7071067811865476,0.5,5.370766877859628,7.068081579827412,12.79288449622154,0.534470127762809,2.52,3.44,1.6,1.8399999999999999,0.9199999999999999,2.52,1.8399999999999999,1.8399999999999999,1.8399999999999999,1.8399999999999999,0.0,6
-767.79035295,1122.0073995335144,4.267061216774209,-6.512240616555555,-2.131760481739463,2.8761,0.9463136600000001,165,2.4,3.0,1.3737164096688765,123.37333333333333,88.2,39.40176023577398,2.7239999999999998,2.51,1.258357224013041,8959.866666666667,18583.080870651163,1033.0533333333333,1739.1775210361416,-4.3020000000000005,1.672899742479237,0.20081184047544282,0.04845412232944322,2.6666666666666665,1.170883316960099,1.8666666666666667,0.45790546988962544,0.0,5.791534021420171,4.267061222735875,12.466748883705716,0.47981491362141354,2.1266666666666665,3.44,0.93,2.51,1.028018590406916,2.7239999999999998,1.7949999999999997,2.51,1.0799999999999996,2.07,0.7150000000000001,90
-720.05606301,374.46736759838427,3.349233329519434,-8.056308215000001,-2.454240711041668,1.7026,0.9934217200000001,62,3.125,6.0,3.1012331513163485,108.225,90.4,58.16138804072276,2.6799999999999997,2.46,1.3705301679191417,6213.75,13195.729322509658,1178.25,2093.548673200321,-4.84375,1.6482852051896415,0.05663695345728184,0.4030070442434876,2.5,1.1881770515720091,2.125,0.8224783208299743,0.25,5.600413833548093,3.34923333419877,11.702105237449508,0.4049050639850992,2.0166666666666666,3.44,0.98,2.46,1.0408436748885759,2.6799999999999997,2.135,2.46,1.81,2.026666666666667,0.32499999999999996,32
-345.99937263,202.79513995946223,11.288785418767224,-6.405234965,-1.403879482499999,0.0,6.19975739,223,1.75,2.0,0.8583950752789521,147.78375,202.93,81.11537304812721,2.7,2.44,1.086723709621094,8678.5,11881.85558785017,1801.475,2407.7903281246327,-4.05625,1.3666083641821574,-0.011034890578203171,0.4246531078832142,3.75,2.406132515928939,2.25,0.8583950752789521,0.375,6.016289123429303,11.2887854345392,12.67469624746639,0.5815338900462869,2.2399999999999998,3.44,1.0,2.44,0.9965273035229223,2.7,1.8,2.44,1.1600000000000001,1.48,0.6399999999999999,16
-334.91562878,133.32989608560274,5.800540355348222,-5.97049048125,-1.99196457625,0.0,3.03882728,63,1.25,2.0,1.0488088481701516,103.5875,127.05,66.49415575823187,2.4175,2.55,1.3699744523165385,5386.0,6918.745088525809,1380.85,1699.6157436314834,-3.4850000000000003,1.9042163742600262,0.26323002535376977,0.21789708922032167,3.5,2.0976176963403033,2.0,0.8944271909999159,0.25,5.109827980882897,5.800540363452371,16.666237010700335,0.8062005821343552,2.0766666666666667,3.44,0.89,2.55,1.0485015763247834,2.4175,2.045,2.55,1.54,2.045,0.5049999999999999,8
-268.79739692,546.7806014026972,2.987531167789596,-8.929106125999999,-1.88502117025,3.8345000000000002,0.00892738,14,1.8666666666666667,3.0,1.2307338795828044,101.02666666666667,92.6,56.015244773711586,2.201333333333333,2.62,1.5669533008545031,5275.6,13440.715651902401,867.2933333333333,1255.7556485333957,-3.332666666666667,2.3834746632989905,0.23767795073559395,0.05065424305859231,3.066666666666667,1.2833778958394957,1.6,0.6301260378126043,0.0,4.476989729786055,2.987531171963586,18.22602004675657,1.061886030286096,2.09,3.44,0.82,2.62,1.071105348071172,2.201333333333333,1.905,2.62,1.19,2.3022222222222224,0.7150000000000001,30
-268.70843822,340.6737135425195,4.913087062186089,-8.383651002,-2.165405251,4.0946,-1.101590869999999,4,2.6,6.0,2.653955210788148,114.42,141.0,66.92558489130654,3.011,2.13,1.0456213047960903,8025.4,20226.782376451964,1365.04,3336.639394464984,-5.59418,3.4039394982616966,0.15811800000000062,0.3582273012196724,2.9,2.3265948246871155,2.1,0.7939992333804207,0.2,6.3247664618787525,4.913087069050342,17.033685677125977,0.24118448531759842,2.3699999999999997,3.44,1.31,2.13,0.8695976080923866,3.011,1.605,2.13,1.08,1.4300000000000002,0.5249999999999999,20
-685.19850492,970.7966069728828,4.912835917624815,-6.60144247,-1.9061459250000001,2.281099999999999,5.01952401,13,2.8,2.0,1.3093073414159542,129.86,33.7,18.89058722523696,2.858,1.48,0.9527554025786772,7893.2,16354.060448184027,1247.72,1896.6752986664399,-4.646,0.5790139401233297,0.2046133556089315,0.04319426297794666,3.0,1.6903085094570331,2.0,0.0,0.0,6.075124243170442,4.912835924488718,16.17994344954805,0.29253028644117957,2.47,3.44,1.96,1.48,0.6861972505531239,2.858,0.7649999999999999,1.48,0.04999999999999982,1.1224999999999998,0.7150000000000001,60
-203.51746296,168.5864978164532,6.767733103486947,-4.897849080833329,-0.9649444916406221,0.8439999999999991,0.21520854,31,1.6666666666666667,2.0,1.0540925533894598,126.5,195.0,84.72602905837142,3.0516666666666663,1.44,0.8084724966118375,1429.6666666666667,2728.7088114670237,324.78000000000003,487.90869501031307,-3.955,2.4455912713833983,0.1693973897042592,0.15493105367125526,3.0,2.1602468994692865,2.1666666666666665,0.5270462766947298,0.0,6.805028681963927,6.767733112942393,14.048874818037767,0.2862258637944057,2.6633333333333336,3.44,2.0,1.44,0.5933146064460425,3.0516666666666663,0.9949999999999999,1.44,0.5499999999999998,1.262,0.44500000000000006,12
-406.61693401,158.90556878502932,5.271383690157101,-7.5476215315384625,-2.002704752307692,0.0,2.75708516,2,2.5384615384615383,6.0,2.637521893583148,127.33846153846154,54.900000000000006,26.934328346522044,2.8015384615384615,1.8399999999999999,1.1015206879977135,7282.7692307692305,13354.94150525174,1565.8153846153846,2638.1054030101423,-4.622307692307692,2.15718969757051,0.20913498215139756,0.12696068093606128,2.923076923076923,1.6352103973123033,2.3846153846153846,0.659380473395787,0.38461538461538464,6.022745740368799,5.271383697521945,12.223505291156098,0.4008438164711416,2.313333333333333,3.44,1.6,1.8399999999999999,0.8060328088166689,2.8015384615384615,1.69,1.8399999999999999,1.54,1.6600000000000001,0.1499999999999999,13
-399.73590067,42.9164487435527,6.155599921960791,-5.466378779999999,-0.9427949424999991,0.0,4.73658869,131,1.5,1.0,0.7071067811865476,129.7,22.599999999999994,15.980613254815971,2.67,1.54,1.0889444430272832,6661.0,9106.12112812036,1645.1,2198.9606681339255,-3.51,2.093036072312181,0.14370967385104794,0.12203294954144633,3.0,1.4142135623730951,2.5,0.7071067811865476,0.5,5.810065366588724,6.155599930561004,10.729112185888175,0.5224464610911854,2.67,3.44,1.9,1.54,0.77,2.67,1.54,1.54,1.54,1.54,0.0,4
-557.08882829,145.6420097294984,9.986487550224822,-5.382935542499999,-1.1179759625,1.0829,3.6047394600000002,11,2.0,2.0,0.8944271909999159,149.0,131.60000000000002,59.71693227217889,2.8600000000000003,1.42,0.7696232844710456,5961.0,7294.504342311409,1286.6,1619.8918284873223,-3.7525,2.088030172195795,-0.28141033433798396,0.770275965335996,4.0,2.5298221281347035,2.25,0.5477225575051662,0.0,6.061020986381179,9.986487564177308,18.2052512161873,0.40198342225217404,2.6666666666666665,3.44,2.02,1.42,0.5865909041989049,2.8600000000000003,1.16,1.42,0.8999999999999999,1.16,0.26,8
-295.95443039,49.1923229250551,9.019509478935857,-6.686330656,-1.200752050999999,0.0,6.36720595,221,2.8,3.0,1.558387444947959,123.3,108.5,54.23428014509958,2.826,1.8299999999999998,1.0353605307193376,7473.2,13514.466598004206,1552.72,2525.8927790839757,-4.896,0.8715175598591556,0.2430845211184498,0.3870723171531113,3.0,2.0701966780270626,2.2,0.5345224838248488,0.2,5.93420666248645,9.019509491537342,9.838464585011021,0.43099330059747476,2.4166666666666665,3.44,1.61,1.8299999999999998,0.7626416079799359,2.826,1.5349999999999997,1.8299999999999998,1.2399999999999998,1.535,0.29500000000000004,5
-760.77381886,479.72910891946253,3.8189049323031883,-9.470496885749998,-3.968732640749999,3.8235,2.40988698,206,4.8,7.0,4.949747468305833,91.83999999999999,122.9,86.90342340782668,2.608,2.08,1.4707821048680187,6533.2,11156.730793561346,1295.32,2130.37131035883,-5.042,0.0919238815542511,0.3339031119630995,0.18367648763873112,2.8,1.4142135623730951,2.4,0.7071067811865476,0.0,5.466613287153715,3.8189049376387185,11.993227722986564,0.6174969118503599,2.4,3.44,1.36,2.08,1.04,2.608,2.08,2.08,2.08,2.08,0.0,40
-297.35388981,131.04061486299892,7.073964607426622,-5.800440844000002,-1.8377478320000011,0.9762000000000001,2.99949297,148,2.0,4.0,1.6903085094570331,106.05999999999999,141.0,72.97913596168624,2.794,1.75,1.063404237074769,2793.2,4218.497565992627,837.1200000000001,1447.6315198084274,-3.97,2.111600611587604,0.24410121297509094,0.07525060174716326,3.2,1.9639610121239315,2.2,0.5345224838248488,0.0,6.05680946222397,7.073964617309918,13.104061486299887,0.4744012800476273,2.3633333333333333,3.44,1.69,1.75,0.7692564952963059,2.794,1.615,1.75,1.48,1.615,0.135,10
-578.86746523,71.36833047921594,5.882963826187597,-9.325296301666667,-2.5354964399999993,0.0,4.11352329,65,3.5,5.0,3.0276503540974917,120.33333333333333,69.1,41.73788580068606,2.92,1.8399999999999999,1.0648317550987416,10614.666666666666,21121.949447066774,1714.9666666666665,3249.8160539397372,-5.729666666666667,1.4857549521296496,0.17310806040515692,0.2655956589107636,3.0,2.0,2.3333333333333335,0.6666666666666667,0.3333333333333333,6.037955729543575,5.8829638344069,11.894721746535991,0.4085736014458274,2.4,3.44,1.6,1.8399999999999999,0.7701082175036613,2.92,1.5599999999999998,1.8399999999999999,1.2799999999999998,1.5599999999999998,0.28,6
-663.89790443,134.7190612798825,5.297088616763617,-8.717003820833318,-2.083752250488489,1.409699999999999,3.30876953,13,3.1666666666666665,4.0,2.3687784005919825,105.98333333333333,141.0,75.93595620287167,2.9116666666666666,1.89,1.0856155447998665,8348.0,18728.78810815051,1267.8,2579.660385916461,-5.718,1.4654965028958613,0.10980369569146713,0.2549525650664919,2.8333333333333335,1.7159383568311666,2.3333333333333335,0.6666666666666667,0.3333333333333333,6.00912248082336,5.297088624164373,11.22658843999021,0.41394596031229874,2.3833333333333333,3.44,1.55,1.89,0.7875842106650494,2.9116666666666666,1.585,1.89,1.2799999999999998,1.585,0.30500000000000005,12
-632.2121013,714.2177558563346,2.837426622762128,-8.952376780250002,-2.817252799750002,2.5909,-1.898334049999999,205,3.6,6.0,3.623594180176458,112.92999999999999,99.9,63.322983326682454,2.867,2.11,1.295561822061228,6815.4,14865.543880718433,1267.34,2678.471722099555,-5.3469999999999995,0.8390483740005953,0.14313491969357167,0.4890172749473756,2.7,1.6218615177038684,2.3,0.6756639246921763,0.2,6.040166485271225,2.8374266267264003,17.855443896408367,0.23826890868978257,2.1333333333333333,3.44,1.33,2.11,0.9320348109855602,2.867,1.96,2.11,1.81,1.91,0.1499999999999999,40
-498.56375116,201.79231382161697,3.9277193019025,-6.064865215833332,-1.679315607708331,2.3443,0.57743469,121,2.1666666666666665,6.0,2.177810171446801,112.89999999999999,94.1,58.70476252278978,2.6316666666666664,2.62,1.6632824689235954,2928.8333333333335,10393.012452055056,718.4666666666667,1933.6837430887488,-4.153333333333333,2.762764660883835,0.25400668478117383,0.054506861439191714,3.0,2.02837021134844,1.8333333333333333,0.7928249671720919,0.08333333333333333,5.313511691251483,3.9277193073900603,16.816026151801413,0.9073341971320941,1.9533333333333331,3.44,0.82,2.62,1.0984028809543833,2.6316666666666664,2.23,2.62,1.8399999999999999,2.425,0.3900000000000001,12
-274.73067937,407.76416541333776,4.233189490984007,-8.553581213,-2.297822475499998,4.2755,-1.89713112,4,2.6,6.0,2.653955210788148,114.657,138.63,66.04718407254803,2.9799999999999995,2.44,1.158184486318059,8009.4,20225.746100066313,1404.44,3341.1353233138657,-5.63318,3.305921186361645,0.13211800000000062,0.31185442428772053,3.0,2.377430106868229,2.1,0.7939992333804207,0.2,6.187299743610585,4.233189496898351,20.388208270666887,0.25198126280703076,2.2666666666666666,3.44,1.0,2.44,0.9983096825245272,2.9799999999999995,1.76,2.44,1.08,1.5333333333333334,0.6799999999999999,20
-453.81205635,410.7811382141837,5.936794741524685,-6.992948920333334,-2.153766481666667,0.0009999999999990002,2.13662833,185,3.2,8.0,3.909694909544003,115.64000000000001,111.4,58.03777095256896,2.694,2.2199999999999998,1.257253241907021,4673.2,7285.108607877541,1262.92,1982.3938890716374,-4.232,2.366860488374541,0.2480738198045495,0.3327818092342656,3.2,1.9639610121239315,2.4,0.6546536707079771,0.2,5.735894486410485,5.936794749819197,13.692704607139458,0.647069318689929,2.1966666666666668,3.44,1.22,2.2199999999999998,0.9257189398276107,2.694,1.8649999999999998,2.2199999999999998,1.51,1.865,0.35499999999999987,30
-370.70404566,530.2832053108352,9.059702715040165,-6.016581272727273,-1.5650850475757592,0.0,4.2287404,197,2.303030303030303,3.0,0.8869975794117778,118.61818181818182,141.0,44.816596846940264,2.869393939393939,1.79,1.0051894758466888,4320.909090909091,7242.151157104699,758.4242424242424,1182.9421247838945,-4.53909090909091,1.0305563174952703,0.03413321382210394,0.3874211785083333,3.515151515151515,2.700762419587999,2.0303030303030303,0.24253562503633297,0.0,5.963991192071867,9.059702727697806,16.06918803972228,0.441818602180898,2.3699999999999997,3.44,1.65,1.79,0.7715352659902636,2.869393939393939,1.605,1.79,1.42,1.4484615384615382,0.18500000000000005,33
-762.888945,311.33817996894476,3.585106348610689,-7.077727495333334,-2.865416462333333,4.0047,0.67719556,15,2.4,7.0,2.8876002656388655,95.11999999999999,99.9,55.71180173842142,2.1746666666666665,2.46,1.5290486277036295,4103.6,8684.113243361662,1312.3600000000001,1928.336072277615,-3.9526666666666666,2.296689433280254,0.28685557169631554,0.22161857162849077,2.4,1.3117119482928092,1.7333333333333334,0.8744746321952063,0.0,4.716314377259339,3.585106353619572,10.377939332298158,0.733291472810194,1.9166666666666667,3.44,0.98,2.46,1.0865950896672083,2.1746666666666665,2.285,2.46,2.11,2.3724999999999996,0.17500000000000004,30
-781.09579164,132.3655227051685,5.241345884736499,-9.340636451666667,-2.749603696666666,0.0,4.05739303,109,3.5,5.0,3.0276503540974917,119.06666666666666,76.7,44.76037434060523,2.8366666666666664,1.8399999999999999,1.2069152598440556,8031.333333333333,15829.016028940157,1386.9666666666665,2728.119618182295,-5.715,1.453587515998492,0.22347228119875343,0.1173499309731665,2.8333333333333335,1.7159383568311666,2.3333333333333335,0.6666666666666667,0.3333333333333333,5.984904053158988,5.241345892059375,11.030460225430708,0.42130616835991885,2.233333333333333,3.44,1.6,1.8399999999999999,0.8535937102756921,2.8366666666666664,1.81,1.8399999999999999,1.78,1.81,0.029999999999999916,12
-246.80843568,311.0802979650295,6.710016927137948,-6.3568929354999995,-2.3815041635,0.0,3.01105195,2,1.65,3.0,1.3606437268261486,99.5375,135.97,76.81529641623153,2.6045000000000003,2.49,1.4422359704967127,3768.2,5950.507459622837,743.42,1076.4890609654972,-4.023000000000001,1.8665722305584354,0.21734097086613477,0.3449802360468073,3.35,2.2571208639757407,1.75,0.5812381937190964,0.0,5.410075673827872,6.7100169365127575,15.554014898251475,0.7389757819523485,2.1366666666666667,3.44,0.95,2.49,1.0198801672527786,2.6045000000000003,1.955,2.49,1.42,2.08875,0.5350000000000001,20
-337.6268974,258.5959349276951,6.106813816529397,-7.715396126249992,-2.119747337916659,0.8623000000000001,5.25029396,65,2.8333333333333335,4.0,2.068278940998476,121.91666666666667,76.7,41.33879668194408,2.9116666666666666,1.78,1.068594611835772,6848.0,13256.023938823688,860.8000000000001,1603.477504259622,-5.2283333333333335,1.379140231367999,0.13689320833851193,0.20925294192131413,2.8333333333333335,1.7159383568311666,2.1666666666666665,0.5270462766947298,0.16666666666666666,6.2277843469713705,6.10681382506145,10.774830621987297,0.43130153000637894,2.3833333333333333,3.44,1.66,1.78,0.7639517145881815,2.9116666666666666,1.085,1.78,0.3899999999999999,1.502,0.6950000000000001,24
-320.44376678,282.50599379120706,3.889672338046201,-6.856579260714286,-2.1996417928571432,4.5041,-1.150649169999999,12,2.2857142857142856,5.0,2.0873770280289223,104.24285714285715,94.1,57.067541437443104,2.5085714285714285,2.62,1.5243265491919469,5895.428571428572,16297.981391220552,1027.8285714285714,2157.0992764755706,-4.179714285714286,2.897775156416187,0.17932684332791873,0.2257855475863874,3.2857142857142856,1.9639610121239315,1.8571428571428572,0.8451542547285167,0.14285714285714285,4.910581077201665,3.8896723434806044,20.17899955651479,0.8857324048519415,2.14,3.44,0.82,2.62,1.0697040089046441,2.5085714285714285,1.95,2.62,1.2799999999999998,2.1733333333333333,0.6700000000000002,14
-181.5161498,265.9450071380185,8.051848164377654,-5.510322412,-1.511590225,0.880799999999999,3.8192828800000003,14,1.8,3.0,1.3093073414159542,102.84,141.0,73.38769846312314,2.798,1.79,1.062288634438467,3783.2,6018.345192587648,657.52,969.1149069419698,-4.0600000000000005,1.9252829105651683,0.15893993426882397,0.3397009137760192,3.2,2.138089935299395,2.2,0.5345224838248488,0.0,6.076906464890745,8.051848175627185,13.297250356900927,0.4538925660814768,2.3699999999999997,3.44,1.65,1.79,0.7715352659902636,2.798,1.605,1.79,1.42,1.6049999999999998,0.18500000000000005,20
-408.40206723,276.79393369641576,4.357290939156237,-4.809599299999999,-1.601668832835247,1.2998,0.8149345100000001,2,1.7777777777777777,3.0,1.1902380714238083,90.03333333333333,105.9,59.61337937074194,2.2011111111111115,2.51,1.538194287684968,1784.2222222222222,2000.2653990575016,778.5333333333333,867.2526448503919,-3.1775445555555555,2.3158563436232757,0.16248338987885041,0.1362028914184304,2.888888888888889,1.5545631755148026,1.5555555555555556,0.6454972243679028,0.0,4.5412940254369545,4.357290945243967,15.377440760911988,0.908721050559174,2.2333333333333334,3.44,0.93,2.51,1.026980471522652,2.2011111111111115,1.8099999999999998,2.51,1.1099999999999999,2.2299999999999995,0.7,18
-458.39290435,740.3611893489781,5.051925633230205,-8.805264706964286,-2.260509666249999,1.231899999999999,1.18420206,2,3.3214285714285716,5.0,3.1509635714446826,118.17142857142858,90.4,55.09995073889424,3.0010714285714286,1.81,1.076485684331858,7980.0,18957.076736670137,1346.0,3086.012635100511,-5.673489285714287,2.177930899303938,0.052568109200627856,0.4245746273184645,2.7857142857142856,2.014235055087379,2.2857142857142856,0.6761234037828133,0.2857142857142857,6.247526093854305,5.051925640288436,13.220735524088893,0.27160670421932515,2.4766666666666666,3.44,1.63,1.81,0.7435201558950654,3.0010714285714286,1.445,1.81,1.08,1.5362500000000001,0.365,56
-375.79905739,193.8256732273988,5.122514555962003,-5.3791634883333295,-1.919143204259254,1.4367,1.04895133,63,1.7777777777777777,3.0,1.1902380714238083,93.05555555555556,105.9,56.50877512976782,2.223333333333333,2.46,1.507232563342499,1962.0,2134.7587685731614,982.5333333333333,1048.7119242194208,-3.4575445555555557,1.92045202993987,0.18073824649387837,0.1395306570789992,2.4444444444444446,1.632993161855452,1.5555555555555556,0.6454972243679028,0.0,4.654320081915795,5.1225145631188544,10.76809295707771,0.8164897874048186,2.25,3.44,0.98,2.46,1.0058826969383656,2.223333333333333,1.785,2.46,1.1099999999999999,2.19,0.675,18
-775.35607915,131.36462388371612,4.634255277198486,-9.186236886666665,-3.55875977333333,4.1495,3.01747659,141,3.3333333333333335,6.0,3.1269438398822857,123.11666666666667,99.9,52.012461113766875,2.8316666666666666,2.11,1.238720217715759,12014.666666666666,26426.778371778713,1369.3,2631.3306025659335,-5.33,0.8333466665600013,0.3454199269360088,0.26094937840917143,2.6666666666666665,1.5634719199411433,2.1666666666666665,0.5270462766947298,0.0,6.155638167489276,4.6342552836731725,10.947051990309676,0.3774673103057293,2.223333333333333,3.44,1.33,2.11,0.8912288644836908,2.8316666666666666,1.3399999999999999,2.11,0.5699999999999998,1.802,0.77,12
-447.51587968,252.29133819395093,7.017975204441195,-9.182272448,-3.820938063,4.4855,2.26463076,62,2.8,8.0,3.625307868699863,85.074,141.0,91.53588195737389,2.524,2.44,1.5045075131560017,6941.2,13126.148450435001,1380.72,2489.6137485848794,-5.004,2.6158527699940826,0.3404608477676307,0.25701269363475165,3.2,2.138089935299395,2.0,0.8451542547285166,0.0,5.375675341736301,7.017975214246263,12.614566909697547,0.677659280050377,1.9133333333333333,3.44,1.0,2.44,1.0864416945034627,2.524,2.29,2.44,2.1399999999999997,2.2899999999999996,0.15000000000000013,20
-781.96290374,370.22829524052486,6.002231174009371,-7.363751839999999,-0.973988638333333,0.0,6.86114159,227,5.142857142857143,7.0,4.38341028359036,58.31428571428571,133.4,78.01485206585437,1.9142857142857144,1.9,0.849789889998026,14460.285714285714,8341.616201740695,2961.457142857143,1564.5236637026985,-4.475714285714285,2.0626058414401087,0.07967166497579051,0.08122284693191532,3.7142857142857144,0.9258200997725515,2.857142857142857,0.46291004988627577,0.8571428571428571,4.158325010320764,6.002231182395309,13.22243911573303,0.7292033617076621,2.2933333333333334,3.44,1.54,1.9,0.8240280469876144,1.9142857142857144,1.72,1.9,1.54,1.78,0.17999999999999994,28
-212.04168606,311.1958717643233,7.355103194029816,-6.345887718,-2.260618635000001,0.3106,3.74981058,14,1.8,3.0,1.3093073414159542,103.846,135.97,70.87660887566706,2.658,2.49,1.3573714093265494,3913.2,6164.187491354512,752.52,1086.7005054620286,-4.142,1.713963660224869,0.17544875040043734,0.3651371652034506,3.4,2.32992949004287,1.8,0.5345224838248488,0.0,5.508122390174284,7.355103204305899,15.559793588216163,0.6861523203010268,2.1366666666666667,3.44,0.95,2.49,1.0198801672527786,2.658,1.955,2.49,1.42,1.955,0.5350000000000001,20
-268.51790124,141.91910095383741,6.639986929951165,-6.09909176,-1.772700812777778,0.0,2.363824939999999,123,1.1111111111111112,2.0,1.2909944487358056,93.36666666666666,127.05,71.29021891185353,2.5977777777777775,2.55,1.3483431190415391,5612.222222222223,8687.847930682643,1245.4444444444443,1743.314914657322,-3.8322222222222226,1.7270724265839772,0.1851325091609103,0.3579792694428807,3.5555555555555554,2.3003622903070435,2.0,0.8660254037844386,0.2222222222222222,5.327573364025853,6.639986939228134,15.768788994870825,0.7805257292607568,2.1766666666666667,3.44,0.89,2.55,1.0411638786580246,2.5977777777777775,1.8949999999999998,2.55,1.2399999999999998,1.895,0.655,9
-468.24828844,612.9651321496989,3.146935746365853,-7.478534243333325,-3.018547375384607,4.468400000000001,0.62102105,38,2.358974358974359,3.0,1.3663171044477713,124.62564102564102,94.1,44.374836843190906,2.6420512820512823,2.62,1.3511587273677568,13339.641025641025,28867.369012935207,1014.6307692307691,1737.4590251068464,-4.480256410256411,2.0154969703234924,0.2890234765938446,0.11116274170638635,2.717948717948718,1.4142135623730951,1.8461538461538463,0.48094533079649837,0.0,5.596579444173233,3.1469357507625517,15.7170546705051,0.657023149137923,2.0533333333333332,3.44,0.82,2.62,1.0750917273527048,2.6420512820512823,1.85,2.62,1.08,2.1533333333333333,0.77,39
-235.48402295,265.64819324465566,6.2137530449793115,-4.687402414285712,-0.762977022464283,0.0,-0.7632056500000001,131,1.5714285714285714,1.0,0.6546536707079772,151.14285714285714,174.4,72.8647671080769,2.8085714285714287,2.62,1.1930513101168065,4031.1428571428573,7147.993544644939,1092.9714285714285,1754.7609776181564,-3.282857142857143,2.6080904344530915,-0.18938200642040837,0.8962546360859021,3.4285714285714284,2.32992949004287,2.142857142857143,0.8451542547285167,0.0,5.937990836142277,6.213753053660772,18.97487094604683,0.5182293272690149,2.2666666666666666,3.44,0.82,2.62,1.0869324828259677,2.8085714285714287,1.76,2.62,0.8999999999999999,1.4733333333333334,0.8600000000000001,14
-371.16259044,340.9919043808408,4.182429405834211,-8.007519050666666,-3.150020290888889,3.784,0.96142617,13,2.933333333333333,7.0,3.303296036670397,99.31333333333333,99.9,57.88286600083472,2.362,2.46,1.490093759387209,5118.4,10324.28601149052,1415.1733333333332,2257.84482585652,-4.477333333333333,2.1783061417208605,0.3229364226740646,0.25906372054360316,2.6,1.5434872662825796,1.9333333333333333,0.8744746321952063,0.0,5.068811844459765,4.182429411677635,11.366396812694694,0.6165191821110656,1.9166666666666667,3.44,0.98,2.46,1.0865950896672083,2.362,2.285,2.46,2.11,2.31,0.17500000000000004,30
-606.17531883,679.6395670121804,5.267345319506484,-6.258220926500001,-2.134418422629311,0.0714,1.46187107,11,3.066666666666667,4.0,2.0862461282142593,96.95666666666666,112.1,76.17593261162676,2.758666666666667,2.51,1.1946894238182826,2269.5333333333333,3606.6455316802935,1000.8866666666667,1603.6930150224255,-4.146,1.521326803251277,0.38553224590758056,0.29447464509457516,2.7666666666666666,1.3447564999109927,1.9666666666666666,0.25273830731089986,0.0,5.299405790799571,5.2673453268656845,11.327326116869672,0.41770826938053296,2.06,3.44,0.93,2.51,1.0398397312406689,2.758666666666667,2.07,2.51,1.63,1.7033333333333331,0.43999999999999995,60
-795.43624686,553.0849630878657,5.324515712460244,-8.943557727115385,-2.52134808423077,0.8558000000000001,4.94676628,64,3.8461538461538463,7.0,3.5050983275386565,101.34423076923076,127.05,65.05781522175926,2.6457692307692304,2.55,1.3032141584778547,9205.0,15077.208140577144,1549.8461538461538,2402.2805317328903,-5.24923076923077,1.1310298720319332,-0.02054712042507223,0.4808147501544627,2.923076923076923,1.5856499343441837,2.3461538461538463,0.7653197277702214,0.38461538461538464,5.473061667384211,5.32451571989932,10.636249290151264,0.5722860163561251,1.9866666666666666,3.44,0.89,2.55,1.0711468412666656,2.6457692307692304,2.1799999999999997,2.55,1.81,1.8772727272727272,0.3699999999999999,52
-684.44698967,61.19862441273594,8.362866208274177,-8.099699903333333,-1.719145625,0.0,4.25990351,65,2.8333333333333335,4.0,2.068278940998476,129.88333333333333,86.7,41.79875729146874,2.936666666666667,1.78,1.0305230602843283,7898.0,15515.333404947078,1334.3,2589.5264830981487,-5.503333333333333,1.1996295724560606,0.1321679883923048,0.22302307474312197,3.0,2.1602468994692865,2.3333333333333335,0.6666666666666667,0.3333333333333333,6.327584640135232,8.362866219958244,10.199770735455989,0.41535492019458997,2.4333333333333336,3.44,1.66,1.78,0.7451770855903238,2.936666666666667,1.5099999999999998,1.78,1.2399999999999998,1.5099999999999998,0.27000000000000013,6
-347.49019596,630.4347580643596,4.805034837985734,-4.5428334790000005,-1.316792708000001,0.421699999999999,3.07219881,62,1.2,4.0,2.138089935299395,63.29,127.05,80.81205488221244,1.6019999999999999,2.55,1.33468562376528,14884.4,23937.138413531626,1938.44,1345.0522921326994,-3.2400000000000007,2.1516770867661084,0.4527454897732627,0.15902845675273988,4.6,2.32992949004287,1.4,0.6546536707079771,0.0,3.6973031162103402,4.805034844699024,31.52173790321798,0.8335159844589353,2.0766666666666667,3.44,0.89,2.55,1.0485015763247834,1.6019999999999999,1.7799999999999998,2.55,1.0099999999999998,1.78,0.77,20
-443.30493399,161.92591537522736,6.164730971472353,-7.076309502142858,-1.637988171428572,0.0,5.25605958,74,2.5714285714285716,2.0,0.9636241116594315,114.10000000000001,77.3,44.78001786511479,2.782857142857143,1.56,1.0043334676718259,5755.428571428572,9249.357135962013,1376.542857142857,1969.3956875868582,-4.747142857142857,0.46334189783108787,0.12740125897448218,0.19515515971035882,3.0,1.5811388300841898,2.2857142857142856,0.5976143046671968,0.2857142857142857,5.9013474657980565,6.164730980085324,11.56613681251624,0.45701337663539576,2.4266666666666663,3.44,1.88,1.56,0.7172788083366808,2.782857142857143,1.52,1.56,1.48,1.5333333333333332,0.040000000000000036,14
-265.93610169,165.84962311746816,6.051088195427846,-5.270399153571427,-0.8074406257142841,0.0,4.00000232,141,1.4285714285714286,1.0,0.7071067811865476,128.0857142857143,22.599999999999994,15.980613254815971,2.56,1.54,1.0889444430272834,7580.857142857143,9106.12112812036,1867.2285714285715,2198.9606681339255,-3.2985714285714285,2.093036072312181,0.13138248440119757,0.12203294954144635,3.142857142857143,1.4142135623730951,2.5714285714285716,0.7071067811865476,0.5714285714285714,5.597727543332627,6.051088203882043,11.846401651247726,0.529857277058582,2.67,3.44,1.9,1.54,0.77,2.56,1.54,1.54,1.54,1.54,0.0,14
-335.77966971,168.6703061015562,4.436788514976738,-4.439157937499999,-1.009309497291665,1.0399,-0.59218724,63,1.5,1.0,0.6324555320336759,113.625,94.1,49.37370757802172,2.4074999999999998,2.62,1.3971793013067437,3483.5,5798.12311011072,894.1,1211.8347808179133,-2.9125,2.6302300279633344,0.15698359155793978,0.20209790358745353,3.5,1.8973665961010275,2.0,0.8944271909999159,0.25,4.925187825621851,4.4367885211755365,21.083788262694526,0.8694884051738663,2.063333333333333,3.44,0.82,2.62,1.0737576800915352,2.4074999999999998,2.065,2.62,1.51,2.065,0.555,8
-404.46547151,51.04811002645878,6.61680193408205,-4.9338174575,-0.724300867916666,0.0,2.76508001,47,1.5,1.0,0.6324555320336759,131.5,22.599999999999994,12.440578764671681,2.6775,1.54,0.964587994949139,6211.0,7618.201467538122,1453.85,1758.4968342308723,-3.18,2.3643688375547502,0.10010244057153503,0.18188593143642273,3.25,1.6431676725154984,2.5,0.6324555320336759,0.5,5.797752442042944,6.616801943326625,12.762027506614695,0.5734362492989785,2.4233333333333333,3.44,1.9,1.54,0.7189962138673301,2.6775,1.525,1.54,1.51,1.525,0.015000000000000013,4
-315.93148284,321.71117092369605,2.580913183956837,-7.5911321762499995,-2.060414783749999,2.4705,-1.14813218,14,2.3333333333333335,6.0,2.5385910352879693,104.71666666666665,141.0,77.16866448097814,2.8316666666666666,1.8699999999999999,1.2172213347529601,4889.666666666667,10648.890322991927,1007.8000000000001,1837.0519063615666,-5.166666666666667,1.4877649157190274,0.22339601043102583,0.1171813636476125,2.3333333333333335,1.0540925533894596,2.0,0.816496580927726,0.16666666666666666,6.185313457256057,2.5809131875627256,13.404632121820669,0.2482003128753005,2.223333333333333,3.44,1.57,1.8699999999999999,0.8610974909317114,2.8316666666666666,1.825,1.8699999999999999,1.78,1.825,0.04499999999999993,24
-410.8140749,119.04414777961351,5.810462306526291,-7.411338015,-2.671460970666666,2.9057,1.77877982,148,2.8,8.0,3.625307868699863,86.12,141.0,89.8758826700149,2.71,1.9,1.1964232409262918,5133.2,9594.997595473531,974.1200000000001,1796.33150456304,-4.290000000000001,2.278219856441804,0.2186431479713174,0.126784102476904,3.0,1.6903085094570331,2.4,0.6546536707079771,0.2,5.816523977190286,5.810462314644299,11.904414777961351,0.5007706477712099,2.223333333333333,3.44,1.54,1.9,0.8624899355290407,2.71,1.825,1.9,1.75,1.825,0.07499999999999996,10
-243.16022156,144.63734978159653,3.840585880486441,-6.023788655833333,-1.8707510703906252,2.868999999999999,1.32942344,63,1.6666666666666667,2.0,1.0540925533894598,126.5,195.0,84.72602905837142,2.936666666666667,2.13,1.1267850036472993,2498.0,4747.178530453642,446.9666666666667,732.4392928958533,-4.163333333333333,1.833242421988368,0.23333333333333364,0.2532017201977725,2.5,1.0801234497346432,1.8333333333333333,0.5270462766947298,0.0,6.460971489142616,3.8405858858522635,12.05311248179971,0.3336193316211312,2.433333333333333,3.44,1.31,2.13,0.8734732712313271,2.936666666666667,1.6849999999999998,2.13,1.2399999999999998,1.952,0.44500000000000006,12
-583.31604733,408.9712179142129,8.499004152017108,-9.067697279444445,-2.9919900877407413,3.0662,1.81306057,60,2.888888888888889,7.0,3.2480763537823427,100.88888888888889,141.0,81.61004840091691,2.81,1.94,1.269180838178705,8964.666666666666,20801.008816881935,1464.8000000000002,3280.139790923551,-5.5166666666666675,3.256340737699297,0.29033708044877105,0.12192610321240659,3.111111111111111,2.3664319132398464,2.3333333333333335,0.6708203932499369,0.2222222222222222,6.249429741355043,8.499004163891378,11.360311608728134,0.4036936202224017,2.1966666666666668,3.44,1.5,1.94,0.8812995454945435,2.81,1.865,1.94,1.79,1.8900000000000001,0.07499999999999996,36
-150.5733063,69.72553757563249,8.216295862154777,-3.819178855,-1.027777795625001,0.3315,0.65702552,166,1.0,2.0,1.2649110640673518,70.5,141.0,89.1762300167483,2.6425,1.75,1.0182484961933407,2258.5,3138.7500059737154,462.57000000000005,505.4648849524565,-2.795,2.790290307476984,0.24409608455638848,0.08402893316880179,3.75,2.2583179581272432,2.5,0.6324555320336759,0.0,6.043970583415558,8.216295873634063,17.43138439390812,0.4524203976090257,2.3766666666666665,3.44,1.69,1.75,0.7624667570166948,2.6425,1.595,1.75,1.44,1.595,0.15500000000000003,4
-514.13913064,269.7160781941889,6.053607445196198,-4.433393517142856,-1.518546462142857,0.2841,2.9505883600000002,107,1.1428571428571428,3.0,1.7928429140015905,54.17142857142857,127.05,64.71569416631928,1.577142857142857,2.55,1.1990770260019639,7717.428571428572,4380.592360465811,1762.314285714286,920.1641903176069,-2.9757142857142855,1.6418565275756762,0.24591462250573834,0.4970580513433419,5.428571428571429,1.851640199545103,1.4285714285714286,0.6546536707079772,0.0,3.5108431115100034,6.053607453653915,38.530868313455564,0.7479658639503615,2.1166666666666667,3.44,0.89,2.55,1.0432747587391455,1.577142857142857,1.9849999999999999,2.55,1.42,2.1733333333333333,0.565,7
-452.09562252,1143.4218809585366,7.6063421192978655,-5.786155197777778,-0.729964483777778,0.0,3.12187007,10,1.0666666666666667,2.0,1.4142135623730951,100.26,87.3,61.730421997585594,2.8613333333333335,1.2399999999999998,0.8768124086713187,7911.733333333334,11651.70554039193,1558.24,2224.416512256641,-3.9866666666666664,1.5202795795510775,-0.0067887491614805565,0.35878913623020775,3.4,2.1213203435596424,2.466666666666667,0.7071067811865476,0.4666666666666667,5.893338778091887,7.606342129924962,12.704687566205962,0.46017929088723336,2.8200000000000003,3.44,2.2,1.2399999999999998,0.6199999999999999,2.8613333333333335,1.2399999999999998,1.2399999999999998,1.2399999999999998,1.2399999999999998,0.0,90
-540.23982456,654.7840616005493,8.636766220285814,-6.417050549999999,-1.697635304615385,2.6318,6.18216202,1,2.4615384615384617,4.0,1.0634923802175305,121.35128205128204,69.1,35.69597821831707,2.8974358974358974,1.42,0.9791314496644079,4972.51282051282,10201.992088158318,840.8923076923078,1514.4637410630378,-4.717384615384615,0.8817787019113048,0.018748599969683824,0.3815674266646811,3.5128205128205128,2.7376362808848644,2.0256410256410255,0.22539329856371762,0.02564102564102564,5.966274555044953,8.636766232352555,16.789334912834597,0.4195073468824335,2.5399999999999996,3.44,2.02,1.42,0.6389574842402791,2.8974358974358974,1.3499999999999999,1.42,1.2799999999999998,1.4106666666666665,0.07000000000000006,39
-528.51215455,202.1474199013068,6.122516485960998,-7.376235543999999,-1.234116752896551,0.0,4.50612916,12,2.6,3.0,0.995402274496796,99.165,141.0,59.55127734169539,2.6435,1.89,1.0830747515435823,8061.0,10653.41578508547,1601.8,2062.6350742536315,-4.936,0.6706480502763348,0.0667142269952723,0.22230822906496772,3.0,1.3545709229571927,2.5,0.6772854614785964,0.5,5.635406964719295,6.122516494514989,10.10737099506534,0.5604611699743586,2.2899999999999996,3.44,1.55,1.89,0.824257241399795,2.6435,1.725,1.89,1.56,1.5930000000000002,0.16499999999999992,20
-329.0666402,382.03955434419566,5.617534064470441,-7.609848457499999,-2.710729046428571,3.5103,2.79726062,176,2.5714285714285716,2.0,1.137592917989042,132.29999999999998,49.8,23.619906858410765,2.9071428571428575,1.54,0.992198983838127,12457.0,27787.694303520082,1000.342857142857,1777.395285241862,-4.949285714285714,0.5571117746123887,0.19293392184788097,0.31308803534143226,2.7857142857142856,1.9020113193205581,2.0,0.0,0.0,6.268531200942079,5.617534072318902,13.644269798006988,0.30982873961844337,2.453333333333333,3.44,1.9,1.54,0.6993965653015144,2.9071428571428575,0.77,1.42,0.1200000000000001,1.095,0.6499999999999999,28
-216.43081318,144.63734978159653,3.840585880486441,-6.023788655833333,-1.8707510703906252,2.868999999999999,1.32942344,63,1.6666666666666667,2.0,1.0540925533894598,126.5,195.0,84.72602905837142,2.936666666666667,2.13,1.1267850036472993,2498.0,4747.178530453642,446.9666666666667,732.4392928958533,-4.163333333333333,1.833242421988368,0.23333333333333364,0.2532017201977725,2.5,1.0801234497346432,1.8333333333333333,0.5270462766947298,0.0,6.460971489142616,3.8405858858522635,12.05311248179971,0.3336193316211312,2.433333333333333,3.44,1.31,2.13,0.8734732712313271,2.936666666666667,1.6849999999999998,2.13,1.2399999999999998,1.952,0.44500000000000006,12
-596.82207369,310.78841958057114,4.7193039159915315,-7.705289321818182,-1.7594720945454552,0.0,1.8408741100000001,15,2.8181818181818183,4.0,2.3287500774185546,125.0,69.1,41.55326979636176,3.080909090909091,1.3900000000000001,0.895452184867855,8497.818181818182,21504.724175077292,1127.7818181818182,2827.349357205845,-5.34509090909091,1.5097441963662381,0.10950672047904497,0.3012461734734407,2.8181818181818183,2.0380986614602725,2.1818181818181817,0.5883484054145521,0.18181818181818182,6.431763294913549,4.719303922585043,14.126746344571416,0.29311504688329193,2.5500000000000003,3.44,2.05,1.3900000000000001,0.6309252464964978,3.080909090909091,0.6950000000000001,1.2799999999999998,0.11000000000000032,1.1499999999999997,0.5849999999999997,22
-568.44082245,192.4727450330492,3.3479913884403762,-8.321325633333334,-2.4916120103333332,1.5242,1.0833397,2,3.2,7.0,3.38296385503074,107.49333333333334,141.0,70.44421486117514,2.8153333333333332,2.13,1.2795492551270922,6808.0,14241.517358296716,1132.3333333333333,2263.1114193287735,-5.021333333333334,1.4780511443063076,0.0694739764062705,0.46788789344170223,2.6,1.2692955176439846,2.2,0.7817359599705715,0.26666666666666666,5.932269024695151,3.3479913931179777,12.831516335536612,0.334639237222072,2.1266666666666665,3.44,1.31,2.13,0.9378106892592389,2.8153333333333332,1.97,2.13,1.81,1.874,0.15999999999999992,15
-467.0352588,145.26917584693376,8.444817808315447,-5.373882152000002,-1.4350966490000021,0.766999999999999,3.24372955,146,1.8,3.0,1.3093073414159542,102.83999999999999,141.0,73.38769846312314,2.806,1.75,1.0469547677499185,3573.2,5818.967164123102,629.52,944.7410771513762,-3.9880000000000004,2.112148533737963,0.14293993426882393,0.3189610252611183,3.4,2.32992949004287,2.2,0.5345224838248488,0.0,6.02424327577079,8.444817820114011,14.526917584693376,0.48833693243678233,2.3833333333333333,3.44,1.69,1.75,0.7592247507966413,2.806,1.585,1.75,1.42,1.585,0.16500000000000004,10
-428.35037204,274.3952424960578,6.578634886198346,-9.106083307727273,-2.433770533484848,2.4069000000000003,1.33500756,13,3.272727272727273,6.0,3.2581259360842107,117.52727272727272,133.4,64.26307708881576,3.070909090909091,1.9,0.9696073749402185,8225.09090909091,20854.35778846308,1448.8727272727274,3489.9893259700116,-5.905618181818183,2.765785861962341,0.11949052180514474,0.30386592950422164,2.909090909090909,2.3858557568108956,2.272727272727273,0.6793662204867574,0.2727272727272727,6.367510008934418,6.578634895389596,12.472511022548082,0.2867707095655833,2.4466666666666668,3.44,1.54,1.9,0.7780888266915431,3.070909090909091,1.49,1.9,1.08,1.3533333333333335,0.4099999999999999,22
-420.99784699,101.20389607996164,4.362174680499507,-7.271209453333333,-1.314804237777778,0.0,0.98915905,12,2.6666666666666665,4.0,1.7748239349298849,115.30000000000001,77.3,51.72077435615209,2.8955555555555557,1.78,1.098981346520495,6025.777777777777,11798.0099084549,1098.3555555555556,2031.2950986993494,-5.17,1.0847396000884266,0.1376542303008336,0.19741211791442875,2.6666666666666665,1.3416407864998738,2.3333333333333335,0.6708203932499369,0.3333333333333333,6.142950839891964,4.362174686594064,11.24487734221795,0.3708819846014954,2.3266666666666667,3.44,1.66,1.78,0.7923523346480542,2.8955555555555557,1.67,1.78,1.56,1.6333333333333333,0.10999999999999999,9
-483.56209726,712.3421241026122,3.914502711049547,-6.253934907083334,-1.317815093330191,0.9701000000000001,1.0696916,14,2.25,3.0,1.1892374507581378,142.75,195.0,70.01091751597441,3.06,1.89,0.8501025148264683,2598.0,5572.1607606795715,494.1333333333334,956.4150300545708,-4.7775,1.323555277058186,0.13361851451240037,0.19611636128189885,2.6666666666666665,1.3522468075656264,2.0833333333333335,0.3964124835860459,0.08333333333333333,6.682020302767649,3.9145027165186415,14.84046091880442,0.21250546569371132,2.513333333333333,3.44,1.55,1.89,0.772024754928378,3.06,1.4449999999999998,1.89,0.9999999999999998,1.647272727272727,0.44500000000000006,48
-480.85461677,52.72603186622967,5.7685415583261666,-5.999577614999999,-2.077688422499998,0.0,2.93997034,123,1.25,2.0,1.0488088481701516,101.3575,135.97,71.30915698562143,2.4325,2.49,1.3433502893884381,5386.0,6918.745088525809,1258.85,1631.745542662826,-3.4225000000000003,1.9889167906174456,0.2574908570900408,0.2064870457615221,3.25,1.6431676725154984,2.0,0.8944271909999159,0.25,5.20051569712223,5.768541566385609,13.181507966557412,0.8653386589496591,2.0966666666666662,3.44,0.95,2.49,1.0260062811157098,2.4325,2.015,2.49,1.54,2.015,0.4750000000000001,4
-402.8276189,106.73201586127794,6.675514790407871,-6.258894721666668,-2.2819422708333352,0.0,2.51228166,71,1.0,2.0,1.2792042981336627,84.10000000000001,127.05,74.73413787310564,2.3833333333333333,2.55,1.4625631299506046,5561.0,7772.144772431633,1298.7666666666667,1614.7248282320709,-3.611666666666667,1.8053619632034508,0.2472661741561799,0.3473269294216599,3.8333333333333335,2.3836564731139807,1.8333333333333333,0.8790490729915326,0.16666666666666666,4.8902054502105825,6.675514799734477,17.78866931021299,0.9132022035853294,2.1766666666666667,3.44,0.89,2.55,1.0411638786580246,2.3833333333333333,1.8949999999999998,2.55,1.2399999999999998,2.1133333333333333,0.655,6
-756.43024956,246.45962658047478,5.879186348764755,-9.941745230625001,-3.977348098750001,4.3829,0.9005326300000001,63,4.5,7.0,4.445751441809691,95.525,141.0,81.39535324213395,2.6174999999999997,2.2199999999999998,1.4571810013132327,6176.25,11933.619415455698,1568.125,2665.4075982306877,-5.50375,1.386114968493722,0.4008827009644449,0.30345326643563547,3.25,2.2491828581535485,2.375,0.6642111641550714,0.0,5.538460678788336,5.8791863569787814,15.403726661279673,0.5597709811600562,1.9866666666666666,3.44,1.22,2.2199999999999998,1.0281807018007854,2.6174999999999997,2.1799999999999997,2.2199999999999998,2.1399999999999997,2.193333333333333,0.040000000000000036,16
-349.06154708,50.341839826723714,9.364630130936447,-6.95805223375,-1.375097408232759,0.0,3.51621842,12,2.5,4.0,1.8973665961010275,126.2,222.8,101.38260205774954,2.7424999999999997,1.89,0.987132209990131,6536.0,7992.781343187114,1410.8500000000001,1707.9201608974583,-4.48,2.759739118105188,-0.20672970863681348,0.7807732447505409,3.5,2.0976176963403033,2.5,0.6324555320336759,0.25,5.908653531429858,9.364630144020113,12.585459956680928,0.468985489441128,2.51,3.44,1.55,1.89,0.7718808198161164,2.7424999999999997,1.395,1.89,0.8999999999999999,1.395,0.495,4
-797.02951593,279.9606126403276,3.862627485790029,-9.096826397083333,-2.9682860459722233,0.7223,2.59770992,20,3.8333333333333335,6.0,3.6893239368631088,103.7,133.4,76.63763218332535,2.8216666666666668,1.9,1.2372123683686824,7064.666666666667,13787.313556712601,1266.8,2353.709888665126,-5.25,0.5450382249591916,0.0868738585633501,0.35281191017902175,2.6666666666666665,1.3333333333333333,2.3333333333333335,0.6666666666666667,0.3333333333333333,5.862037370677258,3.8626274911866467,11.665025526680317,0.3631817993144235,2.203333333333333,3.44,1.54,1.9,0.8752269546935939,2.8216666666666668,1.855,1.9,1.81,1.855,0.04499999999999993,24
-358.85168302,90.97581873262898,3.212488571796565,-6.75570838,-2.258839532449999,0.0,-0.4964514,221,3.2,8.0,3.909694909544003,100.2,111.4,67.24560527329223,2.472,2.62,1.5932536341892156,2879.2,5796.790639162821,982.32,1821.454502000295,-4.306,2.1703291389622383,0.3264773313775907,0.22896229714316907,3.0,1.6903085094570331,2.0,0.8451542547285166,0.0,5.0809638681509055,3.2124885762848505,18.195163746525797,0.7886227310406098,1.8266666666666669,3.44,0.82,2.62,1.152427389855382,2.472,2.42,2.62,2.2199999999999998,2.42,0.20000000000000018,5
-457.77249886,244.070745068559,7.427054837436873,-7.423576698125,-2.371655990416668,2.735999999999999,5.8104366800000005,36,3.0,6.0,2.6568446566202857,111.875,133.4,61.29871891953755,2.8475,1.9,1.066533692691918,5201.25,9344.799214158706,960.625,1685.9987492145244,-4.83,0.6617979076638395,0.06907688531810308,0.32205209440992466,3.25,2.3514701283890216,2.125,0.45374260648651504,0.125,5.878313834481256,7.427054847813483,15.254421566784938,0.4124419179084736,2.3333333333333335,3.44,1.54,1.9,0.8066942144056541,2.8475,1.66,1.9,1.42,1.5799999999999998,0.24,16
-239.06815854,231.2664114031107,4.211510356863677,-7.371135546666666,-1.9725945233333322,0.6980000000000001,0.68334754,2,2.888888888888889,4.0,1.949358868961793,127.58888888888889,76.7,34.31090205750936,2.9244444444444446,1.78,1.0463531908490555,9492.444444444445,19162.85776704508,1074.5777777777778,1981.8623988561872,-5.09,1.1791946404220128,0.19474519456666536,0.07821043910585293,2.6666666666666665,1.3416407864998738,2.111111111111111,0.4472135954999579,0.1111111111111111,6.234772254777198,4.211510362747732,12.848133966839482,0.28785134825969916,2.3699999999999997,3.44,1.66,1.78,0.7699783546741212,2.9244444444444446,1.065,1.78,0.34999999999999987,1.4224999999999999,0.7150000000000001,18
-551.65002401,221.95322019035157,4.401037268478458,-8.249443630666667,-2.906843370333334,0.0,0.74889645,1,4.0,7.0,4.409585518440984,109.82666666666667,111.4,70.26456880697148,2.752666666666667,2.2199999999999998,1.4275120807687551,5308.0,12410.512345051138,1228.7333333333333,2330.3775723323524,-5.074000000000001,0.4321393808072166,0.34147169672826777,0.28499712717314235,2.933333333333333,1.9340994650588013,2.2666666666666666,0.6382847385042254,0.0,5.832263331586488,4.401037274627308,14.796881346023438,0.5178799186141104,2.223333333333333,3.44,1.22,2.2199999999999998,0.9187793835059402,2.752666666666667,1.505,2.2199999999999998,0.7899999999999998,2.0899999999999994,0.7150000000000001,15
-770.94031214,119.04767656779394,3.9041939351455763,-8.749709781666667,-3.230934103888889,2.5681000000000003,4.04530504,141,3.3333333333333335,6.0,3.1269438398822857,117.53333333333335,133.4,69.63287856880382,2.8666666666666667,1.9,1.1560469040849701,11631.333333333334,26192.872092316342,1182.3,2189.9066509785293,-5.158333333333334,0.3421906551097566,0.23340682126399193,0.15284066945875346,2.5,1.0801234497346432,2.1666666666666665,0.5270462766947298,0.16666666666666666,6.133143722845853,3.9041939406002686,9.920639713982828,0.34756553706713544,2.2933333333333334,3.44,1.54,1.9,0.8240280469876144,2.8666666666666667,1.13,1.9,0.3599999999999999,1.5919999999999999,0.77,12
-284.84492245,365.86870220224085,3.134704078564414,-4.064742003999999,-1.455311590972413,1.3896,0.27351891,147,1.28,2.0,0.810541019434579,80.32799999999999,141.0,64.16053992697482,1.8944,2.51,1.585829692606835,2039.92,2262.4287834095467,763.0319999999999,681.4443948377696,-2.5580000000000003,2.4612343282598372,0.20374173124735148,0.0707954482388078,2.8,1.0783277320343843,1.52,0.8626621856275074,0.0,4.189956004803255,3.1347040829440234,14.634748088089633,1.04230400346025,2.02,3.44,0.93,2.51,1.0509360906671092,1.8944,2.13,2.51,1.75,2.415,0.3799999999999999,25
-371.30899522,45.97085781258352,5.435675009466814,-7.329014053750001,-1.539728060732759,0.17869999999999903,3.72212939,12,2.5,4.0,1.8973665961010275,100.1,141.0,74.02842697234624,2.5825,1.89,1.0958968929602821,6686.0,8176.507420653393,1428.6,1736.690673666442,-4.745,2.230865302971025,0.1227103804627242,0.14081478959865704,3.0,1.2649110640673518,2.5,0.6324555320336759,0.5,5.546133991606356,5.435675017061193,11.492714453145881,0.5135773730121755,2.296666666666667,3.44,1.55,1.89,0.8209885640020951,2.5825,1.7149999999999999,1.89,1.54,1.7149999999999999,0.17499999999999993,4
-543.13290069,35.06364171960439,4.306529701448667,-7.77309494,-2.408621853333333,3.1156,2.86844198,166,2.75,5.0,2.4289915602982237,101.475,81.4,50.03977418014594,2.38,2.46,1.3748599928720016,5986.0,10696.163499124348,1184.85,1506.80522828931,-4.782500000000001,2.4425130501186683,0.18365653234320162,0.08559154960128854,2.5,1.0954451150103324,2.0,0.8944271909999159,0.25,5.019713198890718,4.306529707465478,8.765910429901096,0.7436092473500973,2.026666666666667,3.44,0.98,2.46,1.0372185026416672,2.38,2.12,2.46,1.78,2.12,0.33999999999999997,4
-571.1881176,161.0288658479818,6.514222153939238,-5.860100102142857,-2.030379208571428,1.5793,1.5750321,227,2.5714285714285716,5.0,2.220038609702865,88.82857142857142,141.0,80.56179970326241,2.724285714285714,1.75,1.0943687025599997,2624.0,3680.5469702205946,907.8285714285714,1379.8671271435626,-3.847142857142857,1.9485085871726904,0.37000000000000016,0.24849547279578313,3.0,1.5811388300841898,2.142857142857143,0.46291004988627577,0.0,5.457326676970365,6.514222163040496,11.502061846284414,0.46728504013850164,2.313333333333333,3.44,1.69,1.75,0.7981784818503246,2.724285714285714,1.69,1.75,1.63,1.67,0.06000000000000005,14
-280.54391073,120.75560586356808,4.210744562000371,-7.575120867500001,-3.040215971111112,3.7336,1.16496928,15,2.6666666666666665,7.0,3.104249287084341,97.21666666666665,99.9,56.56062314816811,2.268333333333333,2.46,1.5062128909046266,4611.0,9509.515703183359,1363.7666666666667,2089.116276410587,-4.215,2.2511905940877353,0.30489599718519006,0.24085886309323196,2.5,1.4301938838683885,1.8333333333333333,0.8790490729915326,0.0,4.889387505367929,4.210744567883357,10.062967155297335,0.7263094402794062,1.9166666666666667,3.44,0.98,2.46,1.0865950896672083,2.268333333333333,2.285,2.46,2.11,2.3433333333333333,0.17500000000000004,12
-379.95572154,87.85832335519181,6.30693839740901,-6.425985976249988,-2.304877096666654,1.4090999999999991,4.20479798,194,2.5,4.0,1.8973665961010275,112.52499999999999,98.5,51.7536761979282,2.605,1.8299999999999998,1.065851772058385,5611.0,6821.884900817368,1351.8500000000001,1603.8413125992233,-3.6075000000000004,2.212299708448202,0.2657476036460112,0.37704328011772054,3.0,1.5491933384829668,2.25,0.5477225575051661,0.25,5.3363182379301755,6.306938406220665,10.982290419398973,0.6179966081583991,2.3266666666666667,3.44,1.61,1.8299999999999998,0.7980114173507933,2.605,1.67,1.8299999999999998,1.51,1.67,0.15999999999999992,8
-682.45525166,72.50319461578196,8.332451498508037,-9.130724048000001,-3.786714650999999,3.5394,2.43655296,221,2.8,8.0,3.625307868699863,87.39,141.0,87.93776614336821,2.502,2.55,1.5449086889337043,6833.2,13105.815786457988,1457.92,2518.827638860133,-5.004,2.6158527699940826,0.38956099851022724,0.27281313127520435,3.6,2.618614682831909,2.0,0.8451542547285166,0.0,5.231384675441069,8.332451510149609,14.500638923156393,0.8267585358921078,1.8766666666666667,3.44,0.89,2.55,1.118043926785626,2.502,2.3449999999999998,2.55,2.1399999999999997,2.3449999999999998,0.20500000000000007,5
-451.3959267,338.74942397432324,5.961558621670344,-4.9446807660714285,-1.072082281547618,0.44809999999999905,1.95260472,57,1.4285714285714286,2.0,0.9636241116594315,116.45714285714287,141.0,63.51940086079438,2.704285714285714,2.13,1.1519734619959165,4598.285714285715,6768.631978261403,941.9714285714286,1372.7337646358922,-3.2742857142857145,2.642610992398022,0.17656868988115562,0.2842740624969128,3.0,1.7320508075688772,2.142857142857143,0.8451542547285167,0.2857142857142857,5.8816562386090965,5.961558629999455,12.098193713368687,0.6148598031522742,2.2266666666666666,3.44,1.31,2.13,0.8945141449723171,2.704285714285714,1.8199999999999998,2.13,1.51,1.7166666666666668,0.30999999999999994,28
-399.61491013,208.0327443556739,7.0625547238901,-7.736518667857142,-3.005133088214286,2.1403,1.61815022,12,3.7142857142857144,9.0,4.511889056386788,89.02857142857144,141.0,80.30210813813403,2.6,2.2199999999999998,1.3220438721918422,3711.1428571428573,6499.099300232742,1172.6685714285716,2052.61990669764,-4.458571428571429,2.2689912799681338,0.34587738672899426,0.27048761447600267,3.4285714285714284,2.220038609702865,2.4285714285714284,0.6546536707079772,0.0,5.6313054201009525,7.062554733757455,14.859481739690992,0.6404215916397025,2.22,3.44,1.22,2.2199999999999998,0.9195651146058119,2.6,1.8299999999999998,2.2199999999999998,1.44,1.9599999999999997,0.3899999999999999,14
-115.82947354,60.89549963874947,8.463478774783361,-4.029493814,-0.153992088999999,0.0,1.765393309999999,221,1.4,2.0,1.0690449676496976,129.16,222.8,96.12364061829061,2.902,1.79,0.9574668961080885,4103.2,6714.565744920303,915.9200000000001,1582.5952790094052,-3.442,2.5366794943671653,-0.028068201739210763,0.8298279379435546,3.2,2.138089935299395,2.4,0.6546536707079771,0.0,6.501114330258613,8.463478786608,12.179099927749885,0.3830549973525639,2.543333333333333,3.44,1.65,1.79,0.7307682411149394,2.902,1.345,1.79,0.8999999999999999,1.345,0.44500000000000006,5
-244.78010559,1143.4218809585366,7.6063421192978655,-5.786155197777778,-0.729964483777778,0.0,3.12187007,10,1.0666666666666667,2.0,1.4142135623730951,100.26,87.3,61.730421997585594,2.8613333333333335,1.2399999999999998,0.8768124086713187,7911.733333333334,11651.70554039193,1558.24,2224.416512256641,-3.9866666666666664,1.5202795795510775,-0.0067887491614805565,0.35878913623020775,3.4,2.1213203435596424,2.466666666666667,0.7071067811865476,0.4666666666666667,5.893338778091887,7.606342129924962,12.704687566205962,0.46017929088723336,2.8200000000000003,3.44,2.2,1.2399999999999998,0.6199999999999999,2.8613333333333335,1.2399999999999998,1.2399999999999998,1.2399999999999998,1.2399999999999998,0.0,90
-370.70607851,530.2832053108352,9.059702715040165,-6.016581272727273,-1.5650850475757592,0.0,4.2287404,197,2.303030303030303,3.0,0.8869975794117778,118.61818181818182,141.0,44.816596846940264,2.869393939393939,1.79,1.0051894758466888,4320.909090909091,7242.151157104699,758.4242424242424,1182.9421247838945,-4.53909090909091,1.0305563174952703,0.03413321382210394,0.3874211785083333,3.515151515151515,2.700762419587999,2.0303030303030303,0.24253562503633297,0.0,5.963991192071867,9.059702727697806,16.06918803972228,0.441818602180898,2.3699999999999997,3.44,1.65,1.79,0.7715352659902636,2.869393939393939,1.605,1.79,1.42,1.4484615384615382,0.18500000000000005,33
-596.34881893,340.7499251449973,4.307164729492065,-6.479688882857142,-1.452539285321428,0.26430000000000003,2.08314511,59,2.142857142857143,2.0,0.8451542547285167,105.68571428571428,92.6,54.30388699584167,2.62,2.62,1.3252169633686404,5088.285714285715,9344.40307655566,1113.257142857143,1795.9800873856354,-4.3342857142857145,1.7684436256615186,0.14090153148502457,0.2061758747976668,2.857142857142857,1.3093073414159544,2.142857142857143,0.8451542547285167,0.2857142857142857,5.44954948614994,4.307164735509763,12.169640183749904,0.8080218031849988,2.0466666666666664,3.44,0.82,2.62,1.076083433361724,2.62,2.09,2.62,1.56,1.9133333333333333,0.53,28
-327.04248216,42.81809943999384,6.33803315723255,-5.602706964,-0.8500714260000001,0.0,3.91066914,221,1.2,2.0,1.3093073414159544,95.34,141.0,78.09817996781817,2.818,1.8699999999999999,1.0522221384153767,5063.2,8743.576842459841,1249.72,1909.1572306723644,-4.312,1.174381296075269,0.15307725506713749,0.29456463661836646,2.6,1.6035674514745464,2.0,0.8451542547285166,0.2,6.162265555634596,6.338033166087647,8.563619887998767,0.4450787140180929,2.4033333333333338,3.44,1.57,1.8699999999999999,0.7768454729795937,2.818,1.5549999999999997,1.8699999999999999,1.2399999999999998,1.5549999999999997,0.31500000000000006,5
-437.18451803,115.40065872957562,3.761738403233878,-7.769822293333334,-1.9970684222222221,0.523699999999999,1.1243986,2,3.0,6.0,3.0740852297878796,118.39999999999999,90.4,52.51765417457257,2.8666666666666667,1.81,1.1585400295199126,6670.222222222223,13509.654244280273,1233.4666666666667,2308.2780634057067,-4.878888888888889,1.542251600744833,0.059274907861013845,0.39619137155460593,2.6666666666666665,1.3416407864998738,2.3333333333333335,0.6708203932499369,0.3333333333333333,6.050795185296569,3.7617384084895433,12.822295414397281,0.314960560934753,2.3233333333333333,3.44,1.63,1.81,0.7972591938775132,2.8666666666666667,1.675,1.81,1.54,1.72,0.135,9
-458.67572513,208.0327443556739,7.0625547238901,-7.736518667857142,-3.005133088214286,2.1403,1.61815022,12,3.7142857142857144,9.0,4.511889056386788,89.02857142857144,141.0,80.30210813813403,2.6,2.2199999999999998,1.3220438721918422,3711.1428571428573,6499.099300232742,1172.6685714285716,2052.61990669764,-4.458571428571429,2.2689912799681338,0.34587738672899426,0.27048761447600267,3.4285714285714284,2.220038609702865,2.4285714285714284,0.6546536707079772,0.0,5.6313054201009525,7.062554733757455,14.859481739690992,0.6404215916397025,2.22,3.44,1.22,2.2199999999999998,0.9195651146058119,2.6,1.8299999999999998,2.2199999999999998,1.44,1.9599999999999997,0.3899999999999999,14
-499.1869332,147.4242919480222,4.4064841739362635,-6.40211763125,-2.594193788125,3.2945,5.06981207,221,1.25,2.0,1.2565617248750864,84.5,141.0,85.77326291787521,2.45,2.13,1.3067275317009521,5523.5,7664.47331249152,954.475,1335.2127332967937,-3.52875,2.0734455179216726,0.3314017565663999,0.2280714238479636,2.625,0.9032106474595007,1.75,0.8583950752789521,0.125,5.4641681483785725,4.406484180092723,9.214018246751387,0.7642785258261473,2.22,3.44,1.31,2.13,0.8967719888578144,2.45,1.83,2.13,1.53,1.98,0.29999999999999993,16
-249.12279437,422.2454330523813,4.686678708269582,-4.181844761250001,-1.316017036939655,1.9715,0.72418833,136,1.3333333333333333,1.0,0.6030226891555273,110.53333333333335,170.0,81.67505460943718,2.035,2.51,1.4646889213630434,3457.3333333333335,5348.992564450379,1129.5666666666666,1296.1897960070228,-2.44,2.3095572184846485,-0.050406479502302516,0.6931450241912517,3.1666666666666665,1.7188791273808215,1.6666666666666667,0.9534625892455924,0.0,4.427728839517485,4.6866787148175115,17.593559710515887,0.8090330296684785,2.3033333333333332,3.44,0.93,2.51,1.0382784897233603,2.035,1.7049999999999998,2.51,0.8999999999999999,2.1075,0.8049999999999999,24
-263.29127424,294.4862930428952,6.963144261146589,-8.282973273181819,-1.9530687513636371,0.0,3.36417993,13,2.8181818181818183,4.0,2.3287500774185546,126.21818181818183,62.400000000000006,37.96283607789233,3.117272727272727,1.3900000000000001,0.8123020468918045,8316.0,20964.92878044738,1294.3272727272727,3349.2397695366863,-5.7738000000000005,2.873984551708923,0.09954126593359063,0.328249944251573,3.0,2.5191573682788944,2.1818181818181817,0.5883484054145521,0.18181818181818182,6.567998220288633,6.963144270875051,13.385740592858873,0.2758720549769267,2.6166666666666667,3.44,2.05,1.3900000000000001,0.595781466273965,3.117272727272727,0.6950000000000001,1.08,0.31000000000000005,0.9944444444444446,0.385,22
-198.97917942,289.0372280681903,6.826443674238326,-6.412126172499998,-2.264222731499998,0.665299999999999,4.01088681,14,1.8,3.0,1.3093073414159542,103.31400000000001,138.63,72.20294790182936,2.668,2.44,1.3349799356437642,4021.2,6297.369201273089,772.92,1117.8741764106164,-4.192,1.5861543790834847,0.13093993426882394,0.3064159007740049,3.2,2.138089935299395,1.8,0.5345224838248488,0.0,5.580946415913826,6.8264436837758,14.451861403409515,0.6130787442421691,2.1533333333333333,3.44,1.0,2.44,1.0005776109605669,2.668,1.93,2.44,1.42,1.93,0.51,20
-374.17312067,119.04414777961351,5.810462306526291,-7.411338015,-2.671460970666666,2.9057,1.77877982,148,2.8,8.0,3.625307868699863,86.12,141.0,89.8758826700149,2.71,1.9,1.1964232409262918,5133.2,9594.997595473531,974.1200000000001,1796.33150456304,-4.290000000000001,2.278219856441804,0.2186431479713174,0.126784102476904,3.0,1.6903085094570331,2.4,0.6546536707079771,0.2,5.816523977190286,5.810462314644299,11.904414777961351,0.5007706477712099,2.223333333333333,3.44,1.54,1.9,0.8624899355290407,2.71,1.825,1.9,1.75,1.825,0.07499999999999996,10
-419.27120523,447.8557103265806,3.641838872596811,-7.8335523,-3.441226473,4.6251,1.079017,15,2.0,4.0,1.6903085094570331,112.326,135.97,71.79238300225768,2.634,2.49,1.3788608134460645,11773.2,25988.642167575545,1019.7199999999999,1650.9972882213603,-4.414000000000001,1.8402367860064717,0.3259538536770865,0.16112685997107518,2.8,1.5583874449479593,1.8,0.5345224838248488,0.0,5.6726320097110525,3.6418388776849575,14.928523677552686,0.5600009532947455,2.0966666666666662,3.44,0.95,2.49,1.0260062811157098,2.634,1.7200000000000002,2.49,0.95,2.105,0.7700000000000001,30
-459.47685218,86.18009943056134,5.187719643290688,-5.4908233225,-2.077012358124999,1.5432000000000001,1.34843143,121,1.0,2.0,1.2977713690461004,70.5,141.0,91.49288151775006,2.535,1.8699999999999999,1.1749132106805076,3861.0,4728.604289461721,830.35,1143.6284987520617,-3.4400000000000004,2.2399624056995617,0.3203488422280719,0.12119949536101209,2.75,1.2565617248750864,2.25,0.8583950752789521,0.0,5.945582213413536,5.18771965053864,10.772512428820168,0.4570213698789032,2.22,3.44,1.57,1.8699999999999999,0.863288287113098,2.535,1.83,1.8699999999999999,1.79,1.81,0.039999999999999925,8
-463.49733262,50.24692203567436,7.042822187086094,-5.303599806,-0.14281950499999901,0.0,3.83850682,221,1.6,2.0,1.0690449676496976,117.74000000000001,87.3,45.34452242868717,2.886,1.53,0.914939498390077,6913.2,10953.08470575429,1338.52,2043.1524284091693,-4.292,1.1925482919242427,0.09876191800846224,0.26286836459510765,3.0,1.6903085094570331,2.4,0.6546536707079771,0.4,6.091607945049195,7.0428221969258775,10.049384407134871,0.4878780645973103,2.516666666666667,3.44,1.91,1.53,0.6635426805329774,2.886,1.3849999999999998,1.53,1.2399999999999998,1.3849999999999998,0.14500000000000013,5
-556.70908786,18.4427700910204,3.628903381952319,-6.32752468,-3.03830917,4.4292,2.7374354,225,1.0,2.0,1.4142135623730951,70.5,141.0,99.7020561473032,2.375,2.13,1.506137443927346,4461.0,5994.85129089955,726.6,900.0055110942377,-3.265,2.439518395093589,0.39000000000000024,0.22627416997969493,2.5,0.7071067811865476,1.5,0.7071067811865476,0.0,5.368947697209989,3.6289033870223943,9.2213850455102,0.8156012112687835,2.375,3.44,1.31,2.13,1.065,2.375,2.13,2.13,2.13,2.13,0.0,2
-695.81761717,177.7598523374402,5.584300088275423,-9.802915557857142,-3.7149481960714272,0.0757,6.29549598,1,4.214285714285714,7.0,4.214890997694837,104.5,111.4,69.3629172232129,2.6785714285714284,2.2199999999999998,1.4451876511162054,6957.0,13184.43709183564,1653.4857142857143,2988.2242996980867,-5.485,1.0126450513383252,0.4027540128566753,0.32836192910769646,3.0714285714285716,2.032892781536815,2.357142857142857,0.6776309271789385,0.0,5.71771918227609,5.584300096077452,12.697132309817158,0.5342385014336147,1.9966666666666668,3.44,1.22,2.2199999999999998,1.0215782996042067,2.6785714285714284,2.165,2.2199999999999998,2.11,2.132,0.05499999999999994,14
-520.11636651,350.3325692370048,4.371653066875919,-6.314044304166667,-2.150680372890625,3.5358,0.56288783,14,1.6666666666666667,2.0,1.0540925533894598,127.33833333333332,189.97,82.2273151763519,2.8766666666666665,2.49,1.3023227113294324,2381.3333333333335,4447.195570743931,495.6333333333334,859.3444698011257,-4.1866666666666665,1.7667421367527798,0.22709068010967814,0.23789379469388355,2.8333333333333335,1.7159383568311666,1.8333333333333333,0.5270462766947298,0.0,6.160822574853751,4.371653072983715,14.5971903848752,0.496671637155182,2.313333333333333,3.44,0.95,2.49,1.0302211197386488,2.8766666666666665,2.045,2.49,1.5999999999999999,2.3120000000000003,0.4450000000000002,24
-372.73928815,129.0402847064704,3.717626286838534,-6.516673679999999,-2.861165701874999,3.3716,1.6458389800000002,227,2.5,4.0,1.8973665961010275,92.85,98.5,60.93724640972876,2.3275,2.62,1.4508859362472295,3333.5,5474.880053480624,983.35,1395.2989916143422,-3.67,2.0817108348663607,0.3662359879119289,0.2599060293362273,3.0,1.5491933384829668,1.75,0.5477225575051662,0.0,4.542827039998401,3.7176262920325653,16.1300355883088,0.9973999059676059,1.9566666666666668,3.44,0.82,2.62,1.0973402186904275,2.3275,2.225,2.62,1.8299999999999998,2.225,0.39500000000000013,8
-135.36381079,496.23797729143234,4.612581661923943,-3.676572557272727,-1.255203589545454,1.291,2.119454,186,1.2727272727272727,2.0,0.8224783208299743,76.85454545454546,141.0,66.99836477372371,1.8518181818181816,2.62,1.6339099622396218,1848.0,2242.87601608502,651.5272727272727,566.7885475616624,-2.4209090909090913,2.5906568551578713,0.27087851908057164,0.04781180083030222,3.909090909090909,1.9250668437592438,1.5454545454545454,0.8744746321952063,0.0,3.7926004266466564,4.612581668368349,22.556271695065107,1.3920225204029373,1.9833333333333332,3.44,0.82,2.62,1.0895360888418928,1.8518181818181816,2.185,2.62,1.75,2.4957142857142856,0.43500000000000005,22
-256.65103275,245.0251966556528,4.332817169165875,-6.281656306153845,-1.84087453576923,2.145,2.43214599,8,2.1538461538461537,3.0,1.0660035817780522,118.52307692307691,141.0,53.0192760829836,2.8484615384615384,2.13,1.0676695096415285,6867.384615384615,12247.249858270594,732.6615384615385,1139.0702947420043,-4.4569230769230765,1.2883498960086326,0.13269966931368957,0.2995254283100227,3.0,1.8829377433825436,1.9230769230769231,0.3692744729379982,0.0,6.250397488342523,4.332817175219411,18.84809205043483,0.2957067254969634,2.2666666666666666,3.44,1.31,2.13,0.8829621861791264,2.8484615384615384,1.4349999999999998,2.13,0.7399999999999998,1.6666666666666667,0.6950000000000001,13
-738.62300859,131.89768341011103,3.582135921104363,-7.500496476428567,-3.370001377142852,5.1095,4.27532642,227,2.5714285714285716,5.0,2.220038609702865,92.71428571428571,141.0,75.77091884659406,2.6128571428571425,2.13,1.269403684525027,4426.857142857143,6474.714025676016,1043.9714285714285,1569.3714310421956,-4.14,1.5787653403846944,0.415714285714286,0.2920494087356745,2.4285714285714284,0.6546536707079772,1.8571428571428572,0.46291004988627577,0.0,5.362770892995718,3.582135926109096,9.421263100722216,0.5173516703769623,2.1199999999999997,3.44,1.31,2.13,0.9413819628609845,2.6128571428571425,1.98,2.13,1.8299999999999998,1.9299999999999997,0.15000000000000002,14
-505.98366462,877.9795561350725,3.8942734190538433,-6.858528091406249,-1.665833239658202,2.1989,0.30597816,14,2.625,5.0,2.3953506879020425,139.825,144.4,57.34020418862705,3.046875,1.81,0.9201385319791727,4015.125,10680.225108145227,701.6375,1700.5636688472675,-4.829375,1.0463547184016095,0.08850342644043949,0.3396879450514238,2.625,1.3428621256572062,2.125,0.47907013758040845,0.125,6.570787049493039,3.8942734244946746,13.718430564610507,0.22632159707029073,2.5399999999999996,3.44,1.63,1.81,0.7389632376963462,3.046875,1.365,1.81,0.9199999999999999,1.6192857142857144,0.44500000000000006,64
-567.91916195,205.11350744745477,5.303605185163235,-6.382639721538461,-1.913001807692306,1.4866000000000001,4.74754579,8,2.1538461538461537,3.0,1.0660035817780522,118.70538461538462,138.63,52.23807506372757,2.8246153846153845,2.44,1.1375112387057187,6855.076923076923,12243.855082151507,762.9692307692308,1179.8418576618262,-4.486923076923077,1.1595159648436382,0.11269966931368956,0.2586066730520231,3.076923076923077,1.9188064472004938,1.9230769230769231,0.3692744729379982,0.0,6.145632795940134,5.303605192573096,15.777962111342674,0.40342275421159546,2.1633333333333336,3.44,1.0,2.44,0.9993442294269221,2.8246153846153845,1.7449999999999999,2.44,1.0499999999999998,1.9766666666666666,0.6950000000000001,13
-778.28073625,136.51657937039403,10.24124328616322,-10.637514720833332,-4.019811040833332,4.0165,3.14741998,14,4.0,6.0,4.242640687119285,94.0,141.0,99.7020561473032,2.7266666666666666,2.1399999999999997,1.5132085117392116,8648.0,17874.245214833547,1685.4666666666665,3384.071633402579,-6.033333333333334,2.213244225113893,0.394101412946051,0.3481116656893388,3.3333333333333335,2.8284271247461903,2.3333333333333335,0.7071067811865476,0.0,5.78904241947543,10.241243300471636,11.376381614199502,0.5100651824885054,2.37,3.44,1.3,2.1399999999999997,1.0699999999999998,2.7266666666666666,2.1399999999999997,2.1399999999999997,2.1399999999999997,2.1399999999999997,0.0,12
-423.0444859,206.69485136007913,4.109464980895689,-8.368486169499999,-2.483645458833332,1.1511,3.34315826,1,3.4,6.0,3.231786571610886,105.74000000000001,90.4,58.8623063692811,2.651,2.46,1.3371258562886126,7273.2,13876.581135135555,1319.6200000000001,2188.787580678704,-4.971,1.5320338696575142,0.023112303918176848,0.4233380951290391,2.6,1.247219128924647,2.2,0.8164965809277259,0.3,5.525463565850545,4.109464986637173,10.334742568003957,0.4752581539460679,2.0166666666666666,3.44,0.98,2.46,1.0408436748885759,2.651,2.135,2.46,1.81,1.9725,0.32499999999999996,20
-602.39904773,429.2150130307963,4.424248673522434,-9.17908460343751,-3.781171346562509,4.7661,1.8924788700000001,15,4.0,7.0,4.058397249567139,112.225,111.4,65.53072920842736,2.6925,2.2199999999999998,1.3511084773796138,9263.75,22195.229521890775,1355.25,2247.3383315537044,-5.166250000000001,0.31308239847569547,0.3639978195755964,0.2556903810878634,2.875,1.7405205441780578,2.25,0.5940885257860046,0.0,5.77496003571474,4.424248679703713,13.412969157212384,0.5494423106597001,2.186666666666667,3.44,1.22,2.2199999999999998,0.9287027990099357,2.6925,1.4499999999999997,2.2199999999999998,0.6799999999999999,1.963333333333333,0.7699999999999998,32
-544.72363182,292.24409274965086,3.7766501879135452,-7.3091183925,-3.094281680416666,3.0642,2.24542929,15,2.8333333333333335,5.0,2.2072142786315223,96.41666666666667,141.0,73.20983190241245,2.6841666666666666,1.8299999999999998,1.2154576008595195,4221.166666666667,6612.063702828067,1069.95,1690.79372576223,-4.233333333333333,1.5701967866219664,0.4033333333333336,0.3074126934636304,2.5833333333333335,1.1712364713391024,2.0833333333333335,0.3755338080994054,0.0,5.434808472718489,3.7766501931900405,12.176837197902122,0.37404968479688755,2.2466666666666666,3.44,1.61,1.8299999999999998,0.8444459064314829,2.6841666666666666,1.79,1.8299999999999998,1.75,1.8139999999999998,0.039999999999999925,24
-178.33184618,44.99835105523658,10.298631066389376,-8.059527845625,-1.654502145625,0.0,5.39406436,166,3.0,4.0,2.1908902300206647,137.9,141.0,63.178920535254484,2.705,1.78,0.970175241902204,10236.0,12668.792902246054,1805.6,2230.358414246464,-5.1975,1.7063030211542145,0.02370640413825953,0.34374453699409124,3.5,2.0976176963403033,2.5,0.6324555320336759,0.5,5.857897431407857,10.298631080777971,11.249587763809146,0.524676834524926,2.4599999999999995,3.44,1.66,1.78,0.7377443098165289,2.705,1.4700000000000002,1.78,1.1600000000000001,1.4700000000000002,0.30999999999999994,4
-662.44007063,166.76267335128563,7.5425780684696875,-6.191114895,-1.618531182,2.1066,5.16892608,148,2.4,1.0,0.6546536707079771,123.48,49.8,29.118771559646145,2.878,1.42,0.9198757680096962,6253.2,10548.10918736488,793.52,1151.1185814551984,-4.63,0.589733596029355,0.03969471932272199,0.3186315931523145,3.4,2.32992949004287,2.0,0.0,0.0,6.117655658253024,7.542578079007699,16.676267335128564,0.39147455019282223,2.5033333333333334,3.44,2.02,1.42,0.6624365797736582,2.878,0.7249999999999999,1.42,0.029999999999999805,1.0724999999999998,0.6950000000000001,10
-510.81994805,97.87661227405519,3.809338567841949,-6.0955405075,-2.798580238125,0.0,5.46127876,123,1.0,2.0,1.2977713690461004,71.12875,141.0,90.69893318875889,2.33,2.49,1.4476114628478254,4373.5,5394.873160793739,763.1,880.9448611695584,-3.2825,2.216642791059916,0.38531801008225863,0.2021160080993673,2.75,1.2565617248750864,1.5,0.6488856845230502,0.0,5.18077618933,3.809338573164115,12.234576534256899,0.8126654095461909,1.8999999999999997,3.44,0.95,2.49,1.0988175462741756,2.33,2.31,2.49,2.13,2.2199999999999998,0.18000000000000016,8
-219.56797161,113.6752137295987,8.296037245622959,-6.9964094160000005,-2.5005107850000012,2.977899999999999,6.43632044,161,2.8,3.0,1.558387444947959,111.34,98.5,52.72472989838016,2.79,1.8299999999999998,1.0778285047790699,4453.2,6925.442244775008,979.9200000000001,1511.0338334115108,-4.554,0.7262722826677532,0.216939934268824,0.4422368581673405,3.0,2.0701966780270626,2.0,0.0,0.0,5.632444360845702,8.296037257213657,11.36752137295987,0.4935614489709231,2.356666666666667,3.44,1.61,1.8299999999999998,0.784106001904221,2.79,1.625,1.8299999999999998,1.42,1.625,0.20499999999999996,10
-492.59616081,840.7028806386957,3.450398344770684,-6.027166641730769,-1.143366281117789,0.6845,-0.12929218,14,2.1538461538461537,2.0,0.7844645405527362,143.82307692307694,179.3,63.69783235051132,3.1107692307692307,1.6099999999999999,0.7702047679775714,2461.3846153846152,5767.78656385219,524.6,1229.553122073219,-4.719230769230769,1.0729470558305219,0.1313742833762286,0.21968736111951445,2.6153846153846154,1.3587324409735149,2.076923076923077,0.3922322702763681,0.07692307692307693,6.786804897698466,3.450398349591361,16.167363089205686,0.18436443257439036,2.606666666666667,3.44,1.83,1.6099999999999999,0.6584999789082928,3.1107692307692307,1.1649999999999998,1.6099999999999999,0.7199999999999998,1.3875,0.44500000000000006,52
-300.47625554,682.38276178496,5.408113280673483,-5.454331520357142,-1.959947816785713,2.4379,1.4742284300000001,2,1.7142857142857142,2.0,0.8944271909999159,99.0,81.4,48.32854229127959,2.182857142857143,2.46,1.4578340097555689,2938.0,4467.454935419047,993.2285714285715,1003.7748432791091,-3.5157142857142856,1.8733819685264403,0.1408317264539711,0.24358302714518898,2.5714285714285716,1.7888543819998317,1.5714285714285714,0.6324555320336759,0.0,4.661980110123686,5.408113288229355,12.185406460445716,0.6821013144413773,2.1466666666666665,3.44,0.98,2.46,1.0082768579225758,2.182857142857143,1.94,2.46,1.42,2.1999999999999997,0.52,56
-346.39861209,49.523897122439884,5.572820739004825,-8.373685417999999,-2.946253523,0.0,8.6510505,221,3.8,6.0,3.2071349029490928,101.32000000000001,99.9,64.94433880529651,2.652,2.11,1.2950841119953782,6473.2,11118.296709221502,1548.92,2517.441323475655,-5.062,1.2143016805673008,0.4270588747777377,0.3225210492369043,2.8,1.558387444947959,2.2,0.5345224838248488,0.0,5.462178162465365,5.572820746790818,9.904779424487977,0.534976033484835,2.126666666666667,3.44,1.33,2.11,0.9356756323047474,2.652,1.9699999999999998,2.11,1.8299999999999998,1.97,0.14,5
-564.34333617,112.58150624819807,3.321847881193346,-5.852826163333333,-2.010695488333333,3.734,3.2989026,205,1.3333333333333333,2.0,1.4142135623730951,94.0,141.0,99.7020561473032,2.73,2.13,1.5061374439273463,3048.0,5994.85129089955,514.4666666666667,900.0055110942377,-3.8400000000000003,2.439518395093589,0.336666666666667,0.22627416997969493,2.3333333333333335,0.7071067811865476,1.6666666666666667,0.7071067811865475,0.0,6.0124027754961915,3.321847885834422,9.38179218734984,0.5665841519109013,2.375,3.44,1.31,2.13,1.065,2.73,2.13,2.13,2.13,2.13,0.0,12
-432.02454968,131.64008058050916,6.865742059611087,-8.2924053525,-2.562331308333333,3.6767000000000003,2.17770549,13,2.3333333333333335,6.0,2.5385910352879693,107.10000000000001,141.0,75.0099993334222,2.905,2.13,1.1526708116370432,7431.333333333333,17977.197087174383,1258.6333333333334,2963.7223190515747,-5.205983333333333,3.373730576495073,0.19676500000000055,0.34907466094900985,2.8333333333333335,2.068278940998476,2.0,0.816496580927726,0.16666666666666666,6.1543936869586044,6.865742069203465,10.97000671504243,0.4263485141370502,2.3699999999999997,3.44,1.31,2.13,0.8695976080923866,2.905,1.605,2.13,1.08,1.605,0.5249999999999999,12
-718.1158213,269.7160781941889,6.053607445196198,-4.433393517142856,-1.518546462142857,0.2841,2.9505883600000002,107,1.1428571428571428,3.0,1.7928429140015905,54.17142857142857,127.05,64.71569416631928,1.577142857142857,2.55,1.1990770260019639,7717.428571428572,4380.592360465811,1762.314285714286,920.1641903176069,-2.9757142857142855,1.6418565275756762,0.24591462250573834,0.4970580513433419,5.428571428571429,1.851640199545103,1.4285714285714286,0.6546536707079772,0.0,3.5108431115100034,6.053607453653915,38.530868313455564,0.7479658639503615,2.1166666666666667,3.44,0.89,2.55,1.0432747587391455,1.577142857142857,1.9849999999999999,2.55,1.42,2.1733333333333333,0.565,7
-357.8205594,513.769596820174,8.357718782720852,-6.051434512121212,-1.348405020000001,0.0,3.95282549,5,2.303030303030303,1.0,0.6297235299224025,123.27272727272727,49.8,31.057432893448137,2.87060606060606,1.53,0.9685547356045857,5001.212121212121,8437.374350533139,900.969696969697,1462.104491996807,-4.586363636363637,0.7019173249282875,0.048201177910145,0.34229837950364117,3.393939393939394,2.4774848202325597,2.090909090909091,0.3939192985791677,0.09090909090909091,5.976362035457043,8.357718794397726,15.568775661217394,0.42934888700749635,2.4566666666666666,3.44,1.91,1.53,0.6967703272161415,2.87060606060606,1.475,1.53,1.42,1.4453846153846155,0.05500000000000005,33
-634.06174753,313.0478282594146,5.107009033159965,-7.4171439604166665,-1.9033338684051722,1.6205999999999992,3.2008841,20,2.6666666666666665,3.0,1.5634719199411433,111.2,141.0,72.98767019161524,2.893333333333333,1.89,1.1122249972215354,5631.333333333333,11139.354339956653,759.1333333333333,1351.7888954188734,-5.175,1.2209217829164978,0.12119934990304874,0.22494576697933263,2.8333333333333335,1.7159383568311666,2.1666666666666665,0.5270462766947298,0.16666666666666666,6.2279290630562985,5.1070090402951545,13.043659510808938,0.3562804540375874,2.3466666666666662,3.44,1.55,1.89,0.7995971207774297,2.893333333333333,1.1949999999999998,1.89,0.4999999999999998,1.6119999999999997,0.6950000000000001,24
-509.64981675,288.15518091953794,4.615019278568875,-12.131000175199999,-2.739930981399999,0.0,3.90420099,2,3.52,7.0,3.4678978920195567,106.99,127.05,65.77097174045865,2.7588,2.55,1.3175954973878905,7758.08,14952.813423003643,1321.0479999999998,2389.5439408521365,-5.1812000000000005,1.1518314935239808,0.023988801836043835,0.4758137297389202,2.8,1.6222142113076254,2.28,0.7608859102526823,0.32,5.728083742360738,4.615019285016688,11.526207236781518,0.48083183497830295,1.9866666666666666,3.44,0.89,2.55,1.0711468412666656,2.7588,2.1799999999999997,2.55,1.81,1.8922222222222222,0.3699999999999999,25
-617.27916224,274.3952424960578,6.578634886198346,-9.106083307727273,-2.433770533484848,2.4069000000000003,1.33500756,13,3.272727272727273,6.0,3.2581259360842107,117.52727272727272,133.4,64.26307708881576,3.070909090909091,1.9,0.9696073749402185,8225.09090909091,20854.35778846308,1448.8727272727274,3489.9893259700116,-5.905618181818183,2.765785861962341,0.11949052180514474,0.30386592950422164,2.909090909090909,2.3858557568108956,2.272727272727273,0.6793662204867574,0.2727272727272727,6.367510008934418,6.578634895389596,12.472511022548082,0.2867707095655833,2.4466666666666668,3.44,1.54,1.9,0.7780888266915431,3.070909090909091,1.49,1.9,1.08,1.3533333333333335,0.4099999999999999,22
-421.94575778,286.91497270172096,4.847354267342661,-7.207453872142856,-2.248733529999998,4.511,-1.31006387,12,2.2857142857142856,5.0,2.0873770280289223,105.2,94.1,56.195862837045226,2.537142857142857,2.62,1.5156799511393277,5752.571428571428,15836.230530924064,1158.6857142857143,2571.3470238656737,-4.516557142857144,3.655007860358951,0.1714968433279189,0.2509313095057812,3.4285714285714284,2.220038609702865,1.8571428571428572,0.8451542547285167,0.14285714285714285,4.992122367618936,4.847354274115076,20.4939266215515,0.8549452797113329,2.2066666666666666,3.44,0.82,2.62,1.0750917273527048,2.537142857142857,1.85,2.62,1.08,2.106666666666667,0.77,14
-613.9178653,330.4169572489336,6.442351859917148,-8.183412970416667,-1.954579286249999,1.0688,1.9737528800000002,52,3.0,4.0,2.1602468994692865,126.93333333333334,62.400000000000006,32.61151807431097,3.0216666666666665,1.4300000000000002,0.8487801704668753,11281.333333333334,22157.21286122823,1546.9666666666665,3120.1571516689846,-5.664316666666667,2.6003428625428953,0.1305251188615344,0.2685839902028101,3.0,2.1602468994692865,2.1666666666666665,0.5270462766947298,0.16666666666666666,6.339202543313206,6.442351868917993,13.767373218705567,0.26761750353031005,2.603333333333333,3.44,2.01,1.4300000000000002,0.6086232186026279,3.0216666666666665,0.7150000000000001,1.08,0.3500000000000001,0.9339999999999999,0.365,24
-504.52305133,180.99498386738873,6.196239302773898,-6.2983643093750015,-1.93013044375,1.4703,2.9663059,2,2.25,4.0,1.6449566416599486,117.875,141.0,62.44220857532752,2.8637499999999996,1.75,1.028509772895317,8876.25,18356.6875616298,959.625,1741.435315716185,-4.305000000000001,1.8066934373242707,0.22564017829230104,0.07857798213860209,2.875,1.5996323106926056,2.125,0.45374260648651504,0.0,6.235192374132387,6.196239311430891,11.312186491711795,0.40315908764849306,2.38,3.44,1.69,1.75,0.7608328769622582,2.8637499999999996,1.035,1.75,0.31999999999999984,1.3414285714285714,0.7150000000000001,16
-232.24350991,340.6737135425195,4.913087062186089,-8.383651002,-2.165405251,4.0946,-1.101590869999999,4,2.6,6.0,2.653955210788148,114.42,141.0,66.92558489130654,3.011,2.13,1.0456213047960903,8025.4,20226.782376451964,1365.04,3336.639394464984,-5.59418,3.4039394982616966,0.15811800000000062,0.3582273012196724,2.9,2.3265948246871155,2.1,0.7939992333804207,0.2,6.3247664618787525,4.913087069050342,17.033685677125977,0.24118448531759842,2.3699999999999997,3.44,1.31,2.13,0.8695976080923866,3.011,1.605,2.13,1.08,1.4300000000000002,0.5249999999999999,20
-682.41616143,151.37862558696676,4.4030090021194255,-8.138052152307692,-2.026081265384615,0.0,2.34360091,8,3.076923076923077,6.0,2.796101181678127,106.55384615384617,141.0,64.30029336848104,2.7546153846153847,1.79,1.2014290733047117,7009.692307692308,12728.131941776559,1052.123076923077,1791.906293207422,-5.411538461538462,2.1974903040431455,0.19541086915740938,0.138559572139171,2.769230769230769,1.348399724926484,2.3846153846153846,0.674199862463242,0.3076923076923077,5.84838912923312,4.40300900827103,11.644509660535904,0.4196126448856893,2.25,3.44,1.65,1.79,0.8414669730100325,2.7546153846153847,1.7850000000000001,1.79,1.78,1.782,0.0050000000000000044,13
-594.98175953,330.7479767445294,3.677934537008821,-8.020188418750001,-2.3688600585416673,2.0696,-0.37615943,11,3.1666666666666665,6.0,3.198213787189879,110.55833333333334,94.1,61.76122107416132,2.7691666666666666,2.62,1.3913503204749385,6030.5,13907.699053812912,1060.2166666666667,2195.8570116081264,-4.899166666666667,1.8058519952009988,0.06408551551818815,0.4278746034313405,2.75,1.5629642167551832,2.1666666666666665,0.7928249671720918,0.25,5.69754884493724,3.6779345421473972,13.781165697688726,0.5594459573947933,1.9633333333333332,3.44,0.82,2.62,1.0952726702617126,2.7691666666666666,2.215,2.62,1.81,2.0125,0.405,24
-530.24652363,75.65513999311729,3.157413001849991,-5.96058406125,-2.636561944791666,0.0,2.84985343,221,1.125,2.0,1.2030662579644695,77.95,141.0,85.182825054177,2.33375,2.46,1.441635584291237,3748.5,5106.386465676301,758.1,872.5463377832419,-3.305,2.1904385525806425,0.3471301005764035,0.2041523894001954,2.375,0.6282808624375432,1.5,0.6488856845230502,0.0,5.209715131898543,3.1574130062613275,9.456892499139661,0.777219711758037,1.9100000000000001,3.44,0.98,2.46,1.0902293336725075,2.33375,2.295,2.46,2.13,2.2125,0.16500000000000004,8
-261.99202177,54.679033480568016,7.317822547424058,-5.557899998,-1.600919785333332,1.5326,4.34328276,71,1.6,1.0,0.6123724356957945,121.3,145.70000000000002,69.47562522208779,2.224,2.46,1.3756271297121179,5288.8,9324.724205036844,1501.6799999999998,1832.9545793608743,-3.444,1.7503678184884457,0.08826438020278209,0.32589288430688984,2.8,2.0,1.8,0.9354143466934854,0.2,4.912280758193226,7.3178225576480544,10.935806696113604,0.6886671315813405,2.233333333333333,3.44,0.98,2.46,1.004832766627805,2.224,1.81,2.46,1.1600000000000001,2.026666666666667,0.6499999999999999,5
-200.91453909,198.65882309090384,8.774490532310642,-4.75054766153846,-0.8022593106410231,0.0,3.66176291,162,1.9230769230769231,3.0,1.270977818604485,118.78461538461539,105.9,46.36757612151638,2.6884615384615387,1.51,0.9029236699999363,5182.461538461538,6472.0428114967035,1289.246153846154,1425.828086249693,-3.1481386153846156,2.5180989369417426,0.04245492868617087,0.22134771218361082,3.769230769230769,2.1303665267886505,2.3846153846153846,0.6201736729460422,0.38461538461538464,5.5548567901844175,8.774490544569803,15.281447930069525,0.7050940012060839,2.5666666666666664,3.44,1.93,1.51,0.6387661717891941,2.6884615384615387,1.31,1.51,1.1099999999999999,1.3957142857142857,0.20000000000000007,13
-661.88013502,441.114068487272,4.933948316007595,-6.065182752142858,-1.5881738935714291,0.0,4.39877768,85,2.142857142857143,3.0,1.0497813183356477,120.12857142857142,141.0,52.77679220943963,2.8907142857142856,2.13,1.0718004116667337,6392.714285714285,12284.475759831084,686.7714285714285,1144.3166038277684,-4.495,1.2817259568922792,0.13964969293414034,0.2966710341123067,2.9285714285714284,1.887120687660415,1.9285714285714286,0.3642156795423418,0.0,6.334700416132793,4.933948322900994,15.754073874545428,0.3326140900611211,2.2666666666666666,3.44,1.31,2.13,0.8829621861791264,2.8907142857142856,1.4349999999999998,2.13,0.7399999999999998,1.7023076923076919,0.6950000000000001,28
-519.45985955,97.66062516736574,5.954172764725702,-5.460336769249999,-0.851877498249999,0.136,3.11928098,43,1.6,1.0,0.7071067811865476,131.95999999999998,22.599999999999994,15.980613254815971,2.8240000000000003,1.54,1.0889444430272832,5373.2,9106.12112812036,1334.1200000000001,2198.9606681339255,-3.806,2.0930360723121813,0.16096773908083845,0.12203294954144635,2.8,1.4142135623730951,2.4,0.7071067811865476,0.4,6.120938070306107,5.954172773044494,9.766062516736573,0.47770174341867583,2.67,3.44,1.9,1.54,0.77,2.8240000000000003,1.54,1.54,1.54,1.54,0.0,10
-486.07778888,464.7531201547575,4.105246622350272,-6.175546773611112,-2.070055870833334,0.9862000000000001,2.27155718,33,1.3333333333333333,2.0,1.0606601717798212,105.1711111111111,138.63,72.33345995572634,2.5555555555555554,2.44,1.3423548959446852,4932.222222222223,7120.23887707896,1151.6666666666667,1663.4538541841189,-3.652222222222223,1.9434290999845265,0.20498207726713258,0.10706460810037578,2.888888888888889,1.2909944487358056,2.0,0.8660254037844386,0.2222222222222222,5.499318498106806,4.105246628085861,12.909808893187709,0.6368450565354882,2.1133333333333333,3.44,1.0,2.44,1.0074831126238406,2.5555555555555554,1.99,2.44,1.54,1.9899999999999998,0.44999999999999996,36
-251.47286867,68.31753354294207,5.016128330797426,-7.358369635,-3.011982739375,3.6087,1.43050942,166,3.5,8.0,4.049691346263317,89.625,111.4,65.44373919635093,2.23,2.62,1.540960739279233,3508.5,5852.055331249014,1187.6000000000001,1824.6204032620044,-4.105,2.310679553724402,0.3530806590216044,0.2312778043161311,3.5,1.8973665961010275,2.0,0.8944271909999159,0.0,4.560310982234779,5.016128337805639,17.079383385735525,1.1797875792904846,1.8266666666666669,3.44,0.82,2.62,1.152427389855382,2.23,2.42,2.62,2.2199999999999998,2.42,0.20000000000000018,4
-508.87357624,18.4427700910204,3.628903381952319,-6.32752468,-3.03830917,4.4292,2.7374354,225,1.0,2.0,1.4142135623730951,70.5,141.0,99.7020561473032,2.375,2.13,1.506137443927346,4461.0,5994.85129089955,726.6,900.0055110942377,-3.265,2.439518395093589,0.39000000000000024,0.22627416997969493,2.5,0.7071067811865476,1.5,0.7071067811865476,0.0,5.368947697209989,3.6289033870223943,9.2213850455102,0.8156012112687835,2.375,3.44,1.31,2.13,1.065,2.375,2.13,2.13,2.13,2.13,0.0,2
-444.70590344,172.87635982121907,4.90581288409221,-5.351390516666665,-1.3100962353906231,1.6838000000000002,-0.08181014,63,1.6666666666666667,2.0,1.0540925533894598,126.5,195.0,84.72602905837142,3.0,1.75,0.9474527252938094,2098.0,3769.947479740268,393.1333333333334,606.7908078114272,-4.058333333333334,2.138417119688714,0.20000000000000032,0.18165902124584948,2.8333333333333335,1.7159383568311666,2.1666666666666665,0.5270462766947298,0.0,6.638263209121673,4.905812890946301,14.406363318434922,0.2960297427589416,2.56,3.44,1.69,1.75,0.7144695001654492,3.0,1.305,1.75,0.8599999999999999,1.5719999999999998,0.44500000000000006,12
-513.54169998,105.73376293730534,5.887587999533202,-6.449011680999999,-2.268996668999999,2.007799999999999,2.06965603,12,3.2,3.0,2.121320343559643,96.16,112.1,79.26667017101198,2.7880000000000003,1.63,1.1525840533340723,2369.2,3795.7492014093873,1044.92,1687.7224653360518,-4.206,1.3859292911256333,0.40200000000000014,0.3040559159102149,2.8,1.4142135623730951,2.0,0.0,0.0,5.317509695184603,5.887588007758966,10.573376293730535,0.3994916973692873,2.625,3.44,1.81,1.63,0.815,2.7880000000000003,1.63,1.63,1.63,1.63,0.0,10
-577.15306998,169.0956277661006,5.308564454036807,-7.386452825714286,-1.977708699999999,0.0,3.18337454,227,3.0,7.0,3.24037034920393,116.8,111.4,49.98119646427044,2.685714285714286,2.2199999999999998,1.1861251439636786,6669.714285714285,10129.678122089706,1477.3999999999999,2126.0081044060016,-4.677142857142857,0.8868684875931238,0.24997239850015696,0.24123761782564362,3.0,1.5811388300841898,2.4285714285714284,0.6546536707079772,0.2857142857142857,5.735584813967217,5.308564461453598,12.078259126150042,0.5755338473773058,2.19,3.44,1.22,2.2199999999999998,0.9276852914647294,2.685714285714286,1.875,2.2199999999999998,1.53,1.7599999999999998,0.34499999999999986,14
-506.90141049,272.67251049111314,4.036157855932871,-5.2688240978571415,-2.192958231785712,2.651399999999999,1.0411919,12,2.0,4.0,1.6733200530681511,86.60000000000001,98.5,60.23789504954502,2.0557142857142856,2.62,1.5673608391177827,2562.285714285714,4402.586239927618,849.3714285714286,1136.9767878017562,-3.084285714285714,2.408601253840079,0.3235474078490207,0.2093872676826137,3.4285714285714284,1.7888543819998317,1.5714285714285714,0.6324555320336759,0.0,4.036411531270387,4.036157861571936,19.47660789222237,1.2761121657984058,1.9566666666666668,3.44,0.82,2.62,1.0973402186904275,2.0557142857142856,2.225,2.62,1.8299999999999998,2.4225,0.39500000000000013,14
-644.15300128,355.4899098043147,3.361041414794447,-8.850765297142859,-3.2976162166666683,2.5453,1.2689821000000001,85,3.5714285714285716,8.0,4.025429372458677,92.81428571428572,141.0,91.46205859953791,2.745,2.13,1.320960148636481,6107.0,11666.541108167898,1172.4857142857143,2183.682173928865,-4.909285714285715,1.3709690450367507,0.202347354244739,0.17594858627942359,2.642857142857143,1.2657175104763823,2.2142857142857144,0.7889543583705185,0.2857142857142857,5.746621177179634,3.3610414194902805,12.696068207296955,0.38401279194994364,2.0966666666666667,3.44,1.31,2.13,0.9545097636425144,2.745,2.0149999999999997,2.13,1.9,1.946,0.11499999999999999,28
-228.06130476,182.79843169909492,9.047812470496794,-5.515531293571423,-1.466215879285709,1.6618,2.47158167,88,1.4285714285714286,2.0,0.9636241116594315,144.56714285714287,220.43,90.15498508520916,2.834285714285714,2.44,1.1186343715186196,4918.285714285715,7353.604480602888,1196.542857142857,1780.370150919666,-3.4042857142857144,2.4537202075914966,-0.18724028819887265,0.8982213588153537,3.4285714285714284,2.32992949004287,2.142857142857143,0.8451542547285167,0.0,6.142508229203155,9.047812483137823,13.057030835649638,0.5323910950346873,2.3266666666666667,3.44,1.0,2.44,1.0074831126238406,2.834285714285714,1.67,2.44,0.8999999999999999,1.4133333333333333,0.77,14
-280.79701192,94.02731333947168,8.332296816138216,-5.00680094875,-1.237119229583332,1.5259,1.12493505,98,1.5,1.0,0.6324555320336759,141.10000000000002,163.20000000000002,72.9853683966862,2.6,2.46,1.2710940169790748,3986.0,6381.090314358511,1231.1,1594.07769446787,-3.2025,2.2957939803039817,-0.14832505102120708,0.8121881727612831,3.0,2.1908902300206647,2.0,0.8944271909999159,0.0,5.602512959973686,8.332296827779572,11.75341416743396,0.5293271013027919,2.32,3.44,0.98,2.46,1.016267681273,2.6,1.68,2.46,0.8999999999999999,1.68,0.78,8
-298.49151823,509.0713463077973,2.6275023078066573,-5.963680767333333,-2.478708671899999,3.5108,0.57022846,14,1.8666666666666667,3.0,1.2307338795828044,102.97333333333333,92.6,57.39536771634204,2.1866666666666665,2.62,1.570649921679108,7728.933333333333,21463.766229734843,877.9599999999999,1287.1286381618856,-3.4833333333333334,2.530281314283407,0.2742998806766821,0.08169572093919074,2.933333333333333,1.1943494414262914,1.6,0.6301260378126043,0.0,4.502986529096408,2.6275023114776364,16.969044876926578,1.1200686936553463,2.0533333333333332,3.44,0.82,2.62,1.0750917273527048,2.1866666666666665,1.85,2.62,1.08,2.2777777777777777,0.77,30
-140.47523986,47.2272551844032,7.141232257403208,-5.26064802,-1.101630799999998,0.0,3.1975459,123,1.5,2.0,1.0954451150103324,98.5,141.0,73.47652686402645,2.62,1.75,1.041882910887783,5986.0,8770.399854054547,1101.6,1599.2970755928993,-3.635,2.1069314179631005,0.22280351313279953,0.12054891201710642,3.25,1.6431676725154984,2.5,0.6324555320336759,0.25,5.791537905630422,7.141232267380485,11.8068137961008,0.5868239236899488,2.3466666666666662,3.44,1.69,1.75,0.7783029972674881,2.62,1.6400000000000001,1.75,1.53,1.6400000000000001,0.10999999999999999,4
-619.49764005,231.7876400252598,15.785084753384506,-11.516556623571429,-0.638052871999998,0.0,5.94104232,12,6.285714285714286,5.0,3.5355339059327378,46.714285714285715,110.0,77.78174593052022,1.7771428571428571,1.94,1.3717871555019023,30888.85714285714,25298.866417292298,4925.171428571428,3988.647931317077,-8.615714285714287,2.9910616844190963,0.37701445315954424,0.12128073622180309,5.428571428571429,2.8284271247461903,2.857142857142857,0.7071067811865476,0.8571428571428571,4.477005212525753,15.78508477543843,16.55626000180427,0.6689319750111508,2.4699999999999998,3.44,1.5,1.94,0.97,1.7771428571428571,1.94,1.94,1.94,1.9400000000000002,0.0,14
-335.20720977,364.7918664933926,2.855418573709402,-3.9807498675,-1.448841951594827,0.0,1.23382912,67,0.75,2.0,1.0488088481701516,55.425,127.05,65.63633902039327,1.5375,2.55,1.3895430903717956,4705.5,4300.807505573808,1383.05,1072.951225359289,-2.52,1.8396956269992057,0.36674222116334476,0.215376746769745,4.25,2.2583179581272432,1.25,0.5477225575051662,0.0,3.5215771448358537,2.8554185776988117,45.598983311674075,0.595371491724325,1.7533333333333332,3.44,0.89,2.55,1.1927652279006495,1.5375,2.53,2.55,2.51,2.5366666666666666,0.020000000000000018,8
-336.23626404,1197.5016200973184,3.258833768162608,-4.599326989,-1.6733648233563199,1.890699999999999,1.05316793,61,1.8,4.0,1.531282986977553,85.69,112.1,59.986563150598066,2.019,2.51,1.5571686286112478,1714.8,1619.8842870551823,848.5799999999999,929.6244139621564,-2.883,2.3284747856883072,0.2159836886137067,0.09371298261999592,2.8,1.144702942944678,1.5,0.6565321642986128,0.0,4.228365039814205,3.2588337727156445,14.96877025121648,0.9443846479029718,2.0500000000000003,3.44,0.93,2.51,1.042337117571214,2.019,2.085,2.51,1.66,2.368333333333333,0.42499999999999993,80
-719.01303212,368.1089652407629,4.823340258529434,-7.5301350334375,-2.693698897604167,2.9909,4.64269902,4,3.5,6.0,2.9104275004359956,96.3,133.4,79.62213703413363,2.795,1.9,1.1474370417177067,3873.75,8294.365309193521,1120.625,1874.8449394706815,-4.5725,1.2485426798990142,0.3154019674820734,0.2839654934446959,2.75,1.3284223283101428,2.125,0.45374260648651504,0.125,5.497846461207095,4.823340265268299,11.503405163773841,0.3740574792077643,2.263333333333333,3.44,1.54,1.9,0.8392986490053598,2.795,1.765,1.9,1.63,1.7199999999999998,0.135,32
