y_relaxed,mp_volume,mp_formation_energy_per_atom,mp_band_gap,mp_efermi,MagpieData mean NUnfilled,MagpieData range NUnfilled,MagpieData std_dev NUnfilled,MagpieData mean ElectronAffinity,MagpieData range ElectronAffinity,MagpieData std_dev ElectronAffinity,MagpieData mean Electronegativity,MagpieData range Electronegativity,MagpieData std_dev Electronegativity,DemlData mean heat_fusion,DemlData std_dev heat_fusion,DemlData mean boiling_point,DemlData std_dev boiling_point,DemlData mean GGAU_Etot,DemlData std_dev GGAU_Etot,DemlData mean FERE correction,DemlData std_dev FERE correction,PymatgenData mean row,PymatgenData std_dev row,PymatgenData mean block,PymatgenData std_dev block,transition metal fraction,band center,density,vpa,packing fraction
-464.40431617,137.09116040744064,-2.021555188333332,0.0,4.62219435,3.3333333333333335,4.0,2.8284271247461903,117.96666666666665,69.1,48.86107857999043,3.013333333333333,1.2799999999999998,0.9050966799187806,12148.0,25298.866417292298,1697.4666666666665,3409.527477525295,-5.7860000000000005,1.6885709934734754,0.07513333333333379,0.32852181053926993,3.0,2.1213203435596424,2.3333333333333335,0.7071067811865476,0.3333333333333333,6.062247965879599,6.198718435217547,11.42426336728672,0.4253989203447815
-694.88463148,1050.033369910741,-2.494557517352938,4.6158,-0.3945823,3.0588235294117645,4.0,2.458750606599731,118.39999999999999,98.5,53.71421430293678,3.0341176470588236,1.8299999999999998,0.9759959947756864,7592.0,19407.940783466584,1420.6117647058825,3274.906535793322,-5.680452941176471,2.8391917677555543,0.1959864705882359,0.40440916705170527,2.823529411764706,2.2258808266718715,2.176470588235294,0.5640760748177661,0.17647058823529413,6.201081317393192,5.044562919840981,15.44166720456972,0.22147025690621325
-494.91228098,133.32989608560274,-1.99196457625,0.0,3.03882728,1.25,2.0,1.0488088481701516,103.5875,127.05,66.49415575823187,2.4175,2.55,1.3699744523165385,5386.0,6918.745088525809,1380.85,1699.6157436314834,-3.4850000000000003,1.9042163742600262,0.26323002535376977,0.21789708922032167,3.5,2.0976176963403033,2.0,0.8944271909999159,0.25,5.109827980882897,5.800540363452371,16.666237010700335,0.8062005821343552
-216.942882,59.1512951730479,-0.745885760625001,0.0,2.71141489,1.25,2.0,1.0488088481701516,100.1,141.0,74.02842697234624,2.695,1.54,0.9434193129250642,3958.5,6760.880978097455,1002.57,1628.7951958180624,-3.075,2.5442248328321933,0.17095092148191238,0.08918264242604595,3.5,2.0976176963403033,2.5,0.6324555320336759,0.25,6.03716852226283,8.313315940559018,14.787823793261962,0.4438232321527442
-713.02622781,423.75271332411296,-2.0074046115625,0.0,-0.16702849,3.125,3.0,2.1213203435596424,98.9625,112.1,79.26667017101198,2.82875,1.63,1.1525840533340723,2235.0,3795.7492014093873,985.25,1687.7224653360515,-4.255000000000001,1.3859292911256333,0.39125000000000015,0.3040559159102149,2.75,1.4142135623730951,2.0,0.0,0.0,5.434841563998343,4.532562745254259,13.24227229137853,0.3033109514165132
-173.74454114,41.253952671138684,-1.425738685919539,1.8736000000000002,0.65267651,1.3333333333333333,1.0,0.7071067811865476,82.2,88.2,62.36681810065349,1.7666666666666666,2.51,1.7748380207782342,1807.3333333333333,1681.49992566161,800.7333333333332,753.6344073886222,-2.4833333333333334,2.658721497261419,0.1873115848182755,0.045277901779656675,2.6666666666666665,0.7071067811865476,1.3333333333333333,0.7071067811865476,0.0,3.935328218270046,2.494753648201913,13.751317557046228,1.2062559927179162
-280.96522131,272.5731583700253,-2.155440051818181,1.4784000000000002,1.5107732,3.1818181818181817,5.0,2.9677756498246812,121.43636363636364,90.4,49.85468113195822,3.0790909090909087,1.81,0.9398956570565938,8597.818181818182,21361.340537018306,1459.7818181818182,3505.7060678051935,-5.9419818181818185,2.7610765548827287,0.07356431013850181,0.39443567408218927,2.909090909090909,2.3858557568108956,2.272727272727273,0.6793662204867574,0.2727272727272727,6.39729303046998,6.660071677651586,12.38968901681933,0.2799704402469211
-466.4178544,143.83052778680639,-1.5461592956249999,0.0,4.97880079,6.5,6.0,4.242640687119285,66.075,99.9,70.6399674405361,1.8575,2.11,1.491995308303615,15805.5,14692.264699494084,3534.05,3246.892917852389,-6.1975,1.138441917710341,0.6014707804165154,0.35022601046023555,4.25,2.1213203435596424,2.75,0.7071067811865476,0.0,4.267730385270569,6.688575565289361,17.978815973350795,0.6632857820905
-513.30115434,144.63734978159653,-1.8707510703906252,2.868999999999999,1.32942344,1.6666666666666667,2.0,1.0540925533894598,126.5,195.0,84.72602905837142,2.936666666666667,2.13,1.1267850036472993,2498.0,4747.178530453642,446.9666666666667,732.4392928958533,-4.163333333333333,1.833242421988368,0.23333333333333364,0.2532017201977725,2.5,1.0801234497346432,1.8333333333333333,0.5270462766947298,0.0,6.460971489142616,3.8405858858522635,12.05311248179971,0.3336193316211312
-859.1337994,243.81774476156878,-1.786253262480842,1.466799999999999,0.41113343,2.9444444444444446,3.0,1.962307149925656,99.96111111111111,141.0,90.59882779265192,2.832777777777778,1.89,1.2521443943953046,4203.555555555556,8393.412865602855,868.1888888888889,1604.7879737769786,-5.483333333333333,1.3786611235203858,0.1559787186455256,0.1650215516714765,2.7222222222222223,1.5140038943832979,2.2777777777777777,0.6496752435470525,0.2777777777777778,5.999236418241899,3.986863177806663,13.545430264531598,0.33261564468102395
-791.8361777,449.90207595569206,-2.795236929,0.0,6.35357894,3.8,7.0,3.625307868699863,111.97999999999999,111.4,57.739711513951,2.7,2.2199999999999998,1.2508282969982047,3813.2,6164.569872609582,1350.92,2086.520504846012,-4.884,0.6612542195382521,0.3075769498628314,0.2417634967907255,3.2,1.9639610121239315,2.2,0.5345224838248488,0.0,5.680321622454543,5.660660031695506,14.996735865189732,0.532294646300057
-530.96867821,46.607380747893124,-2.126880714999999,0.0,3.8653765,1.25,2.0,1.0488088481701516,100.6925,138.63,72.74684508623038,2.445,2.44,1.3213780685329994,5521.0,7006.123150501995,1284.35,1642.571324478788,-3.4850000000000003,1.9042163742600262,0.20185483692552408,0.10993721977495131,3.0,1.2649110640673518,2.0,0.8944271909999159,0.25,5.286603637183161,4.832002022480177,11.651845186973283,0.7840941918740038
-575.9411879,138.90137272237544,-1.662257669999998,2.1356,4.01941694,2.2857142857142856,2.0,0.9258200997725515,129.57142857142858,29.0,17.689787206989557,2.7985714285714285,1.53,0.9806484734967106,9584.0,15493.109307043567,1403.685714285714,2006.741766432058,-4.507142857142857,0.7824868780278137,0.17642697403308563,0.08686321962499333,2.857142857142857,1.3093073414159544,2.2857142857142856,0.5976143046671968,0.2857142857142857,6.017584006033831,6.0736252261819645,9.921526623026818,0.46669567579644544
-1197.55281324,417.5872340037799,-3.213950358181818,3.1648,1.84351362,1.8181818181818181,8.0,2.8901455285972344,81.98181818181818,141.0,86.3870624504823,2.3181818181818183,2.55,1.6458950720611851,5348.363636363636,9785.041494997533,1271.7454545454545,1986.8544234543203,-4.161818181818182,2.5343876160199517,0.385846113971826,0.2374403950638274,3.8181818181818183,2.6568446566202857,1.7272727272727273,0.8224783208299743,0.0,4.815315810838392,6.551650407709195,18.98123790926272,0.8982375866094131
-456.57435529,190.11767334204237,-1.695347640769231,0.103299999999999,4.16391062,3.076923076923077,6.0,2.796101181678127,110.95384615384616,141.0,59.195377583665504,2.9699999999999998,1.79,0.8592676585854429,11471.23076923077,21890.443680872588,1939.5076923076922,3614.101314170773,-6.164123076923077,3.564578244145633,0.08556615384615461,0.3539289048343921,3.3846153846153846,2.522624895547565,2.3846153846153846,0.6741998624632421,0.3076923076923077,6.1590978850015885,8.112077182532916,14.624436410926336,0.30911488627702205
-310.10281687,266.3218139325983,-1.409688999583333,0.0,2.13965625,2.5833333333333335,4.0,1.5991068935949395,116.47500000000001,77.3,50.03185699417636,2.9599999999999995,1.56,0.9887134497488571,7114.666666666667,15521.18823139149,1345.8,2715.5596310363517,-5.300491666666667,1.9293302720670422,0.10312867682657378,0.2657596446479503,2.8333333333333335,1.8361450300639575,2.3333333333333335,0.6761234037828133,0.3333333333333333,6.253767093365821,6.093358549526669,11.096742247191594,0.3639372048325053
-397.94585886,208.0327443556739,-3.005133088214286,2.1403,1.61815022,3.7142857142857144,9.0,4.511889056386788,89.02857142857144,141.0,80.30210813813403,2.6,2.2199999999999998,1.3220438721918422,3711.1428571428573,6499.099300232742,1172.6685714285716,2052.61990669764,-4.458571428571429,2.2689912799681338,0.34587738672899426,0.27048761447600267,3.4285714285714284,2.220038609702865,2.4285714285714284,0.6546536707079772,0.0,5.6313054201009525,7.062554733757455,14.859481739690992,0.6404215916397025
-598.54093575,160.3530148518342,-1.049898804285713,0.0,4.1978591,2.142857142857143,2.0,0.8451542547285167,128.82857142857142,31.299999999999997,18.92838005294091,2.8885714285714283,1.54,0.8564878449642054,8198.285714285714,12679.746797832473,1642.3999999999999,2391.6651019739365,-4.3500000000000005,1.3275541420220873,-0.012451513065996535,0.44172302511936046,3.142857142857143,1.7928429140015905,2.4285714285714284,0.6546536707079772,0.42857142857142855,5.960645545156614,6.904121355194678,11.453786775131013,0.43076332389698563
-738.59997501,93.3479630575114,-1.846986385000001,0.0,5.13139738,3.0,6.0,2.9664793948382653,112.75,90.4,46.86435745852065,2.6025,1.81,1.0662223032745095,9086.0,12022.096056844663,1765.1,2129.4468802954443,-4.495,1.869962566470249,0.016361689806402402,0.35344328124970004,3.0,1.2649110640673518,2.5,0.6324555320336759,0.5,5.5153371882703395,5.21160218700589,11.668495382188924,0.4803864173202474
-493.47539801,36.12744563392267,-2.206560153333333,2.7345,2.8285686,1.3333333333333333,2.0,1.4142135623730951,94.79,138.63,98.02621307589108,2.6266666666666665,2.44,1.7253405460951758,2994.6666666666665,5881.714205909702,645.8000000000001,1178.6055828817373,-3.97,2.1637467504308354,0.2500000000000003,0.042426406871192576,2.6666666666666665,1.4142135623730951,1.6666666666666667,0.7071067811865476,0.0,5.587749641722844,3.312892463406017,12.042481877974224,0.7262783565895026
-445.87825931,266.96455598549653,-0.9707674645833331,1.1465,0.9941278800000001,2.25,1.0,0.6210590034081188,119.25833333333333,77.3,47.378963083389046,2.9225,1.56,1.0497367016814945,5631.333333333333,10977.988033202753,1125.6333333333334,2100.2481284702667,-4.793333333333334,0.5363793966427656,0.13401401453750675,0.20575070483346414,2.6666666666666665,1.3522468075656264,2.3333333333333335,0.6761234037828133,0.3333333333333333,6.2540740734350795,4.52184620580203,11.123523166062355,0.3630609920884704
-644.64303203,449.7186249219648,-3.162139099615384,0.0,7.97904536,5.589743589743589,7.0,4.949747468305833,77.97435897435898,122.9,86.9034234078267,2.3733333333333335,2.08,1.4707821048680187,8313.28205128205,11156.730793561346,1635.2256410256412,2130.37131035883,-5.056666666666667,0.0919238815542511,0.36320911790140953,0.18367648763873115,3.0256410256410255,1.4142135623730951,2.5128205128205128,0.7071067811865476,0.0,4.992643955750328,4.44234639437391,11.531246792870892,0.8012487555725979
-351.52340249,34.49840025661019,-3.075623527499999,3.2748,1.66284593,1.0,2.0,1.4142135623730951,73.015,135.97,96.14530903793487,2.195,2.49,1.7606958851545034,4111.0,5499.876544068967,872.6,1106.4806912007095,-3.335,2.3405234457274724,0.3712720403290337,0.19978883541743772,3.5,2.1213203435596424,1.5,0.7071067811865476,0.0,4.654915531852944,4.987595387559458,17.249200128305095,0.9975853971933308
-507.99747885,105.73376293730534,-2.268996668999999,2.007799999999999,2.06965603,3.2,3.0,2.121320343559643,96.16,112.1,79.26667017101198,2.7880000000000003,1.63,1.1525840533340723,2369.2,3795.7492014093873,1044.92,1687.7224653360518,-4.206,1.3859292911256333,0.40200000000000014,0.3040559159102149,2.8,1.4142135623730951,2.0,0.0,0.0,5.317509695184603,5.887588007758966,10.573376293730535,0.3994916973692873
-329.64661965,88.02147690236615,-2.309915378999999,2.5603,4.76768901,2.8,3.0,1.5583874449479593,105.83999999999999,98.5,58.2372364925201,2.762,1.8299999999999998,1.1154883619806555,5513.2,8966.225930042774,1252.52,1910.0897854738212,-4.672000000000001,0.6471034362007801,0.26113027479459233,0.35205698284826975,2.6,1.0690449676496976,2.2,0.5345224838248488,0.2,5.674229752111868,5.052577300495447,8.802147690236614,0.4817361027705361
-760.83806491,283.59853794732845,-3.989558998636363,3.4628,5.87718823,4.363636363636363,7.0,4.319288135792749,95.10909090909091,141.0,84.3706554437027,2.647272727272727,2.2199999999999998,1.442315846130798,6850.363636363636,13399.037717313882,1600.1272727272728,2796.2666157306962,-5.6481818181818175,1.6220954811600945,0.3990332587776102,0.30830578739436826,3.272727272727273,2.3518609652783473,2.3636363636363638,0.6614378277661477,0.0,5.605705207845805,7.574199224105779,12.890842633969475,0.6092313635411474
-199.36788998,496.23797729143234,-1.255203589545454,1.291,2.119454,1.2727272727272727,2.0,0.8224783208299743,76.85454545454546,141.0,66.99836477372371,1.8518181818181816,2.62,1.6339099622396218,1848.0,2242.87601608502,651.5272727272727,566.7885475616624,-2.4209090909090913,2.5906568551578713,0.27087851908057164,0.04781180083030222,3.909090909090909,1.9250668437592438,1.5454545454545454,0.8744746321952063,0.0,3.7926004266466564,4.612581668368349,22.556271695065107,1.3920225204029373
-628.3027723,835.8253999391333,-3.169513764833335,2.1357,0.49773668,3.6,6.0,3.623594180176458,116.67999999999999,133.4,62.3959237799059,2.8819999999999997,1.9,1.2569424600299277,7385.4,16425.5478129809,1422.54,3051.5473538917067,-5.458,1.193383935450492,0.2369712464718467,0.11529452789209262,2.8,1.841549442134554,2.3,0.6756639246921763,0.3,6.088694967885219,4.120533589378355,13.930423332318888,0.31131568045811625
-478.62685579,712.3421241026122,-1.317815093330191,0.9701000000000001,1.0696916,2.25,3.0,1.1892374507581378,142.75,195.0,70.01091751597441,3.06,1.89,0.8501025148264683,2598.0,5572.1607606795715,494.1333333333334,956.4150300545708,-4.7775,1.323555277058186,0.13361851451240037,0.19611636128189885,2.6666666666666665,1.3522468075656264,2.0833333333333335,0.3964124835860459,0.08333333333333333,6.682020302767649,3.9145027165186415,14.84046091880442,0.21250546569371132
-807.53925224,458.2914794656356,-3.153788929999999,1.9796,2.75093829,4.0,7.0,4.189272013130682,108.56666666666666,111.4,67.29542332135225,2.8044444444444445,2.2199999999999998,1.3298345761785562,6681.333333333333,16116.826542467968,1407.9111111111113,2699.433230883846,-5.364222222222223,1.0523933675199593,0.27557304098637864,0.36117348385434866,3.0,2.0124611797498106,2.3333333333333335,0.6708203932499369,0.1111111111111111,5.820375984436323,5.358870441360475,12.730318874045432,0.5852761798695124
-657.291437,119.04414777961351,-2.671460970666666,2.9057,1.77877982,2.8,8.0,3.6253078686998625,86.11999999999999,141.0,89.8758826700149,2.7100000000000004,1.9,1.1964232409262916,5133.2,9594.997595473531,974.12,1796.3315045630397,-4.290000000000001,2.278219856441804,0.21864314797131737,0.12678410247690397,3.0,1.6903085094570331,2.4,0.6546536707079771,0.2,5.816523977190286,5.810462314644299,11.904414777961351,0.5007706477712099
-805.40048894,266.4922950997104,-2.673982990388886,0.0,1.98714392,3.1666666666666665,5.0,2.6352313834736494,101.78333333333335,125.3,78.6816546456528,2.848333333333333,1.94,1.1909776562882184,8448.0,18783.192060988993,1537.6333333333332,3082.9079104709635,-5.863333333333333,2.186072073631405,0.1948970909850729,0.23667937818721607,3.0,2.1602468994692865,2.3333333333333335,0.6666666666666667,0.3333333333333333,6.1384332852874195,7.4970174040088775,11.1038456291546,0.41852175255578744
-494.53516119,64.74041172752274,-0.9266031233333341,0.6463999999999991,4.60796705,2.0,0.0,0.0,162.43333333333334,64.30000000000001,45.46696603029501,3.0533333333333332,1.1600000000000001,0.8202438661763952,6814.666666666667,13985.157918307536,1426.1333333333332,2833.942557639445,-4.5,1.0394469683442251,0.009080097263819495,0.4686418839714781,3.3333333333333335,2.8284271247461903,2.3333333333333335,0.7071067811865476,0.3333333333333333,6.8170741945429345,11.648979399970067,10.79006862125379,0.37428097058018617
-911.33776561,168.1248937093548,-3.346563131380951,1.2267000000000001,3.28430992,3.4285714285714284,5.0,3.5355339059327378,109.57142857142857,110.0,77.78174593052023,2.8857142857142857,1.94,1.3717871555019021,10444.285714285714,25298.866417292298,1701.857142857143,3988.647931317077,-6.198571428571428,2.9910616844190963,0.27900481771984836,0.12128073622180309,3.142857142857143,2.8284271247461903,2.2857142857142856,0.7071067811865476,0.2857142857142857,6.337331651113998,8.72898921823449,12.00892097923963,0.3576388223540068
-535.77883493,240.23144567390142,-2.636511475,0.0,4.4068341,2.5555555555555554,2.0,1.1832159566199232,135.15555555555557,37.8,16.642175338578785,2.9433333333333334,1.54,1.0012092688344432,13492.444444444445,29202.080710113794,971.9111111111112,1845.8396485068795,-4.98888888888889,0.5034928003457447,0.22980270008046905,0.2298430285919557,2.5555555555555554,1.3601470508735443,2.0,0.0,0.0,6.485175484149226,3.786907650425824,13.346191426327854,0.2443417187644217
-364.63023553,535.7313927694609,-1.52895501909091,0.0,4.26576564,2.3636363636363638,1.0,0.6806139097297726,122.01212121212122,49.8,33.68379344991401,2.8772727272727274,1.53,0.9878854422749752,4619.393939393939,7859.760445758247,819.2121212121212,1318.58297827184,-4.611212121212121,0.6717859209074065,0.023563942686685675,0.3748328590016186,3.515151515151515,2.700762419587999,2.0303030303030303,0.24253562503633297,0.030303030303030304,5.952200711768247,8.946753447950822,16.2342846293776,0.4373254726016402
-744.61030691,130.62700440571982,-2.3862711166666672,2.7881,2.4277574,2.0,3.0,1.161895003862225,117.49222222222222,135.97,60.69345582515466,2.854444444444445,2.49,1.253054268577383,5414.666666666667,11390.20797878599,657.3555555555555,1144.1366692838753,-4.428888888888888,1.472469014954135,0.17334354791078332,0.28654781539640606,3.0,2.0124611797498106,1.8888888888888888,0.4472135954999579,0.0,6.142934333204493,5.429786001636145,14.514111600635536,0.49361229030070847
-353.09233879,245.82842010784088,-1.373698434583333,0.0,2.59423321,2.6666666666666665,5.0,1.9712215212183246,114.14166666666667,90.4,54.68077097376841,2.8991666666666664,1.81,1.1006666810879409,6098.0,12151.38104320422,1166.8,2190.5154555818262,-4.986666666666667,0.47335881889806514,0.08958179445353309,0.310900908391399,2.6666666666666665,1.3522468075656264,2.3333333333333335,0.6761234037828133,0.3333333333333333,6.155340615080307,4.805904860111968,10.242850837826701,0.3942766930936352
-692.54277155,113.6752137295987,-2.5005107850000012,2.977899999999999,6.43632044,2.8,3.0,1.558387444947959,111.34,98.5,52.72472989838016,2.79,1.8299999999999998,1.0778285047790699,4453.2,6925.442244775008,979.9200000000001,1511.0338334115108,-4.554,0.7262722826677532,0.216939934268824,0.4422368581673405,3.0,2.0701966780270626,2.0,0.0,0.0,5.632444360845702,8.296037257213657,11.36752137295987,0.4935614489709231
-584.151598,161.7661871919459,-0.9776758620000011,0.0,5.70757894,5.6,6.0,3.927922024247863,75.26,99.9,57.23476715623618,1.8679999999999999,2.11,1.0923892555835055,16084.4,10779.439211493598,3464.44,2383.7531535674702,-5.688,1.5964111536282157,0.4974194348394517,0.37821056018170707,4.2,1.558387444947959,2.8,0.5345224838248488,0.2,4.293939193195486,7.151968785047845,16.17661871919459,0.7171630581495215
-419.21725581,196.074285845459,-1.842010734047615,0.9137000000000001,3.14494656,2.5714285714285716,5.0,2.220038609702865,88.82857142857142,141.0,80.56179970326241,2.7157142857142853,1.75,1.1069746415988295,1958.2857142857142,2928.231353076949,870.1142857142858,1305.0385117470123,-3.758571428571429,2.0209704175399077,0.2985714285714289,0.10757057484009522,3.2857142857142856,1.9639610121239315,2.142857142857143,0.46291004988627577,0.0,5.404081591283198,6.877525210576807,14.0053061318185,0.5142408948842775
-429.53295737,1017.5916369395012,-2.383371937777779,0.8597999999999991,-0.058852930000000005,2.5555555555555554,2.0,1.1832159566199232,130.76666666666668,77.3,34.015026091420246,2.9244444444444446,1.56,1.0375644558291306,13103.555555555555,29076.35839990971,1120.8000000000002,2074.0688532447516,-5.047777777777778,0.3200859259636385,0.23667797215863237,0.20631582327738154,2.4444444444444446,0.9746794344808964,2.111111111111111,0.4472135954999579,0.1111111111111111,6.39316500955338,2.755846433833053,14.133217179715295,0.21136357929595911
-844.17433872,274.25462422832754,-2.302265464583333,1.5411000000000001,5.9991975,3.25,4.0,2.5606918707925126,117.19166666666666,98.5,49.99683847147595,3.0175,1.8299999999999998,0.8981910391766013,9789.666666666666,21273.05495154442,1749.8,3537.92926942139,-6.072308333333335,3.0727327387615646,0.14098083333333403,0.40448216628001143,3.0833333333333335,2.446571945746596,2.25,0.6210590034081188,0.25,6.13710004555796,8.555301044135941,11.427276009513648,0.33791550150359967
-135.3788482,61.70418835153962,-0.8457294909999991,0.0,3.02730288,1.8,3.0,1.3093073414159542,106.54,141.0,73.00497047657586,2.8579999999999997,1.75,0.984610147650908,5733.2,11122.37032804994,1055.72,2006.9796539647757,-4.022,2.11616904536746,0.10154200608359296,0.4280264998139066,3.2,1.9639610121239315,2.4,0.6546536707079771,0.2,6.07672147788103,7.086137237230819,12.340837670307923,0.46380744389027745
-661.88158765,212.3494076250803,-3.655512732777778,0.0,2.87347221,4.055555555555555,7.0,4.228075611507364,107.0611111111111,111.4,69.71096962253706,2.7305555555555556,2.2199999999999998,1.4556814354653427,6614.666666666667,13451.135530687921,1561.1888888888889,3035.9509525408616,-5.464444444444445,1.0340916083913716,0.3918805863267857,0.3325556638006329,3.0,2.0512903762734833,2.3333333333333335,0.6837634587578277,0.0,5.82924712856327,5.76337027041995,11.797189312504461,0.53345580555783
-311.88689509,638.8385424823483,-2.509190043444444,3.4079,0.04627805,2.4,7.0,2.8876002656388655,85.57333333333332,133.4,68.57658556851088,2.1386666666666665,2.62,1.5928738364426511,3472.9333333333334,7771.430987162872,901.16,1438.5937563754242,-3.4553333333333334,2.631612958758541,0.22840634597329737,0.0942737020873001,3.466666666666667,1.8109146210426053,1.7333333333333334,0.8744746321952063,0.13333333333333333,4.2487962562039145,3.7457952058984985,21.294618082744943,1.1129294238441496
-704.85947934,161.4679214807893,-2.870239342241378,2.237999999999999,5.27614726,2.875,3.0,1.5996323106926056,121.525,141.0,63.16423969676662,2.8187499999999996,1.89,1.1090735402339462,14338.75,28981.813394731857,1141.375,1891.2926842895201,-5.345000000000001,0.8787691927449702,0.2472340687004414,0.18230654537953978,2.5,0.9701425001453319,2.125,0.45374260648651504,0.125,6.154953638340189,3.930676150643818,10.091745092549331,0.3365187712715667
-364.83454762,455.6297483420089,-1.280503719722223,0.133,3.5200258,2.2222222222222223,1.0,0.5916079783099616,126.71111111111112,49.8,29.862920151920843,2.9544444444444444,1.53,0.9780899754112604,4481.333333333333,8912.254361271338,822.3555555555555,1563.323308852011,-4.634444444444444,0.7329495207720654,0.09006815502438187,0.3226310932502062,3.111111111111111,2.3664319132398464,2.111111111111111,0.4472135954999579,0.1111111111111111,6.208073825250717,8.348082605235858,12.656381898389135,0.43938514853552746
-555.53440515,183.28220454838268,-3.6698924778571422,3.8409999999999993,2.32775586,2.2857142857142856,8.0,3.295017884191656,81.24857142857142,141.0,91.27694298906253,2.437142857142857,2.44,1.536777704902604,6209.714285714285,11471.55695000216,1250.1142857142856,2181.886687512176,-4.562857142857142,2.60993021253169,0.3174720341197363,0.22136167594386244,3.142857142857143,1.927248223318863,1.8571428571428572,0.8451542547285167,0.0,5.207680163179136,5.846310114581437,13.091586039170194,0.7428511128743246
-574.44897512,41.98421694191871,-2.204479133333331,2.8495,2.59636997,1.3333333333333333,2.0,1.4142135623730951,95.67666666666666,135.97,96.14530903793487,2.61,2.49,1.7606958851545034,2814.6666666666665,5499.876544068967,611.8000000000001,1106.4806912007093,-3.8866666666666667,2.3405234457274724,0.32418136021935595,0.19978883541743772,3.0,2.1213203435596424,1.6666666666666667,0.7071067811865476,0.0,5.466757644532822,4.731103858674231,13.99473898063957,0.8412656369325796
-486.23324797,337.0977612327624,-2.039553011428572,0.7842,5.60348804,2.4285714285714284,4.0,1.577908716741037,121.3,141.0,52.0857808948716,2.8649999999999998,2.13,1.112895194654786,2764.1428571428573,4857.494294008644,976.7714285714285,1758.097162460898,-4.452142857142857,1.3100728286345498,0.23871601853584407,0.12600171923362843,2.9285714285714284,1.887120687660415,1.9285714285714286,0.3642156795423418,0.0,6.088739733783485,6.3361941572324305,12.039205758312944,0.4352468968245205
-257.79926778,285.7453093841022,-0.9113688844444441,0.0,6.45206862,4.777777777777778,5.0,3.296902366978935,131.93333333333334,119.20000000000002,72.32221379835973,2.031111111111111,1.8399999999999999,0.7788062213636858,21580.222222222223,10833.781980453548,4163.2444444444445,1990.316714582839,-5.638888888888889,2.1536177853132137,0.07755140972545219,0.48141170108563464,5.0,1.5322617553657476,2.888888888888889,0.41702882811414954,0.8888888888888888,4.676258590756597,12.38707863633578,15.874739410227894,0.6696383970822605
-415.48812071,255.89970394060344,-2.436627378,0.0,7.5483106,3.0,3.0,1.6903085094570331,114.55999999999999,98.5,51.20885805070391,2.778,1.8299999999999998,1.09350027761444,3673.2,5860.761188982683,1187.52,1796.2538764248857,-4.536,0.7493616330870277,0.318101212975091,0.26974891167243803,2.8,1.558387444947959,2.0,0.0,0.0,5.662892539122332,5.027428687746432,12.794985197030172,0.3699202006890156
-369.84330915,90.97581873262898,-2.258839532449999,0.0,-0.4964514,3.2,8.0,3.909694909544003,100.2,111.4,67.24560527329223,2.472,2.62,1.5932536341892156,2879.2,5796.790639162821,982.32,1821.454502000295,-4.306,2.1703291389622383,0.3264773313775907,0.22896229714316907,3.0,1.6903085094570331,2.0,0.8451542547285166,0.0,5.0809638681509055,3.2124885762848505,18.195163746525797,0.7886227310406098
-391.9192853,111.9453897072534,-0.16913191833333202,0.0,4.77794258,2.2222222222222223,1.0,0.5400617248673216,148.33333333333334,95.60000000000001,42.74421013423924,2.9244444444444446,1.1600000000000001,0.7487767802667674,9390.0,13335.649028075086,1842.5555555555557,2545.6889080692217,-4.4944444444444445,0.782642425802912,-0.08667770617568395,0.4619476290937656,3.5555555555555554,2.3003622903070435,2.4444444444444446,0.6454972243679028,0.4444444444444444,6.222282398028403,10.027072669876418,12.438376634139267,0.4086624053139579
-899.60560938,63.7546200303669,-3.071587857916669,2.0995,1.68905649,2.8,6.0,2.8535691936340255,100.47999999999999,110.0,66.72279541934246,2.528,2.62,1.5200187968762566,7799.2,18874.01036951531,1406.72,2930.107709380566,-5.054,3.4413722346097435,0.2733049668937439,0.08877570201809662,3.2,2.138089935299395,2.0,0.8451542547285166,0.2,5.319590466236333,6.981426051671773,12.75092400607338,0.9424669876898989
-293.18497587,47.9865802322794,-1.6847351029166662,1.6634,2.5670638,2.75,5.0,2.4289915602982237,117.975,76.7,39.99723740460084,2.6174999999999997,1.78,1.0473729039840587,8061.0,10735.35624001365,1389.85,1659.6265833011955,-4.495,3.0085411747223936,0.10264393483640608,0.1810148168162386,3.25,1.6431676725154984,2.5,0.6324555320336759,0.5,5.534187501655151,6.639276478797563,11.99664505806985,0.6347791866342737
-531.99157965,296.1539555733623,-2.742996080333333,4.995699999999999,0.9960298,1.8666666666666667,3.0,1.2307338795828044,107.45333333333333,81.4,50.349437756075694,2.2506666666666666,2.46,1.479085568061246,7996.933333333333,21356.121299083698,1111.16,1382.214180219549,-3.7953333333333332,2.0402955379927046,0.2471130135414725,0.09189516212054477,2.1333333333333333,0.43723731609760313,1.6,0.6301260378126043,0.0,4.909200824860482,2.352846180190175,9.871798519112076,0.6355094151012866
-353.35267479,79.65491918762994,-1.6376950989999992,0.0,1.0511327,1.2,2.0,1.3093073414159544,87.39,141.0,87.93776614336821,2.58,2.55,1.447534850308324,2993.2,4591.981396179338,690.72,1087.754326254653,-3.5620000000000003,2.3765280798437276,0.3151001507425968,0.1598219234884531,3.4,2.32992949004287,2.0,0.8451542547285166,0.0,5.528272334254519,6.206805522797609,15.93098383752599,0.7525289792441755
-972.16713467,149.38125101812372,-3.639240691,3.1163,2.20775892,2.8,8.0,3.625307868699863,95.61,127.05,75.16755569107877,2.508,2.55,1.5366336118746253,5933.2,10841.941391782982,1419.1200000000001,2425.2005254352534,-4.7,2.029707931135484,0.3901590255203342,0.27411719342468394,3.4,2.32992949004287,2.0,0.8451542547285166,0.0,5.26696494482569,6.148305064373248,14.938125101812371,0.8025456289795284
-259.07896173,164.0902194785369,-1.057176666428571,0.0,1.91132377,1.1428571428571428,2.0,1.3093073414159544,88.24285714285715,141.0,83.51658090292183,2.7514285714285713,1.79,1.0755098458737737,4612.571428571428,7716.887807177932,850.9714285714286,1433.5248126807671,-3.62,2.1886639760365227,0.21465650535873063,0.28974615129410697,3.0,1.5811388300841898,2.4285714285714284,0.6546536707079772,0.14285714285714285,6.107891584712239,6.096810453897719,11.720729962752637,0.4354329535618034
-342.0687708,138.80680474007113,-1.046750069285714,0.0,4.96930009,2.0,0.0,0.0,128.57142857142858,29.0,20.50609665440988,2.7842857142857143,1.53,1.0818733752154177,7498.285714285715,12005.258930985205,1416.9714285714285,2189.061173197314,-4.4157142857142855,0.947523086789974,0.16623459394194193,0.10520755240045614,2.857142857142857,1.4142135623730951,2.4285714285714284,0.7071067811865476,0.42857142857142855,5.9859627407857525,5.74407814122496,9.914771767147938,0.49762832451785605
-458.92401446,720.4692513381846,-1.787688270454546,0.0,2.612538739999999,1.3636363636363635,2.0,1.0,111.73636363636363,127.05,61.05017574367279,2.5563636363636366,2.55,1.32727477687679,5148.363636363636,7328.7858248598495,1311.5636363636365,1792.5259830752802,-3.6263636363636365,1.9369649798933728,0.23847814095747769,0.2050559875689358,3.272727272727273,2.0,2.090909090909091,0.8660254037844387,0.2727272727272727,5.418849668729533,5.174634811411824,16.37430116677692,0.6640460599063224
-512.80613763,47.397148259900405,-1.7908991124999991,0.7227,0.8923141,1.0,2.0,1.4142135623730951,70.5,141.0,99.7020561473032,2.545,1.79,1.26572113832392,3786.0,5040.2571362977105,635.1,770.6049701370995,-3.13,2.630437226013957,0.33000000000000024,0.14142135623730923,3.0,1.4142135623730951,2.5,0.7071067811865476,0.0,5.951264188702443,5.7042178148357205,11.849287064975101,0.4730568735005466
-482.55498608,408.9712179142129,-2.9919900877407413,3.0662,1.81306057,2.888888888888889,7.0,3.2480763537823427,100.88888888888889,141.0,81.61004840091691,2.81,1.94,1.269180838178705,8964.666666666666,20801.008816881935,1464.8000000000002,3280.139790923551,-5.5166666666666675,3.256340737699297,0.29033708044877105,0.12192610321240659,3.111111111111111,2.3664319132398464,2.3333333333333335,0.6708203932499369,0.2222222222222222,6.249429741355043,8.499004163891378,11.360311608728134,0.4036936202224017
-739.44172177,144.94550982850052,-2.625668044999999,0.26570000000000005,2.556246,3.8333333333333335,7.0,3.865804501581067,107.73333333333333,122.9,69.15507533395103,2.796666666666667,2.08,1.292482538029474,6231.333333333333,12158.262558624256,1067.9666666666667,1956.6103643234076,-5.3950000000000005,1.2003818836798006,0.2462238507782216,0.17537897151688367,2.6666666666666665,1.3333333333333333,2.3333333333333335,0.6666666666666667,0.16666666666666666,5.861119609681512,3.6877736905370972,12.078792485708375,0.4452768461176441
-936.93409551,155.5144237875321,-2.050409240541872,0.8134999999999991,3.2345749,3.2857142857142856,3.0,2.121320343559643,80.57142857142857,141.0,99.70205614730321,2.63,1.89,1.3364318164425748,5784.0,9176.831806239014,1051.8285714285714,1586.6061956263754,-5.838571428571429,1.400071426749364,0.12003807463520046,0.18142792056148452,2.857142857142857,1.4142135623730951,2.4285714285714284,0.7071067811865476,0.42857142857142855,5.568493528256204,4.886374088540733,11.108173127680866,0.490002596219524
-428.95511008,558.7173420272759,-2.022314588690476,3.1907,1.68477958,2.7142857142857144,2.0,1.355261854357877,127.14999999999999,105.9,38.66577482551129,2.952142857142857,1.4300000000000002,0.9319438758611498,9569.142857142857,19950.644549968398,1086.1285714285714,1924.015537826012,-4.699135785714286,0.5847842080230913,0.1827659894769154,0.1289065306109828,2.857142857142857,1.7612611437054218,2.0,0.0,0.0,6.231530631143572,5.72199127787465,13.302793857792283,0.35060817624016927
-239.85607989,94.02731333947168,-1.237119229583332,1.5259,1.12493505,1.5,1.0,0.6324555320336759,141.10000000000002,163.20000000000002,72.9853683966862,2.6,2.46,1.2710940169790748,3986.0,6381.090314358511,1231.1,1594.07769446787,-3.2025,2.2957939803039817,-0.14832505102120708,0.8121881727612831,3.0,2.1908902300206647,2.0,0.8944271909999159,0.0,5.602512959973686,8.332296827779572,11.75341416743396,0.5293271013027919
-1692.45767368,309.3456971805032,-3.934111165199997,4.4407,7.00962482,3.52,8.0,4.0,90.64240000000001,141.0,94.4443631242721,2.6416,2.49,1.5021434053134148,7922.08,15689.719775474365,1555.4080000000001,2970.763490792872,-5.6016,2.5336210140899076,0.3904487133273282,0.30973291626784044,3.36,2.5742148858401492,2.2,0.79555728417573,0.0,5.5905629696147825,9.021629462517724,12.373827887220127,0.6164198236124189
-461.61785614,88.66194038208619,-0.6081255025000001,0.0,2.73267253,2.0,0.0,0.0,157.07500000000002,64.30000000000001,45.46696603029501,3.15,1.1600000000000001,0.8202438661763952,5166.5,13985.157918307537,1092.1499999999999,2833.942557639445,-4.6225000000000005,1.0394469683442251,0.06431007294786473,0.46864188397147816,3.0,2.8284271247461903,2.25,0.7071067811865476,0.25,6.991010894233806,9.105315952245515,11.082742547760773,0.29370732687987977
-372.77143998,169.33889904872078,-2.849843436249999,2.1745,1.793832109999999,1.0,2.0,1.2977713690461004,76.36,135.97,83.96278824888033,2.1725,2.55,1.645097981404467,4111.0,5047.032854220284,1055.6,1267.7859092050783,-3.42875,2.028579357709803,0.37988079272462716,0.19472478438226215,3.875,2.465552142709834,1.5,0.6488856845230502,0.0,4.533687770639694,5.526653945112472,21.167362381090097,0.95677213469478
-601.36218283,264.57220185605274,-2.235131224999993,0.5192999999999991,6.2679598,3.0,5.0,2.581988897471611,119.63333333333333,90.4,47.82535357364799,2.9066666666666663,1.81,1.0803600222970942,7231.333333333333,14075.676956288029,983.4666666666667,1934.8819131352118,-5.008333333333334,0.7561488683527278,0.050300222798834206,0.3778578454801819,2.8333333333333335,1.7159383568311666,2.1666666666666665,0.5270462766947298,0.16666666666666666,6.204852537744315,5.9423945580201165,11.023841744002198,0.4035973513139959
-392.37904908,134.06377366980044,-1.5651373466666652,0.0,6.07802721,2.3333333333333335,1.0,0.6666666666666667,129.48333333333332,37.8,23.185687635071577,3.015,1.3900000000000001,0.8551705482923666,7048.0,13676.394651612927,1031.4666666666667,2069.9136256804964,-4.718333333333334,0.5451860029180663,0.03691399261457592,0.4140804521400261,3.0,2.0,2.1666666666666665,0.5270462766947298,0.16666666666666666,6.380492325270177,7.150870696600975,11.171981139150036,0.398245689262096
-863.50859509,1008.8768221975549,-1.8820015622100321,0.44,0.17950277,3.303030303030303,5.0,3.3567628964311944,114.81212121212121,141.0,67.92001598519079,2.9439393939393943,1.89,1.2631388058551376,6088.727272727273,15137.365941366985,1028.448484848485,2413.4872823660903,-5.287575757575758,0.7996740407369561,0.056898226252633854,0.4539614505468241,2.5454545454545454,1.3887301496588271,2.272727272727273,0.6943650748294137,0.2727272727272727,6.1838292320588915,2.786410863456516,15.28601245753871,0.2292781116577374
-305.25093221,291.07493270155646,-1.7889542243333332,2.7352,5.50920251,2.8,3.0,1.558387444947959,108.62,112.1,59.173256507600506,2.8240000000000003,1.66,1.0132550095043766,2965.2,5529.899146587447,890.5200000000001,1327.305644637178,-4.35,1.1907080726549704,0.15493993426882396,0.3341237942458538,3.4,2.32992949004287,2.0,0.0,0.0,5.571546786246496,8.484176555658724,14.553746635077824,0.4874367095255661
-607.39875738,432.8519261026267,-2.508281684249999,1.119899999999999,4.99125957,3.6,7.0,3.6449573777637356,110.16,122.9,63.60753549249155,2.7920000000000003,2.08,1.129551111851834,7673.2,12430.490462683165,1468.3200000000002,2284.905672326228,-4.864,0.4289189067544452,0.1294935620651426,0.46215812909815435,3.0,1.6903085094570331,2.4,0.6546536707079771,0.2,5.737573743456615,6.0109708311179215,10.821298152565667,0.5577448288762477
-1035.69290039,168.1248937093548,-3.346563131380951,1.2267000000000001,3.28430992,3.4285714285714284,5.0,3.5355339059327378,109.57142857142857,110.0,77.78174593052023,2.8857142857142857,1.94,1.3717871555019021,10444.285714285714,25298.866417292298,1701.857142857143,3988.647931317077,-6.198571428571428,2.9910616844190963,0.27900481771984836,0.12128073622180309,3.142857142857143,2.8284271247461903,2.2857142857142856,0.7071067811865476,0.2857142857142857,6.337331651113998,8.72898921823449,12.00892097923963,0.3576388223540068
-457.31882272,238.6997871715441,-1.077457179335938,1.0057,1.3424484300000001,1.75,2.0,0.9074852129730301,143.5875,141.3,56.15048844793049,3.0625,1.2399999999999998,0.6828573186596588,3576.25,7438.214641889781,700.375,1407.8521876791401,-4.34375,1.1723869567982188,0.09157444218888938,0.25857810658022007,2.875,1.5996323106926056,2.125,0.45374260648651504,0.125,6.634989578412069,4.790829921970451,14.918736698221506,0.24096532878635585
-310.89265571,51.04811002645878,-0.724300867916666,0.0,2.76508001,1.5,1.0,0.6324555320336759,131.5,22.599999999999994,12.440578764671681,2.6775,1.54,0.964587994949139,6211.0,7618.201467538122,1453.85,1758.4968342308723,-3.18,2.3643688375547502,0.10010244057153503,0.18188593143642273,3.25,1.6431676725154984,2.5,0.6324555320336759,0.5,5.797752442042944,6.616801943326625,12.762027506614695,0.5734362492989785
-304.7220925,36.93841492954792,-1.450581410833332,0.3163,2.3690108,1.5,1.0,0.6324555320336759,115.0,81.4,42.10805148662189,2.44,2.46,1.3301428494714393,4136.0,6701.718704929356,1248.85,1628.0039054007211,-3.4675000000000002,1.9273271647543395,0.18111503807833057,0.09110927108069267,2.5,1.0954451150103324,2.0,0.8944271909999159,0.25,5.258776369344152,4.607173189052811,9.23460373238698,0.6737052105267616
-1356.73496417,596.8276909170065,-3.953871922749999,4.097300000000001,1.5409672300000001,4.8,7.0,4.949747468305833,96.44,111.4,78.7716954241814,2.552,2.2199999999999998,1.5697770542341356,4693.2,7904.039600103229,1497.72,2488.167341639223,-5.186,0.34648232278140845,0.40495147377548124,0.30927343371305727,3.2,2.121320343559643,2.4,0.7071067811865476,0.0,5.393348497105174,5.026122839880902,14.920692272925162,0.6912867587908417
-810.51023937,177.12946827913987,-2.432542963333333,0.5175000000000001,3.03219014,3.5,6.0,3.328201177351375,107.6625,90.4,60.464395117482795,2.720625,2.46,1.3197712505757027,7451.25,14551.150374824983,1307.3125,2302.0132950895895,-5.100625,1.3314234719045857,0.015448616389299785,0.4422938031491659,2.625,1.3008872711759818,2.25,0.7844645405527362,0.3125,5.667505642849072,3.95278013968699,11.070591767446242,0.41409152070237504
-500.9459706,159.8772396407425,-1.616134753423645,0.0,3.98735052,2.9285714285714284,3.0,1.4952755788160834,86.17857142857143,141.0,86.23596686494606,2.73,1.89,1.1186784656164441,5998.285714285715,9071.888588713913,1337.5428571428572,1976.4315211349592,-5.492142857142857,0.8515895237619658,0.07519647097168868,0.24660994006084594,2.857142857142857,1.3458531698209062,2.4285714285714284,0.6729265849104531,0.42857142857142855,5.732936696213163,4.800131798437879,11.419802831481606,0.4766311425985797
-192.31895921,58.68753393124512,-1.514723342499999,0.036199999999999004,0.46117376,1.0,2.0,1.2649110640673518,70.5,141.0,89.1762300167483,2.5549999999999997,1.79,1.1195892103803073,3523.5,4202.421159284253,600.1,648.0098888134347,-3.04,2.4718252365408038,0.3100000000000002,0.10733126291998968,3.25,1.6431676725154984,2.5,0.6324555320336759,0.0,5.886866228541698,5.936734625825162,14.671883482811262,0.47223117646902996
-906.48454512,62.557033232231895,-2.166948223333333,0.0,4.49859368,3.3333333333333335,4.0,2.666666666666667,116.7,76.7,48.69893907126383,2.9299999999999997,1.78,1.0402243347791218,9564.666666666666,19727.730443323795,1369.4666666666665,2681.7152753000787,-5.771333333333334,1.5630795813962184,0.1254975541269303,0.2426981112219307,2.8333333333333335,1.7159383568311666,2.3333333333333335,0.6666666666666667,0.3333333333333333,6.008982849066084,5.625653434751523,10.426172205371984,0.44572455176102654
-536.52862218,55.77490557004568,-1.4589127130000001,0.0,4.17893196,2.4,1.0,0.6546536707079771,115.58,77.3,43.19576698837845,2.8440000000000003,1.56,0.9772263957606899,5553.2,9008.085669473367,1061.52,1690.8211834152405,-4.736,0.4847385156673945,0.05207020906341597,0.3058083002574704,3.2,2.138089935299395,2.2,0.5345224838248488,0.2,5.962310035229155,9.405374559914582,11.154981114009136,0.5410608072425868
-425.71421371,148.72240790846254,-2.290613417083334,1.0602,3.91704357,3.5833333333333335,7.0,3.3869497444498005,113.48333333333333,122.9,59.05373340078871,2.9466666666666668,2.08,1.0409665837919237,10481.333333333334,22010.753569237793,1546.7166666666665,3024.7249685597153,-5.597833333333334,1.4749912735819344,0.13549648165897943,0.32280802020748794,2.9166666666666665,1.8935982376719422,2.3333333333333335,0.6761234037828133,0.25,5.987196423243859,5.144674861481824,12.393533992371879,0.421628903463367
-459.4340648,338.74942397432324,-1.072082281547618,0.44809999999999905,1.95260472,1.4285714285714286,2.0,0.9636241116594315,116.45714285714287,141.0,63.51940086079438,2.704285714285714,2.13,1.1519734619959165,4598.285714285715,6768.631978261403,941.9714285714286,1372.7337646358922,-3.2742857142857145,2.642610992398022,0.17656868988115562,0.2842740624969128,3.0,1.7320508075688772,2.142857142857143,0.8451542547285167,0.2857142857142857,5.8816562386090965,5.961558629999455,12.098193713368687,0.6148598031522742
-814.36907775,120.55503457779893,-2.083893312586208,0.877599999999999,4.7488373,3.0,3.0,1.6903085094570331,106.06,141.0,72.97913596168625,2.766,1.89,1.116614782021343,4173.2,6977.255416197484,1095.9199999999998,1661.7961332761092,-5.182,1.3060955992138223,0.168785647804851,0.13302234742339158,3.0,1.6903085094570331,2.2,0.5345224838248488,0.2,5.83042413419762,6.105962319879646,12.055503457779894,0.44757030690895105
-224.28951253,293.2172005031508,-1.6711503846428561,1.8503,0.77384911,1.4285714285714286,1.0,0.6324555320336759,117.8,163.20000000000002,72.94063339456274,2.257142857142857,2.46,1.4628191959363945,3166.5714285714284,5139.563561237472,1177.8,1360.2039023617012,-3.0742857142857143,2.1527470822184385,0.0072544864482320115,0.6615063931803562,2.5714285714285716,1.7888543819998317,1.7142857142857142,0.8944271909999159,0.0,4.892183506596691,6.0208060606027285,10.47204287511253,0.7002383527149468
-307.83507114,289.0372280681903,-2.264222731499998,0.665299999999999,4.01088681,1.8,3.0,1.3093073414159542,103.31400000000001,138.63,72.20294790182936,2.668,2.44,1.3349799356437642,4021.2,6297.369201273089,772.92,1117.8741764106164,-4.192,1.5861543790834847,0.13093993426882394,0.3064159007740049,3.2,2.138089935299395,1.8,0.5345224838248488,0.0,5.580946415913826,6.8264436837758,14.451861403409515,0.6130787442421691
-780.75426748,97.36441446710847,-1.9706471140000001,0.0,5.01761307,3.0,5.0,2.6726124191242437,117.12,90.4,46.911344957422465,2.772,1.81,1.0996557903011548,8133.2,13162.217854797223,1427.3200000000002,2198.310407043165,-4.918,0.98743535050583,0.06384829281094237,0.35314501300473333,2.8,1.3093073414159542,2.4,0.6546536707079771,0.4,5.8509973190575115,5.376829358808483,9.736441446710847,0.4791550502423918
-302.23455435,217.56136685478137,-1.25510434046875,0.0,4.44446871,2.0,0.0,0.0,146.0,83.0,36.01586951807296,2.9560000000000004,1.53,0.8370270519608585,4653.2,8801.105872072472,882.9200000000001,1603.0138454085256,-4.42,0.9356433997141068,0.14024281050623974,0.1601957428040272,2.8,1.3093073414159542,2.2,0.5345224838248488,0.2,6.443176530275769,5.667949957554388,10.878068342739068,0.3565147128065353
-337.25621408,216.56275852085403,-0.9115316718750011,0.0,3.8654609300000002,1.5,2.0,1.0954451150103324,98.5,141.0,73.47652686402645,2.6975,1.53,0.9400585088174034,4983.5,8985.356509343412,999.07,1621.2406896941613,-3.48,2.4302427862252776,0.17689959768918784,0.0772155416607556,3.5,2.0976176963403033,2.5,0.6324555320336759,0.25,6.011144122543804,8.933862432942597,13.535172407553375,0.484898127250168
-546.24108002,405.8335390778211,-2.617681667222222,0.0,4.41791645,3.5555555555555554,7.0,3.4606218537219333,103.31277777777778,135.97,67.44871140712718,2.698333333333333,2.49,1.3153360924663242,8180.111111111111,14649.370163688645,1373.7333333333333,2331.112467864072,-5.132777777777778,1.3315633080606772,0.018372697211063976,0.47310569336389857,2.8333333333333335,1.4909364729139403,2.2777777777777777,0.7800216246616237,0.3333333333333333,5.603912667031565,4.658473805862066,11.273153863272809,0.5189263342046248
-716.76513528,228.2186100060238,-2.571303136206898,0.0,3.20553549,2.2222222222222223,5.0,2.188987589427283,79.4511111111111,141.0,89.41821363216035,2.466666666666667,2.49,1.4373152055133904,4834.444444444444,7067.262671407272,936.5555555555555,1263.8939400387465,-4.694444444444445,2.330510494863018,0.2357702788459708,0.23359701333382316,3.111111111111111,1.6708281379802852,2.0,0.8660254037844386,0.2222222222222222,5.200241825255815,5.31319115915307,12.678811667001321,0.8284391648790088
-847.40589847,434.9932172563554,-3.68198832,1.7607,2.97912333,3.9722222222222223,6.0,4.112750383753377,107.96388888888889,99.9,68.81519080079508,2.745,2.11,1.4486591655480667,7198.0,14529.723944832656,1592.9666666666667,3137.502567606779,-5.509166666666666,1.0909554432992272,0.36239626456386337,0.3904614618733958,2.9722222222222223,2.0376883748609544,2.3333333333333335,0.6939779183594883,0.027777777777777776,5.859590545003597,5.490900830596611,12.08314492378765,0.4680636787126305
-643.87517177,124.58651702114541,-1.072432660000001,0.5904,0.85252144,2.3333333333333335,1.0,0.7071067811865476,115.23333333333333,77.3,54.65935418572012,2.92,1.56,1.1030865786510142,5548.0,11298.152149798656,1126.8,2198.9606681339255,-4.876666666666667,0.24041630560342606,0.118550457990987,0.23642018074412519,2.6666666666666665,1.4142135623730951,2.3333333333333335,0.7071067811865476,0.3333333333333333,6.238518158197021,4.8479124040913755,10.382209751762119,0.3889843735341834
-782.62034764,427.1887247242977,-1.685936004310345,1.7012,-1.37420132,3.103448275862069,4.0,2.8284271247461903,119.84137931034483,76.7,54.23509011700819,2.9489655172413793,1.78,1.2586500705120547,5815.931034482759,14338.71130890081,877.4551724137931,2017.941332150169,-5.62448275862069,1.6263455967290592,0.1851959516583671,0.11484451822529819,2.5517241379310347,1.4142135623730951,2.2758620689655173,0.7071067811865476,0.27586206896551724,6.203302998417605,2.9229531959732458,14.730645680148196,0.2597275361515908
-549.1024898,134.24335401371286,-2.4100714059523822,3.5376000000000003,0.38632554,1.8571428571428572,6.0,2.0090703413180027,96.37857142857143,81.4,52.33546772331534,2.0785714285714283,2.46,1.5873694649267442,3509.4285714285716,8804.72312919709,1204.5142857142857,1717.0429367215763,-3.5714285714285716,2.382724948838657,0.22732385676496597,0.048889182501065956,2.2142857142857144,1.031327476428493,1.5714285714285714,0.8312094145936335,0.07142857142857142,4.534624271008658,2.9376579649442602,9.588811000979488,0.8014480657191296
-585.40030031,176.27263347332203,-2.070504940837438,0.0,4.64541888,3.142857142857143,3.0,1.7928429140015905,95.89999999999999,141.0,81.63886941892324,2.6885714285714286,1.89,1.1599661325105266,4898.285714285715,7578.336153612009,1129.1142857142856,1602.2630611553325,-5.410000000000001,1.3826062346163492,0.14962148759615085,0.14907135393610976,3.0,1.5811388300841898,2.2857142857142856,0.5976143046671968,0.2857142857142857,5.671900335898365,5.512445563449396,12.590902390951573,0.44677662258707473
-465.74226054,64.09912707274532,-3.141961539999999,3.32,1.94225766,1.0,2.0,1.2649110640673518,72.35,138.63,86.84429238585574,2.2075,2.49,1.5591632371243236,4246.0,5095.7277792284,898.1,1022.9392240011133,-3.3975,2.0174711893853656,0.315636020164517,0.14710138777923484,3.25,1.6431676725154984,1.5,0.6324555320336759,0.0,4.731971753318942,4.137073119272758,16.02478176818633,0.9321328730930263
-708.10736446,75.22064438468182,-2.877109646666667,0.0,8.02572838,4.125,7.0,3.916899955724922,80.8,133.4,80.81208872570073,2.42,2.46,1.3422996763214359,7498.5,11317.867736692417,1581.975,2084.5501827038192,-4.81625,1.4913496183693902,0.16083600302262305,0.10859473742524041,2.75,1.2565617248750864,2.25,0.8583950752789521,0.375,5.014869990511468,4.7360852934014135,9.402580548085227,0.6762942096141296
-392.40403977,527.4664135784507,-1.8112921922222212,2.312999999999999,4.18476111,2.5454545454545454,6.0,1.5218989685876771,118.84848484848484,133.4,43.6182537342284,2.866060606060606,1.9,1.0136030665258409,4664.848484848485,8012.345006301214,830.5454545454545,1361.7202615031604,-4.66939393939394,0.6665114402619062,0.0227155089692732,0.37463309419172447,3.515151515151515,2.700762419587999,2.0303030303030303,0.24253562503633297,0.030303030303030304,5.908659532309964,9.052858916389967,15.983830714498506,0.4464303775376764
-600.29969353,408.70445450679466,-2.908913289962972,2.004,2.78382462,3.2222222222222223,5.0,2.906888370749727,107.96666666666667,110.0,67.67390930040912,2.8355555555555556,1.94,1.2252918019802466,9948.0,21021.79958519251,1689.2444444444445,3364.0026527932464,-5.892222222222222,2.535637000834307,0.23096501089021101,0.19593048600422955,3.111111111111111,2.3664319132398464,2.3333333333333335,0.6708203932499369,0.3333333333333333,6.183680731283896,8.399308442298178,11.35290151407763,0.40395711303363974
-813.13088209,351.2297387223793,-3.737810427499999,3.6335,3.61143917,3.7142857142857144,9.0,4.511889056386788,86.46142857142857,135.97,83.47974377912627,2.4899999999999998,2.49,1.4607703447154174,5841.142857142857,9183.742249991868,1174.542857142857,1758.6877705510192,-4.554285714285714,1.554105162832573,0.3445799486390807,0.17527080015591295,3.0,1.5811388300841898,2.142857142857143,0.8451542547285167,0.0,5.221239617038378,4.567597792882324,12.543919240084975,0.813644152032442
-345.03080871,248.92808517080482,-1.754956429833332,1.628299999999999,1.5719148600000001,2.8,6.0,2.8535691936340255,119.84,90.4,46.94446567107626,2.776,1.81,1.0940945375710718,6953.2,12040.747793578745,1277.1200000000001,2012.537102408656,-4.33,2.4713212197989503,0.02420356522151168,0.3653478777461824,3.0,1.6903085094570331,2.4,0.6546536707079771,0.4,5.8612972255538835,5.518261990818178,12.446404258540232,0.4849210230481029
-663.03094796,112.58150624819807,-2.010695488333333,3.734,3.2989026,1.3333333333333333,2.0,1.4142135623730951,94.0,141.0,99.7020561473032,2.73,2.13,1.5061374439273463,3048.0,5994.85129089955,514.4666666666667,900.0055110942377,-3.84,2.439518395093589,0.33666666666666695,0.22627416997969493,2.3333333333333335,0.7071067811865476,1.6666666666666667,0.7071067811865476,0.0,6.0124027754961915,3.321847885834422,9.38179218734984,0.5665841519109013
-235.57779171,231.2664114031107,-1.9725945233333322,0.6980000000000001,0.68334754,2.888888888888889,4.0,1.949358868961793,127.58888888888889,76.7,34.31090205750936,2.9244444444444446,1.78,1.0463531908490555,9492.444444444445,19162.85776704508,1074.5777777777778,1981.8623988561872,-5.09,1.1791946404220128,0.19474519456666536,0.07821043910585293,2.6666666666666665,1.3416407864998738,2.111111111111111,0.4472135954999579,0.1111111111111111,6.234772254777198,4.211510362747732,12.848133966839482,0.28785134825969916
-547.06325488,64.74041172752274,-0.9266031233333341,0.6463999999999991,4.60796705,2.0,0.0,0.0,162.43333333333334,64.30000000000001,45.46696603029501,3.0533333333333332,1.1600000000000001,0.8202438661763952,6814.666666666667,13985.157918307536,1426.1333333333332,2833.942557639445,-4.5,1.0394469683442251,0.009080097263819495,0.4686418839714781,3.3333333333333335,2.8284271247461903,2.3333333333333335,0.7071067811865476,0.3333333333333333,6.8170741945429345,11.648979399970067,10.79006862125379,0.37428097058018617
-610.20878623,140.49846106976761,-2.05576668,0.0,4.23088706,2.7142857142857144,3.0,1.3627702877384937,104.84285714285714,98.5,55.90495761302647,2.7328571428571427,1.8299999999999998,1.0857880614031976,6284.0,9528.20213891372,1364.685714285714,1953.9215995384402,-4.714285714285714,0.5615984839214375,0.20447182113513174,0.3387905665891695,2.7142857142857144,1.164964745021435,2.2857142857142856,0.5976143046671968,0.2857142857142857,5.674350410298573,4.936654209149519,10.03560436212626,0.4613906054069364
-1154.18462374,136.51657937039403,-4.019811040833332,4.0165,3.14741998,4.0,6.0,4.242640687119285,94.0,141.0,99.7020561473032,2.7266666666666666,2.1399999999999997,1.5132085117392116,8648.0,17874.245214833547,1685.4666666666665,3384.071633402579,-6.033333333333334,2.213244225113893,0.394101412946051,0.3481116656893388,3.3333333333333335,2.8284271247461903,2.3333333333333335,0.7071067811865476,0.0,5.78904241947543,10.241243300471636,11.376381614199502,0.5100651824885054
-1024.34227609,327.29332162015646,-3.318146108166666,1.8492000000000002,5.31612941,3.8666666666666667,6.0,4.004781830757041,99.85666666666665,133.4,89.05908218490255,2.820666666666667,1.9,1.2896307100953561,5991.333333333333,12335.947664638052,1223.9666666666667,2359.1608135138094,-5.13,0.4997607082897167,0.17531492411949104,0.11800068798026231,2.7,1.474666453244719,2.3,0.6724233116481365,0.3,5.851445976351741,4.411456896883071,10.909777387338549,0.41037191487831826
-597.95731528,45.978363101869,-2.7644089860000003,0.0,10.67646484,3.8,7.0,3.625307868699863,114.94000000000001,122.9,64.81719348620835,2.716,2.08,1.2066956060723375,13373.2,25925.549042264414,1309.3200000000002,1995.4727159247254,-5.101999999999999,0.22287087869757347,0.32139659352702277,0.15189892357722753,2.6,1.0690449676496976,2.2,0.5345224838248488,0.0,5.857907105649093,4.371425841489946,9.1956726203738,0.5534538156066484
-410.43326707,97.49613700077627,-2.673892614586207,1.2511,4.73552803,3.2,3.0,1.9639610121239315,93.1,141.0,80.42565333452825,2.696,1.89,1.2179197721642305,4913.2,7750.11937235255,1079.3200000000002,1630.3559874193995,-5.136,1.3856818847463819,0.2766844348297604,0.32460690427129263,2.6,1.0690449676496976,2.2,0.5345224838248488,0.2,5.518881891743836,4.425479040540372,9.749613700077628,0.4592921921240958
-862.19320657,141.66836532722778,-3.813617754999999,3.5322,2.69810887,4.0,6.0,4.242640687119285,107.7,99.9,70.6399674405361,2.736666666666667,2.11,1.4919953083036153,7148.0,14692.264699494084,1620.8,3246.892917852389,-5.526666666666666,1.138441917710341,0.3950981246295626,0.35022601046023555,3.0,2.1213203435596424,2.3333333333333335,0.7071067811865476,0.0,5.854812866389504,5.777331392483834,11.805697110602315,0.4915166050545489
-323.1243047,109.65590342140135,-2.096002005,1.3153000000000001,0.58981372,1.0,2.0,1.2977713690461004,70.79625,141.0,91.11328378221776,2.46375,2.44,1.2930085276716388,3934.75,4841.447706496151,707.225,832.9346413987746,-3.2125000000000004,2.3216486882340632,0.3125000000000002,0.12065610111735772,3.0,1.2977713690461004,2.25,0.8583950752789521,0.0,5.642869972418896,4.547536286139718,13.70698792767517,0.5377377913248336
-465.02513237,141.5365353662609,-2.783797551,3.0834,4.00224215,3.6,7.0,3.6449573777637356,106.46,122.9,64.41880825615183,2.7399999999999998,2.08,1.1791037758762857,5513.2,8923.904110389609,1042.1200000000001,1647.2396442880695,-4.83,0.5188586375057141,0.1708914902503736,0.35775264779085236,3.2,2.138089935299395,2.2,0.5345224838248488,0.0,5.688024400833706,7.084729778553145,14.15365353662609,0.5232416536760666
-501.98340191,180.99498386738873,-1.93013044375,1.4703,2.9663059,2.25,4.0,1.6449566416599486,117.875,141.0,62.44220857532752,2.8637499999999996,1.75,1.028509772895317,8876.25,18356.6875616298,959.625,1741.435315716185,-4.305000000000001,1.8066934373242707,0.22564017829230104,0.07857798213860209,2.875,1.5996323106926056,2.125,0.45374260648651504,0.0,6.235192374132387,6.196239311430891,11.312186491711795,0.40315908764849306
-497.42619852,165.06995857909925,-1.5400649545833351,2.2557,0.75607134,2.3333333333333335,6.0,2.5385910352879693,105.98333333333333,141.0,75.93595620287167,2.986666666666667,1.44,0.9090165626164965,6529.666666666667,18669.243470954512,983.7800000000001,2500.0065629247188,-4.604666666666667,2.994531311871321,0.1419640563709259,0.24041502185389832,3.1666666666666665,2.3687784005919825,2.3333333333333335,0.6666666666666667,0.16666666666666666,6.358768540906687,7.25353262795044,13.755829881591604,0.36985933090337103
-302.20432296,96.20782920808556,-1.133168373333332,0.4534,0.53506081,1.3333333333333333,1.0,0.7071067811865476,78.26666666666667,94.1,66.53874810965412,1.6933333333333334,2.62,1.8526197667087545,1534.0,1391.5861453751256,670.7333333333333,615.7485850572456,-2.3033333333333332,2.849640328181787,0.26662930109847643,0.03885124079528438,4.0,2.1213203435596424,1.3333333333333333,0.7071067811865476,0.0,3.447898080229441,3.22648243291277,32.06927640269519,1.139491151026873
-773.13124473,260.6270713042678,-3.823918631500001,4.6014,2.47366841,4.4,7.0,4.268749491621899,97.73,111.4,72.27673284751539,2.591,2.2199999999999998,1.4224450780258617,4623.2,7339.970753801861,1416.02,2230.578601070932,-5.0120000000000005,0.6494955307347731,0.410213605331611,0.30099554116846783,3.0,1.8257418583505536,2.3,0.6236095644623235,0.0,5.385067862308019,4.965751106082984,13.03135356521339,0.666830010882652
-451.19655053,517.9996391565651,-1.5590189605,0.31880000000000003,3.5615997200000002,1.2,4.0,2.138089935299395,55.01800000000001,135.97,82.33858902639238,1.6599999999999997,2.49,1.3097437044813658,11204.4,14337.717331769178,1629.6399999999999,1269.5932126922723,-2.864,1.9602222906016116,0.3840385910286809,0.21284709305298186,4.2,1.558387444947959,1.4,0.6546536707079771,0.0,3.8233983450540587,4.507172918902532,25.899981957828253,0.8464637129579078
-523.27963965,489.4817316049533,-0.874017667773437,2.4312,-2.15182128,2.0,0.0,0.0,154.5,54.0,38.18376618407357,3.2175000000000002,0.8900000000000001,0.6293250352560273,1516.5,3661.398912983943,307.15,613.6272647136859,-4.6125,1.067731239591687,0.15500000000000036,0.21213203435596442,2.5,1.4142135623730951,2.0,0.0,0.0,7.087648157008399,3.44558805949318,15.296304112654791,0.14848296504333353
-287.79744652,88.66194038208619,-0.6081255025000001,0.0,2.73267253,2.0,0.0,0.0,157.075,64.30000000000001,45.46696603029501,3.15,1.1600000000000001,0.8202438661763952,5166.5,13985.157918307537,1092.15,2833.942557639445,-4.6225000000000005,1.0394469683442251,0.06431007294786473,0.46864188397147816,3.0,2.8284271247461903,2.25,0.7071067811865476,0.25,6.991010894233806,9.105315952245515,11.082742547760773,0.29370732687987977
-324.859122,27.771067003632275,-3.306019392499999,3.6301,2.25697064,1.0,2.0,1.4142135623730951,71.685,138.63,98.02621307589108,2.2199999999999998,2.44,1.7253405460951758,4381.0,5881.714205909702,923.6,1178.6055828817373,-3.46,2.1637467504308354,0.26000000000000023,0.042426406871192576,3.0,1.4142135623730951,1.5,0.7071067811865476,0.0,4.810303542778814,3.3530837533637103,13.885533501816138,0.9122372991730782
-363.47932125,262.0072345601061,-1.8301323900000002,0.16110000000000002,-3.90404263,1.8888888888888888,5.0,1.949358868961793,98.72222222222223,141.0,86.65996768981628,2.7633333333333336,2.13,1.3667132105895514,3270.222222222222,6183.13980110429,673.2444444444444,1297.3305238064816,-4.084444444444445,2.0117467534458706,0.35555555555555585,0.2611130023572168,2.3333333333333335,0.6708203932499369,1.7777777777777777,0.5916079783099616,0.0,5.897398847996629,1.0874832379309043,29.111914951122895,0.15985908529112086
-339.26495766,86.40533251899623,-3.44194683646875,2.161299999999999,3.72558747,4.8,7.0,4.286607049870562,107.24000000000001,165.4,82.98575178908727,2.374,2.2199999999999998,1.2458832208517778,5728.8,6252.070177149326,1671.28,2016.9526742092885,-4.884,0.9192592126272112,0.3449514737754812,0.35642803471865303,3.6,1.695582495781317,2.4,0.6123724356957945,0.0,5.132955759218074,5.5495961096630415,17.281066503799238,0.6601239872233678
-457.90717366,517.819883472095,-2.433464518854167,0.4596,3.84716143,3.625,5.0,2.9852578960422087,104.3875,112.1,65.41618571073353,2.78375,1.81,1.1645536888085697,6537.5,13099.28844048633,1286.0,2170.965694583593,-4.99,1.1644135105405689,0.11325685288087856,0.4865343283148741,2.75,1.3284223283101428,2.25,0.5940885257860046,0.25,5.633411783281825,4.841026287627986,10.787914239001978,0.39788338761006453
-568.56638711,201.3263084014837,-2.103520399999999,0.557199999999999,5.26328679,2.4615384615384617,4.0,1.5954480704349312,119.96692307692307,138.63,51.58064237853013,2.796923076923077,2.44,1.1745792283351362,2947.3846153846152,4806.624784418045,1075.2769230769231,1769.0168918459665,-4.440769230769231,1.1911033845671304,0.21938648150013973,0.04198815782291338,3.076923076923077,1.9188064472004938,1.9230769230769231,0.3692744729379982,0.0,5.889046211534169,5.302747042852497,15.486639107806438,0.4110116395490564
-572.25370394,75.65513999311729,-2.636561944791666,0.0,2.84985343,1.125,2.0,1.2030662579644695,77.95,141.0,85.182825054177,2.33375,2.46,1.441635584291237,3748.5,5106.386465676301,758.1,872.5463377832419,-3.305,2.1904385525806425,0.3471301005764035,0.2041523894001954,2.375,0.6282808624375432,1.5,0.6488856845230502,0.0,5.209715131898543,3.1574130062613275,9.456892499139661,0.777219711758037
-410.12728346,71.07659251782975,-1.629702402499999,0.4096,6.30205676,3.0,2.0,1.4142135623730951,124.15,33.7,23.82949852598665,2.7,1.48,1.0465180361560904,3611.0,4792.769762882419,1482.6,1969.1509642482974,-4.48,0.7212489168102785,0.20525303243772686,0.034997497154174335,3.5,2.1213203435596424,2.0,0.0,0.0,5.6463493864639185,6.294342869480089,17.769148129457438,0.38479135641935575
-633.69876347,105.73376293730534,-2.268996668999999,2.007799999999999,2.06965603,3.2,3.0,2.121320343559643,96.16,112.1,79.26667017101198,2.7880000000000003,1.63,1.1525840533340723,2369.2,3795.7492014093873,1044.92,1687.7224653360518,-4.206,1.3859292911256333,0.40200000000000014,0.3040559159102149,2.8,1.4142135623730951,2.0,0.0,0.0,5.317509695184603,5.887588007758966,10.573376293730535,0.3994916973692873
-324.22347609,158.66746022106182,-1.682521740833333,0.0,3.43457007,1.3333333333333333,2.0,0.9534625892455924,110.805,135.97,61.87729665159177,2.5116666666666667,2.49,1.2547165561845577,5811.0,7472.887831719043,1387.6000000000001,1785.6114735701756,-3.4516666666666667,1.973493671823468,0.21956379601037654,0.19452447928762157,3.1666666666666665,1.55212464354217,2.1666666666666665,0.8790490729915325,0.3333333333333333,5.3962402943653816,5.498802971901097,13.222288351755152,0.7164247415570687
-543.18155482,182.1025603934285,-2.147728544285714,0.0,1.97087097,3.2857142857142856,5.0,3.060005941764879,118.21428571428571,90.4,54.43450610178671,2.998571428571428,1.81,1.0628734637763801,8558.57142857143,20364.180719185253,1291.857142857143,2877.814198942726,-5.4711428571428575,1.2666560127143653,0.06620391593193085,0.3961146355761382,2.7142857142857144,1.7320508075688772,2.2857142857142856,0.674199862463242,0.2857142857142857,6.187403426758077,4.13767508083386,13.00732574238775,0.3031252125144036
-662.09574491,86.43591197380744,-2.267367855143677,0.0,3.786725569999999,2.6666666666666665,5.0,2.2962419891481978,72.825,141.0,87.41237495603552,2.3850000000000002,2.55,1.378591178110333,5844.333333333333,7526.144600355121,1180.2666666666667,1396.7943194719437,-5.14,2.1576123166803876,0.1953908503350975,0.24372580300211347,3.3333333333333335,1.9069251784911847,2.1666666666666665,0.8790490729915325,0.3333333333333333,5.012760767403843,5.671176066137017,14.405985328967907,0.7789839085456379
-431.36983767,720.4692513381846,-1.787688270454546,0.0,2.612538739999999,1.3636363636363635,2.0,1.0,111.73636363636363,127.05,61.05017574367279,2.5563636363636366,2.55,1.32727477687679,5148.363636363636,7328.7858248598495,1311.5636363636365,1792.5259830752802,-3.6263636363636365,1.9369649798933728,0.23847814095747769,0.2050559875689358,3.272727272727273,2.0,2.090909090909091,0.8660254037844387,0.2727272727272727,5.418849668729533,5.174634811411824,16.37430116677692,0.6640460599063224
-246.67611505,65.56081830486396,-1.674364853237547,2.8819,3.58552983,1.3333333333333333,1.0,0.5773502691896257,84.46666666666667,88.2,49.07721806840047,1.7833333333333332,2.51,1.434933215635255,1940.6666666666667,1501.7860477888764,953.7333333333332,782.264413950509,-2.6933333333333334,2.0137609921073887,0.2010027272795465,0.03244052986900221,2.3333333333333335,0.5773502691896258,1.3333333333333333,0.5773502691896257,0.0,4.008560373265935,2.326659199916996,10.92680305081066,1.1623971354179417
-779.5402812,582.8809764099692,-2.316224642115383,0.0,5.48222501,3.4615384615384617,6.0,2.8385106758902383,106.2703846153846,135.97,58.42896645867161,2.659615384615385,2.49,1.2798465309782823,8320.384615384615,13538.258155527774,1248.0,1908.6048469272746,-5.747307692307692,1.9068017351426072,0.17839989724130267,0.14276983792237505,2.8846153846153846,1.4589624493356326,2.3461538461538463,0.7653197277702214,0.38461538461538464,5.5348123632886725,4.829206910787045,11.209249546345562,0.5559365005152571
-84.62595102,96.20782920808556,-1.133168373333332,0.4534,0.53506081,1.3333333333333333,1.0,0.7071067811865476,78.26666666666667,94.1,66.53874810965412,1.6933333333333334,2.62,1.8526197667087545,1534.0,1391.5861453751256,670.7333333333333,615.7485850572456,-2.3033333333333332,2.849640328181787,0.26662930109847643,0.03885124079528438,4.0,2.1213203435596424,1.3333333333333333,0.7071067811865476,0.0,3.447898080229441,3.22648243291277,32.06927640269519,1.139491151026873
-630.49693741,252.20885838908387,-2.204234955642857,4.3175,-0.93877955,2.2857142857142856,5.0,2.0873770280289223,104.67142857142858,92.6,56.316015230381595,2.5085714285714285,2.62,1.5243265491919469,5935.428571428572,16282.273718021432,1048.1142857142856,2156.4166613024618,-4.214,2.831232593765479,0.17648799212835747,0.22352843793508761,3.0,1.5811388300841898,1.8571428571428572,0.8451542547285167,0.14285714285714285,4.963806466774854,3.135743488723741,18.014918456363134,0.8373507746760707
-365.77837918,1147.9956810076205,-1.31058676809375,0.0,2.58895785,2.2,1.0,0.5345224838248488,136.34,131.3,56.00609660691286,2.95,1.56,0.8504620592864296,4453.2,8293.562494919952,885.72,1610.198804052291,-4.62,0.7817562645370086,0.10313027479459232,0.20814604064187633,2.8,1.3093073414159542,2.2,0.5345224838248488,0.2,6.404780418301203,4.3021754047381755,14.349946012595257,0.2702582579542453
-633.29492814,199.98089237980395,-0.9964323888888891,1.146199999999999,0.63717588,2.2777777777777777,1.0,0.6496752435470525,117.91666666666667,77.3,49.69215948503058,2.921666666666667,1.56,1.0632934012505002,5603.555555555556,11043.543935229789,1126.0222222222224,2124.776648430203,-4.821111111111112,0.4662867965355406,0.12885949568866684,0.21539988272960714,2.6666666666666665,1.3675269175156555,2.3333333333333335,0.6837634587578277,0.3333333333333333,6.248884463225274,4.528325592167679,11.110049576655776,0.36350129028004846
-152.95812165,200.88566885284993,-0.9974404065833331,0.0,0.67016724,1.6666666666666667,1.0,0.7071067811865476,110.13333333333333,92.6,65.4780879378743,2.566666666666667,2.62,1.8526197667087545,924.6666666666666,1490.5810947412422,404.1333333333334,665.9531665214904,-3.686666666666667,2.764787514439401,0.2450026574830836,0.03182544252632169,2.6666666666666665,1.4142135623730951,1.6666666666666667,0.7071067811865476,0.0,5.163241239320435,2.350780180808049,16.740472404404162,0.9241434838844611
-883.42564451,112.77358481436278,-2.04722267375,1.4963,1.80497138,3.0,4.0,2.7174648819470297,124.5625,69.1,44.74556703440877,3.145,1.2799999999999998,0.8054812226240907,9041.5,23969.890895422566,1410.15,3604.8667983499963,-5.8817375,2.593752533047883,0.10699875000000059,0.33494222146398694,2.875,2.4099154150493143,2.25,0.6793662204867574,0.25,6.494938303688904,5.533134327557867,14.096698101795349,0.25276058565038223
-646.34111191,210.98176896595734,-1.062053368333333,0.0,0.60554996,2.388888888888889,2.0,0.856601560683982,112.56666666666666,125.3,60.21813594012933,2.917222222222222,1.6099999999999999,1.0724825551815895,5414.666666666667,10677.97041856458,1123.1333333333334,2118.9463255093583,-4.951666666666666,0.4286016223130175,0.1158956974308763,0.234535700644534,2.6666666666666665,1.3675269175156552,2.3333333333333335,0.6837634587578277,0.3333333333333333,6.218687576400165,4.269794105145834,11.72120938699763,0.3501788727781869
-348.37354801,126.03699193943334,-2.264166848461538,3.6768,0.22692384000000002,1.8461538461538463,5.0,1.713913650100261,98.63076923076923,81.4,52.44671105036044,2.2215384615384615,2.46,1.5688451166383506,4179.384615384615,11936.846809354638,1235.323076923077,2009.692266243765,-3.910453846153846,2.993062474498319,0.17944883289748922,0.1801757644316603,2.3076923076923075,1.4142135623730951,1.6153846153846154,0.82915619758885,0.07692307692307693,4.730922955047663,4.235534956488799,9.695153226110257,0.7327608237293289
-309.51973322,689.7394353836759,-3.51104348520936,2.9462,3.42338802,3.9285714285714284,6.0,3.797152531429146,102.38571428571429,141.0,74.57130541861751,2.702142857142857,2.11,1.401959634342776,7085.571428571428,13286.991712780971,1562.4142857142856,2903.9219479166163,-5.591428571428572,1.1479653695978453,0.3531856906931109,0.34530571267876553,3.0,1.927248223318863,2.357142857142857,0.6776309271789385,0.07142857142857142,5.771228349397512,5.429641659841702,12.316775631851355,0.4757226788391661
-262.13453624,522.866502956441,-1.123636315708332,1.6320000000000001,1.21981297,1.5,1.0,0.6396021490668313,89.86666666666667,92.6,54.46660361258915,1.875,2.62,1.4989769238323243,4105.666666666667,7587.422762823894,1077.0666666666666,1321.3117917089405,-2.811666666666667,2.2876595821136423,0.22770632831315804,0.08767115002407039,3.3333333333333335,1.2060453783110545,1.6666666666666667,0.9534625892455924,0.16666666666666666,3.9059047475121074,2.6421329607350503,21.786104289851707,1.1163252229406793
-993.77917832,231.942668887704,-1.992954802000002,1.790499999999999,5.84192907,3.0,4.0,2.0701966780270626,115.7,76.7,42.93882691856936,2.8,1.78,1.0584355031298385,6413.2,10914.639265029067,1010.32,1576.8844291377675,-5.264,1.436702573852461,0.08645699922113988,0.28767169803138715,3.2,2.138089935299395,2.2,0.5345224838248488,0.2,5.798913473101439,8.848127222442859,11.597133444385202,0.5409209302256726
-793.66201887,292.63012543368086,-3.826173611575757,3.5002,2.31103698,4.363636363636363,7.0,4.428645755285294,100.61818181818181,111.4,74.62973549031805,2.658181818181818,2.2199999999999998,1.4484518988305435,6523.090909090909,14701.23889446934,1562.6727272727273,2829.1684824229687,-5.508181818181819,1.666826228921106,0.36487753775777987,0.2674634780370291,3.1818181818181817,2.214322877642647,2.3636363636363638,0.6720215050322471,0.09090909090909091,5.67736045406725,6.35163133937445,13.301369337894585,0.6314495106320506
-899.72234419,95.77691937589844,-1.2908290455,0.0,5.72063841,1.8,2.0,0.7878385971583354,115.3,141.0,53.56288601840541,2.649,1.79,1.0431128811200736,7726.0,10510.406665579694,1437.5,1919.5636043211705,-4.082,1.484178630386704,0.19048562101247915,0.13954060785124028,3.0,1.3130643285972257,2.5,0.6565321642986128,0.4,5.797821060802882,6.591390526236122,9.577691937589844,0.5852544359009882
-510.10048529,272.70703247013637,-1.662092417499998,0.0,4.07304721,1.7142857142857142,2.0,0.9258200997725515,112.91,138.63,62.00189553553987,2.654285714285714,2.44,1.2563808567241292,6261.142857142857,9879.212605986659,1212.8285714285714,1811.3608940714792,-4.17,1.4359665734271116,0.19606115786605663,0.09976422366087646,2.857142857142857,1.3093073414159544,2.142857142857143,0.8451542547285167,0.2857142857142857,5.685584119518749,5.3940225034286176,9.739536873933442,0.7137348556169851
-162.45452362,435.80195156144936,-1.6840047264,1.6021,2.02062303,2.0,3.0,1.3693063937629153,97.22,92.6,52.146931836878,2.096,2.62,1.4670889543582557,2420.8,3095.1072679311133,1023.8799999999999,1271.1084985161574,-3.222,2.2351929446918,0.23810440195479082,0.04391994893722003,3.4,1.5,1.6,0.6123724356957945,0.0,4.263777047147909,3.4887990604435273,21.79009757807247,0.9525802602380659
-454.07618655,740.3611893489781,-2.260509666249999,1.231899999999999,1.18420206,3.3214285714285716,5.0,3.1509635714446826,118.17142857142858,90.4,55.09995073889424,3.0010714285714286,1.81,1.076485684331858,7980.0,18957.076736670137,1346.0,3086.012635100511,-5.673489285714287,2.177930899303938,0.052568109200627856,0.4245746273184645,2.7857142857142856,2.014235055087379,2.2857142857142856,0.6761234037828133,0.2857142857142857,6.247526093854305,5.051925640288436,13.220735524088893,0.27160670421932515
-564.33039734,317.41574286165195,-1.9024544377272732,0.0,1.40908532,2.8181818181818183,4.0,2.3287500774185546,125.12727272727274,62.400000000000006,39.82123515450983,3.1145454545454543,1.42,0.8207032631553539,7516.0,20298.695494273292,1292.2363636363636,3348.433116227074,-5.768345454545455,2.881399067827455,0.08507997012219319,0.3612486848798175,3.090909090909091,2.7174648819470297,2.1818181818181817,0.5883484054145521,0.18181818181818182,6.469883265452521,7.372716572808832,14.427988311893266,0.2835870908425326
-1016.26277943,1205.7226655355864,-3.039089709756097,0.0,2.42126958,3.4634146341463414,5.0,3.5355339059327378,124.93170731707316,54.900000000000006,38.82016228714146,2.9014634146341467,1.8399999999999999,1.3010764773832473,8000.926829268293,18793.48403037606,1532.190243902439,3483.7736895498824,-5.59,1.4495689014324222,0.26607269144320206,0.08714975284505418,2.8780487804878048,2.1213203435596424,2.292682926829268,0.7071067811865476,0.2926829268292683,6.181931161984476,4.348856323999878,14.703934945555933,0.2977122242615533
-525.95668686,228.21011985246443,-1.531816421052631,0.0,6.4768694700000005,2.0526315789473686,2.0,0.82915619758885,129.47368421052633,37.8,21.61984042494301,2.9042105263157896,1.54,0.9639015769257773,6356.0,11343.110761603273,953.8105263157895,1645.7698859500376,-4.339473684210526,1.4508725822759214,0.11933440758864486,0.21899627976337308,2.9473684210526314,1.7499999999999998,2.1578947368421053,0.49999999999999994,0.15789473684210525,6.330129077039639,6.328038131843248,12.011058939603378,0.4068861211036928
-565.74145046,278.2199660312183,-3.661658828500002,3.6122,1.83711263,2.8,8.0,3.625307868699863,93.826,135.97,78.69679499736405,2.5200000000000005,2.49,1.5142419131131497,5933.2,10841.941391782982,1321.52,2386.904867336418,-4.65,2.152257950551998,0.38556769090935106,0.27001398247284064,3.2,1.9639610121239315,2.0,0.8451542547285166,0.0,5.341614387697048,5.415575897777201,13.910998301560914,0.745067862009971
-482.1580703,88.66194038208619,-0.6081255025000001,0.0,2.73267253,2.0,0.0,0.0,157.07500000000002,64.30000000000001,45.46696603029501,3.15,1.1600000000000001,0.8202438661763952,5166.5,13985.157918307537,1092.1499999999999,2833.942557639445,-4.6225000000000005,1.0394469683442251,0.06431007294786473,0.46864188397147816,3.0,2.8284271247461903,2.25,0.7071067811865476,0.25,6.991010894233806,9.105315952245515,11.082742547760773,0.29370732687987977
-536.83429938,64.3430838656573,-0.7275267350000001,0.0,2.48131596,1.3333333333333333,2.0,1.4142135623730951,111.89999999999999,87.3,61.730421997585594,3.026666666666667,1.2399999999999998,0.8768124086713187,5714.666666666667,11651.70554039193,1138.8,2224.416512256641,-4.273333333333333,1.5202795795510775,0.06086517917037115,0.35878913623020775,3.0,2.1213203435596424,2.3333333333333335,0.7071067811865476,0.3333333333333333,6.3231590516062655,7.144507582289027,10.723847310942885,0.41352067358718203
-325.38857947,74.54787045732388,-2.375606296999999,0.0,6.7212011700000005,1.8,3.0,1.3093073414159542,106.24600000000001,135.97,70.40058421023832,2.664,2.49,1.3524211093970906,5673.2,10199.997563024917,757.12,1094.9363399629353,-4.154,1.7132383705385879,0.2072636011855117,0.2892363965538042,3.2,1.9639610121239315,1.8,0.5345224838248488,0.0,5.693562090100437,5.733048495771179,14.909574091464776,0.6572247862815532
-595.50387565,252.29133819395093,-3.820938063,4.4855,2.26463076,2.8,8.0,3.625307868699863,85.074,141.0,91.53588195737389,2.524,2.44,1.5045075131560017,6941.2,13126.148450435001,1380.72,2489.6137485848794,-5.004,2.6158527699940826,0.3404608477676307,0.25701269363475165,3.2,2.138089935299395,2.0,0.8451542547285166,0.0,5.375675341736301,7.017975214246263,12.614566909697547,0.677659280050377
-444.0887324,239.20382147535477,-1.7355363388888891,0.0,-0.02196839,2.6666666666666665,2.0,1.3416407864998738,122.1888888888889,125.3,55.07956063731808,2.9433333333333334,1.6099999999999999,1.0019505975845315,8748.0,18520.40328394606,1095.6888888888889,2023.569659784412,-4.946666666666667,0.6679970059813143,0.17033190113659735,0.16835973782059574,2.6666666666666665,1.3416407864998738,2.111111111111111,0.4472135954999579,0.1111111111111111,6.2915780419644705,4.125199086445531,13.289101193075265,0.27829968567800006
-848.14937025,231.7876400252598,-0.638052871999998,0.0,5.94104232,6.285714285714286,5.0,3.5355339059327378,46.714285714285715,110.0,77.78174593052022,1.7771428571428571,1.94,1.3717871555019023,30888.85714285714,25298.866417292298,4925.171428571428,3988.647931317077,-8.615714285714287,2.9910616844190963,0.37701445315954424,0.12128073622180309,5.428571428571429,2.8284271247461903,2.857142857142857,0.7071067811865476,0.8571428571428571,4.477005212525753,15.78508477543843,16.55626000180427,0.6689319750111508
-223.61871028,96.20782920808556,-1.133168373333332,0.4534,0.53506081,1.3333333333333333,1.0,0.7071067811865476,78.26666666666667,94.1,66.53874810965412,1.6933333333333334,2.62,1.8526197667087545,1534.0,1391.5861453751256,670.7333333333333,615.7485850572456,-2.3033333333333332,2.849640328181787,0.26662930109847643,0.038851240795284375,4.0,2.1213203435596424,1.3333333333333333,0.7071067811865476,0.0,3.447898080229441,3.22648243291277,32.06927640269519,1.139491151026873
-577.93682191,518.8119112221283,-1.889657003013157,1.047899999999999,3.67796576,2.210526315789474,2.0,0.7683498199278325,126.17894736842106,92.6,36.351834941505466,2.936315789473684,2.62,1.157448898140747,5458.736842105263,12569.532774477922,605.5052631578948,1147.4204613744357,-4.555263157894737,1.3311644508402118,0.12809882098930037,0.2598012841149116,2.8947368421052633,1.9665883858901618,1.9473684210526316,0.329292779969071,0.0,6.326124213240432,5.478824148888795,13.65294503216127,0.4634227205877341
-654.48552132,240.75479429732084,-2.7617290999999993,0.24370000000000003,5.08592387,3.2,7.0,3.374109569147894,103.38,141.0,64.99294636284061,2.5685,2.13,1.265385823395885,9467.1,15315.855355873902,1759.1599999999999,2846.3751025849324,-5.0875,2.2783330050831645,0.314974508729282,0.14732010915701071,3.05,1.7283458818128643,2.15,0.8548504142651104,0.3,5.555525155795948,5.561551408111804,12.037739714866044,0.535749952373312
-880.39830846,342.11845155511975,-3.287025233125,4.7791999999999994,4.14092745,2.25,4.0,1.6449566416599486,121.82124999999999,138.63,62.09139617863141,2.75,2.44,1.2730694727126801,13756.25,29101.77964034664,1069.25,1822.5530057651351,-4.715,1.4655575128699017,0.28680629693184134,0.1143574441408526,2.5,0.9701425001453319,1.875,0.45374260648651504,0.0,6.009218316855771,3.4217782456404264,10.691201611097492,0.468884121722546
-247.12620983,333.26860561717393,-1.6138287606944441,2.2024,4.87694722,2.1666666666666665,1.0,0.5270462766947298,140.9,98.99999999999999,40.41707559930579,2.98,1.42,0.9205795276165263,4881.333333333333,9700.389087270903,576.4666666666667,1000.5583863245785,-4.526666666666666,0.9998888827153635,0.0807264752702715,0.31117777205497077,3.1666666666666665,2.3687784005919825,2.0,0.0,0.0,6.465368447309149,7.983655321124648,13.88619190071558,0.3873204879639155
-1741.8876286,303.35868739110447,-3.377683681043479,2.1822,1.86660427,3.217391304347826,7.0,3.4185436486852265,106.7804347826087,127.05,77.6129973116289,2.8230434782608698,2.55,1.407573642592825,9893.565217391304,23339.62802776806,1650.9652173913041,3681.869363815532,-5.960434782608695,3.0437492212785697,0.28802617068825215,0.1369326929735879,3.217391304347826,2.755579855308688,2.217391304347826,0.759125277171481,0.2608695652173913,6.150720751165335,8.095845467214856,13.189508147439325,0.4375234187920912
-700.16210818,227.07110289681435,-1.7872653455,1.5622999999999991,4.22136956,2.6,2.0,1.0690449676496976,121.14000000000001,77.3,40.0320942673322,2.842,1.56,0.9802477820866081,9733.2,16904.690186031636,1312.72,2001.3288556785035,-4.782000000000001,0.37286535294737627,0.1476424174284329,0.17307305418302135,2.8,1.3093073414159542,2.2,0.5345224838248488,0.2,6.087286751465786,5.252721517690726,11.353555144840717,0.3734788152442409
-406.55585851,156.88332389410033,-1.437157760229884,0.7090000000000001,1.71783128,2.1666666666666665,2.0,0.8790490729915325,100.53333333333335,88.2,51.9733673056779,2.5016666666666665,2.51,1.266830332329113,5944.333333333333,9338.735450701119,1304.4333333333334,1781.072163817983,-4.25,1.7385887694020428,0.10787835419555576,0.1941386613088404,2.8333333333333335,1.1481209945740989,2.1666666666666665,0.8790490729915325,0.3333333333333333,5.302555466413584,3.9978760538243208,13.073610324508358,0.6088008430960371
-594.40769329,205.7041419513851,-3.325803555518519,2.8397,2.50467019,2.888888888888889,7.0,3.2480763537823427,100.88888888888889,141.0,81.61004840091691,2.7722222222222226,2.13,1.345890040084999,9114.666666666666,20786.186706560682,1485.1333333333334,3277.5847156099567,-5.546666666666667,3.178421778178598,0.3036704137821043,0.15902129511587054,3.0,2.32379000772445,2.111111111111111,0.806225774829855,0.2222222222222222,6.108050225469519,7.7850374378120435,11.428007886188063,0.4385515983761877
-259.97473358,87.56813597285675,-1.6750175293749892,0.7812999999999991,4.15341595,2.5,4.0,1.8973665961010275,107.325,112.1,58.4504833170779,2.6475,1.63,1.0032497196610624,4783.5,6676.201884305177,1464.35,1767.9951798576828,-3.76,1.6188390902124896,0.294354836925524,0.28150872199967575,3.0,1.2649110640673518,2.25,0.5477225575051662,0.25,5.320928940297533,6.2678881007475615,10.946016996607094,0.48689683551315327
-471.67461283,155.77976990612953,-2.493895478333327,1.8298,1.00472623,3.1666666666666665,5.0,2.6352313834736494,110.96666666666665,125.3,66.58852086592036,2.865,1.8399999999999999,1.153826965652418,6914.666666666667,14399.09077376454,1418.6333333333332,2765.8432079767485,-5.5,1.1048378463225572,0.18685234105365142,0.22364143291939717,2.8333333333333335,1.7159383568311666,2.3333333333333335,0.6666666666666667,0.3333333333333333,6.0668838898921615,4.535608100792028,12.981647492177459,0.3579823697741778
-674.72405797,437.5710254216988,-1.9627345175,0.0,7.1537015,2.6666666666666665,4.0,1.7748239349298849,124.07777777777778,76.7,37.23903865569035,2.933333333333333,1.78,1.0307739810453116,6803.555555555556,13248.748537126065,800.5777777777778,1489.978717297667,-5.052222222222222,1.234104938811931,0.12390368614450696,0.23192390611027378,2.888888888888889,1.8303005217723127,2.111111111111111,0.4472135954999579,0.1111111111111111,6.321042009551583,5.943005952864467,12.1547507061583,0.38816842100135246
-754.49665967,608.2714305252761,-3.154825579045454,0.0,0.40581463,3.3636363636363638,5.0,3.5355339059327378,111.0,110.0,77.78174593052023,2.9109090909090907,1.94,1.3717871555019021,9979.636363636364,25298.866417292298,1628.6,3988.6479313170767,-6.1436363636363645,2.9910616844190963,0.27677732600530985,0.12128073622180309,3.090909090909091,2.82842712474619,2.272727272727273,0.7071067811865475,0.2727272727272727,6.387580834590481,7.325375132657547,13.824350693756275,0.2995266836631674
-312.33550296,330.3808520600774,-1.944373283461538,1.262299999999999,3.71867152,2.1538461538461537,4.0,1.6681153124565982,111.53076923076924,141.0,67.11705381677207,2.8230769230769233,1.79,1.065321955826133,2882.769230769231,4563.870354063057,900.5076923076923,1554.668424036345,-4.182307692307693,1.775815795382628,0.24934755343279716,0.10795907702550475,3.0,1.763149356173184,2.1538461538461537,0.48900964692182575,0.0,6.134512764614641,6.181576216656759,12.706955848464515,0.40050971523158063
-147.3734371,151.5084595587855,-1.783481409999999,1.1892,2.31540006,1.25,2.0,1.0488088481701516,129.6875,208.85000000000002,94.4903209328871,2.5775,2.55,1.3170990851109114,5236.0,6653.894618943104,1363.1,1669.3945776837784,-3.22,2.279684188654209,-0.06621006374576788,0.8862246724760687,4.0,2.5298221281347035,2.0,0.8944271909999159,0.0,5.443828654326849,8.029159442885918,18.93855744484819,0.7094695580243784
-611.22429476,372.20289888771185,-1.948668683124999,1.8319,-0.98215939,2.9166666666666665,5.0,2.58291087175469,113.98333333333333,94.1,55.153826444124185,2.776666666666667,2.62,1.37878621568807,5455.5,12481.693628212937,876.2166666666667,1745.7024565650192,-5.229166666666667,2.3210031698138014,0.19397499382770475,0.1068356322457239,2.75,1.5629642167551832,2.1666666666666665,0.7928249671720918,0.25,5.729163394950966,3.296526273957709,15.508454120321327,0.5162880053097124
-384.07356796,354.20745990688965,-1.705382088965517,1.2488000000000001,0.76115725,1.1428571428571428,2.0,1.0307764064044151,75.51428571428572,141.0,74.39606844450854,2.2114285714285713,2.51,1.3589839954907488,2938.0,3661.5809768459308,706.0857142857143,660.1104566661552,-2.8528571428571428,2.290349318335524,0.2688478220649754,0.13031859568806542,2.857142857142857,1.0307764064044151,2.0,0.9354143466934853,0.0,4.9845468868930904,4.215406490916149,12.650266425246059,0.8151649253294402
-409.50685282,216.29428656251838,-1.028747306222222,0.020199999999999,0.92659745,1.6666666666666667,2.0,1.2030662579644695,117.444,135.97,83.44360460814238,2.9440000000000004,2.49,1.706887749523584,1444.2666666666667,4580.48236944998,400.4933333333333,1067.891167330809,-4.340000000000001,2.2377561599912865,0.2661419310618243,0.16658085517183985,2.4,1.7546929555968056,1.8,0.6882472016116854,0.0,6.235545389876968,2.8726150068077128,14.419619104167891,0.41909585068607147
-323.47522853,258.03345167702247,-1.6469667305517222,1.4567,0.74424512,1.2,2.0,0.9354143466934854,77.52000000000001,141.0,69.12608046171864,2.0780000000000003,2.51,1.4284038294544017,2598.8,3253.4722221036404,734.48,657.6567607802721,-2.742,2.294428033301546,0.24438695089096543,0.12140509639552001,2.8,0.9354143466934853,1.8,0.9354143466934854,0.0,4.6433590582618915,3.690998606883987,12.901672583851123,0.945204594534781
-729.38821719,159.9890361701698,-1.377220136133004,0.9305000000000001,4.31862196,2.7142857142857144,3.0,1.3627702877384937,111.91428571428571,141.0,63.084325651124644,2.838571428571428,1.89,0.9658268108576343,8212.57142857143,12689.492008294557,1518.685714285714,2281.7374996135854,-5.055714285714286,1.1230952128572431,-0.024451109287895813,0.44010981784220843,3.142857142857143,1.7928429140015905,2.4285714285714284,0.6546536707079772,0.42857142857142855,5.804379190788148,6.741143073699426,11.427788297869272,0.4465949081795012
-871.65168714,1128.0587142192055,-1.978964641710526,1.6653,1.9116404200000001,2.4210526315789473,4.0,1.6492422502470643,88.0578947368421,127.05,83.40743806759681,2.663157894736842,2.55,1.2742385961820495,5328.526315789473,8337.421001724695,1267.4842105263158,1892.041386333819,-4.9868421052631575,1.5363993621451424,0.14148397951430397,0.2946619881201828,3.0526315789473686,1.8220867158288598,2.210526315789474,0.8246211251235321,0.3157894736842105,5.549324608616302,4.626406137851825,14.842877818673756,0.5750634824834111
-217.51562628,68.73744318176621,-0.6799591756250011,0.0,2.97801688,1.5,2.0,1.0954451150103324,121.825,205.3,94.96266108318574,2.79,1.44,0.8316730126678393,5683.5,10509.690366514134,1227.07,2115.0717959256135,-3.4475000000000002,2.427647008936843,0.04840615750425291,0.3529261048538021,4.0,2.5298221281347035,2.5,0.6324555320336759,0.25,6.376756623259508,10.331594546461007,17.184360795441552,0.38192748805482335
-284.9143592,245.85946991487663,-2.8884390590000013,2.2163,4.61401578,4.2,7.0,3.8172540616821107,104.9,111.4,61.72728037794265,2.7399999999999998,2.2199999999999998,1.2125533861590236,9613.2,18555.320576974296,1758.3200000000002,2785.074185213539,-5.565600000000001,1.2372300860043315,0.22455573688774083,0.381259694770016,3.2,1.9639610121239315,2.4,0.6546536707079771,0.2,5.594649381524016,6.290530799963566,12.292973495743832,0.6493695130621062
-380.53485614,187.84626527897058,-1.809289194230769,0.8240000000000001,4.61188183,3.076923076923077,6.0,2.796101181678127,110.95384615384616,141.0,59.195377583665504,2.9438461538461533,2.13,0.9416499059918955,11575.076923076924,21858.550688044674,1953.5846153846153,3609.0483220523793,-6.184892307692309,3.5108035294320774,0.09479692307692383,0.37341806530409577,3.3076923076923075,2.5135993750360894,2.230769230769231,0.7977240352174656,0.3076923076923077,6.06229544131814,7.846812604106399,14.449712713766967,0.33324790952039346
-481.65144582,227.07110289681435,-1.7872653455,1.5622999999999991,4.22136956,2.6,2.0,1.0690449676496976,121.14000000000001,77.3,40.0320942673322,2.842,1.56,0.9802477820866081,9733.2,16904.690186031636,1312.72,2001.3288556785035,-4.782000000000001,0.37286535294737627,0.1476424174284329,0.17307305418302135,2.8,1.3093073414159542,2.2,0.5345224838248488,0.2,6.087286751465786,5.252721517690726,11.353555144840717,0.3734788152442409
-737.81843658,259.7620242147456,-1.6512220507142832,0.6382000000000001,2.9419720700000003,1.1428571428571428,3.0,1.7928429140015905,57.6,127.05,68.43896916231279,1.5857142857142856,2.55,1.2047376715048206,10231.714285714286,8651.78368067203,1768.8857142857144,921.1996727869898,-2.9928571428571433,1.6619373376531725,0.2913644093415589,0.4064953602234066,5.142857142857143,1.7928429140015905,1.4285714285714286,0.6546536707079772,0.0,3.680908015323928,5.1704613165573825,37.10886060210651,0.7428489662785348
-304.20019957,183.54458004300093,-1.085686152291666,0.0,4.8338544599999995,1.875,1.0,0.42919753763947605,154.9375,145.70000000000002,60.655018883761585,2.6975,2.46,1.0933242404414356,7986.0,12130.757497934092,1783.725,2409.1134929897476,-4.0475,1.389672433951329,-0.021404790001799928,0.4136216093408446,3.5,2.513123449750173,2.25,0.8583950752789521,0.375,6.0004341632779115,11.873193179583692,11.471536252687558,0.5154840242541967
-397.87311542,215.50013311485165,-2.118194097166666,2.1379,3.64894126,2.0,2.0,0.8451542547285166,117.16,81.4,43.148712942235356,2.67,2.46,1.338869459122669,4673.2,10142.623301127347,749.12,1083.3692893666762,-4.19,1.6206039438607889,0.1461629459761435,0.20906165257120773,2.6,1.6035674514745464,1.8,0.5345224838248488,0.0,5.7445325427245555,5.446231903541917,10.775006655742583,0.5244439847056077
-734.95027001,113.6254509687595,-3.27283134388889,5.719,0.890025899999999,2.6666666666666665,2.0,1.4142135623730951,138.53333333333333,7.400000000000006,5.232590180780456,2.9266666666666663,1.54,1.0889444430272832,16881.333333333332,35339.78271014127,1117.8,2179.8687850418883,-5.133333333333334,0.3040559159102152,0.29574172924245506,0.13945926766280883,2.3333333333333335,0.7071067811865476,2.0,0.0,0.0,6.4719201302872005,2.634242418262655,12.625050107639943,0.19497842432507884
-549.61894449,79.80142772398956,-1.8817130741666652,0.0,7.3462941,2.5,2.0,1.0801234497346432,129.08333333333334,37.8,23.892037260234723,2.9616666666666664,1.48,0.9573719815782741,4598.0,10172.471217293596,849.3000000000001,1573.7329527803204,-4.675,0.6329691935631623,0.1557133316908242,0.20521021529121086,3.0,2.0,2.0,0.0,0.0,6.363064726055739,6.33547994616043,13.300237953998261,0.36539716950832885
-932.41304755,283.64825431846856,-2.574159026363636,1.5498999999999992,1.14868871,3.272727272727273,6.0,3.2128773156099952,107.92727272727274,92.6,61.125624213449726,2.708181818181818,2.62,1.3843433286626925,6571.272727272727,13908.257069441786,1154.8545454545454,2191.863868506554,-4.901818181818182,1.7912034159802608,0.04809910972907208,0.4281713003422391,2.727272727272727,1.3440430100644942,2.1818181818181817,0.8032193289024988,0.2727272727272727,5.573347881470443,3.5584122333772488,12.893102469021299,0.5771491397835614
-335.1552061,115.7161805496547,-0.46954475916666605,0.6522999999999991,1.78974023,1.5,1.0,0.6324555320336759,157.6,97.20000000000002,48.27487959591407,2.8375,1.51,0.8094627848147189,6061.0,7405.286868177356,1436.1,1730.5034227068145,-2.915,2.627264737326637,-0.22933764852800265,0.7739683903495773,3.75,2.2583179581272432,2.5,0.6324555320336759,0.25,6.176718862702974,9.667192580872468,14.464522568706837,0.5059419799085557
-334.81923888,71.74228473402489,-0.471315778666665,0.0,2.70883702,1.2,2.0,0.9354143466934854,117.38,87.3,40.720418711010325,2.588,1.51,0.8782582194320757,7948.8,8262.329060258977,1657.28,1640.6489843961137,-2.848,2.3925979603769623,-0.010284726664159782,0.2559338561733251,3.8,1.8371173070873836,2.6,0.6123724356957945,0.6,5.488893135793067,8.197237490295123,14.348456946804978,0.6637392051918866
-616.65706252,220.6389891830131,-1.994095265714285,2.0669,3.83278795,2.0,3.0,1.224744871391589,106.62857142857142,141.0,64.36480848591543,2.73,2.13,1.1226085693597747,4484.0,6571.973523988057,771.1142857142858,1057.961538593373,-4.231428571428571,1.5495391019820794,0.11705704895546266,0.39680730168310874,3.2857142857142856,2.3145502494313788,1.8571428571428572,0.46291004988627577,0.0,5.755915923727155,7.620322754170746,15.75992779878664,0.4720004494990552
-631.1465936,215.27845092427347,-2.2728291880000002,1.0536,0.41657748,3.2,7.0,3.38296385503074,107.49333333333334,141.0,70.44421486117514,2.838,1.81,1.2288454382513332,6718.0,14224.892501058372,1120.1333333333334,2261.4793625871116,-5.003333333333334,1.5669030554521186,0.06147397640627051,0.45251321900712405,2.6666666666666665,1.3608276348795434,2.3333333333333335,0.6804138174397717,0.26666666666666666,6.01427818341021,3.310372629539267,14.351896728284897,0.2813925875198445
-419.59723554,112.28447654040943,-2.675649130333332,2.162,5.81007947,3.2,3.0,1.9639610121239315,98.88,112.1,69.17417974112264,2.742,1.8299999999999998,1.1446272006952432,2925.2,5427.492080668039,1081.52,1633.3870996009662,-4.286,1.2301742036917258,0.3640000000000003,0.25545477654008114,2.8,1.558387444947959,2.0,0.0,0.0,5.302346968373991,5.61371562389645,11.228447654040945,0.47191025619180943
-689.04026896,147.23598060888963,-1.831330290714285,1.407699999999999,3.29921629,2.857142857142857,2.0,1.3093073414159544,102.05714285714285,125.3,72.91837412966834,2.775714285714286,1.6099999999999999,1.0173705603873433,8612.57142857143,14773.984142017056,1388.8285714285714,1983.758525771579,-5.178571428571429,0.755196284797157,0.10975601156444854,0.22183315631171727,2.857142857142857,1.3093073414159544,2.2857142857142856,0.5976143046671968,0.2857142857142857,5.869523467813555,5.601316743174409,10.516855757777831,0.4725533270557938
-257.58728084,47.397148259900405,-1.7908991124999991,0.7227,0.8923141,1.0,2.0,1.4142135623730951,70.5,141.0,99.7020561473032,2.545,1.79,1.26572113832392,3786.0,5040.2571362977105,635.1,770.6049701370995,-3.13,2.630437226013957,0.33000000000000024,0.14142135623730923,3.0,1.4142135623730951,2.5,0.7071067811865476,0.0,5.951264188702443,5.7042178148357205,11.849287064975101,0.4730568735005466
-798.80847375,261.0434574710113,-3.338314180079365,2.8381,0.659868999999999,3.619047619047619,7.0,3.8405728739343044,95.13333333333333,133.4,82.85780923802015,2.662857142857143,2.46,1.3813486663152914,5766.0,11331.70999665434,1226.790476190476,2122.2635831128273,-4.857619047619048,1.3867100112036452,0.17730362135057004,0.10858334771485861,2.5714285714285716,1.2456821978060995,2.1904761904761907,0.8094272134003795,0.2857142857142857,5.5262154841577775,3.2383149049089113,12.43064083195292,0.407083429449972
-431.29689723,97.03397016170214,-1.371956057499999,0.0,5.32490377,1.6,2.0,1.016001016001524,104.1,141.0,68.00011859572201,2.6229999999999998,1.79,1.0438769239034191,6741.0,9344.660455696509,1236.9,1702.846388427519,-3.844,1.7929269635917113,0.22536421575935944,0.15355826336590706,3.0,1.270001270001905,2.5,0.6350006350009525,0.3,5.835806899325382,6.6209245494850855,9.703397016170214,0.5776726112336223
-679.21444909,137.541915912545,-2.216569472988496,2.356299999999999,2.8855650600000002,3.1666666666666665,4.0,2.3687784005919825,107.10000000000001,141.0,75.0099993334222,2.9450000000000003,1.89,1.043767215426888,8181.333333333333,18237.61538993273,1420.4666666666665,3018.7928521918234,-6.110983333333333,2.5102685784814165,0.1006686956914673,0.28003536156091013,3.0,2.1602468994692865,2.3333333333333335,0.6666666666666667,0.3333333333333333,6.125696116167859,7.310800991890143,11.461826326045419,0.3696204112080738
-669.80138569,71.11550484229129,-2.246558206999999,0.0,0.99507049,2.8,8.0,3.625307868699863,92.82000000000001,141.0,80.74308462206353,2.66,2.11,1.2837167021693576,5803.2,10803.185720623602,1226.52,2376.6855348212503,-4.568,2.3558498618181445,0.3690588747777377,0.25955295601526507,3.0,1.6903085094570331,2.4,0.6546536707079771,0.0,5.893204381851528,4.778115589188781,14.223100968458258,0.40242788039145905
-442.76669517,252.29133819395093,-3.820938063,4.4855,2.26463076,2.8,8.0,3.625307868699863,85.074,141.0,91.53588195737389,2.524,2.44,1.5045075131560017,6941.2,13126.148450435001,1380.72,2489.6137485848794,-5.004,2.6158527699940826,0.3404608477676307,0.25701269363475165,3.2,2.138089935299395,2.0,0.8451542547285166,0.0,5.375675341736301,7.017975214246263,12.614566909697547,0.677659280050377
-746.31341156,277.8983548758491,-3.24122944267857,0.0,3.92201653,2.392857142857143,5.0,2.2028215786778977,91.19642857142857,141.0,77.69179408303948,2.6021428571428573,2.13,1.2777137484223486,4355.428571428572,6329.155828212587,992.9357142857143,1497.9001639152286,-4.061428571428571,1.6899547735261666,0.4096428571428574,0.281964083693991,2.4285714285714284,0.6503133775240858,1.8214285714285714,0.5032931201176003,0.0,5.396165324892581,3.384353837334672,9.92494124556604,0.5125287977980547
-381.85139497,141.73504179825846,-1.841294021990595,1.653599999999999,1.84141551,1.6363636363636365,2.0,0.8451542547285166,97.47272727272728,88.2,55.33353413618183,2.1727272727272724,2.51,1.574053003282563,3073.6363636363635,7071.456225054154,735.5454545454545,815.3639082379982,-3.2018181818181817,2.3874223996364186,0.1648737101278689,0.14338969770617388,2.727272727272727,1.1338934190276817,1.5454545454545454,0.6546536707079771,0.0,4.650150230500473,3.710461609424229,12.885003799841678,0.9838009327945937
-661.85608412,49.14932005240002,-2.062533560333333,0.0,9.76268023,3.0,3.0,1.6903085094570331,117.1,112.1,59.055421911479534,2.8,1.66,1.0486726303829454,10825.2,26355.337469720573,1157.72,1781.8313340092386,-4.622,1.2901661022630269,0.30544503754547314,0.1236902903899564,2.8,1.558387444947959,2.0,0.0,0.0,5.73795068527237,6.449727703969843,9.829864010480009,0.48603209390593993
-459.00248295,146.56131453997776,-1.744743971061009,1.214799999999999,1.7979913600000001,2.3846153846153846,5.0,2.161923459209012,86.76923076923077,141.0,92.97264674880596,2.7346153846153842,1.89,1.2106771371570466,4152.0,7312.152600443586,754.123076923077,1256.7723463041277,-4.81923076923077,2.512519954495711,0.18925127095741578,0.17007790704561607,2.923076923076923,1.6352103973123033,2.3846153846153846,0.659380473395787,0.23076923076923078,5.915126165245738,5.864760818792032,11.273947272305982,0.49752155209743637
-454.07702732,740.3611893489781,-2.260509666249999,1.231899999999999,1.18420206,3.3214285714285716,5.0,3.1509635714446826,118.17142857142858,90.4,55.09995073889424,3.0010714285714286,1.81,1.076485684331858,7980.0,18957.076736670137,1346.0,3086.012635100511,-5.673489285714287,2.177930899303938,0.052568109200627856,0.4245746273184645,2.7857142857142856,2.014235055087379,2.2857142857142856,0.6761234037828133,0.2857142857142857,6.247526093854305,5.051925640288436,13.220735524088893,0.27160670421932515
-509.39365717,365.00281653573643,-2.865173970999999,3.151399999999999,1.56094449,1.8,6.0,2.260776661041756,96.64500000000001,127.05,77.75222665621867,2.567,2.55,1.554718624060315,6033.2,13966.233628927226,1279.8200000000002,2411.8670697661223,-4.54659,3.001488597623964,0.26970922611389525,0.3144691745100444,3.6,2.666666666666667,1.8,0.816496580927726,0.1,5.237357923357965,6.294690173417772,18.250140826786822,0.7705363574706448
-358.31420549,442.3569297073226,-2.089097835714285,1.7417999999999991,1.36316648,2.2857142857142856,4.0,1.6903085094570334,87.05,127.05,82.41308300263982,2.6157142857142857,2.55,1.3162989239313603,5212.571428571428,7982.493810117953,1253.1142857142856,1821.8697311122048,-4.841428571428572,1.6769977425659908,0.16446173164213135,0.29804241698120776,3.142857142857143,1.927248223318863,2.142857142857143,0.8451542547285167,0.2857142857142857,5.438955458768694,4.7000323723764375,15.79846177526152,0.6170308061179901
-547.19786261,333.26860561717393,-1.6138287606944441,2.2024,4.87694722,2.1666666666666665,1.0,0.5270462766947298,140.9,98.99999999999999,40.41707559930579,2.98,1.42,0.9205795276165263,4881.333333333333,9700.389087270903,576.4666666666667,1000.5583863245785,-4.526666666666666,0.9998888827153635,0.0807264752702715,0.31117777205497077,3.1666666666666665,2.3687784005919825,2.0,0.0,0.0,6.465368447309149,7.983655321124648,13.88619190071558,0.3873204879639155
-609.37681361,699.3001778338033,-2.507684173809523,3.3185000000000002,-0.57073005,3.4285714285714284,7.0,3.572856857257085,117.22857142857144,111.4,58.601983319505415,2.9847619047619047,2.2199999999999998,1.1366456199300299,8101.428571428572,20872.991478590367,1343.7619047619048,3013.5970689323335,-5.49152380952381,1.3890513426987,0.18315987470844824,0.3585594575797264,2.857142857142857,2.032892781536815,2.2857142857142856,0.6776309271789384,0.19047619047619047,6.1459437405533,3.8067377121569517,16.650004234138173,0.32463864578447466
-349.49276457,278.4995456894578,-1.997272270499999,0.0,3.5090920800000003,1.8,3.0,1.3093073414159542,109.33,127.05,65.75508671252308,2.698,2.55,1.348978449473103,6073.2,11190.223105142146,1276.3200000000002,2088.8237811197546,-4.226000000000001,1.5837027138053046,0.13864215682618952,0.475351535594497,3.4,2.32992949004287,2.0,0.8451542547285166,0.2,5.478457617370486,6.874242283265268,13.924977284472893,0.784921906698328
-311.7123379,81.03448816622719,-1.969664193333334,0.0,7.90941535,4.666666666666667,6.0,3.055050463303893,105.23333333333333,99.9,55.664201542224006,2.223333333333333,2.11,1.0915279810125498,23807.333333333332,25106.99028823115,2648.4,2340.4189112208096,-5.669999999999999,0.8336066218546968,0.46083985387201726,0.24935233814115093,3.3333333333333335,1.5275252316519465,2.3333333333333335,0.5773502691896258,0.0,5.025511997949571,5.545434293647622,13.505748027704533,0.5449183445291428
-790.49666432,104.25051788767347,-2.135882778586207,1.6731999999999991,3.4436629,3.0,3.0,1.6903085094570331,108.4,141.0,73.31731426769922,2.7760000000000002,1.89,1.1039733433634813,9133.2,16567.51490977794,1139.52,1747.0468928206494,-5.2459999999999996,1.2075240311125428,0.16319657746360097,0.1329816549519245,2.8,1.3093073414159542,2.2,0.5345224838248488,0.2,5.920630304053708,5.59328088347545,10.425051788767346,0.42953469578890574
-1248.94850392,136.51657937039403,-4.019811040833332,4.0165,3.14741998,4.0,6.0,4.242640687119285,94.0,141.0,99.7020561473032,2.7266666666666666,2.1399999999999997,1.5132085117392116,8648.0,17874.245214833547,1685.4666666666665,3384.071633402579,-6.033333333333334,2.213244225113893,0.394101412946051,0.3481116656893388,3.3333333333333335,2.8284271247461903,2.3333333333333335,0.7071067811865476,0.0,5.78904241947543,10.241243300471636,11.376381614199502,0.5100651824885054
-661.28718291,163.3991200612647,-2.814203826428572,0.0,1.91350134,3.2142857142857144,5.0,3.0822070014844885,128.70714285714286,54.900000000000006,33.71161038008426,2.935714285714286,1.8399999999999999,1.2082757270416962,9487.142857142857,23578.761472098988,1366.142857142857,3113.0600992263785,-5.46,1.256597473060616,0.27049787678715614,0.1000639460685129,2.7142857142857144,1.8426472362363076,2.2142857142857144,0.6194521210170792,0.21428571428571427,6.309725501816452,4.743828355673474,11.671365718661765,0.32395044844343873
-782.51549585,75.28436568387237,-1.640747519583333,0.0,1.05413294,1.25,2.0,1.0488088481701516,85.39999999999999,141.0,75.21042480933079,2.3775,2.46,1.3769640518183472,2698.5,3687.4630303231515,743.85,849.387023682373,-3.2775,2.182170937392394,0.27426020115280675,0.1143525479008706,2.5,1.0954451150103321,2.0,0.8944271909999159,0.0,5.322293355749215,4.603220273450188,9.410545710484035,0.6611094449844594
-231.10898022,266.2174999396318,-2.6373586375,1.7365,4.02610106,2.0,4.0,1.6903085094570331,107.066,135.97,70.37133426129056,2.646,2.49,1.36778235528485,3133.2,4783.27222127877,960.1200000000001,1514.207247562707,-4.1240000000000006,1.7161751492365642,0.2766100291067043,0.15970769399838167,3.2,1.9639610121239315,1.8,0.5345224838248488,0.0,5.537898501887234,6.345516917916609,13.31087499698159,0.7361605941032398
-716.26375366,197.76519734263016,-1.9233487985517241,1.5152,0.7175575200000001,1.2,2.0,0.9354143466934854,80.31,127.05,64.42971461212598,1.9259999999999997,2.55,1.545327635163495,2728.8,3552.588000317515,927.0799999999999,965.6614391182864,-2.874,2.183139940544353,0.26548710163356193,0.1725130358894289,3.2,1.8371173070873836,1.4,0.6123724356957945,0.0,4.149934025946762,3.615630366009401,19.776519734263015,0.9334036059811273
-192.76678238,34.49840025661019,-3.075623527499999,3.2748,1.66284593,1.0,2.0,1.4142135623730951,73.015,135.97,96.14530903793487,2.195,2.49,1.7606958851545034,4111.0,5499.876544068967,872.6,1106.4806912007095,-3.335,2.3405234457274724,0.3712720403290337,0.19978883541743772,3.5,2.1213203435596424,1.5,0.7071067811865476,0.0,4.654915531852944,4.987595387559458,17.249200128305095,0.9975853971933308
-398.14395711,291.07493270155646,-1.7889542243333332,2.7352,5.50920251,2.8,3.0,1.558387444947959,108.62,112.1,59.173256507600506,2.8240000000000003,1.66,1.0132550095043766,2965.2,5529.899146587447,890.5200000000001,1327.305644637178,-4.35,1.1907080726549704,0.15493993426882396,0.3341237942458538,3.4,2.32992949004287,2.0,0.0,0.0,5.571546786246496,8.484176555658724,14.553746635077824,0.4874367095255661
-733.64381184,266.96455598549653,-0.9707674645833331,1.1465,0.9941278800000001,2.25,1.0,0.6210590034081188,119.25833333333333,77.3,47.378963083389046,2.9225,1.56,1.0497367016814945,5631.333333333333,10977.988033202753,1125.6333333333334,2100.2481284702667,-4.793333333333334,0.5363793966427656,0.13401401453750675,0.20575070483346414,2.6666666666666665,1.3522468075656264,2.3333333333333335,0.6761234037828133,0.3333333333333333,6.2540740734350795,4.52184620580203,11.123523166062355,0.3630609920884704
-526.83463123,27.51023288811809,-3.102855802499999,7.463900000000001,2.6082370999999993,1.0,2.0,1.4142135623730951,70.5,141.0,99.7020561473032,2.505,1.8699999999999999,1.3222896808188438,4086.0,5464.521205009639,1416.1,1875.1057623504867,-4.37,0.876812408671319,0.291395368912287,0.08682616338265518,2.0,0.0,1.5,0.7071067811865476,0.0,5.928568816062851,3.0194371131212456,6.877558222029522,0.41830448825715566
-670.83319699,148.7967944735115,-2.148050575173077,0.0,2.73206187,3.1538461538461537,5.0,2.654327512846624,110.27692307692307,92.6,54.13176264701462,2.6907692307692304,2.62,1.3447135551687375,6623.538461538462,12842.780957692643,1040.7384615384615,1791.1793220212105,-5.396923076923077,2.2508614512508927,0.1834884054996594,0.10831431614522317,2.769230769230769,1.3483997249264843,2.230769230769231,0.7977240352174656,0.3076923076923077,5.55771774842949,4.185785782833811,11.445907267193187,0.6573839793274917
-595.175849,151.37862558696676,-2.026081265384615,0.0,2.34360091,3.076923076923077,6.0,2.796101181678127,106.55384615384615,141.0,64.30029336848105,2.7546153846153847,1.79,1.2014290733047117,7009.692307692308,12728.131941776559,1052.123076923077,1791.906293207422,-5.411538461538461,2.197490304043146,0.1954108691574094,0.138559572139171,2.769230769230769,1.3483997249264843,2.3846153846153846,0.6741998624632421,0.3076923076923077,5.84838912923312,4.40300900827103,11.644509660535904,0.4196126448856893
-458.08500915,84.98847683834407,-1.481519387499999,1.8157,4.16044822,3.0,2.0,1.4142135623730951,78.35,125.3,88.6004796826744,2.635,1.6099999999999999,1.1384419177103413,7011.0,9601.095874950943,1612.1,2152.2916205756133,-5.495,0.7141778489984129,0.038932841945483965,0.27020976624478094,3.0,1.4142135623730951,2.5,0.7071067811865476,0.5,5.5143572001933565,5.614899220280719,10.623559604793007,0.5835529458776588
-184.6240804,191.5930708559616,-0.925313815624998,0.0,3.50050711,1.0,2.0,1.2977713690461004,90.6375,141.0,68.75405251213999,2.75625,1.75,0.9101980698264468,7161.0,9908.186599182038,1388.6,1897.563672324677,-3.67375,1.8724477366046266,0.05472332656666744,0.33748374390856356,3.5,1.9466570535691503,2.5,0.6488856845230502,0.375,5.798670754612152,8.59192946654802,11.9745669284976,0.5605606360050158
-203.84860432,77.79416386934211,-1.829857293095238,2.275299999999999,5.12774121,2.0,3.0,1.224744871391589,112.92857142857143,81.4,47.09451742430929,2.525714285714286,2.46,1.4527707517508939,1984.0,3148.1480270152483,923.6857142857143,1373.158045216521,-3.95,1.8071386222423558,0.21636966772827243,0.023470179031319486,2.4285714285714284,1.3887301496588271,1.7142857142857142,0.5976143046671968,0.0,5.337306314515005,4.196262227223497,11.113451981334586,0.5389770165993142
-247.62439486,149.56743644713066,-1.8814564380624992,2.011,2.61949956,2.0,2.0,0.8944271909999159,108.4,92.6,47.96898998311305,2.4375,2.62,1.3822409341355797,5618.5,10341.127578750782,768.1,934.0204794328656,-3.795,2.0330174618040053,0.14219547442968528,0.226435227858059,3.25,1.6431676725154984,1.75,0.5477225575051662,0.0,5.084907534479867,4.28230578628407,18.695929555891333,0.7913734087168077
-437.42871192,145.0305800941281,-2.042750392857141,0.7009999999999991,5.76102652,3.142857142857143,4.0,2.390457218668787,114.94285714285715,76.7,44.31127718441758,2.7128571428571426,1.78,1.1154083172926919,8441.142857142857,12627.023470093249,1347.8285714285714,1923.5981359346938,-5.4557142857142855,1.6475262842039446,0.1623406717220512,0.10350098877381525,2.857142857142857,1.3093073414159544,2.4285714285714284,0.6546536707079772,0.42857142857142855,5.704083170464885,5.1908543649691445,10.35932714958058,0.5090400942607689
-140.37044386,62.678492619145764,-2.182773819999999,0.018199999999999,1.41558634,1.0,2.0,1.2649110640673518,71.7575,141.0,87.61448664461831,2.38,2.49,1.3810430840491545,3686.0,4447.119697062359,718.85,841.4073424923271,-3.1425,2.3621579117408724,0.330636020164517,0.1465888444550949,3.5,1.8973665961010275,2.0,0.8944271909999159,0.0,5.2063751038403145,6.147157213796837,15.669623154786441,0.8123745164071516
-767.93165673,56.64882570127859,-2.04770086166665,0.041999999999999,3.07056539,3.3333333333333335,4.0,2.8284271247461903,115.43333333333334,76.7,54.2350901170082,2.8466666666666662,1.78,1.2586500705120547,6981.333333333333,14338.71130890081,1041.4666666666667,2017.9413321501693,-5.756666666666667,1.6263455967290592,0.17586177492052682,0.11484451822529819,2.6666666666666665,1.4142135623730951,2.3333333333333335,0.7071067811865476,0.3333333333333333,5.956185738953239,4.924261405718086,9.441470950213098,0.4696866184148035
-276.37814913,469.13635401586026,-2.7505519329166663,3.538599999999999,3.72226949,2.6666666666666665,7.0,3.104249287084341,92.98333333333333,99.9,61.47289498780595,2.215,2.62,1.5820426956656672,4341.0,9596.51024639118,1145.7666666666667,2083.4337867175823,-3.9150000000000005,2.7703043810448635,0.33086371286401955,0.22782365250431608,3.5,1.9188064472004938,1.8333333333333333,0.8790490729915326,0.0,4.49297207226208,4.3912959635003155,19.547348083994176,1.0831482782947157
-363.16033751,68.25756506368646,-1.653488577666667,0.0,0.60233715,1.4,2.0,1.0690449676496976,99.31,127.05,70.90582788862584,2.438,2.55,1.6403483950499227,2333.2,4050.0767541227806,805.72,1192.1107522853258,-3.7520000000000002,2.0263690257629356,0.28650831166484203,0.16678888359673422,2.8,2.138089935299395,1.6,0.6546536707079771,0.0,5.099893914290352,4.677364866955064,13.651513012737292,0.8367446800801218
-637.29501953,757.2211267990086,-2.63646675,3.0839,1.8173203900000001,2.5714285714285716,5.0,2.220038609702865,89.16714285714285,138.63,79.91336143420752,2.6257142857142854,2.44,1.2870481176486204,2944.0,4328.827323883455,1010.2571428571429,1435.8198613634354,-3.992857142857143,1.587981647968803,0.3614285714285716,0.2512397830189884,2.857142857142857,1.3093073414159544,1.8571428571428572,0.46291004988627577,0.0,5.167369150371364,4.272222383813584,13.521805835696583,0.4907806370110573
-725.61542219,136.58687667980226,-2.212486449166667,0.8726,3.72411534,3.0,5.0,2.581988897471611,126.63333333333333,54.900000000000006,30.305628373473983,2.94,1.8399999999999999,1.0378182242891414,8231.333333333334,16153.410840369836,1557.6333333333332,2965.9471535713137,-5.205,1.2251190418349827,0.12349306547481742,0.4196084658963166,3.0,2.0,2.3333333333333335,0.6666666666666667,0.3333333333333333,6.131656501116614,6.317207077326572,11.382239723316856,0.3908890901383529
-640.97259522,529.0124765107716,-2.538643234259259,1.3036,3.79911899,2.2222222222222223,5.0,2.188987589427283,85.28222222222222,138.63,81.73410046710408,2.5288888888888885,2.44,1.3656927424082865,2745.5555555555557,4319.768705227939,961.6666666666666,1291.046319850686,-3.8055555555555554,1.7539324863479402,0.2833333333333336,0.093273790530888,3.111111111111111,1.6708281379802852,1.7777777777777777,0.5400617248673216,0.0,5.04716174311698,4.894099038301818,14.694791014188102,0.639523704055954
-848.83888551,259.4281034785164,-2.326478674545453,0.5063000000000001,5.26928462,3.272727272727273,4.0,2.3518609652783473,110.52727272727272,98.5,56.752791781550265,2.8745454545454545,1.8299999999999998,1.0535075343821703,8632.181818181818,18548.211146900394,1458.1272727272726,2638.863091844668,-5.196909090909091,1.5544833948936219,0.23461818181818223,0.3958453943776533,2.727272727272727,1.5612494995995998,2.1818181818181817,0.5303300858899106,0.18181818181818182,5.732456609238043,4.580887174532909,11.792186521750745,0.3718642117523108
-927.67627282,125.0421701330729,-2.405688931799999,1.9156,2.36962342,2.8,6.0,2.8535691936340255,115.92,110.0,57.29662169048762,2.75,1.94,1.1438031798721817,9593.2,18551.958125376263,1687.3200000000002,2961.8255837526,-4.9799999999999995,3.5961685960795244,0.19490145532070266,0.22652195347292814,3.4,2.32992949004287,2.4,0.6546536707079771,0.4,6.005279788842721,8.945674412319407,12.504217013307287,0.5220906072700994
-773.11471264,260.6270713042678,-3.823918631500001,4.6014,2.47366841,4.4,7.0,4.268749491621899,97.73,111.4,72.27673284751539,2.591,2.2199999999999998,1.4224450780258617,4623.2,7339.970753801861,1416.02,2230.578601070932,-5.0120000000000005,0.6494955307347731,0.410213605331611,0.30099554116846783,3.0,1.8257418583505536,2.3,0.6236095644623235,0.0,5.385067862308019,4.965751106082984,13.03135356521339,0.666830010882652
-385.03747899,341.0743732873468,-1.569201818181821,0.9108,4.42867342,2.3636363636363638,1.0,0.7071067811865476,122.89090909090909,49.8,35.21391770309006,2.9236363636363634,1.42,1.0040916292848974,4104.909090909091,7550.486209509954,725.4,1235.174125376661,-4.651818181818182,0.6576093065034896,0.028072607761497892,0.39265662798769263,3.4545454545454546,2.8284271247461903,2.0,0.0,0.0,6.050129457327438,9.22997445769967,15.503380603970307,0.43956741037065933
-1161.64457332,461.9166344482113,-3.6142990534210533,3.899,2.45636477,3.3684210526315788,8.0,3.9248255144845525,99.86842105263158,141.0,76.2427778232979,2.6605263157894736,2.13,1.4142428994778102,6582.315789473684,12450.209913636678,1432.5473684210526,2742.6068129861956,-5.050526315789474,1.925779753651613,0.3940248352338653,0.3049578989386776,2.8947368421052633,1.7924190239580722,2.1578947368421053,0.8121419014464814,0.0,5.748998681046349,5.009282382693872,12.155700906531877,0.5071232554864431
-310.18780693,201.35947534786428,-0.9608128652812491,0.0,4.51041541,1.875,1.0,0.42919753763947605,153.53750000000002,156.9,64.4339216807257,2.6775,2.62,1.1470740810289548,7902.25,12191.98697592204,1710.85,2430.6082574229504,-3.95,1.6618315830812447,-0.012908894022046924,0.4224587587963679,3.75,2.406132515928939,2.25,0.8583950752789521,0.375,5.8406442295476655,11.353114413755453,12.584967209241517,0.7860502894247762
-651.50848638,97.66062516736574,-0.851877498249999,0.136,3.11928098,1.6,1.0,0.7071067811865476,131.95999999999998,22.599999999999994,15.980613254815971,2.8240000000000003,1.54,1.0889444430272832,5373.2,9106.12112812036,1334.1200000000001,2198.9606681339255,-3.806,2.0930360723121813,0.16096773908083845,0.12203294954144635,2.8,1.4142135623730951,2.4,0.7071067811865476,0.4,6.120938070306107,5.954172773044494,9.766062516736573,0.47770174341867583
-479.29649982,281.1957752423065,-2.114110612142857,0.0,5.5314903300000005,2.2857142857142856,2.0,0.9258200997725515,131.65714285714287,29.0,16.7760032699772,2.782857142857143,1.54,1.0038105968187994,12212.57142857143,22737.022835643445,1415.1142857142856,2023.8469599114596,-4.668571428571428,0.8736254509636431,0.21566475611282293,0.14294561595353214,2.7142857142857144,1.164964745021435,2.2857142857142856,0.5976143046671968,0.2857142857142857,6.055030319084677,4.947911502767601,10.042706258653805,0.4239947612872151
-692.39218795,319.5095080064391,-2.63218461228205,3.5117000000000003,0.80771515,2.3076923076923075,7.0,2.930350921261672,91.53846153846153,141.0,85.7517904490477,2.7284615384615383,1.94,1.2214166756894118,7371.2307692307695,17011.946173459863,1209.5076923076924,2682.210998249473,-4.782307692307692,3.292981667253793,0.3025410556953031,0.12491546176999359,3.076923076923077,2.021622250010899,2.3846153846153846,0.659380473395787,0.15384615384615385,6.156129191569423,7.131716896792494,12.28882723101689,0.39871310902600743
-378.78404864,121.77903034390049,-1.948860575606061,1.3597000000000001,1.20367137,1.6363636363636365,2.0,0.8451542547285166,99.47272727272728,81.4,51.135953245106464,2.1927272727272724,2.46,1.5435580418537647,2455.4545454545455,3918.9658256812017,942.0909090909091,1025.5893580905426,-3.482727272727273,1.9764578706073435,0.1690821540363864,0.20604804579063216,2.3636363636363638,1.5118578920369088,1.5454545454545454,0.6546536707079771,0.0,4.69731493088063,4.413627449684419,11.07082094035459,0.7023494155666261
-376.11096596,327.2477824018704,-1.560489725689655,1.0116,1.59264703,1.6666666666666667,3.0,1.1261850127429458,88.075,105.9,59.60551108093539,2.0925,2.51,1.5885393659186324,1790.0,1916.938107325605,784.0833333333334,835.470375764747,-3.0039917500000004,2.392460432794135,0.1686904386137067,0.12280878666462929,2.8333333333333335,1.414213562373095,1.5,0.6625891564490792,0.0,4.381572031932021,4.314494015785654,13.635324266744599,1.0727471609009478
-514.06704392,342.91604718674466,-2.779514111333333,0.9222999999999991,3.2140064,3.8,7.0,3.625307868699863,91.36,125.3,81.24885054131974,2.7020000000000004,2.08,1.2240564879589035,6093.2,9653.874514559278,1301.52,1982.5309912908226,-5.218000000000001,0.5268098057445127,0.2055246927597434,0.27419071598341604,2.8,1.3093073414159542,2.4,0.6546536707079771,0.2,5.6649191964992225,4.3232751734487005,11.430534906224823,0.548804781416825
-388.23036565,209.9891859626689,-1.7076779870000012,0.14019999999999902,4.45001187,1.2,4.0,2.138089935299395,53.422000000000004,138.63,84.06906234077519,1.69,2.44,1.2807921655868182,11528.4,14212.218726956644,1690.8400000000001,1273.5261105629968,-3.0140000000000002,1.7986026322040756,0.2505121426338407,0.07243988435668405,3.6,1.0690449676496976,1.4,0.6546536707079771,0.0,3.977061996587754,3.3034314559399744,20.99891859626689,0.7845459526715245
-438.36574656,109.57771083259125,-0.868751446666665,0.0,2.24734799,1.25,2.0,1.0488088481701516,101.9,141.0,74.84095135686077,2.625,1.75,1.0364747946766482,4511.0,5867.94969303589,913.85,1214.3491738375747,-2.9000000000000004,2.645176742677132,0.17324760364601116,0.2208459321815757,3.5,1.8973665961010275,2.5,0.6324555320336759,0.25,5.804284753757241,7.646034436127365,13.697213854073906,0.6308832865459181
-688.23212639,294.4862930428952,-1.9530687513636371,0.0,3.36417993,2.8181818181818183,4.0,2.3287500774185546,126.21818181818183,62.400000000000006,37.96283607789233,3.117272727272727,1.3900000000000001,0.8123020468918045,8316.0,20964.92878044738,1294.3272727272727,3349.2397695366863,-5.7738000000000005,2.873984551708923,0.09954126593359063,0.328249944251573,3.0,2.5191573682788944,2.1818181818181817,0.5883484054145521,0.18181818181818182,6.567998220288633,6.963144270875051,13.385740592858873,0.2758720549769267
-561.65935953,815.7946760958519,-2.309565526354167,1.6295000000000002,3.09924655,1.375,2.0,1.2275379077928685,109.33437500000001,191.35000000000002,89.40234043931622,2.498125,2.55,1.5173749412484596,5124.875,8759.896513744146,1232.675,1881.7326574124716,-3.85,1.8236257727132807,0.24262402200923958,0.3835814727393073,3.75,2.6275672377773884,1.8125,0.8399282422057223,0.125,5.254047217096721,7.454751187193036,16.99572241866358,0.8711891990379049
-401.74630719,74.85410238575706,-2.1154600563333332,0.0,3.23386518,2.2,5.0,2.138089935299395,91.386,135.97,81.82408377558704,2.6100000000000003,2.49,1.4029560628493374,2385.2,4067.7106934631283,854.1200000000001,1283.8075690249354,-3.874,1.8786127100298546,0.3225088161316137,0.15748214434449023,3.2,1.9639610121239315,1.8,0.5345224838248488,0.0,5.18531106316837,5.5555952328270894,14.970820477151412,0.6923226271256755
-705.74888575,221.38251842468068,-3.267546114380951,0.0,3.29983376,3.2857142857142856,5.0,2.698484423119426,106.52380952380952,110.0,69.1872623589579,2.814285714285714,1.94,1.2536397916757138,7328.952380952381,17528.156184732143,1410.6571428571428,2898.9178140063987,-5.356190476190476,2.3348803745880353,0.3478357421932577,0.26882180255472143,2.761904761904762,1.949358868961793,2.142857142857143,0.49543369430686235,0.14285714285714285,5.87591990810255,6.5613829028615696,10.542024686889556,0.3780875620350566
-795.70155101,119.04414777961351,-2.671460970666666,2.9057,1.77877982,2.8,8.0,3.6253078686998625,86.11999999999999,141.0,89.8758826700149,2.7100000000000004,1.9,1.1964232409262916,5133.2,9594.997595473531,974.12,1796.3315045630397,-4.290000000000001,2.278219856441804,0.21864314797131737,0.12678410247690397,3.0,1.6903085094570331,2.4,0.6546536707079771,0.2,5.816523977190286,5.810462314644299,11.904414777961351,0.5007706477712099
-1143.95999184,177.7598523374402,-3.7149481960714272,0.0757,6.29549598,4.214285714285714,7.0,4.214890997694837,104.5,111.4,69.3629172232129,2.6785714285714284,2.2199999999999998,1.4451876511162054,6957.0,13184.43709183564,1653.4857142857143,2988.2242996980867,-5.485,1.0126450513383252,0.4027540128566753,0.32836192910769646,3.0714285714285716,2.032892781536815,2.357142857142857,0.6776309271789385,0.0,5.71771918227609,5.584300096077452,12.697132309817158,0.5342385014336147
-589.22774845,182.58831577006734,-2.271007043333332,1.5693000000000001,4.2783738,2.5714285714285716,5.0,2.220038609702865,88.82857142857142,141.0,80.56179970326241,2.6614285714285715,2.13,1.204666521727664,2301.1428571428573,3875.420198415356,916.2571428571429,1323.9782000794855,-3.8485714285714288,1.808886792635578,0.3271428571428574,0.15901482410679268,3.0,1.7320508075688772,1.8571428571428572,0.46291004988627577,0.0,5.280131932689456,5.7829490851164085,13.042022555004804,0.5362155154268922
-854.17531509,446.5679497473028,-3.223184514074075,3.934999999999999,1.18276028,3.111111111111111,7.0,3.433899629672753,100.71111111111111,99.9,59.06012120430051,2.4244444444444446,2.46,1.4827269359752882,5456.666666666667,10888.091430549248,1449.4444444444443,2379.2609969624323,-4.652222222222223,2.1102942132950715,0.3349633729999809,0.2712925643586555,2.6666666666666665,1.620185174601965,2.0,0.8660254037844386,0.0,5.19207126801181,4.110028760972254,12.404665270758414,0.548727751551955
-357.99120242,45.6458388279094,-1.2718311462500012,0.5880000000000001,2.80576017,2.5,1.0,0.7071067811865476,102.35,77.3,54.65935418572012,2.66,1.56,1.1030865786510142,8211.0,11298.152149798656,1645.1,2198.9606681339255,-4.82,0.24041630560342606,0.06282568698648028,0.23642018074412519,3.0,1.4142135623730951,2.5,0.7071067811865476,0.5,5.674652066990413,5.451909954034174,11.411459706977348,0.4912068075515587
-400.70871197,155.5144237875321,-2.050409240541872,0.8134999999999991,3.2345749,3.2857142857142856,3.0,2.121320343559643,80.57142857142857,141.0,99.70205614730321,2.63,1.89,1.3364318164425748,5784.0,9176.831806239014,1051.8285714285714,1586.6061956263754,-5.838571428571429,1.400071426749364,0.12003807463520046,0.18142792056148452,2.857142857142857,1.4142135623730951,2.4285714285714284,0.7071067811865476,0.42857142857142855,5.568493528256204,4.886374088540733,11.108173127680866,0.490002596219524
-974.5808441,45.78170326605363,-1.525668535999999,0.0,7.37927136,1.8,3.0,1.3093073414159542,105.24000000000001,141.0,72.98716129762627,2.7880000000000003,1.8699999999999999,1.086192563827559,5663.2,10195.958246846078,974.5200000000001,1494.5288278058933,-4.568,0.7081363871862136,0.17531293261881303,0.23688400634825346,2.6,1.6035674514745464,1.8,0.5345224838248488,0.0,6.271902312170105,6.484145029546462,9.156340653210727,0.4441388895782136
-858.61850598,149.11130000961057,-3.543508845,3.497499999999999,2.10418976,4.0,7.0,4.0824829046386295,113.28333333333335,111.4,60.04078706272188,2.763333333333333,2.2199999999999998,1.362195939568819,6514.666666666667,14068.30770838404,1497.8,2873.2841326027374,-5.413333333333334,1.059454786408766,0.32343784114494056,0.2266469291624275,3.0,2.0,2.3333333333333335,0.6666666666666667,0.16666666666666666,5.856362245207506,5.474794012436018,12.425941667467548,0.5474862032144548
-240.18005079,142.59546003697025,-0.8797196933499991,0.5612,0.47419197,1.2,1.0,0.5345224838248488,101.8,174.4,93.98388919688007,1.688,2.62,1.4706266885728878,3942.4,5820.941111931252,1263.04,1338.642546974893,-1.8399999999999999,2.105452106182559,-0.04106341826966094,0.8149970620746755,4.0,1.6903085094570331,1.6,1.0690449676496976,0.0,3.6148665348527227,3.8459224141342596,28.51909200739405,1.0169853068844792
-640.65046004,136.27935633163042,-2.32008509916928,1.204,1.60123642,3.4545454545454546,5.0,2.7726341266023544,98.92727272727274,141.0,79.35144138577445,2.767272727272727,1.89,1.224109370113635,6686.727272727273,12414.308750389608,1150.8545454545454,2008.3618119004354,-5.528181818181818,1.063096891162795,0.05935447012223915,0.3569993414385115,2.727272727272727,1.3228756555322954,2.3636363636363638,0.6614378277661477,0.36363636363636365,5.806609501451493,3.944894209000005,12.389032393784584,0.3664056110757971
-694.28623524,513.7503278083724,-2.180191696583333,1.4737,2.21991867,2.8,6.0,2.8535691936340255,126.94000000000001,54.900000000000006,28.427552027667005,2.7700000000000005,1.8399999999999999,1.105376471098034,7753.2,13958.066034683006,1544.52,2618.3563524798205,-4.544,2.7727191398645896,0.18524775540299687,0.21178829914235445,3.2,1.9639610121239315,2.4,0.6546536707079771,0.4,5.9213811665763405,6.432648671755968,12.84375819520931,0.5082884740347857
-389.89238314,114.30716121628458,-2.54689945125,0.0,4.09160333,2.5,6.0,2.7568097504180447,87.8325,135.97,72.28720128764151,2.3725,2.49,1.3871229217340473,7236.0,10486.367988965483,1194.85,1511.5246594085058,-4.737500000000001,2.529116446508543,0.2600323513549119,0.20258520749165704,3.25,1.6431676725154984,2.0,0.8944271909999159,0.25,4.964101047928478,4.986096115528422,14.288395152035573,0.8190898773194876
-576.66122771,185.62154968060707,-1.9064492869047611,1.179099999999999,3.63401476,2.5714285714285716,5.0,2.220038609702865,88.82857142857142,141.0,80.56179970326241,2.71,1.79,1.1163556780883053,2108.285714285714,3330.1935164706056,890.1142857142858,1311.1893521314369,-3.81,1.8971952983285618,0.31000000000000033,0.12247448713915869,3.142857142857143,1.7928429140015905,2.142857142857143,0.46291004988627577,0.0,5.437783759087954,6.423869057579629,13.258682120043362,0.48617384955976145
-226.19084495,358.5084115259464,-1.225838373888889,0.0,7.80755786,5.666666666666667,6.0,3.4828773711700927,72.9,99.9,49.350723531104165,1.8044444444444447,2.11,0.8825949881137316,18258.0,8498.278434355167,3231.133333333333,2256.753017250573,-5.594444444444445,1.5286197240875719,0.37308818280576733,0.5441327073088637,4.666666666666667,1.2510864843424485,2.5555555555555554,0.6593804733957871,0.0,4.271799304158218,7.7573321868322695,19.91713397366369,0.6538624040579675
-164.82866149,1143.4218809585366,-0.729964483777778,0.0,3.12187007,1.0666666666666667,2.0,1.4142135623730951,100.26,87.3,61.730421997585594,2.8613333333333335,1.2399999999999998,0.8768124086713187,7911.733333333334,11651.70554039193,1558.24,2224.416512256641,-3.9866666666666664,1.5202795795510775,-0.0067887491614805565,0.35878913623020775,3.4,2.1213203435596424,2.466666666666667,0.7071067811865476,0.4666666666666667,5.893338778091887,7.606342129924962,12.704687566205962,0.46017929088723336
-150.20139201,522.866502956441,-1.123636315708332,1.6320000000000001,1.21981297,1.5,1.0,0.6396021490668313,89.86666666666667,92.6,54.46660361258915,1.875,2.62,1.4989769238323243,4105.666666666667,7587.422762823894,1077.0666666666666,1321.3117917089405,-2.811666666666667,2.2876595821136423,0.22770632831315804,0.08767115002407039,3.3333333333333335,1.2060453783110545,1.6666666666666667,0.9534625892455924,0.16666666666666666,3.9059047475121074,2.6421329607350503,21.786104289851707,1.1163252229406793
-481.90664558,133.92240303969075,-1.432946590277778,1.4376,2.605350559999999,1.3333333333333333,1.0,0.5773502691896257,106.33333333333333,81.4,42.02015389468883,2.106666666666667,2.46,1.2429534719100845,5440.666666666667,6777.046652734016,1635.0666666666666,1554.9971103938854,-2.9599999999999995,1.7600852252092796,0.16482005077110728,0.09371747130612049,2.6666666666666665,1.1547005383792515,2.0,1.0,0.3333333333333333,4.663632489434325,4.289470405864194,11.160200253307563,0.716260263498852
-778.39404735,370.22829524052486,-0.973988638333333,0.0,6.86114159,5.142857142857143,7.0,4.38341028359036,58.31428571428571,133.4,78.01485206585437,1.9142857142857144,1.9,0.849789889998026,14460.285714285714,8341.616201740695,2961.457142857143,1564.5236637026985,-4.475714285714285,2.0626058414401087,0.07967166497579051,0.08122284693191532,3.7142857142857144,0.9258200997725515,2.857142857142857,0.46291004988627577,0.8571428571428571,4.158325010320764,6.002231182395309,13.22243911573303,0.7292033617076621
-647.36302521,231.31625031681256,-1.7018789144444422,0.001999999999999,3.3490821,2.0,3.0,1.161895003862225,114.26666666666668,141.0,64.3586357841743,2.887777777777778,2.13,1.144840600258394,3536.8888888888887,6725.279012799394,619.8,1081.4942662816109,-4.4,1.536998698763275,0.1421554825209155,0.38232848411915876,3.0,2.32379000772445,1.8888888888888888,0.4472135954999579,0.0,6.111816560570381,7.727994995584339,12.850902795378472,0.465859258313001
-304.97884313,128.40952222360877,-1.2602380275000011,0.8376999999999991,4.33105535,2.0,2.0,0.8944271909999159,122.9,49.8,25.925740105154183,2.7,1.54,0.9375713306197028,6111.0,7513.754960071562,1304.35,1652.334759060645,-4.0175,1.5288525108721247,0.04802975476155369,0.28683783289122733,3.5,2.0976176963403033,2.25,0.5477225575051662,0.25,5.689153093441488,7.875988996985856,16.051190277951097,0.45592937720614185
-873.04005784,351.2297387223793,-3.737810427499999,3.6335,3.61143917,3.7142857142857144,9.0,4.511889056386788,86.46142857142857,135.97,83.47974377912627,2.4899999999999998,2.49,1.4607703447154174,5841.142857142857,9183.742249991868,1174.542857142857,1758.6877705510192,-4.554285714285714,1.554105162832573,0.3445799486390807,0.17527080015591295,3.0,1.5811388300841898,2.142857142857143,0.8451542547285167,0.0,5.221239617038378,4.567597792882324,12.543919240084975,0.813644152032442
-583.33072324,511.80489807146506,-1.58014964341797,2.8422,3.01268075,2.25,1.0,0.5940885257860046,135.3,103.8,42.332465638783944,2.97375,1.42,0.8520960315943407,3538.75,6265.581189886444,635.375,1026.4698012806691,-4.5687500000000005,0.7806916239877986,0.0536749178360299,0.32827271059274643,3.25,2.3514701283890216,2.0,0.0,0.0,6.283595016182204,7.487185449496081,15.993903064733283,0.3533306480796613
-368.06088168,138.80680474007113,-1.046750069285714,0.0,4.96930009,2.0,0.0,0.0,128.57142857142858,29.0,20.50609665440988,2.7842857142857143,1.53,1.0818733752154177,7498.285714285715,12005.258930985205,1416.9714285714285,2189.061173197314,-4.4157142857142855,0.947523086789974,0.16623459394194193,0.10520755240045614,2.857142857142857,1.4142135623730951,2.4285714285714284,0.7071067811865476,0.42857142857142855,5.9859627407857525,5.74407814122496,9.914771767147938,0.49762832451785605
-861.95246567,95.8476484576746,-1.1735585437499991,0.0,4.1595103,2.5,2.0,1.0954451150103324,125.75,189.60000000000002,86.95821985298457,2.7474999999999996,1.6099999999999999,0.8987713836120952,8561.0,10906.432670676513,1853.1,2271.203525886661,-4.875,1.1185883961493612,-0.031223506079393504,0.35345505279124045,3.5,2.0976176963403033,2.5,0.6324555320336759,0.5,5.978668855737274,9.803321691111673,11.980956057209324,0.49264833870032104
-711.32545219,173.0422774947916,-1.631303849999999,2.2913,-0.81490098,2.3333333333333335,6.0,2.5385910352879693,104.71666666666665,141.0,77.16866448097814,2.8516666666666666,1.78,1.1767304043171676,4614.666666666667,10525.62342307782,724.1333333333333,1487.1746874900443,-4.693333333333333,2.6713500540197104,0.22293088746026357,0.11615893224400896,2.8333333333333335,1.7159383568311666,2.3333333333333335,0.6666666666666667,0.16666666666666666,6.148437932195165,4.383609986714,14.420189791232632,0.35496165015098813
-295.5212567,74.85410238575706,-2.1154600563333332,0.0,3.23386518,2.2,5.0,2.138089935299395,91.386,135.97,81.82408377558704,2.6100000000000003,2.49,1.4029560628493374,2385.2,4067.7106934631283,854.1200000000001,1283.8075690249354,-3.874,1.8786127100298546,0.3225088161316137,0.15748214434449023,3.2,1.9639610121239315,1.8,0.5345224838248488,0.0,5.18531106316837,5.5555952328270894,14.970820477151412,0.6923226271256755
-749.498154,111.34209089405522,-2.093056296999999,0.0,4.01795304,1.8,3.0,1.3093073414159542,107.01400000000001,138.63,71.77028314600092,2.7199999999999998,2.44,1.2965889314439087,6181.2,11227.092308976786,1199.1200000000001,2041.273871175266,-4.226000000000001,1.5837027138053046,0.08954200608359297,0.4166377998120682,3.0,1.6903085094570331,2.0,0.8451542547285166,0.2,5.629562984099025,5.696544258370686,11.134209089405521,0.6726899939889066
-186.84687701,245.77243259431745,-1.879435217692307,0.0,4.05778104,2.4615384615384617,4.0,1.5954480704349312,120.85769230769232,127.05,47.712752011862136,2.7884615384615383,2.55,1.1998693110653191,2905.846153846154,4717.110247906984,1104.9692307692308,1796.5204753026942,-4.440769230769231,1.1911033845671304,0.23827115486267686,0.12289682425332495,3.230769230769231,2.184657243763257,1.9230769230769231,0.3692744729379982,0.0,5.82774046081629,5.000838529626841,18.90557173802442,0.40666969205049663
-832.83733013,275.9192355007781,-3.725641982638888,2.869999999999999,2.49490876,4.0,6.0,4.0,95.26666666666667,141.0,91.51927544390732,2.766666666666667,2.1399999999999997,1.3502263184781693,7514.666666666667,14847.175324320484,1466.1333333333332,2803.8211101598076,-5.608333333333333,1.6165068649543195,0.2825866631157899,0.29270234903199605,3.0,2.1602468994692865,2.3333333333333335,0.6666666666666667,0.16666666666666666,5.800560133407325,6.98965632121403,11.496634812532418,0.44522718580280557
-56.50462599,133.5742810249583,-0.635057482500004,1.1867,0.46310693,1.0,2.0,1.4142135623730951,70.5,141.0,99.7020561473032,2.72,1.44,1.0182337649086284,1256.0,1462.2968234937803,360.03999999999996,381.61138767075596,-2.64,3.3234018715767735,0.1981921691127768,0.0449830658303815,4.0,2.8284271247461903,2.5,0.7071067811865476,0.0,6.273148659530589,10.770191921803868,16.69678512811979,0.4504443672828707
-349.41429172,165.25786310812856,-2.180159844375,1.1496,0.90060469,2.125,5.0,1.9934101962532236,100.8875,81.4,52.09034408955676,2.295,2.46,1.5103154079790575,3798.5,8360.537857288722,1018.725,1315.6507419284353,-4.10375,2.4450675375453117,0.2010884673244074,0.06692161466307374,2.25,0.8583950752789521,1.75,0.8583950752789521,0.125,4.888027557897097,2.74951486552935,10.328616444258035,0.6465448078330175
-208.71402175,167.2229752673024,-0.8160150875000001,0.19789999999999902,1.02210109,1.2,1.0,0.5345224838248488,100.9,175.9,94.89772690338042,1.688,2.62,1.4706266885728878,3858.4,5863.0602443239,1220.44,1352.5070731264746,-1.768,2.1527955247604385,-0.035101830750582264,0.8191410859493145,4.6,1.8126539343499315,1.6,1.0690449676496976,0.0,3.5339480640535754,4.660879725007663,33.444595053460475,1.0422943386969044
-436.9307305,34.49840025661019,-3.075623527499999,3.2748,1.66284593,1.0,2.0,1.4142135623730951,73.015,135.97,96.14530903793487,2.195,2.49,1.7606958851545034,4111.0,5499.876544068967,872.6,1106.4806912007095,-3.335,2.3405234457274724,0.3712720403290337,0.19978883541743772,3.5,2.1213203435596424,1.5,0.7071067811865476,0.0,4.654915531852944,4.987595387559458,17.249200128305095,0.9975853971933308
-1008.50699298,54.885622347634005,-3.093135745562499,3.624099999999999,1.82205967,3.5,8.0,4.049691346263317,87.125,122.9,69.48124207295088,2.265,2.62,1.5057622654323624,4693.5,8328.54606759187,1078.8500000000001,1556.1793971133275,-4.045000000000001,2.166370236132319,0.30619143808924976,0.1360577536991739,3.0,1.2649110640673518,2.0,0.8944271909999159,0.0,4.642517911392464,3.511130096535179,13.721405586908501,1.1582100635610009
-425.03288252,216.31208088552106,-1.9246418721875,1.834299999999999,0.44124089,3.0,4.0,2.8284271247461903,123.725,69.1,48.861078579990426,3.12,1.2799999999999998,0.9050966799187806,9166.5,25298.866417292298,1295.65,3409.5274775252947,-5.587,1.6885709934734754,0.11385000000000045,0.32852181053926993,2.75,2.1213203435596424,2.25,0.7071067811865476,0.25,6.402015712567749,4.419817952498264,13.519505055345068,0.2863341987628197
-289.13809889,262.0072345601061,-1.8301323900000002,0.16110000000000002,-3.90404263,1.8888888888888888,5.0,1.949358868961793,98.72222222222223,141.0,86.65996768981628,2.7633333333333336,2.13,1.3667132105895514,3270.222222222222,6183.13980110429,673.2444444444444,1297.3305238064816,-4.084444444444445,2.0117467534458706,0.35555555555555585,0.2611130023572168,2.3333333333333335,0.6708203932499369,1.7777777777777777,0.5916079783099616,0.0,5.897398847996629,1.0874832379309043,29.111914951122895,0.15985908529112086
-672.3467825,70.95413907681151,-3.1865535720000002,0.0,1.95435204,3.0,9.0,4.140393356054125,89.226,135.97,84.91490597735392,2.5260000000000002,2.49,1.5058836987914155,4933.2,8419.05875295536,1005.72,1618.4956118921934,-4.354,1.7879077956411193,0.33846037211316327,0.17777092015014834,3.0,1.6903085094570331,2.0,0.8451542547285166,0.0,5.293714112932115,4.225974294282286,14.190827815362303,0.7523443038609637
-752.46361368,208.8354535331768,-2.721982793333333,0.0,5.13439532,3.6666666666666665,6.0,3.4318767136623336,108.36666666666667,133.4,71.4136152595879,2.9433333333333334,1.9,1.0482260146446365,9098.0,18958.24809065085,1624.8,3205.8216793826814,-5.87765,2.4584840637406353,0.11396762330943148,0.27096023576143713,3.0,2.1602468994692865,2.3333333333333335,0.6666666666666667,0.3333333333333333,6.051009128376258,7.053817244896397,11.601969640732044,0.36515566675462596
-452.45997627,87.92172579606212,-2.486541740625,1.8327,4.18554699,1.0,2.0,1.2977713690461004,70.5,141.0,91.49288151775006,2.4225,2.13,1.3290875382045104,4161.0,5200.116759822751,686.225,784.0801724582155,-3.1862500000000002,2.3542028486584536,0.3650000000000002,0.19238120052590738,2.75,1.2565617248750864,1.75,0.8583950752789521,0.0,5.4790675654992755,4.708865469316406,10.990215724507765,0.7009546972178158
-426.00034195,132.82600658436698,-3.016412266417625,2.0327,1.86011688,3.111111111111111,7.0,3.433899629672753,99.19999999999999,99.9,60.92003980629035,2.413333333333333,2.51,1.5011245784411096,5367.777777777777,10924.019483077951,1347.4444444444443,2380.197264233926,-4.512222222222222,2.426608573022577,0.3258359446924669,0.27934274394794817,2.888888888888889,1.5545631755148026,2.0,0.8660254037844386,0.0,5.128641381845983,3.8558036130311604,14.758445176040775,0.6367653955159275
-514.78184303,246.77642282728726,-1.9393015047222222,3.0694,-0.54550917,2.6666666666666665,3.0,1.5634719199411433,111.81666666666666,112.1,61.712798060405945,2.9583333333333335,1.63,0.9751039830591287,5696.333333333333,14189.737551405868,620.8000000000001,1243.9836976423765,-4.6066666666666665,1.012510630945561,0.19500000000000037,0.4423987643141268,2.6666666666666665,1.3333333333333333,2.0,0.0,0.0,6.149271322963821,4.211810681378157,13.709801268182625,0.2333186400021853
-588.23428653,322.93636131461216,-1.8949065393478262,1.1803,1.99565867,2.9565217391304346,6.0,2.7739710262072474,116.84347826086957,141.0,58.494365221890085,3.013478260869565,2.13,0.9962042367687121,9924.0,23335.07135447938,1403.4,3144.4524909967386,-5.46295652173913,1.9982807101631566,0.1227130434782613,0.33226167908717735,2.8260869565217392,1.9571684839523324,2.217391304347826,0.759125277171481,0.2608695652173913,6.17168262279036,4.401220619399344,14.040711361504876,0.3258658414583919
-408.53215875,72.82143907393863,-2.107482005,0.6519,5.59411961,2.6666666666666665,2.0,1.4142135623730951,129.76666666666668,33.7,23.82949852598665,2.9466666666666668,1.48,1.0465180361560904,2481.3333333333335,4792.769762882419,1018.4666666666667,1969.1509642482974,-4.65,0.7212489168102785,0.2135020216251514,0.034997497154174335,3.0,2.1213203435596424,2.0,0.0,0.0,6.217757544908528,6.873191565905563,12.136906512323106,0.4004207577312871
-282.79598482,47.24786719250145,-1.263394712,0.0,2.50068934,1.2,2.0,1.3093073414159544,84.6,141.0,92.30616756982478,2.716,1.8699999999999999,1.1860077089607326,2983.2,4572.547773709657,810.52,1380.975168908861,-3.9260000000000006,2.1148725054446462,0.278558147564915,0.07948067334898573,2.6,1.6035674514745464,2.0,0.8451542547285166,0.0,6.176134689668295,5.954360284141429,9.449573438500295,0.49022139651294766
-663.0030639,161.81208557747004,-2.6629976021428563,2.7149,3.811373719999999,1.7142857142857142,4.0,1.6903085094570331,95.89999999999999,141.0,81.63886941892324,2.62,2.13,1.280371039972398,3612.5714285714284,5225.47676567138,851.6857142857143,1316.826418759457,-3.858571428571429,1.9927672790798803,0.3143580092679222,0.19839086012250226,2.7142857142857144,1.3627702877384937,1.7142857142857142,0.5976143046671968,0.0,5.71752788997201,4.747629458677355,11.558006112676432,0.552041573383308
-619.95383561,148.95940224963445,-1.833723287142857,0.0,4.09121658,2.7142857142857144,4.0,1.9639610121239315,105.74285714285715,112.1,65.08094410589237,2.7542857142857144,1.63,1.0480900997256186,3595.4285714285716,5996.115194738292,1216.3999999999999,1745.436867950256,-4.007142857142857,1.5558552999188953,0.32820276395744236,0.28813087373856766,2.857142857142857,1.3093073414159544,2.142857142857143,0.46291004988627577,0.14285714285714285,5.453816210151119,5.952583792627445,10.639957303545318,0.4340867794660809
-514.20925486,124.58651702114541,-1.072432660000001,0.5904,0.85252144,2.3333333333333335,1.0,0.7071067811865476,115.23333333333333,77.3,54.65935418572012,2.92,1.56,1.1030865786510142,5548.0,11298.152149798656,1126.8,2198.9606681339255,-4.876666666666667,0.24041630560342606,0.118550457990987,0.23642018074412519,2.6666666666666665,1.4142135623730951,2.3333333333333335,0.7071067811865476,0.3333333333333333,6.238518158197021,4.8479124040913755,10.382209751762119,0.3889843735341834
-718.34414378,231.60014010932102,-2.781807325555555,0.001699999999999,2.48979732,2.888888888888889,4.0,1.949358868961793,132.42222222222222,62.400000000000006,27.417913852078538,2.977777777777778,1.54,0.9471113978830579,15192.444444444445,30697.20732900633,1412.8000000000002,2853.401536412287,-5.612877777777778,2.0893431173457366,0.2161155972727481,0.2789545558539592,2.6666666666666665,1.7748239349298849,2.111111111111111,0.4472135954999579,0.1111111111111111,6.41400941532052,4.818247647716119,12.866674450517834,0.23216934426685015
-242.4388927,233.13916838054647,-1.677023276153845,1.8582,4.40299934,2.1538461538461537,3.0,1.0660035817780522,118.52307692307691,141.0,53.0192760829836,2.8746153846153844,1.79,1.0005680204945409,6763.538461538462,12227.53810796835,718.5846153846154,1126.040214040495,-4.436153846153847,1.3793031837588403,0.12346890008292034,0.2772795070419454,3.076923076923077,1.9188064472004938,2.076923076923077,0.3692744729379982,0.0,6.350203536517055,4.846479406136096,17.933782183118957,0.2943496230295637
-108.00333133,142.59546003697025,-0.8797196933499991,0.5612,0.47419197,1.2,1.0,0.5345224838248488,101.8,174.4,93.98388919688007,1.688,2.62,1.4706266885728878,3942.4,5820.941111931252,1263.04,1338.642546974893,-1.8399999999999999,2.105452106182559,-0.04106341826966094,0.8149970620746755,4.0,1.6903085094570331,1.6,1.0690449676496976,0.0,3.6148665348527227,3.8459224141342596,28.51909200739405,1.0169853068844792
-657.56802486,580.4672298764874,-1.9032839466713591,0.0,2.11386043,2.938775510204082,5.0,2.14142809492037,92.13,141.0,98.17143683373487,2.773061224489796,2.44,1.3443899306801899,4629.469387755102,8904.096437675671,856.8857142857144,1544.565604951761,-5.574081632653061,1.5564685302678898,0.14744397523226166,0.17784629410226244,2.693877551020408,1.3938641048743392,2.306122448979592,0.7367883976130072,0.32653061224489793,5.876390863455862,4.0938461379259845,11.846269997479334,0.40878550124393714
-617.27649204,201.94416357830517,-1.644236641666665,0.0,6.15445991,2.111111111111111,2.0,0.806225774829855,130.08888888888887,37.8,22.73363147409582,2.96,1.54,0.9677267176222841,5981.333333333333,11868.95858110559,829.0222222222222,1574.8225353988303,-4.467777777777778,1.3265424983768899,0.1227741331378976,0.23252313147253292,2.888888888888889,1.8303005217723127,2.111111111111111,0.4472135954999579,0.1111111111111111,6.453109454224451,6.628573468558151,11.219120198794732,0.40877406061437144
-462.18706168,671.3134247219184,-0.9007449418750001,0.016300000000000002,2.38255421,2.0,2.0,0.816496580927726,128.93333333333334,49.8,26.565474670038256,2.9466666666666668,1.54,0.9878821342200248,4148.0,7903.200026993285,899.6333333333333,1711.828686262475,-4.341666666666667,1.538883072592298,0.10868650317436927,0.2885831766178377,3.0,2.1602468994692865,2.1666666666666665,0.5270462766947298,0.16666666666666666,6.249141591480213,6.6593186318085404,13.9856963483733,0.3704069422263351
-513.2272854,50.08427352138736,-0.789826404999999,0.0,3.77256715,1.0,2.0,1.4142135623730951,97.35,87.3,61.730421997585594,2.8200000000000003,1.2399999999999998,0.8768124086713187,8461.0,11651.70554039193,1663.1,2224.4165122566415,-3.915,1.5202795795510775,-0.023702231244443484,0.35878913623020775,3.5,2.1213203435596424,2.5,0.7071067811865476,0.5,5.790528886479824,8.117605875103205,12.52106838034684,0.49511825307291635
-290.76837258,51.04811002645878,-0.724300867916666,0.0,2.76508001,1.5,1.0,0.6324555320336759,131.5,22.599999999999994,12.440578764671681,2.6775,1.54,0.964587994949139,6211.0,7618.201467538122,1453.85,1758.4968342308723,-3.18,2.3643688375547502,0.10010244057153503,0.18188593143642273,3.25,1.6431676725154984,2.5,0.6324555320336759,0.5,5.797752442042944,6.616801943326625,12.762027506614695,0.5734362492989785
-1161.22121116,136.51657937039403,-4.019811040833332,4.0165,3.14741998,4.0,6.0,4.242640687119285,94.0,141.0,99.7020561473032,2.7266666666666666,2.1399999999999997,1.5132085117392116,8648.0,17874.245214833547,1685.4666666666665,3384.071633402579,-6.033333333333334,2.213244225113893,0.394101412946051,0.3481116656893388,3.3333333333333335,2.8284271247461903,2.3333333333333335,0.7071067811865476,0.0,5.78904241947543,10.241243300471636,11.376381614199502,0.5100651824885054
-366.66275887,524.8497707949277,-1.548994611919193,0.0,4.28542737,2.3333333333333335,2.0,0.7524469885568253,120.42424242424242,81.4,36.87497557327207,2.849090909090909,2.46,1.0658012727245059,4189.090909090909,7208.551631059256,771.6060606060606,1196.9678038817135,-4.556969696969697,0.9211505752877439,0.02737687456789866,0.37724138170961746,3.4545454545454546,2.7224556389190906,1.9696969696969697,0.24253562503633297,0.0,5.883786999151615,8.96850882909976,15.904538508937204,0.4510872511382127
-690.2943166,168.1248937093548,-3.346563131380951,1.2267000000000001,3.28430992,3.4285714285714284,5.0,3.5355339059327378,109.57142857142857,110.0,77.78174593052023,2.8857142857142857,1.94,1.3717871555019021,10444.285714285714,25298.866417292298,1701.857142857143,3988.647931317077,-6.198571428571428,2.9910616844190963,0.27900481771984836,0.12128073622180309,3.142857142857143,2.8284271247461903,2.2857142857142856,0.7071067811865476,0.2857142857142857,6.337331651113998,8.72898921823449,12.00892097923963,0.3576388223540068
-324.31172889,593.2042360626177,-1.124494541083332,0.7138000000000001,1.95957998,1.7,3.0,1.181757895737503,132.56,15.400000000000006,9.543222906768758,2.531,1.54,0.974616635506955,10758.8,18574.96164937796,1570.8799999999999,1611.914604566195,-2.893,2.8708646420727413,0.0762177260647585,0.26408141337406255,3.6,1.8754309849499513,2.5,0.6565321642986128,0.5,5.526351509086519,7.070107213441884,14.830105901565442,0.6404594715908625
-630.70946235,143.8341362094934,-2.141442864545455,1.4089,0.07030482,3.272727272727273,5.0,3.1925393799149435,118.28181818181817,90.4,57.15370975239961,2.994545454545454,1.81,1.1273403008169955,7579.636363636364,18986.46259433689,1181.2363636363636,2756.8806039825854,-5.385272727272727,1.1176183468567296,0.06376862027700278,0.42205342232432397,2.6363636363636362,1.6290629680421056,2.272727272727273,0.6793662204867574,0.2727272727272727,6.2219829450437985,3.761512146721403,13.0758305644994,0.2824104936604011
-116.85857343,388.28158042161505,-1.1872659216666661,0.0,3.64466633,1.8,3.0,1.3093073414159542,114.8,151.0,76.87838262012095,2.842,1.75,1.0021548212298763,6593.2,13342.820712706462,1202.3200000000002,2388.778992348542,-4.33,2.3204679331056113,0.16908452111844977,0.25079337397634816,3.4,2.32992949004287,2.4,0.6546536707079771,0.2,6.346996489131861,9.048323866236137,12.942719347387168,0.44223877700677033
-114.78119837,168.6703061015562,-1.009309497291665,1.0399,-0.59218724,1.5,1.0,0.6324555320336759,113.625,94.1,49.37370757802172,2.4074999999999998,2.62,1.3971793013067437,3483.5,5798.12311011072,894.1,1211.8347808179133,-2.9125,2.6302300279633344,0.15698359155793978,0.20209790358745353,3.5,1.8973665961010275,2.0,0.8944271909999159,0.25,4.925187825621851,4.4367885211755365,21.083788262694526,0.8694884051738663
-506.71022833,143.05986849771227,-1.416557935488506,0.0,0.18949994,2.6666666666666665,3.0,1.5634719199411433,104.61666666666667,141.0,77.27398944304898,2.8649999999999998,1.89,1.1578644134785385,5048.0,9729.393814621752,982.4666666666667,1819.2173824049846,-5.263333333333334,1.0935772085733637,0.13151225802029373,0.19951789604204315,2.6666666666666665,1.3333333333333333,2.3333333333333335,0.6666666666666667,0.3333333333333333,6.095859233045372,4.129154612891366,11.921655708142689,0.3553638071375284
-455.94402522,181.79424681084492,-1.108309420526316,0.0,5.10923645,2.0,0.0,0.0,127.26315789473684,29.0,20.506096654409877,2.7152631578947366,1.53,1.0818733752154177,8264.21052631579,12005.258930985205,1556.6315789473683,2189.0611731973136,-4.355263157894737,0.9475230867899739,0.1595224459358305,0.10520755240045614,2.9473684210526314,1.414213562373095,2.473684210526316,0.7071067811865476,0.47368421052631576,5.842292396243414,6.286449994600997,9.568118253202364,0.5599832829097953
-465.80846555,72.82143907393863,-2.107482005,0.6519,5.59411961,2.6666666666666665,2.0,1.4142135623730951,129.76666666666668,33.7,23.82949852598665,2.9466666666666668,1.48,1.0465180361560904,2481.3333333333335,4792.769762882419,1018.4666666666667,1969.1509642482974,-4.65,0.7212489168102785,0.2135020216251514,0.034997497154174335,3.0,2.1213203435596424,2.0,0.0,0.0,6.217757544908528,6.873191565905563,12.136906512323106,0.4004207577312871
-602.92323916,149.56743644713066,-1.8814564380624992,2.011,2.61949956,2.0,2.0,0.8944271909999159,108.4,92.6,47.96898998311305,2.4375,2.62,1.3822409341355797,5618.5,10341.127578750782,768.1,934.0204794328656,-3.795,2.0330174618040053,0.14219547442968528,0.226435227858059,3.25,1.6431676725154984,1.75,0.5477225575051662,0.0,5.084907534479867,4.28230578628407,18.695929555891333,0.7913734087168077
-202.97136868,200.88566885284993,-0.9974404065833331,0.0,0.67016724,1.6666666666666667,1.0,0.7071067811865476,110.13333333333333,92.6,65.4780879378743,2.566666666666667,2.62,1.8526197667087545,924.6666666666666,1490.5810947412422,404.1333333333334,665.9531665214904,-3.686666666666667,2.764787514439401,0.2450026574830836,0.03182544252632169,2.6666666666666665,1.4142135623730951,1.6666666666666667,0.7071067811865476,0.0,5.163241239320435,2.350780180808049,16.740472404404162,0.9241434838844611
-641.83352599,192.08453575479933,-1.997496740714284,0.0,6.73268483,3.0,3.0,1.5811388300841898,117.3,98.5,44.83804188409659,2.755714285714286,1.8299999999999998,1.054984766308432,3655.4285714285716,5457.839080494352,1271.8285714285714,1805.285486722648,-4.5200000000000005,0.7240511031688301,0.2858588756787012,0.23619790498838347,3.0,1.7320508075688772,2.0,0.0,0.0,5.658160984406661,5.677912568048558,13.720323982485667,0.3887918049733967
-541.57089594,64.74197216120193,-2.054515252916665,0.7966999999999991,4.61990815,2.6666666666666665,3.0,1.5634719199411433,116.01666666666667,112.1,58.45296779843128,2.936666666666667,1.63,1.0114236391234772,4363.0,10088.287300957812,782.9666666666667,1408.2438654027378,-4.5183333333333335,1.0430217852204453,0.23562898754491526,0.3374932045200626,2.8333333333333335,1.7159383568311666,2.0,0.0,0.0,6.058173749765444,6.552712305315831,10.790328693533654,0.39529128478193937
-620.98265994,330.7479767445294,-2.3688600585416673,2.0696,-0.37615943,3.1666666666666665,6.0,3.198213787189879,110.55833333333334,94.1,61.76122107416132,2.7691666666666666,2.62,1.3913503204749385,6030.5,13907.699053812912,1060.2166666666667,2195.8570116081264,-4.899166666666667,1.8058519952009988,0.06408551551818815,0.4278746034313405,2.75,1.5629642167551832,2.1666666666666665,0.7928249671720918,0.25,5.69754884493724,3.6779345421473972,13.781165697688726,0.5594459573947933
-723.51470518,186.1127752626733,-2.96073348,1.569,5.59268805,3.6,5.0,2.7516228977511745,103.22,98.5,61.92670783157411,2.712,1.8299999999999998,1.191499655296395,6833.2,11967.437080917294,1348.52,2093.3176989103754,-4.936000000000001,0.9464822087226844,0.19160548230470295,0.4992193607767056,2.6,1.0690449676496976,2.2,0.5345224838248488,0.2,5.4943518664608275,4.493987820169453,9.305638763133665,0.45567127977331306
-316.68884364,240.83335328928774,-2.44123913388889,1.2297,4.3294236,2.6666666666666665,6.0,2.6832815729997477,111.72999999999999,138.63,65.88945423965811,2.928888888888889,2.44,1.1556123917646435,8874.666666666666,20204.893808184195,1550.4666666666667,3334.9797657557083,-5.704644444444445,3.3478670498542806,0.12124222222222286,0.31346741750140406,3.111111111111111,2.3664319132398464,2.111111111111111,0.806225774829855,0.2222222222222222,6.05286006947463,6.946744301945163,13.379630738293763,0.4191253851728431
-621.89656311,182.58831577006734,-2.271007043333332,1.5693000000000001,4.2783738,2.5714285714285716,5.0,2.220038609702865,88.82857142857142,141.0,80.56179970326241,2.6614285714285715,2.13,1.204666521727664,2301.1428571428573,3875.420198415356,916.2571428571429,1323.9782000794855,-3.8485714285714288,1.808886792635578,0.3271428571428574,0.15901482410679268,3.0,1.7320508075688772,1.8571428571428572,0.46291004988627577,0.0,5.280131932689456,5.7829490851164085,13.042022555004804,0.5362155154268922
-776.71189771,189.2902247232453,-2.074869163571429,0.756999999999999,0.18919052,2.857142857142857,4.0,2.174229226018436,128.9857142857143,76.7,39.59496065272587,2.9657142857142853,1.78,1.1232582476479267,10258.57142857143,26480.763893128846,938.2857142857143,2003.3108096348903,-5.380000000000001,1.1845866175782396,0.23497293035556371,0.14392585497535726,2.4285714285714284,1.087114613009218,2.142857142857143,0.5222329678670935,0.14285714285714285,6.3834117226475655,2.8085630917989404,13.520730337374664,0.22814927223256792
-505.72352741,288.15518091953794,-2.739930981399999,0.0,3.90420099,3.52,7.0,3.4678978920195567,106.99,127.05,65.77097174045865,2.7588,2.55,1.3175954973878905,7758.08,14952.813423003643,1321.0479999999998,2389.5439408521365,-5.1812000000000005,1.1518314935239808,0.023988801836043835,0.4758137297389202,2.8,1.6222142113076254,2.28,0.7608859102526823,0.32,5.728083742360738,4.615019285016688,11.526207236781518,0.48083183497830295
-1146.52575371,702.8055840853117,-2.760807544999999,3.3099,1.02473633,2.32,5.0,2.203011772452707,86.37,138.63,81.12612714431019,2.5608,2.44,1.338817007010618,3173.92,4521.9300467638905,996.3919999999999,1367.8767593228756,-3.9076,1.6603155802698948,0.3452000000000002,0.23248772758634098,2.88,1.293797914466653,1.8,0.5212860351426869,0.0,5.108506698547012,3.9822359173935324,14.056111681706234,0.5407716180219537
-738.9068492,286.26826329703243,-1.549466782918719,0.48210000000000003,4.62820598,2.7142857142857144,3.0,1.3627702877384937,98.77142857142857,141.0,69.55000770257737,2.724285714285714,1.89,1.1015411282121323,6641.142857142857,9881.595099693455,1299.2571428571428,1880.3999772084965,-5.175714285714286,0.9887076702154467,0.09781784601353179,0.20439259731173634,2.857142857142857,1.3093073414159544,2.4285714285714284,0.6546536707079772,0.42857142857142855,5.793757510741366,5.494413193952365,10.223866546322586,0.4991841435388662
-607.90355066,308.7741174190518,-1.262754084999999,0.0,2.8820711,1.8461538461538463,2.0,0.7385489458759964,121.41307692307691,138.63,50.98274694799836,2.7815384615384615,2.44,1.195873587116814,6085.846153846154,10701.303488997793,1170.9692307692308,1957.1582669314664,-4.342307692307692,1.280099427956495,0.18883509308652252,0.10177730528729717,2.769230769230769,1.348399724926484,2.230769230769231,0.7977240352174656,0.3076923076923077,5.961763997196897,4.332894581844422,11.875927593040448,0.47213304896061825
-954.63815905,419.25504005541933,-3.7241358615789473,2.7659000000000002,3.19203728,4.421052631578948,7.0,4.366062299143245,94.06315789473685,133.4,84.37808142521374,2.702105263157895,2.08,1.3268383473505732,6461.263157894737,11256.610802102025,1272.3368421052633,2130.6577693285235,-5.1089473684210525,0.28276536209373315,0.25677254416846074,0.18611545367153862,2.736842105263158,1.3228756555322954,2.3684210526315788,0.6614378277661477,0.15789473684210525,5.627627649897985,4.082817032295706,11.033027369879456,0.5436719562238929
-1059.07515198,246.45962658047478,-3.977348098750001,4.3829,0.9005326300000001,4.5,7.0,4.445751441809691,95.525,141.0,81.39535324213395,2.6174999999999997,2.2199999999999998,1.4571810013132327,6176.25,11933.619415455698,1568.125,2665.4075982306877,-5.50375,1.386114968493722,0.4008827009644449,0.30345326643563547,3.25,2.2491828581535485,2.375,0.6642111641550714,0.0,5.538460678788336,5.8791863569787814,15.403726661279673,0.5597709811600562
-267.67486032,429.5219768733596,-1.372878197773443,3.0515,1.45977848,1.75,2.0,0.9074852129730301,136.875,195.0,77.57633811475067,2.99375,1.79,0.8670690996278277,2407.5,3947.3139042674993,443.375,631.7030342885902,-4.147500000000001,1.7300221011849055,0.18000000000000033,0.2169304578186562,2.75,1.3284223283101428,2.125,0.45374260648651504,0.0,6.6805619311922975,4.690653337794023,13.422561777292486,0.2567611643751466
-537.60828426,69.89891131305731,-2.767403298055555,1.5783,4.64551689,3.3333333333333335,6.0,3.1269438398822857,113.15,133.4,68.98674993552505,2.876666666666667,1.9,1.1396393191610132,4431.333333333333,9679.305163308183,1132.6333333333334,2103.5382536204197,-4.916666666666667,0.6694608112337703,0.1922869674553401,0.0915945546166725,2.8333333333333335,1.7159383568311666,2.1666666666666665,0.5270462766947298,0.16666666666666666,6.011508410437915,5.477597925464092,11.64981855217622,0.39890758057811904
-338.06120094,330.22591591795083,-1.8507469771111111,0.0,2.62366419,2.0,5.0,1.9364916731037085,91.32222222222222,92.6,58.047925601753136,2.0777777777777775,2.62,1.6158485902666335,3412.0,7953.619930572494,825.8666666666667,1130.9239364342766,-3.5077777777777777,2.9581314485104726,0.23195746828428682,0.08036663478632099,3.111111111111111,1.2909944487358056,1.6666666666666667,0.8660254037844386,0.1111111111111111,4.207027952965671,2.739391837583016,18.345884217663937,1.1720588732303763
-296.1606669,65.56081830486396,-1.674364853237547,2.8819,3.58552983,1.3333333333333333,1.0,0.5773502691896257,84.46666666666667,88.2,49.07721806840047,1.7833333333333332,2.51,1.434933215635255,1940.6666666666667,1501.7860477888764,953.7333333333332,782.264413950509,-2.6933333333333334,2.0137609921073887,0.2010027272795465,0.03244052986900221,2.3333333333333335,0.5773502691896258,1.3333333333333333,0.5773502691896257,0.0,4.008560373265935,2.326659199916996,10.92680305081066,1.1623971354179417
-873.67043271,1618.926565658567,-3.166927112179487,2.9327,1.36157281,2.4615384615384617,9.0,3.8026306683663087,84.76923076923077,127.05,79.22540564743105,2.313846153846154,2.55,1.5872580130526983,4334.923076923077,5946.151299790479,1263.1846153846152,1756.508627021228,-4.123846153846154,1.9140590377519713,0.3912892602868722,0.23303638758477624,3.6923076923076925,2.4124676163629637,1.8461538461538463,0.8602325267042626,0.0,4.820626040932297,5.164103550995305,20.755468790494447,0.8216947297571264
-197.6218234,147.3591996311414,-1.788131403500003,2.175599999999999,0.17686345,2.6,7.0,3.1167748898959187,94.72,141.0,78.70371201991864,2.79,1.81,1.0752408368095294,5151.2,11840.572573027997,916.0960000000001,1867.7141805196761,-4.246,2.691436154068785,0.08088234994981355,0.35754779704151396,3.2,2.138089935299395,2.4,0.6546536707079771,0.2,6.054142655314237,6.750589992303072,14.735919963114139,0.3685891042016459
-872.24392364,146.35218484316465,-3.170859260238094,0.0,7.80758438,4.142857142857143,6.0,3.4948942350643053,88.81428571428572,133.4,80.97828192087766,2.6357142857142857,1.9,1.2288990426975102,6998.285714285715,10853.975255966952,1467.542857142857,2127.1597199753746,-4.977142857142858,0.7473524699134366,0.24949021138759614,0.27383675378287736,2.7142857142857144,1.164964745021435,2.2857142857142856,0.5976143046671968,0.2857142857142857,5.34023610115425,4.236963891700389,10.453727488797474,0.47540699562233224
-770.48121423,208.8354535331768,-2.721982793333333,0.0,5.13439532,3.6666666666666665,6.0,3.4318767136623336,108.36666666666667,133.4,71.4136152595879,2.9433333333333334,1.9,1.0482260146446365,9098.0,18958.24809065085,1624.8,3205.8216793826814,-5.87765,2.4584840637406353,0.11396762330943148,0.27096023576143713,3.0,2.1602468994692865,2.3333333333333335,0.6666666666666667,0.3333333333333333,6.051009128376258,7.053817244896397,11.601969640732044,0.36515566675462596
-770.83128567,131.64714277394958,-3.021072628571429,3.845999999999999,4.08233728,2.5714285714285716,5.0,2.220038609702865,92.71428571428571,141.0,75.77091884659406,2.6614285714285715,1.8299999999999998,1.1893996084459706,4234.0,6279.178767960027,1017.8285714285714,1562.3417643305283,-4.101428571428571,1.69089367748875,0.3985714285714289,0.2834103536771875,2.5714285714285716,0.9636241116594315,2.142857142857143,0.46291004988627577,0.0,5.522890116646791,4.6258886692085825,9.403367340996397,0.46013260198879025
-922.41214222,292.7134847203847,-3.3768698634375,5.403799999999999,4.87833264,3.0,3.0,1.8149704259460602,115.45,98.5,57.87784296155441,2.79,1.8299999999999998,1.1570144134543772,9088.75,22167.40271076376,1151.0,1884.9702260092004,-4.73125,0.8079440137854631,0.37715314846592085,0.2852719576934707,2.375,0.6642111641550714,2.0,0.0,0.0,5.752819206267983,3.6770839190184095,9.147296397512022,0.3616045901877652
-919.90271917,1125.544610047386,-2.425748600116279,0.0,3.59125437,2.8372093023255816,3.0,1.6964812938808977,111.14418604651162,98.5,56.70200398661022,2.816279069767442,1.8299999999999998,1.1229976760829938,4148.697674418605,6992.772073240532,962.2651162790698,1600.291841295541,-4.56953488372093,0.7598491506261734,0.2664697215829006,0.42810348971082984,2.7906976744186047,1.859386208718009,2.0,0.0,0.0,5.682409163434836,5.770514381982083,13.087728023806813,0.3717045763749362
-460.39946182,278.2199660312183,-3.661658828500002,3.6122,1.83711263,2.8,8.0,3.625307868699863,93.826,135.97,78.69679499736405,2.5200000000000005,2.49,1.5142419131131497,5933.2,10841.941391782982,1321.52,2386.904867336418,-4.65,2.152257950551998,0.38556769090935106,0.27001398247284064,3.2,1.9639610121239315,2.0,0.8451542547285166,0.0,5.341614387697048,5.415575897777201,13.910998301560914,0.745067862009971
-389.90429159,94.60225695480123,-0.832393713749999,0.0,4.64625183,1.75,1.0,0.5477225575051662,151.425,86.9,41.03913985453399,2.7649999999999997,1.54,0.8705630362012852,8386.0,10777.914158129113,1869.6,2286.3297609924953,-3.8825000000000003,1.551293009073399,0.021164909873388482,0.3432702334310289,3.5,2.0976176963403033,2.5,0.6324555320336759,0.5,6.136879013951827,10.202726499092131,11.825282119350154,0.47401716386920556
-503.60620265,201.19735291641985,-1.805457756666666,1.9587999999999992,0.50252106,1.4,1.0,0.6432675209026769,108.47999999999999,163.20000000000002,71.00939228794631,2.12,2.46,1.5337580621152243,2838.8,4564.8447040851015,1156.48,1279.1329401671626,-3.0230000000000006,2.1356582607937424,0.06948630143600765,0.5822230688755122,2.4,1.5756771943166707,1.6,0.8709883407113854,0.0,4.633942993722544,4.880483758686086,10.059867645820992,0.773125103287818
-663.40500011,281.1957752423065,-2.114110612142857,0.0,5.5314903300000005,2.2857142857142856,2.0,0.9258200997725515,131.65714285714287,29.0,16.7760032699772,2.782857142857143,1.54,1.0038105968187994,12212.57142857143,22737.022835643445,1415.1142857142856,2023.8469599114596,-4.668571428571428,0.8736254509636431,0.21566475611282293,0.14294561595353214,2.7142857142857144,1.164964745021435,2.2857142857142856,0.5976143046671968,0.2857142857142857,6.055030319084677,4.947911502767601,10.042706258653805,0.4239947612872151
-338.76563884,340.7499251449973,-1.452539285321428,0.26430000000000003,2.08314511,2.142857142857143,2.0,0.8451542547285167,105.68571428571428,92.6,54.30388699584167,2.62,2.62,1.3252169633686404,5088.285714285715,9344.40307655566,1113.257142857143,1795.9800873856354,-4.3342857142857145,1.7684436256615186,0.14090153148502457,0.2061758747976668,2.857142857142857,1.3093073414159544,2.142857142857143,0.8451542547285167,0.2857142857142857,5.44954948614994,4.307164735509763,12.169640183749904,0.8080218031849988
-805.73980673,988.2110324036479,-2.717900925124999,3.950699999999999,1.59933635,1.8,6.0,2.260776661041756,92.46000000000001,141.0,86.03987447689589,2.693,2.13,1.3050478918415216,6243.2,14027.685862845185,1045.8200000000002,2303.391722848914,-4.42959,3.19404750564755,0.27405900000000044,0.32133252457539935,2.7,1.615893285805443,1.8,0.816496580927726,0.1,5.827292710246748,4.741962695085282,12.352637905045599,0.47071862768045647
-902.89911257,224.69321543574654,-0.9055933625000001,0.0,4.85867404,1.6,1.0,0.6432675209026769,138.39000000000001,86.9,32.45529817010383,2.7079999999999997,1.54,0.97146884877382,7351.0,9705.263502614054,1734.9,2185.1972253764884,-3.6590000000000003,1.8332038094266967,0.09469176825998415,0.2543767167183806,3.2,1.7419766814227708,2.5,0.6565321642986128,0.5,5.938648703536509,7.822801490535121,11.234660771787327,0.4989368887972065
-600.36625919,417.6716158020524,-1.451445688214286,0.0,5.3162676,2.142857142857143,2.0,0.8451542547285167,123.54285714285713,49.8,28.885883848590918,2.814285714285714,1.54,0.9570490359134464,5112.571428571428,7524.267899840584,1033.5428571428572,1544.6849433737982,-4.301428571428572,1.3390748405415693,0.0466883843414763,0.3206551701247238,3.4285714285714284,2.32992949004287,2.142857142857143,0.46291004988627577,0.14285714285714285,5.887245029229636,8.675057956507773,14.91684342150187,0.46198666099933583
-315.57300792,775.9772738858148,-2.613974981666667,0.699299999999999,2.23270667,2.0952380952380953,6.0,2.4460566790879814,99.79285714285714,127.05,74.37894710944249,2.5785714285714283,2.55,1.5272367533687552,4970.761904761905,9682.516413662324,986.647619047619,1589.2972229438844,-4.590000000000001,2.2879736732339744,0.2795361782309361,0.20883260410718615,3.238095238095238,2.2972398491167065,1.9047619047619047,0.8301057946142172,0.14285714285714285,5.326780728120095,4.496492726975497,18.475649378233687,0.6556714782235878
-777.77061343,132.3655227051685,-2.749603696666666,0.0,4.05739303,3.5,5.0,3.0276503540974917,119.06666666666666,76.7,44.76037434060523,2.8366666666666664,1.8399999999999999,1.2069152598440556,8031.333333333333,15829.016028940157,1386.9666666666665,2728.119618182295,-5.715,1.453587515998492,0.22347228119875343,0.1173499309731665,2.8333333333333335,1.7159383568311666,2.3333333333333335,0.6666666666666667,0.3333333333333333,5.984904053158988,5.241345892059375,11.030460225430708,0.42130616835991885
-504.17048035,382.03955434419566,-2.710729046428571,3.5103,2.79726062,2.5714285714285716,2.0,1.137592917989042,132.29999999999998,49.8,23.619906858410765,2.9071428571428575,1.54,0.992198983838127,12457.0,27787.694303520082,1000.342857142857,1777.395285241862,-4.949285714285714,0.5571117746123887,0.19293392184788097,0.31308803534143226,2.7857142857142856,1.9020113193205581,2.0,0.0,0.0,6.268531200942079,5.617534072318902,13.644269798006988,0.30982873961844337
-500.94764033,159.8772396407425,-1.616134753423645,0.0,3.98735052,2.9285714285714284,3.0,1.4952755788160834,86.17857142857143,141.0,86.23596686494606,2.73,1.89,1.1186784656164441,5998.285714285715,9071.888588713913,1337.5428571428572,1976.4315211349592,-5.492142857142857,0.8515895237619658,0.07519647097168868,0.24660994006084594,2.857142857142857,1.3458531698209062,2.4285714285714284,0.6729265849104531,0.42857142857142855,5.732936696213163,4.800131798437879,11.419802831481606,0.4766311425985797
-669.80724292,194.2697594593965,-2.0902311809375,0.36970000000000003,0.91444578,3.1875,6.0,3.2612257236105235,116.9875,90.4,57.01477358351658,2.89125,1.81,1.2021435656952013,6671.375,14447.549619226093,1182.0125,2390.5077721008515,-5.05,1.3042615938088284,0.048720562112259586,0.43010992267314857,2.625,1.3654328177032427,2.3125,0.6827164088516213,0.3125,6.08157941032307,3.789194665251349,12.141859966212282,0.31648023448512697
-1223.51730489,262.2731715521376,-2.8223400595833343,1.0711,3.61661006,3.6666666666666665,5.0,3.3333333333333335,116.78333333333335,90.4,50.555211842543436,2.8316666666666666,1.8399999999999999,1.2167283089407337,8414.666666666666,16466.505856164844,1509.6333333333332,2890.8635591770458,-5.495,1.1004165877824026,0.13687929565907572,0.37782181726907926,2.8333333333333335,1.7159383568311666,2.3333333333333335,0.6666666666666667,0.3333333333333333,5.96286657235636,5.263756682331047,10.928048814672401,0.4071351990311662
-488.95655445,729.3468929846217,-2.481726668811112,2.900299999999999,1.45254645,2.1333333333333333,7.0,2.819860440381014,88.73333333333333,141.0,87.1226425145018,2.704,1.94,1.21573155992861,6893.2,15922.406847158869,1132.9199999999998,2509.9543064855106,-4.562,3.2699445097393007,0.30620224826926273,0.12623630313500228,3.066666666666667,1.9344083032987032,2.4,0.6599120175960898,0.13333333333333333,6.128411599438711,6.989856374052337,12.155781549743695,0.4108173422285245
-548.31601495,151.67047904498918,-1.985844491666664,3.262699999999999,1.26578932,2.3333333333333335,6.0,2.5385910352879693,107.10000000000001,141.0,75.0099993334222,2.9683333333333333,1.75,0.9821885992234101,7031.333333333333,17965.237222047595,1204.8,2964.8198326373895,-5.100983333333334,3.609989058539898,0.16343166666666722,0.2930294013026293,3.1666666666666665,2.3687784005919825,2.3333333333333335,0.6666666666666667,0.16666666666666666,6.323272785716853,7.888244022045853,12.639206587082429,0.38931294668263355
-455.38972256,72.92743889412984,-2.943229516449999,0.0,0.58125397,3.0,7.0,3.3806170189140663,94.28,141.0,79.15168078713535,2.4880000000000004,2.62,1.5712233632246109,5699.2,13274.873537196932,1235.72,2480.6240954358927,-4.8340000000000005,2.985878669432404,0.3374624422574807,0.2581861860600747,3.2,2.138089935299395,2.0,0.8451542547285166,0.0,5.12677571625117,6.047336449973979,14.585487778825968,0.8627082786830217
-443.93014619,404.78103508008763,-2.9764097588518883,2.7333,2.10014153,3.3333333333333335,5.0,2.924038303442689,102.63333333333334,125.3,77.43847880737329,2.83,1.94,1.234236606165933,9681.333333333334,20888.1760285574,1681.9111111111113,3357.456717219151,-6.042222222222223,2.4574997456764875,0.22565548976998961,0.2146063532877653,3.111111111111111,2.3664319132398464,2.3333333333333335,0.6708203932499369,0.3333333333333333,6.144430676759783,8.430045396442244,11.243917641113546,0.419612677704324
-484.13422406,447.8812492329947,-1.6809481707356322,1.0551,1.45834198,1.6,3.0,1.0776318121606494,91.71333333333332,88.2,57.078021022727896,2.002666666666667,2.51,1.6165335273854637,1942.1333333333334,2379.2824480800796,844.2800000000001,1002.7984108998307,-2.9166666666666665,2.450984002527385,0.1925496721796507,0.04146484817049239,2.7333333333333334,1.0395408415691625,1.4666666666666666,0.6720215050322471,0.0,4.312325399134219,2.955835491125874,14.929374974433157,0.9539623228426323
-429.46529909,134.5464218234662,-1.296383139071617,0.0,1.92702713,2.5384615384615383,3.0,1.1677484162422844,106.36923076923077,141.0,64.53399738263404,2.8146153846153847,1.89,1.102103360933909,6136.615384615385,10419.014174269865,1219.6615384615384,2002.1134424311815,-5.037692307692309,0.8019294913462834,0.10738674384928035,0.2165876568931687,2.769230769230769,1.3483997249264843,2.3846153846153846,0.6741998624632421,0.38461538461538464,5.994948421890104,5.167073801888989,10.349724755651247,0.4456175629469845
-561.93545993,141.5365353662609,-2.783797551,3.0834,4.00224215,3.6,7.0,3.6449573777637356,106.46,122.9,64.41880825615183,2.7399999999999998,2.08,1.1791037758762857,5513.2,8923.904110389609,1042.1200000000001,1647.2396442880695,-4.83,0.5188586375057141,0.1708914902503736,0.35775264779085236,3.2,2.138089935299395,2.2,0.5345224838248488,0.0,5.688024400833706,7.084729778553145,14.15365353662609,0.5232416536760666
-610.080327,62.21966740434897,-1.218954728333332,0.0,4.08526215,2.3333333333333335,1.0,0.7071067811865476,130.56666666666666,31.299999999999997,22.132442251138936,3.0533333333333332,1.1600000000000001,0.8202438661763952,7381.333333333333,15187.239446324667,1382.8,2742.018676085194,-4.736666666666667,0.537401153701776,-0.0240966565273452,0.5390204067219454,3.0,2.1213203435596424,2.3333333333333335,0.7071067811865476,0.3333333333333333,6.251863430637978,7.200741182349888,10.369944567391494,0.38944444976966236
-476.68425526,71.74228473402489,-0.471315778666665,0.0,2.70883702,1.2,2.0,0.9354143466934854,117.38,87.3,40.720418711010325,2.588,1.51,0.8782582194320757,7948.8,8262.329060258977,1657.28,1640.6489843961137,-2.848,2.3925979603769623,-0.010284726664159782,0.2559338561733251,3.8,1.8371173070873836,2.6,0.6123724356957945,0.6,5.488893135793067,8.197237490295123,14.348456946804978,0.6637392051918866
-648.37973499,340.7937677956049,-2.114749792623151,1.0831,2.8120628,3.142857142857143,3.0,1.7928429140015905,97.57142857142857,141.0,82.22486589486523,2.6957142857142853,1.89,1.152320639901437,8441.142857142857,14672.652170425283,1160.257142857143,1663.650255999053,-5.4557142857142855,1.3050451552122082,0.14562929449525797,0.14818256725264953,2.857142857142857,1.3093073414159544,2.2857142857142856,0.5976143046671968,0.2857142857142857,5.734443812462555,4.804613839231277,12.171205992700175,0.40832232906784094
-429.98532668,160.09294737403405,-2.005649442692309,0.5366000000000001,4.67696158,3.076923076923077,6.0,2.796101181678127,108.89230769230768,141.0,61.4706470971752,2.882307692307692,2.13,1.020327487534361,11882.76923076923,22491.98366287218,1671.7384615384615,3028.9023109190744,-5.459384615384616,2.169076007721428,0.1116615384615389,0.3402687734450784,3.0,1.8829377433825436,2.230769230769231,0.7977240352174656,0.3076923076923077,5.851026504641925,5.560200620914077,12.314842105694927,0.45258457512191697
-356.39313957,220.4426983744759,-2.4660533835714302,1.3966,2.46052846,1.7142857142857142,4.0,1.6903085094570331,87.02285714285713,135.97,83.36031451304802,2.5700000000000003,2.49,1.443433406846329,3094.0,4580.9437892207325,813.2571428571429,1114.6039540059573,-3.862557285714286,1.9126255741669247,0.26050988018801935,0.2630170873095575,3.4285714285714284,2.220038609702865,1.7142857142857142,0.5976143046671968,0.0,5.207453922656393,6.725802960146619,15.745907026748279,0.8625260277510697
-527.19010482,682.38276178496,-1.959947816785713,2.4379,1.4742284300000001,1.7142857142857142,2.0,0.8944271909999159,99.0,81.4,48.32854229127959,2.182857142857143,2.46,1.4578340097555689,2938.0,4467.454935419047,993.2285714285715,1003.7748432791091,-3.5157142857142856,1.8733819685264403,0.1408317264539711,0.24358302714518898,2.5714285714285716,1.7888543819998317,1.5714285714285714,0.6324555320336759,0.0,4.661980110123686,5.408113288229355,12.185406460445716,0.6821013144413773
-396.18470367,26.32170194637648,-1.346151347499999,0.0,1.54992079,1.0,2.0,1.4142135623730951,70.5,141.0,99.7020561473032,2.565,1.75,1.2374368670764582,3261.0,4297.795016051836,565.1,671.6100207709828,-2.95,2.884995667241114,0.2900000000000002,0.08485281374238539,3.5,2.1213203435596424,2.5,0.7071067811865476,0.0,5.823165111461915,8.100938400185731,13.16085097318824,0.6269849055241156
-365.09900871,530.2832053108352,-1.5650850475757592,0.0,4.2287404,2.303030303030303,3.0,0.8869975794117778,118.61818181818182,141.0,44.816596846940264,2.869393939393939,1.79,1.0051894758466888,4320.909090909091,7242.151157104699,758.4242424242424,1182.9421247838945,-4.53909090909091,1.0305563174952703,0.03413321382210394,0.3874211785083333,3.515151515151515,2.700762419587999,2.0303030303030303,0.24253562503633297,0.0,5.963991192071867,9.059702727697806,16.06918803972228,0.441818602180898
-498.62802639,318.38120756608186,-1.340701675807292,0.9489000000000001,1.5189896200000002,2.3333333333333335,2.0,1.0540925533894596,129.11666666666667,179.3,76.96061402503953,3.0233333333333334,1.6099999999999999,0.8836540298354578,3348.0,7130.743579739774,742.1333333333333,1577.7296825220444,-4.906666666666667,1.0421985308844846,0.11631094731516156,0.22983721148228808,2.6666666666666665,1.3333333333333333,2.1666666666666665,0.5270462766947298,0.16666666666666666,6.518781110680763,4.147474492311007,13.265883648586744,0.2699126814149636
-575.92303188,209.7742886267484,-2.216683605344827,2.8582,0.09320264,2.5,4.0,1.8973665961010275,90.925,112.1,64.23590117683413,2.4050000000000002,2.51,1.3670552293159188,2158.5,2790.711665507564,953.35,1241.3915079458213,-3.56,1.9798585808082356,0.3214918443068534,0.2494130281123728,2.75,1.0488088481701516,1.75,0.5477225575051662,0.0,4.749911756205586,3.948785801948034,13.110893039171774,0.6757997684980069
-494.04346771,188.7890468955709,-1.9652311190160092,0.31959999999999905,1.95516146,2.7142857142857144,4.0,1.9639610121239315,87.48571428571428,141.0,84.09861558228614,2.525714285714286,2.62,1.4280381147374384,4231.142857142857,7562.870600128348,865.8285714285714,1298.563278616575,-4.997142857142857,2.4046071850274657,0.16312176010669324,0.1599853010611151,2.857142857142857,1.3093073414159544,2.142857142857143,0.8451542547285167,0.2857142857142857,5.2376684715019834,3.746491820325372,13.484931921112198,0.7543809839853515
-848.03114293,441.0987781616557,-3.369452651599999,3.9429,6.13758607,3.22,4.0,2.13233434472028,102.036,98.5,67.94822912836014,2.7089999999999996,1.8299999999999998,1.272288367400368,4609.2,7873.193020371458,1173.96,1886.4379627750895,-4.561,1.0202998149756857,0.41295170649523194,0.34310142184598347,2.42,0.7567680621157642,2.02,0.1989471479811216,0.02,5.3759379019817395,3.9325533994943367,8.821975563233114,0.43999393551611077
-618.46638954,132.54622556038296,-2.022696756666667,2.401,2.9432597400000002,3.0,4.0,2.1602468994692865,109.71666666666665,125.3,67.63127563815756,2.9916666666666667,1.6099999999999999,0.9224032620160109,8281.333333333334,18295.30217782089,1553.8,3126.996296767874,-5.949316666666667,2.450981844644668,0.07974261398182847,0.30569575906448415,3.0,2.1602468994692865,2.3333333333333335,0.6666666666666667,0.3333333333333333,6.209460199856505,7.609071019853004,11.045518796698579,0.3835514689536085
-688.61497004,327.50459858650726,-2.707046960388896,2.9929,3.3832339,3.0,5.0,2.581988897471611,116.36666666666667,110.0,57.410897146021945,2.885,1.94,1.1324825237798006,9431.333333333334,19583.895129530396,1325.3,2932.461117673458,-5.55,2.364191193622039,0.19254846454816002,0.2435825877788683,3.1666666666666665,2.3687784005919825,2.1666666666666665,0.5270462766947298,0.16666666666666666,6.331613295449374,7.437193602229297,13.64602494110447,0.3561380931922048
-478.63370135,418.3856102043846,-2.785275042142856,2.6531000000000002,2.94036817,1.7142857142857142,4.0,1.6903085094570331,97.33714285714287,135.97,78.68649207910012,2.5171428571428573,2.49,1.4687531154982154,3412.5714285714284,4890.747123760482,935.1142857142858,1383.3969123656655,-3.8985714285714286,1.9114186952552885,0.30365631802736986,0.17616412258636407,3.2857142857142856,1.9639610121239315,1.7142857142857142,0.5976143046671968,0.0,5.2697820349887525,5.682661735290429,14.942343221585164,0.7974443338128975
-471.44503247,78.40702484441908,-2.693945698125,2.8326000000000002,4.18257704,1.0,2.0,1.2977713690461004,70.5,141.0,91.49288151775006,2.4175,2.13,1.3338310474561217,4292.25,5309.422716166737,703.725,799.5288290118452,-3.23125,2.2849755267605683,0.3750000000000002,0.1941242141679283,2.625,0.9032106474595007,1.75,0.8583950752789521,0.0,5.5089545247938645,4.28485740854275,9.800878105552385,0.7185148317039979
-642.15345551,112.28447654040943,-2.675649130333332,2.162,5.81007947,3.2,3.0,1.9639610121239315,98.88,112.1,69.17417974112264,2.742,1.8299999999999998,1.1446272006952432,2925.2,5427.492080668039,1081.52,1633.3870996009662,-4.286,1.2301742036917258,0.3640000000000003,0.25545477654008114,2.8,1.558387444947959,2.0,0.0,0.0,5.302346968373991,5.61371562389645,11.228447654040945,0.47191025619180943
-658.23856277,150.4337362401214,-1.684544337142855,0.0,2.58930071,2.5714285714285716,4.0,1.6018856812672548,86.17857142857143,141.0,86.23596686494606,2.737142857142857,1.79,1.1052140576411191,5580.428571428572,8681.450041910548,1255.1142857142856,1940.5810983427832,-5.085,1.5762856388022886,0.10780917281820293,0.27222817898384827,2.857142857142857,1.3458531698209062,2.4285714285714284,0.6729265849104531,0.35714285714285715,5.8295583141194465,5.217042874343562,10.745266874294385,0.4986542756865651
-935.76456855,413.5971636068354,-3.426525166208333,3.543799999999999,1.33249733,3.125,7.0,3.3698564069392973,104.835625,138.63,79.56873978953615,2.8024999999999998,2.44,1.4024433883858265,9686.375,22568.194069515666,1604.575,3557.935309670007,-5.85625,3.057172172926356,0.27662921550486735,0.10828937754715383,3.125,2.5445188683101647,2.1875,0.775689960779587,0.25,6.122653632628967,7.546855904325351,12.924911362713607,0.41326101662725234
-672.76848783,291.8581581647271,-2.064265934642857,0.5741,3.53324469,3.142857142857143,3.0,1.7928429140015905,91.07142857142857,125.3,76.45729900688731,2.744285714285714,1.63,1.0627524910075992,3695.4285714285716,6275.746762622869,1206.9714285714285,1726.8539279775312,-4.574285714285714,1.3687194223590375,0.2982665262701384,0.34756452828402135,2.857142857142857,1.3093073414159544,2.142857142857143,0.46291004988627577,0.14285714285714285,5.3730236080313025,5.900932879629278,10.423505648740255,0.4593834132233848
-986.00850366,402.56854913574466,-3.941366084666667,3.1392,2.24036688,4.8,7.0,4.58257569495584,94.14,122.9,76.84648890575843,2.58,2.2199999999999998,1.4087481778413873,5613.2,9035.006933351755,1396.52,2148.63391550472,-5.114000000000001,0.25363077776281706,0.3694272928692904,0.24021892384093976,3.0,1.6903085094570331,2.4,0.6546536707079771,0.0,5.429857323772483,4.500881739842195,13.418951637858155,0.6602698392747449
-501.81145455,180.03450348543683,-1.781754134999996,0.907899999999999,4.33754022,1.1428571428571428,3.0,1.7928429140015905,50.98285714285714,138.63,75.84389484799871,1.6485714285714284,2.44,1.1417186293353667,10540.285714285714,8518.690090450695,1548.314285714286,789.7138957514026,-2.9928571428571433,1.6619373376531725,0.15107826436271157,0.26682846648206443,4.0,1.224744871391589,1.4285714285714286,0.6546536707079772,0.0,3.9784695609884766,3.872293524645251,25.719214783633834,0.6896510127441663
-595.0339563,143.02161223622852,-3.226094881666666,3.3835,1.689250229999999,3.3333333333333335,5.0,2.7888667551135855,115.43333333333334,98.5,54.14281526153257,2.828333333333333,1.8399999999999999,1.2233401453034682,6398.0,13991.91090118382,1361.6333333333334,2700.2361102524187,-5.123333333333334,1.373357604963511,0.3322080604051569,0.2533845780437339,2.6666666666666665,1.5634719199411433,2.1666666666666665,0.5270462766947298,0.16666666666666666,5.8413840505273456,4.269971273146756,11.918467686352379,0.3435899758022987
-767.75182442,347.01746793379124,-3.681184836666666,4.2495,1.95986909,2.5,8.0,3.4429142505420267,83.50750000000001,141.0,90.1712776926872,2.460833333333333,2.49,1.5422959603358535,6379.5,12124.167026957397,1279.0333333333333,2301.4416711821436,-4.684166666666666,2.741008137484472,0.3826867266375424,0.25503559631185413,3.4166666666666665,2.2604769624043892,1.9166666666666667,0.8482406469404488,0.0,5.191098484229684,7.003923722745759,14.459061163907968,0.7957033331737031
-687.00088127,724.6014483078615,-2.627819660219297,3.2086,0.80734799,2.1052631578947367,6.0,2.2757955275065616,100.94736842105263,81.4,50.58885793502173,2.210526315789474,2.46,1.5400416558933696,4189.368421052632,10263.901286676597,1250.8315789473684,1929.7805076088757,-3.8878947368421053,2.38938316031407,0.2333064821974574,0.055516538143662024,2.3157894736842106,1.201414260950441,1.6842105263157894,0.852299885216244,0.10526315789473684,4.765576547043275,3.532228214065029,9.534229582998178,0.7498936904197736
-310.28116445,82.36626947327036,-1.794291299999999,0.0,3.09116558,2.0,3.0,1.224744871391589,133.4857142857143,22.599999999999994,13.048262062709453,2.7800000000000002,1.54,1.0081666528902848,11041.142857142857,22417.121173653984,1419.1142857142856,2029.9800287546814,-4.2057142857142855,1.8304624708370445,0.20886626901879385,0.1543854718496308,2.7142857142857144,1.164964745021435,2.2857142857142856,0.5976143046671968,0.2857142857142857,6.084998885189146,4.418663353480604,11.766609924752904,0.3618760943080176
-941.01953891,732.2497057935211,-1.9896013620961541,0.3487,4.04149341,3.1538461538461537,5.0,2.654327512846624,112.61538461538461,92.6,50.407543627372426,2.844615384615385,2.62,1.140805138328349,11392.76923076923,22746.706554816,1646.276923076923,3036.3436175170236,-5.424,2.294869336743875,0.09050830557301966,0.30080022068051465,3.076923076923077,1.9188064472004938,2.230769230769231,0.7977240352174656,0.3076923076923077,5.649009434988015,4.996731310448639,14.081725111413867,0.562216243515844
-286.35271514,92.7108576429002,-0.884183718749999,0.0,3.68922583,1.25,2.0,1.0488088481701516,113.525,87.3,45.22188629413859,2.745,1.54,0.8892918531056044,7561.0,9421.755335392658,1654.1,1978.2599262988674,-3.7125,1.6560283813993046,0.06000372130330223,0.2620293350129375,3.25,1.6431676725154984,2.5,0.6324555320336759,0.5,5.800288901215869,7.234760835421882,11.588857205362524,0.50931666453656
-609.02430636,427.5114740346541,-2.166202090357139,2.5763,4.14985307,2.0,3.0,1.224744871391589,110.05714285714285,141.0,63.31756695984366,2.738571428571429,2.13,1.1132256862700523,6998.285714285715,11283.119198924687,777.6857142857143,1069.5732406632362,-4.248571428571429,1.5466322861531854,0.16250683579128317,0.310041494839143,3.0,1.7320508075688772,1.8571428571428572,0.46291004988627577,0.0,6.034731939378928,5.155458271568627,15.268266929809075,0.4051014803940795
-613.30774901,305.5952679662187,-1.828767264973957,1.8197,1.87045892,2.8333333333333335,5.0,2.635231383473649,134.93333333333334,144.4,60.18674641849686,2.9899999999999998,1.81,0.975226469424752,4848.0,11664.454723646537,833.1333333333333,1855.4461506003827,-4.901666666666666,1.031775707753924,0.06633790192058586,0.36257179396950007,2.6666666666666665,1.3333333333333333,2.1666666666666665,0.5270462766947298,0.16666666666666666,6.407015971106266,4.214424302067636,12.733136165259113,0.2656551048687681
-602.69357647,75.65513999311729,-2.636561944791666,0.0,2.84985343,1.125,2.0,1.2030662579644695,77.95,141.0,85.182825054177,2.33375,2.46,1.441635584291237,3748.5,5106.386465676301,758.1,872.5463377832419,-3.305,2.1904385525806425,0.3471301005764035,0.2041523894001954,2.375,0.6282808624375432,1.5,0.6488856845230502,0.0,5.209715131898543,3.1574130062613275,9.456892499139661,0.777219711758037
-416.57732886,79.80142772398956,-1.8817130741666652,0.0,7.3462941,2.5,2.0,1.0801234497346432,129.08333333333334,37.8,23.892037260234723,2.9616666666666664,1.48,0.9573719815782741,4598.0,10172.471217293596,849.3000000000001,1573.7329527803204,-4.675,0.6329691935631623,0.1557133316908242,0.20521021529121086,3.0,2.0,2.0,0.0,0.0,6.363064726055739,6.33547994616043,13.300237953998261,0.36539716950832885
-875.81843921,258.7265007863652,-3.670175069499999,3.8263,1.990374699999999,2.8,8.0,3.625307868699863,93.29400000000001,138.63,79.77417842169947,2.5300000000000002,2.44,1.495851405912843,6041.2,10882.472224374647,1341.92,2392.6102518259963,-4.7,2.029707931135484,0.34105887477773766,0.2585993512250869,3.0,1.6903085094570331,2.0,0.8451542547285166,0.0,5.412236976685679,4.60308451218168,12.936325039318259,0.6608042318194137
-403.06648932,526.371519575045,-2.776613473529412,0.0,0.77492383,1.6470588235294117,4.0,1.6583123951776997,97.63823529411764,138.63,83.16472411726019,2.5541176470588236,2.44,1.4764378584959137,6383.529411764706,13419.46670885248,933.7058823529412,1451.4997175335584,-4.00764705882353,1.8263282837430954,0.23853655449049474,0.05527388841842664,2.823529411764706,1.3228756555322954,1.7058823529411764,0.6123724356957945,0.0,5.456522626012737,3.1904265201288116,15.48151528161897,0.5606510438501008
-357.39946971,837.6689258086527,-3.448150932499999,4.1027,1.66049329,2.5714285714285716,5.0,2.220038609702865,94.70714285714287,127.05,71.66763938985493,2.552857142857143,2.55,1.386645489765035,4326.857142857143,6366.421421354835,1155.4,1648.550654362795,-4.195714285714286,1.4205959514030924,0.41364296481614066,0.2904554788749753,2.857142857142857,1.7928429140015905,1.8571428571428572,0.46291004988627577,0.0,5.097011747652727,4.048522262135545,14.958373675154514,0.5884075909001776
-1003.08852962,178.06410733795033,-1.779480684999999,0.0,5.27878065,2.857142857142857,6.0,2.7774602993176543,101.11428571428571,141.0,67.62863404547768,2.8185714285714285,1.79,0.9718134741664309,11462.57142857143,20775.501376105738,1623.5428571428572,2794.1542681616047,-5.140857142857143,2.5042056054337296,0.12582857142857182,0.31454113971216624,3.142857142857143,1.7928429140015905,2.4285714285714284,0.6546536707079772,0.2857142857142857,5.845313741527879,5.992324445351789,12.718864809853596,0.44326968644241177
-494.66494718,90.81177964681467,-2.394458980833334,0.2353,3.05120574,1.0,2.0,1.2792042981336627,81.12666666666667,135.97,79.35205021124074,2.4033333333333333,2.49,1.4292146603832978,5561.0,7772.144772431633,1136.1000000000001,1498.1638634736125,-3.5283333333333338,1.9340877577156252,0.23961394980454132,0.33705962598966044,3.5,1.9188064472004938,1.8333333333333333,0.8790490729915326,0.16666666666666666,5.0062662978579215,6.027966004177346,15.135296607802445,0.8944766853720272
-387.3658717,278.2199660312183,-3.661658828500002,3.6122,1.83711263,2.8,8.0,3.625307868699863,93.826,135.97,78.69679499736405,2.5200000000000005,2.49,1.5142419131131497,5933.2,10841.941391782982,1321.52,2386.904867336418,-4.65,2.152257950551998,0.38556769090935106,0.27001398247284064,3.2,1.9639610121239315,2.0,0.8451542547285166,0.0,5.341614387697048,5.415575897777201,13.910998301560914,0.745067862009971
-159.51341444,488.3903048011634,-1.644154647499998,2.225199999999999,1.9504530500000001,2.0,3.0,1.3693063937629153,96.62,94.1,53.025312351743864,2.096,2.62,1.4670889543582557,2364.8,3098.8593062609348,995.4799999999999,1271.5685353137674,-3.1740000000000004,2.307116707061002,0.24207879363417661,0.049237431712190784,3.8,1.8371173070873836,1.6,0.6123724356957945,0.0,4.199907746695212,4.374395537739264,24.419515240058168,1.0098709827142762
-638.38291392,562.0394633700381,-2.3543098241666662,3.0551,0.89193946,2.4285714285714284,4.0,1.5779087167410373,125.63928571428572,127.05,45.94154810013192,2.849285714285714,2.55,1.1830283692494359,9799.857142857143,19874.185538439717,1094.7714285714287,1932.9077514227636,-4.571428571428572,1.1257233502173125,0.22969597188498567,0.12945864702970059,2.857142857142857,1.7612611437054218,1.9285714285714286,0.3642156795423417,0.0,6.067587211858449,5.068852641960784,13.381891985000907,0.44034825769971164
-341.0557953,129.7370225187281,-2.62474909625,0.5407000000000001,1.57081224,1.0,2.0,1.2977713690461004,72.38625,141.0,89.06738925637917,2.2874999999999996,2.49,1.5243117515093407,3898.5,4818.838427409004,795.725,947.6611602977312,-3.23875,2.293225147897033,0.35095403024677535,0.16973939968839172,3.5,1.9466570535691503,1.75,0.8583950752789521,0.0,4.922929649661749,5.622317037100928,16.217127814841014,0.9230103208077828
-333.43558319,149.56743644713066,-1.8814564380624992,2.011,2.61949956,2.0,2.0,0.8944271909999159,108.4,92.6,47.96898998311305,2.4375,2.62,1.3822409341355797,5618.5,10341.127578750782,768.1,934.0204794328656,-3.795,2.0330174618040053,0.14219547442968528,0.226435227858059,3.25,1.6431676725154984,1.75,0.5477225575051662,0.0,5.084907534479867,4.28230578628407,18.695929555891333,0.7913734087168077
-584.43296853,101.64004243034374,-1.275349055,0.0,4.81612979,1.7777777777777777,3.0,1.3385315336840844,111.88888888888889,151.0,77.8639304599162,2.691111111111111,2.13,1.1539190468428304,7834.444444444444,13354.91301606516,1397.6666666666667,2386.437114193458,-4.3966666666666665,2.024231335593835,0.2067605790204997,0.3241733597254496,3.111111111111111,2.071633815776009,2.0,0.8660254037844386,0.2222222222222222,6.005952445695622,8.38178147201807,11.293338047815972,0.5254840063677002
-541.18926791,142.98374712137533,-1.092193814761904,0.0,2.50719623,1.5714285714285714,1.0,0.6546536707079772,122.91428571428573,81.4,36.59859482080074,2.6485714285714286,2.46,1.2659271023923253,4298.285714285715,7468.104100582883,1196.542857142857,1809.6108350376646,-3.6971428571428575,1.976091018725027,0.1774113571450598,0.10091621555375675,2.5714285714285716,1.1952286093343936,2.142857142857143,0.8451542547285167,0.2857142857142857,5.696518718110156,4.599649327451558,10.213124794383953,0.5175574905558414
-825.18925365,265.3866298411937,-1.78138969642857,1.178,0.62370327,1.4285714285714286,1.0,0.6324555320336759,102.88571428571429,81.4,48.83244822861127,2.165714285714286,2.46,1.4619439113727997,3252.285714285714,5394.4854805625355,1187.9428571428573,1384.128829264097,-3.2257142857142855,1.9540010235411855,0.1955059659336821,0.07331577993439131,2.2857142857142856,0.8944271909999159,1.7142857142857142,0.8944271909999159,0.14285714285714285,4.71834291354784,3.3129160602412457,9.478093922899776,0.7736709629677969
-595.12913083,68.61459955747013,-2.703237982222222,0.0,2.12116898,3.6666666666666665,6.0,3.4318767136623336,105.98333333333333,133.4,73.75962837337087,2.8266666666666667,1.9,1.2276445377677982,6681.333333333333,12939.549777501707,1144.1333333333334,2122.815241868946,-5.47,1.1893976066339913,0.17346684410302782,0.11321839525628895,2.6666666666666665,1.3333333333333333,2.3333333333333335,0.6666666666666667,0.3333333333333333,5.8837022082940305,3.9655859826548525,11.435766592911689,0.3877774635778138
-447.26264289,1311.4353557546203,-1.07118741147059,1.9074,-0.62349363,1.7647058823529411,6.0,2.3603873774083293,82.21176470588235,141.0,85.53333727684361,2.722352941176471,1.78,1.0070962501880627,3337.529411764706,8313.692810229228,616.4164705882351,1161.3433814583623,-3.601764705882353,3.3417275258678494,0.18843980463979304,0.06945724330435281,3.6470588235294117,2.420153478013917,2.4705882352941178,0.6546536707079772,0.11764705882352941,6.093115924438612,7.351691260748395,19.285814055215006,0.3536707774122037
-655.59775943,43.453575205003915,-2.8236427075,2.0906,1.72769767,1.0,2.0,1.4142135623730951,77.475,127.05,89.83791654975086,2.165,2.55,1.8031222920256962,4111.0,5499.876544068967,1116.6,1451.5488004197448,-3.46,2.1637467504308354,0.3827503768564916,0.21602165460805117,4.0,2.8284271247461903,1.5,0.7071067811865476,0.0,4.493984206161179,5.859229678931834,21.726787602501958,0.9788503324538809
-301.49727424,92.7108576429002,-0.884183718749999,0.0,3.68922583,1.25,2.0,1.0488088481701516,113.525,87.3,45.22188629413859,2.745,1.54,0.8892918531056044,7561.0,9421.755335392658,1654.1,1978.2599262988674,-3.7125,1.6560283813993046,0.06000372130330223,0.2620293350129375,3.25,1.6431676725154984,2.5,0.6324555320336759,0.5,5.800288901215869,7.234760835421882,11.588857205362524,0.50931666453656
-392.46940348,67.8551067576614,-1.5405238919999982,0.0,1.23993005,3.0,9.0,4.140393356054125,98.96000000000001,122.9,70.42952911548232,2.7760000000000002,2.08,1.1432285110910365,6673.2,10562.397265772575,1321.92,2016.658364721204,-4.586,1.1685338799416254,0.18047066348377241,0.33416613538005224,3.0,1.6903085094570331,2.4,0.6546536707079771,0.2,5.776743104804768,4.879050643743204,13.57102135153228,0.46224466443565143
-529.30284396,141.5365353662609,-2.783797551,3.0834,4.00224215,3.6,7.0,3.6449573777637356,106.46,122.9,64.41880825615183,2.7399999999999998,2.08,1.1791037758762857,5513.2,8923.904110389609,1042.1200000000001,1647.2396442880695,-4.83,0.5188586375057141,0.1708914902503736,0.35775264779085236,3.2,2.138089935299395,2.2,0.5345224838248488,0.0,5.688024400833706,7.084729778553145,14.15365353662609,0.5232416536760666
-399.38027819,179.31692173747723,-1.706836854999997,0.39979999999999905,3.06121705,1.7142857142857142,4.0,1.6903085094570331,95.89999999999999,141.0,81.63886941892324,2.7285714285714286,1.75,1.0923009789299964,2926.8571428571427,4141.608590183978,759.4,1267.3348649824163,-3.6785714285714284,2.360841254420006,0.257215152125065,0.0807232898205032,3.2857142857142856,1.9639610121239315,2.2857142857142856,0.5976143046671968,0.0,5.989113426146697,7.54774079305317,12.808351552676944,0.5307499934932767
-424.01470649,57.06920415385441,-1.092523053,0.0,6.28856925,2.0,2.0,0.8451542547285166,126.52000000000001,49.8,26.33878183537402,2.848,1.54,0.9702135258355686,4933.2,7766.354651406835,1061.52,1690.8211834152405,-4.212000000000001,1.5353082519713848,0.08442380380924304,0.28796105395524996,3.2,2.138089935299395,2.2,0.5345224838248488,0.2,6.018818777504386,9.326284267344363,11.41384083077087,0.5287898417200868
-1415.78880605,297.2372043919613,-3.408737117571421,3.273999999999999,1.652883039999999,3.238095238095238,7.0,3.5288985533732755,89.79047619047618,141.0,80.31431612732564,2.4314285714285715,2.62,1.542212290834177,6642.0952380952385,13875.691271068265,1409.0666666666668,2586.273113357327,-4.9904761904761905,3.0057723113203365,0.35578824209465554,0.2698416872186747,3.3333333333333335,2.1937410968480306,2.0476190476190474,0.8569568250501305,0.0,5.028371709124135,6.932028109796543,14.154152590093396,0.8991436747597835
-333.50437289,517.9996391565651,-1.5590189605,0.31880000000000003,3.5615997200000002,1.2,4.0,2.138089935299395,55.01800000000001,135.97,82.33858902639238,1.6599999999999997,2.49,1.3097437044813658,11204.4,14337.717331769178,1629.6399999999999,1269.5932126922723,-2.864,1.9602222906016116,0.3840385910286809,0.21284709305298186,4.2,1.558387444947959,1.4,0.6546536707079771,0.0,3.8233983450540587,4.507172918902532,25.899981957828253,0.8464637129579078
-643.85028485,87.20233463225763,-1.741881976724138,0.09050000000000001,5.32632052,3.125,3.0,1.8848425873126298,84.5,141.0,85.77326291787521,2.54,1.89,1.1767215831327842,7211.0,9208.336817654337,1318.6,1629.7342682974906,-5.5649999999999995,1.5156586200828925,0.11518507187220006,0.1550375564360148,3.0,1.2977713690461004,2.5,0.6488856845230502,0.5,5.40700720333074,5.474778986089386,10.900291829032204,0.5551139267885111
-596.96077964,184.340449414391,-1.11889016986207,0.0,2.97912408,1.8,4.0,1.3198240351921797,122.56,141.0,46.46155538757025,2.698,1.89,1.0744413402081974,6238.4,8663.953087175287,1483.7066666666665,2025.9962372986745,-3.938,2.196664627081469,0.14386255069075843,0.12695651119199217,2.933333333333333,1.3440430100644942,2.466666666666667,0.6720215050322471,0.4666666666666667,5.839054084372905,5.082397798989065,12.289363294292734,0.4370621762741722
-242.97492584,842.7535165096676,-1.5484322495,1.792399999999999,0.46067515000000003,1.2,2.0,0.9354143466934854,75.16,141.0,70.52502215526061,2.034,2.62,1.4841580104557601,2434.8,3263.0513327252456,656.48,586.5375435553976,-2.634,2.408741891527608,0.29197758065908597,0.09156891722147938,3.6,1.695582495781317,1.8,0.9354143466934854,0.0,4.28920045837599,4.229893470463761,21.068837912741692,1.147085035509951
-417.06760562,105.73376293730534,-2.268996668999999,2.007799999999999,2.06965603,3.2,3.0,2.121320343559643,96.16,112.1,79.26667017101198,2.7880000000000003,1.63,1.1525840533340723,2369.2,3795.7492014093873,1044.92,1687.7224653360518,-4.206,1.3859292911256333,0.40200000000000014,0.3040559159102149,2.8,1.4142135623730951,2.0,0.0,0.0,5.317509695184603,5.887588007758966,10.573376293730535,0.3994916973692873
-557.23512699,335.29014106729903,-2.6097999625,1.0659,3.27384832,3.1666666666666665,6.0,3.1001792062897127,116.05,99.9,53.92907379141607,2.8516666666666666,2.11,1.2099150567062318,5464.666666666667,11266.937550984196,1146.6333333333334,2411.059874365997,-5.1033333333333335,1.0614350872495426,0.2199990075388012,0.4293696359043347,3.1666666666666665,2.3687784005919825,2.1666666666666665,0.5270462766947298,0.0,6.006510295212267,7.214905252551552,13.970422544470793,0.43395168642657234
-808.77707555,45.78170326605363,-1.525668535999999,0.0,7.37927136,1.8,3.0,1.3093073414159542,105.24000000000001,141.0,72.98716129762627,2.7880000000000003,1.8699999999999999,1.086192563827559,5663.2,10195.958246846078,974.5200000000001,1494.5288278058933,-4.568,0.7081363871862136,0.17531293261881303,0.23688400634825346,2.6,1.6035674514745464,1.8,0.5345224838248488,0.0,6.271902312170105,6.484145029546462,9.156340653210727,0.4441388895782136
-629.94446523,386.1265013733575,-3.476631411785713,4.199400000000001,1.6977828700000002,1.7142857142857142,4.0,1.6903085094570331,100.33428571428571,138.63,82.02958547290814,2.5228571428571427,2.44,1.4483389500685655,9738.285714285714,22373.31488307316,1006.8285714285714,1514.8139121923289,-4.177142857142857,1.8899036256607677,0.2753178839610523,0.08905307466216746,2.7142857142857144,1.164964745021435,1.7142857142857142,0.5976143046671968,0.0,5.4625884531026605,2.962860655545289,13.790232191905625,0.601382637468874
-822.52870671,288.6331088235784,-2.897628194166666,0.28240000000000004,4.28043332,3.6666666666666665,5.0,3.5355339059327378,122.7,54.900000000000006,38.820162287141464,2.8266666666666667,1.8399999999999999,1.3010764773832473,9081.333333333334,18793.48403037606,1732.4666666666665,3483.7736895498824,-5.673333333333333,1.4495689014324225,0.27108278747698006,0.08714975284505418,3.0,2.1213203435596424,2.3333333333333335,0.7071067811865476,0.3333333333333333,6.013760835439266,5.748749535931039,12.026379534315767,0.4041007759909111
-397.50610937,339.6922687408509,-1.434109698135416,0.5306000000000001,-0.89707124,1.8,1.0,0.5345224838248488,135.52,135.4,57.91560362162466,2.77,2.46,1.2816284284344774,1813.2,2794.7259512977553,568.72,830.9170768322364,-4.062,1.665948893059362,0.16540816092224547,0.15773689245483977,2.4,1.0690449676496976,1.8,0.5345224838248488,0.0,5.969856670636506,2.6181915028128975,16.984613437042547,0.25735072481318155
-753.93559288,208.0327443556739,-3.005133088214286,2.1403,1.61815022,3.7142857142857144,9.0,4.511889056386788,89.02857142857144,141.0,80.30210813813403,2.6,2.2199999999999998,1.3220438721918422,3711.1428571428573,6499.099300232742,1172.6685714285716,2052.61990669764,-4.458571428571429,2.2689912799681338,0.34587738672899426,0.27048761447600267,3.4285714285714284,2.220038609702865,2.4285714285714284,0.6546536707079772,0.0,5.6313054201009525,7.062554733757455,14.859481739690992,0.6404215916397025
-535.62546343,94.81007501883072,-2.089444236874999,1.4627000000000001,2.57712492,1.0,2.0,1.2977713690461004,70.5,141.0,91.49288151775006,2.5025,2.13,1.2241387950202722,3954.75,4873.867058636618,657.975,740.4215520477791,-3.1637500000000003,2.37248204474377,0.3450000000000002,0.15667599822899664,2.875,1.2030662579644695,2.25,0.8583950752789521,0.0,5.800016322083877,4.983357696640781,11.85125937735384,0.5133870611190426
-724.12848538,71.13628093297905,-2.587468271999999,0.372399999999999,4.12362011,2.0,4.0,1.6903085094570331,108.85,127.05,65.76277713982931,2.634,2.55,1.3944686648121056,3133.2,4783.27222127877,1057.72,1613.4063486035643,-4.174,1.5895551938469188,0.28120136371768745,0.17183096126775166,3.4,2.32992949004287,1.8,0.5345224838248488,0.0,5.4605059744902436,7.097114458409221,14.22725618659581,0.8028836156907395
-502.57601085,210.75732672121725,-1.734427364285715,1.2322,1.19436332,1.7142857142857142,4.0,1.6903085094570331,99.65714285714286,141.0,83.44479783494167,2.8085714285714287,1.54,0.9653866730856753,7952.571428571428,22847.437436801778,684.7942857142858,1379.4354182573597,-3.7085714285714286,2.866639396326547,0.2399991234540675,0.10757764896941643,3.2857142857142856,2.3145502494313788,2.2857142857142856,0.5976143046671968,0.0,6.357577759068186,7.772756103421712,15.05409476580123,0.35556275992603253
-255.19294226,210.46488441913135,-1.43366439796875,0.036800000000000006,-0.49292054,1.8,1.0,0.5345224838248488,132.98,148.1,63.9453114555153,2.738,2.62,1.361784543478572,1651.2,2703.9418844135157,437.91999999999996,569.0918479723387,-3.882,2.1029469119037967,0.18098879032954318,0.17009277348370264,3.0,1.6903085094570331,1.8,0.5345224838248488,0.0,5.674550440630955,3.352024003699646,21.046488441913127,0.6029182322690692
-916.27068137,84.8650344251356,-2.951050153333334,0.0,5.81171767,3.25,7.0,3.5071355833500366,95.675,99.9,57.925978627900626,2.2975,2.46,1.453612740725672,6111.0,10967.612028149064,1619.35,2371.197451921708,-4.609999999999999,2.173605299956733,0.34808379462497846,0.27573067384427874,2.75,1.6431676725154984,2.0,0.8944271909999159,0.0,4.955500154989444,5.093783952913154,10.60812930314195,0.7112031294114527
-711.44330374,288.6331088235784,-2.897628194166666,0.28240000000000004,4.28043332,3.6666666666666665,5.0,3.5355339059327378,122.7,54.900000000000006,38.820162287141464,2.8266666666666667,1.8399999999999999,1.3010764773832473,9081.333333333334,18793.48403037606,1732.4666666666665,3483.7736895498824,-5.673333333333333,1.4495689014324225,0.27108278747698006,0.08714975284505418,3.0,2.1213203435596424,2.3333333333333335,0.7071067811865476,0.3333333333333333,6.013760835439266,5.748749535931039,12.026379534315767,0.4041007759909111
-616.98272451,96.55971665019753,-1.694535004166666,0.0,3.89775835,2.5,2.0,1.0801234497346432,127.08333333333333,49.8,28.598883039571863,2.9566666666666666,1.48,0.9669769616926994,3131.3333333333335,6032.568422966935,845.4666666666667,1568.8482881117316,-4.665,0.6510376333208399,0.12920095603659557,0.2885858745883824,3.1666666666666665,2.3687784005919825,2.0,0.0,0.0,6.189885393835459,6.735865114262493,16.093286108366254,0.34741661551612263
-358.28481967,204.06411833749345,-2.693179919947917,1.9570999999999992,4.23612083,4.0,6.0,3.4641016151377544,125.7,153.9,78.08245641627829,2.44,2.11,1.059292216529509,8874.0,10815.860021283559,1910.0666666666666,2439.4630584071842,-5.023333333333333,1.5602670711558753,0.29509812462956253,0.4016237165027286,3.6666666666666665,1.5275252316519465,2.3333333333333335,0.5773502691896258,0.0,5.391315502710225,6.060150352803222,17.00534319479112,0.4483676267467465
-689.18652245,205.6335180267732,-1.502095831052631,1.6184,3.74102219,2.9473684210526314,2.0,1.414213562373095,81.64736842105263,125.3,88.6004796826744,2.6773684210526314,1.6099999999999999,1.1384419177103413,6653.684210526316,9601.095874950943,1532.0,2152.2916205756133,-5.468421052631579,0.7141778489984129,0.04898900815887957,0.27020976624478094,2.9473684210526314,1.414213562373095,2.473684210526316,0.7071067811865476,0.47368421052631576,5.605908408392025,5.350642916025339,10.822816738251221,0.5470613488463333
-873.05433431,243.64934366980023,-2.630985755555555,0.0,5.44398491,3.2222222222222223,5.0,2.906888370749727,124.60000000000001,54.900000000000006,33.66228601862922,2.876666666666667,1.8399999999999999,1.1470047951076752,8292.444444444445,16472.595357137867,1381.6888888888889,2872.310694893573,-5.348888888888889,1.3418662377450294,0.21336340557015238,0.2039583230472216,3.0,2.0124611797498106,2.2222222222222223,0.5916079783099616,0.2222222222222222,6.175380676934637,5.500875537751666,13.536074648322234,0.35903091763612455
-713.25266704,111.34209089405522,-2.093056296999999,0.0,4.01795304,1.8,3.0,1.3093073414159542,107.01400000000001,138.63,71.77028314600092,2.7199999999999998,2.44,1.2965889314439087,6181.2,11227.092308976786,1199.1200000000001,2041.273871175266,-4.226000000000001,1.5837027138053046,0.08954200608359297,0.4166377998120682,3.0,1.6903085094570331,2.0,0.8451542547285166,0.2,5.629562984099025,5.696544258370686,11.134209089405521,0.6726899939889066
-239.12402882,68.73744318176621,-0.6799591756250011,0.0,2.97801688,1.5,2.0,1.0954451150103321,121.825,205.3,94.96266108318575,2.7900000000000005,1.44,0.8316730126678393,5683.5,10509.690366514134,1227.07,2115.0717959256135,-3.4475000000000002,2.4276470089368427,0.0484061575042529,0.35292610485380205,4.0,2.5298221281347035,2.5,0.6324555320336759,0.25,6.376756623259508,10.331594546461007,17.184360795441552,0.38192748805482335
-222.21284258,210.46488441913135,-1.43366439796875,0.036800000000000006,-0.49292054,1.8,1.0,0.5345224838248488,132.98,148.1,63.9453114555153,2.738,2.62,1.361784543478572,1651.2,2703.9418844135157,437.91999999999996,569.0918479723387,-3.882,2.1029469119037967,0.18098879032954318,0.17009277348370264,3.0,1.6903085094570331,1.8,0.5345224838248488,0.0,5.674550440630955,3.352024003699646,21.046488441913127,0.6029182322690692
-825.95711324,434.9932172563554,-3.68198832,1.7607,2.97912333,3.9722222222222223,6.0,4.112750383753377,107.96388888888889,99.9,68.81519080079508,2.745,2.11,1.4486591655480667,7198.0,14529.723944832656,1592.9666666666667,3137.502567606779,-5.509166666666666,1.0909554432992272,0.36239626456386337,0.3904614618733958,2.9722222222222223,2.0376883748609544,2.3333333333333335,0.6939779183594883,0.027777777777777776,5.859590545003597,5.490900830596611,12.08314492378765,0.4680636787126305
-245.49805474,168.6703061015562,-1.009309497291665,1.0399,-0.59218724,1.5,1.0,0.6324555320336759,113.625,94.1,49.37370757802172,2.4074999999999998,2.62,1.3971793013067437,3483.5,5798.12311011072,894.1,1211.8347808179133,-2.9125,2.6302300279633344,0.15698359155793978,0.20209790358745353,3.5,1.8973665961010275,2.0,0.8944271909999159,0.25,4.925187825621851,4.4367885211755365,21.083788262694526,0.8694884051738663
-403.96406656,225.58705770259334,-2.768388271666667,2.1705,2.65273048,2.2222222222222223,5.0,2.188987589427283,85.28222222222222,138.63,81.73410046710408,2.535555555555556,2.44,1.3596062542760923,3263.3333333333335,4598.1325013531305,991.0,1344.9284739345806,-3.874444444444445,1.688761873878809,0.3388888888888891,0.22512033818974797,2.888888888888889,1.2909944487358056,1.7777777777777777,0.5400617248673216,0.0,5.085797247083703,4.410677186678371,12.532614316810742,0.6364503997766705
-436.42756266,331.9848734985325,-1.751737501999998,2.2239,4.28242699,2.4,1.0,0.7071067811865476,125.88,37.8,26.728636328851497,2.884,1.3900000000000001,0.9828784258493012,8013.2,13773.025883951572,798.12,1251.437581343952,-4.642,0.6151828996322964,0.07150957010779635,0.28017414432487153,3.2,2.121320343559643,2.0,0.0,0.0,6.323616265000195,5.832523094199037,16.599243674926626,0.340430415772667
-294.03716252,667.9328711225198,-2.197020348928572,2.2045,0.17037042,2.5714285714285716,8.0,3.40587727318528,84.75714285714285,111.4,62.668716278538845,2.0,2.62,1.6025479712008623,2662.285714285714,4705.21897471308,966.0857142857143,1472.030412729302,-3.3328571428571427,2.6342589090672166,0.31603007705454955,0.18617544196650723,3.7142857142857144,1.8973665961010275,1.7142857142857142,0.8944271909999159,0.0,4.045281312062352,3.911185779641019,23.85474539723285,1.1392051853603034
-615.65535437,137.22105676351921,-1.918304684166666,0.0,4.04805222,2.8333333333333335,4.0,2.068278940998476,117.71666666666665,77.3,46.96228392136727,3.0,1.56,0.9015542135667716,8681.333333333334,18578.157832369827,1564.8,3138.2868957442365,-5.724316666666667,2.5432158781310283,0.08770689566216057,0.2944439882069096,3.0,2.1602468994692865,2.3333333333333335,0.6666666666666667,0.3333333333333333,6.269053301812968,7.4245877756069785,11.435088063626601,0.35316888979942623
-189.89922124,72.82143907393863,-2.107482005,0.6519,5.59411961,2.6666666666666665,2.0,1.4142135623730951,129.76666666666668,33.7,23.82949852598665,2.9466666666666668,1.48,1.0465180361560904,2481.3333333333335,4792.769762882419,1018.4666666666667,1969.1509642482974,-4.65,0.7212489168102785,0.2135020216251514,0.034997497154174335,3.0,2.1213203435596424,2.0,0.0,0.0,6.217757544908528,6.873191565905563,12.136906512323106,0.4004207577312871
-1484.64927317,63.46911087033851,-2.281001475000003,0.0,4.59495136,3.3333333333333335,4.0,2.666666666666667,117.81666666666666,76.7,46.73274488455011,2.9633333333333334,1.78,0.9952442469620767,9398.0,19283.09027792658,1522.1333333333332,3096.445534982185,-6.164316666666667,2.5520873161873685,0.11636255412693049,0.26999040736383645,3.0,2.1602468994692865,2.3333333333333335,0.6666666666666667,0.3333333333333333,6.1255537756321194,7.844533603849792,10.578185145056416,0.4004963896674019
-1383.94226535,136.51657937039403,-4.019811040833332,4.0165,3.14741998,4.0,6.0,4.242640687119285,94.0,141.0,99.7020561473032,2.7266666666666666,2.1399999999999997,1.5132085117392116,8648.0,17874.245214833547,1685.4666666666665,3384.071633402579,-6.033333333333334,2.213244225113893,0.394101412946051,0.3481116656893388,3.3333333333333335,2.8284271247461903,2.3333333333333335,0.7071067811865476,0.0,5.78904241947543,10.241243300471636,11.376381614199502,0.5100651824885054
-350.23827069,180.03450348543683,-1.781754134999996,0.907899999999999,4.33754022,1.1428571428571428,3.0,1.7928429140015905,50.98285714285714,138.63,75.84389484799871,1.6485714285714284,2.44,1.1417186293353667,10540.285714285714,8518.690090450695,1548.314285714286,789.7138957514026,-2.9928571428571433,1.6619373376531725,0.15107826436271157,0.26682846648206443,4.0,1.224744871391589,1.4285714285714286,0.6546536707079772,0.0,3.9784695609884766,3.872293524645251,25.719214783633834,0.6896510127441663
-626.41420721,365.00281653573643,-2.865173970999999,3.151399999999999,1.56094449,1.8,6.0,2.260776661041756,96.64500000000001,127.05,77.75222665621867,2.567,2.55,1.554718624060315,6033.2,13966.233628927226,1279.8200000000002,2411.8670697661223,-4.54659,3.001488597623964,0.26970922611389525,0.3144691745100444,3.6,2.666666666666667,1.8,0.816496580927726,0.1,5.237357923357965,6.294690173417772,18.250140826786822,0.7705363574706448
-438.33080046,299.1747288859557,-1.356453151223957,2.3858,0.34615205,1.6666666666666667,2.0,1.0540925533894598,126.5,195.0,84.72602905837142,2.9933333333333336,1.79,0.9659422573034294,2273.0,4178.53491070734,416.4666666666667,658.797200290887,-4.118333333333333,1.9629640286510035,0.21333333333333368,0.20682789409984761,2.6666666666666665,1.3333333333333333,2.1666666666666665,0.5270462766947298,0.0,6.6865871620633515,4.626070941839747,12.465613703581488,0.271356284874956
-665.00802697,290.96498913207864,-2.022551330357143,1.7927,2.9322124,3.0,3.0,1.7320508075688772,97.92857142857143,112.1,67.30912695488311,2.7514285714285713,1.63,1.0521983789055314,4038.285714285714,7262.559387512288,1216.3999999999999,1745.436867950256,-4.381428571428572,1.1408643339904307,0.30509305342470877,0.33245910914639026,2.857142857142857,1.3093073414159544,2.142857142857143,0.46291004988627577,0.14285714285714285,5.417192588170384,5.989544242764421,10.391606754717094,0.44446108369680476
-779.54027547,582.8809764099692,-2.316224642115383,0.0,5.48222501,3.4615384615384617,6.0,2.8385106758902383,106.2703846153846,135.97,58.42896645867161,2.659615384615385,2.49,1.2798465309782823,8320.384615384615,13538.258155527774,1248.0,1908.6048469272746,-5.747307692307692,1.9068017351426072,0.17839989724130267,0.14276983792237505,2.8846153846153846,1.4589624493356326,2.3461538461538463,0.7653197277702214,0.38461538461538464,5.5348123632886725,4.829206910787045,11.209249546345562,0.5559365005152571
-645.34995531,159.3838156453291,-3.091127485625,3.9114999999999993,2.08373453,1.0,2.0,1.2977713690461004,70.79625,141.0,91.11328378221776,2.43375,2.44,1.3253787939183352,4159.75,5115.674066816096,1292.975,1609.2502572708556,-4.1425,1.3163226288254315,0.2835465266842153,0.07383459712080843,2.25,0.8583950752789521,1.5,0.6488856845230502,0.0,5.6267227919422025,2.731981788256599,9.961488477833067,0.5344994888123765
-503.79920894,117.02743487608689,-2.526702651666667,2.7654,2.94061199,2.888888888888889,7.0,3.2480763537823427,105.24444444444445,141.0,74.57758376348754,2.801111111111111,2.13,1.2916984942315293,6181.333333333333,13177.700778208618,1029.3555555555556,2092.2300633534546,-4.8244444444444445,1.7477814508685003,0.11400609144966992,0.45286138810116006,2.5555555555555554,1.1832159566199232,2.111111111111111,0.806225774829855,0.2222222222222222,5.9455500939515815,3.152644310244029,13.003048319565202,0.343319739420946
-501.85386223,417.43379262053526,-2.964461737843135,2.0972,3.55378556,3.5294117647058822,6.0,3.493236708656129,103.75294117647059,133.4,77.69818600268677,2.825882352941176,1.9,1.1770439381911078,5826.0,11033.84178273762,1112.129411764706,2047.7693649168339,-5.017058823529411,0.5931489489796606,0.12307425306556376,0.2507448230045507,2.9411764705882355,1.9451950503185496,2.235294117647059,0.5927489783638191,0.23529411764705882,5.84316643364355,6.2487717657429425,12.277464488839271,0.43237178094947853
-772.65447259,215.7931695695723,-1.557574036091954,0.0,1.07952752,2.7777777777777777,4.0,2.0258075189652405,100.57777777777778,141.0,90.7788063829421,2.8294444444444444,1.89,1.2571811903836874,4542.444444444444,8862.541062128968,886.2444444444444,1655.1343941979885,-5.375555555555556,1.7327652249151713,0.14914056769145018,0.16792502670597703,2.6666666666666665,1.3675269175156555,2.3333333333333335,0.6837634587578277,0.3333333333333333,6.018319353724344,4.08013846427143,11.988509420531793,0.36439309305953405
-547.8578824,305.5952679662187,-1.828767264973957,1.8197,1.87045892,2.8333333333333335,5.0,2.635231383473649,134.93333333333334,144.4,60.18674641849686,2.9899999999999998,1.81,0.975226469424752,4848.0,11664.454723646537,833.1333333333333,1855.4461506003827,-4.901666666666666,1.031775707753924,0.06633790192058586,0.36257179396950007,2.6666666666666665,1.3333333333333333,2.1666666666666665,0.5270462766947298,0.16666666666666666,6.407015971106266,4.214424302067636,12.733136165259113,0.2656551048687681
-376.82917319,766.0815533260688,-0.9037052553787881,1.7207999999999992,2.8738182500000002,1.8181818181818181,2.0,0.9032106474595007,126.34545454545454,49.8,22.656032076991863,2.632727272727273,1.51,0.9306958347613389,6191.818181818182,6878.569427462447,1260.4545454545455,1373.3155960360275,-3.264545454545455,2.473004245851592,0.0028510000931285732,0.2771798263720331,3.8181818181818183,2.139847510553276,2.3636363636363638,0.606976978666884,0.36363636363636365,5.570688443636022,8.058441383683101,17.41094439377429,0.5611287781433261
-439.80441993,337.20125515068554,-1.750713328055555,0.6373000000000001,2.2336290500000002,2.0,3.0,1.2792042981336627,134.63333333333333,15.400000000000006,8.829804898493206,2.6799999999999997,1.54,0.9722794211168272,12244.333333333334,22619.534956235584,1385.6000000000001,1686.6963104353918,-3.6350000000000002,2.6528997856547982,0.14720100281590887,0.2550909120331888,3.1666666666666665,1.7188791273808215,2.3333333333333335,0.6030226891555273,0.3333333333333333,5.854832522836915,5.748242863800693,14.05005229794523,0.5053858432863046
-321.57145086,343.11545678497885,-1.291981042751736,0.6586000000000001,-0.91685562,1.8333333333333333,1.0,0.5270462766947299,134.31666666666666,148.1,61.92147805442344,2.855,2.62,1.366644308760208,1413.0,2718.6897579532683,379.96666666666664,579.5346274766025,-4.066666666666666,2.113901080414544,0.18915732527461937,0.1663431126220007,2.8333333333333335,1.7159383568311666,1.8333333333333333,0.5270462766947299,0.0,5.949820443049502,3.3164577129911814,19.061969821387713,0.5626502867713364
-747.54459036,289.97256914133703,-1.9912340733333331,0.273499999999999,3.41201856,2.9583333333333335,4.0,2.2617216043060244,120.29583333333333,76.7,44.325310059695155,2.8954166666666663,1.78,1.1038621011981247,6881.333333333333,13368.92100295371,905.9666666666667,1692.7498763184785,-5.360416666666667,1.4607507170433487,0.14663534998401564,0.19129722422431691,2.7916666666666665,1.6376257758774382,2.2083333333333335,0.5763400317241829,0.20833333333333334,6.1587451361652255,5.046517169897032,12.082190380889044,0.38023186985618285
-305.50350865,146.56131453997776,-1.744743971061009,1.214799999999999,1.7979913600000001,2.3846153846153846,5.0,2.161923459209012,86.76923076923077,141.0,92.97264674880596,2.7346153846153842,1.89,1.2106771371570466,4152.0,7312.152600443586,754.123076923077,1256.7723463041277,-4.81923076923077,2.512519954495711,0.18925127095741578,0.17007790704561607,2.923076923076923,1.6352103973123033,2.3846153846153846,0.659380473395787,0.23076923076923078,5.915126165245738,5.864760818792032,11.273947272305982,0.49752155209743637
-788.19517756,342.91604718674466,-2.779514111333333,0.9222999999999991,3.2140064,3.8,7.0,3.625307868699863,91.36,125.3,81.24885054131974,2.7020000000000004,2.08,1.2240564879589035,6093.2,9653.874514559278,1301.52,1982.5309912908226,-5.218000000000001,0.5268098057445127,0.2055246927597434,0.27419071598341604,2.8,1.3093073414159542,2.4,0.6546536707079771,0.2,5.6649191964992225,4.3232751734487005,11.430534906224823,0.548804781416825
-653.18153885,101.63714397833198,-0.6465980050000011,0.0,5.262752,2.6666666666666665,2.0,1.0606601717798212,115.3777777777778,135.3,69.4060005811217,2.8066666666666666,1.6099999999999999,0.9336822264560891,8967.777777777777,13756.841994682743,1791.2222222222222,2561.9975393560912,-5.387777777777778,0.5862415599961047,0.05073073099627025,0.26101291688518635,3.3333333333333335,2.1213203435596424,2.4444444444444446,0.6454972243679028,0.4444444444444444,6.077710194660312,9.412616209770828,11.293015997592441,0.4734879551072311
-616.17326799,87.20233463225763,-1.741881976724138,0.09050000000000001,5.32632052,3.125,3.0,1.8848425873126298,84.5,141.0,85.77326291787521,2.54,1.89,1.1767215831327842,7211.0,9208.336817654337,1318.6,1629.7342682974906,-5.5649999999999995,1.5156586200828925,0.11518507187220006,0.1550375564360148,3.0,1.2977713690461004,2.5,0.6488856845230502,0.5,5.40700720333074,5.474778986089386,10.900291829032204,0.5551139267885111
-397.13187322,73.29755705300552,-2.192400905500001,0.0,1.2941384,2.8,8.0,3.625307868699863,92.82000000000001,141.0,80.74308462206353,2.73,2.11,1.1960052556024037,4791.2,10882.718357889396,1116.496,2398.6204624682555,-4.372,2.8518465196129634,0.3163357424228483,0.27522339441304333,3.4,2.32992949004287,2.4,0.6546536707079771,0.0,6.018690940813132,7.69836617866542,14.659511410601104,0.4427164481653619
-677.210532,72.92743889412984,-2.943229516449999,0.0,0.58125397,3.0,7.0,3.3806170189140663,94.28,141.0,79.15168078713535,2.4880000000000004,2.62,1.5712233632246109,5699.2,13274.873537196932,1235.72,2480.6240954358927,-4.8340000000000005,2.985878669432404,0.3374624422574807,0.2581861860600747,3.2,2.138089935299395,2.0,0.8451542547285166,0.0,5.12677571625117,6.047336449973979,14.585487778825968,0.8627082786830217
-675.87405731,299.7033451228763,-2.843681377083333,2.3634,3.61749176,3.3333333333333335,7.0,3.6209268304000717,116.13333333333333,111.4,58.10534494442926,2.8383333333333334,2.2199999999999998,1.2501311042357828,5331.333333333333,10765.816973695546,971.6333333333333,1901.9811735252388,-4.926666666666667,0.5694831965133925,0.23685876828469907,0.3405940690829179,3.0,2.0,2.1666666666666665,0.5270462766947298,0.0,6.094026035663257,6.087211196689998,12.487639380119846,0.544781236693657
-373.04099,164.45598479580516,-2.816355568749999,2.11,1.9858319400000002,1.0,2.0,1.2977713690461004,76.0275,138.63,84.44490991484517,2.17875,2.55,1.6373976464596431,4178.5,5139.113951891543,1068.35,1278.6478367894404,-3.46,1.9855901946405337,0.3520627826423688,0.18603765793454796,3.75,2.406132515928939,1.5,0.6488856845230502,0.0,4.571058474116974,5.2107081851598185,20.556998099475646,0.9299597272523983
-286.25012422,131.36128292763178,-0.508349317291668,0.0,1.28044933,1.25,2.0,1.0488088481701516,101.9,141.0,74.84095135686077,2.7024999999999997,1.51,0.9333970216365595,3508.5,5789.4517529728155,811.32,1218.0780475486781,-2.745,2.8459304278214534,0.12734368820239944,0.18144898058243245,3.75,2.2583179581272432,2.5,0.6324555320336759,0.25,6.024374311562164,8.607439531459951,16.420160365953972,0.504014702820224
-860.96514673,133.06058275559766,-3.039436780388889,1.8279,3.29941421,3.6666666666666665,5.0,3.3333333333333335,107.60000000000001,110.0,67.2775346357658,2.815,1.94,1.2511261593726934,9948.0,20184.655161780694,1628.6333333333332,3188.7628715712167,-5.858333333333334,2.1855040100118277,0.1449240455904972,0.3877615836559874,3.0,2.1602468994692865,2.3333333333333335,0.6666666666666667,0.3333333333333333,6.033189246371187,7.385085501650276,11.088381896299806,0.4012482047239589
-757.4937485,268.62939731145656,-3.153193498181819,1.982899999999999,3.704958,3.8181818181818183,6.0,3.6632437591170035,94.9909090909091,133.4,85.617225806719,2.820909090909091,1.9,1.1798510020747426,5674.909090909091,11285.939719617447,1212.1272727272726,2147.9511750322863,-5.032536454545454,0.6801667629719746,0.14982983814270542,0.16128826661665868,2.909090909090909,1.8316218795585018,2.272727272727273,0.6221710168382552,0.2727272727272727,5.737996649065484,5.721579060687416,12.210427150520752,0.48575916770647715
-540.15656991,292.24409274965086,-3.094281680416666,3.0642,2.24542929,2.8333333333333335,5.0,2.2072142786315223,96.41666666666667,141.0,73.20983190241245,2.6841666666666666,1.8299999999999998,1.2154576008595195,4221.166666666667,6612.063702828067,1069.95,1690.79372576223,-4.233333333333333,1.5701967866219664,0.4033333333333336,0.3074126934636304,2.5833333333333335,1.1712364713391024,2.0833333333333335,0.3755338080994054,0.0,5.434808472718489,3.7766501931900405,12.176837197902122,0.37404968479688755
-659.71358496,127.0403679229244,-3.607447267727273,4.2788,2.66465528,3.6363636363636362,7.0,3.627154532136727,117.30909090909091,122.9,64.41920569597238,2.7818181818181817,2.08,1.2179542273829504,12177.636363636364,25960.607403333226,1198.490909090909,2016.1390837439762,-5.091818181818182,0.22308910775741592,0.31308781229729343,0.1533402876821747,2.5454545454545454,1.0752906583803283,2.1818181818181817,0.5303300858899106,0.0,5.993882727576272,3.3733343582971704,11.549124356629491,0.4077332309350268
-285.63446471,49.523897122439884,-2.946253523,0.0,8.6510505,3.8,6.0,3.2071349029490928,101.32000000000001,99.9,64.94433880529651,2.652,2.11,1.2950841119953782,6473.2,11118.296709221502,1548.92,2517.441323475655,-5.062,1.2143016805673008,0.4270588747777377,0.3225210492369043,2.8,1.558387444947959,2.2,0.5345224838248488,0.0,5.462178162465365,5.572820746790818,9.904779424487977,0.534976033484835
-122.50810252,125.64299270507173,-1.229401517722222,0.0,1.99243554,2.0,2.0,0.8660254037844386,113.46666666666667,92.6,47.99636705001744,2.5999999999999996,2.62,1.3740633173183834,5463.333333333333,11326.838592475839,1161.2222222222222,2008.9569474398068,-3.952222222222223,2.03278851990724,0.07060400063715881,0.4192760879859264,3.111111111111111,1.6708281379802852,2.0,0.8660254037844386,0.2222222222222222,5.170104425706602,4.810804379560102,13.960332522785748,0.9100416709342476
-365.09900871,530.2832053108352,-1.5650850475757592,0.0,4.2287404,2.303030303030303,3.0,0.8869975794117778,118.61818181818182,141.0,44.816596846940264,2.869393939393939,1.79,1.0051894758466888,4320.909090909091,7242.151157104699,758.4242424242424,1182.9421247838945,-4.53909090909091,1.0305563174952703,0.03413321382210394,0.3874211785083333,3.515151515151515,2.700762419587999,2.0303030303030303,0.24253562503633297,0.0,5.963991192071867,9.059702727697806,16.06918803972228,0.441818602180898
-1445.91146052,418.0195308127929,-3.338367075000007,3.5881,2.06002435,4.0,7.0,4.058397249567139,110.4,111.4,64.740277489456,2.70625,2.2199999999999998,1.3367728919700168,6963.75,14417.766062580364,1345.25,2232.356217621404,-5.025,0.4753698250712128,0.32966476025582625,0.269698112210764,3.0,1.8149704259460602,2.25,0.5940885257860046,0.0,5.74369794639858,5.250692239732368,13.063110337899777,0.5890937499386062
-285.59755852,131.14839020699588,-1.863680323749999,1.436299999999999,2.49211653,1.25,2.0,1.0488088481701516,127.45750000000001,217.77,98.88474841956165,2.5925000000000002,2.49,1.2864019589537323,5236.0,6653.894618943104,1241.1,1598.0764987947227,-3.1575,2.339596118991481,-0.07194923200949682,0.8800577537574651,3.75,2.2583179581272432,2.0,0.8944271909999159,0.0,5.540444115768243,8.016909289442605,16.393548775874486,0.6957900685604654
-538.72313246,127.0403679229244,-3.607447267727273,4.2788,2.66465528,3.6363636363636362,7.0,3.627154532136727,117.30909090909091,122.9,64.41920569597238,2.7818181818181817,2.08,1.2179542273829504,12177.636363636364,25960.607403333226,1198.490909090909,2016.1390837439762,-5.091818181818182,0.22308910775741592,0.31308781229729343,0.1533402876821747,2.5454545454545454,1.0752906583803283,2.1818181818181817,0.5303300858899106,0.0,5.993882727576272,3.3733343582971704,11.549124356629491,0.4077332309350268
-205.42802794,168.6703061015562,-1.009309497291665,1.0399,-0.59218724,1.5,1.0,0.6324555320336759,113.625,94.1,49.37370757802172,2.4074999999999998,2.62,1.3971793013067437,3483.5,5798.12311011072,894.1,1211.8347808179133,-2.9125,2.6302300279633344,0.15698359155793978,0.20209790358745353,3.5,1.8973665961010275,2.0,0.8944271909999159,0.25,4.925187825621851,4.4367885211755365,21.083788262694526,0.8694884051738663
-486.98972837,350.3325692370048,-2.150680372890625,3.5358,0.56288783,1.6666666666666667,2.0,1.0540925533894598,127.33833333333332,189.97,82.2273151763519,2.8766666666666665,2.49,1.3023227113294324,2381.3333333333335,4447.195570743931,495.6333333333334,859.3444698011257,-4.1866666666666665,1.7667421367527798,0.22709068010967814,0.23789379469388355,2.8333333333333335,1.7159383568311666,1.8333333333333333,0.5270462766947298,0.0,6.160822574853751,4.371653072983715,14.5971903848752,0.496671637155182
-488.44552313,220.87185182493238,-2.281041155555555,1.107299999999999,3.47436495,2.6666666666666665,6.0,2.6832815729997477,111.46666666666667,141.0,66.77706192997712,2.9633333333333334,2.13,1.0419117045124313,8892.444444444445,20204.424213523136,1506.6888888888889,3334.144399692371,-5.661311111111112,3.4497947596197664,0.15013111111111177,0.36266579909746033,3.0,2.32379000772445,2.111111111111111,0.806225774829855,0.2222222222222222,6.202465296869067,7.337396530260888,12.270658434718465,0.36381121555141105
-354.86950844,600.6098888727827,-0.8579937192500021,0.8081,0.986248999999999,1.2,1.0,0.508000508000762,118.49000000000001,175.9,97.78248490828359,1.8599999999999999,2.62,1.3788728449645549,4889.4,6397.665204159727,1437.24,1467.3440953619393,-1.7690000000000001,2.0453444382225068,-0.18963032678495922,0.8905912356715026,4.7,1.8005375541406983,1.8,1.1071614388213236,0.0,3.868959446919345,5.807298362308638,30.030494443639135,1.0140875983078839
-387.33596142,608.7243843462348,-1.807667891428571,0.6668000000000001,2.37506583,2.5428571428571427,2.0,1.0505515392332572,127.26857142857142,49.8,27.00139562788669,2.9108571428571426,1.4300000000000002,0.9406606072589521,7770.971428571429,15980.719252945513,954.3257142857143,1622.2429349514825,-4.684,0.5522906843320828,0.10566462795497306,0.2970113704203759,3.142857142857143,2.1947831716895654,2.0,0.0,0.0,6.129686263476434,6.139655497497147,17.392125267035283,0.3106389589111103
-309.99029433,257.00605812411413,-1.405377440642856,0.6513,0.27050279,1.1428571428571428,2.0,1.0307764064044151,74.25714285714285,141.0,75.02183015629517,2.1914285714285713,2.62,1.3985371822014603,2560.8571428571427,3119.2852145964466,630.657142857143,579.1939355690804,-2.7071428571428577,2.447719601996928,0.2771451349855002,0.06150445163986191,3.4285714285714284,1.6007810593582121,2.0,0.9354143466934853,0.0,4.7021469131439355,4.535901717661402,18.357575580293865,0.9580776064202732
-576.45443404,289.4791811409109,-1.2585811,0.0,3.30452855,2.357142857142857,2.0,0.7624177255136058,109.825,77.3,51.87936437810183,2.7721428571428572,1.56,1.0716494353636692,6959.0,10838.193881855485,1422.9714285714285,2138.5531915073807,-4.750714285714286,0.7624816883854673,0.09248515933588085,0.22437251095610636,2.857142857142857,1.3753638121470069,2.4285714285714284,0.6876819060735034,0.42857142857142855,5.919747295858077,5.551598806172374,10.33854218360396,0.47723084887997724
-428.67649765,188.44928021234497,-1.252145120999999,0.0,4.31124886,2.0,8.0,2.3317146488975653,127.52000000000001,111.4,34.628502766990884,2.79,2.2199999999999998,1.1268824595626215,5288.2,8660.367395063315,1354.5700000000002,2161.115223203327,-3.9784999999999995,1.9977816580893066,0.1914657059176688,0.18955513787226091,2.85,1.4796352213804302,2.4,0.6826561487862891,0.35,6.0248750949117,6.394757735816886,9.422464010617245,0.5700649610589089
-397.707778,245.77243259431745,-1.879435217692307,0.0,4.05778104,2.4615384615384617,4.0,1.5954480704349312,120.85769230769232,127.05,47.712752011862136,2.7884615384615383,2.55,1.1998693110653191,2905.846153846154,4717.110247906984,1104.9692307692308,1796.5204753026942,-4.440769230769231,1.1911033845671304,0.23827115486267686,0.12289682425332495,3.230769230769231,2.184657243763257,1.9230769230769231,0.3692744729379982,0.0,5.82774046081629,5.000838529626841,18.90557173802442,0.40666969205049663
-530.31871904,133.449151553611,-1.8200224730000012,1.469199999999999,2.79794293,1.6,2.0,1.0690449676496976,109.79,127.05,65.7711997327532,2.624,2.55,1.403327677853099,5173.2,8987.647491338956,1119.92,1741.9559089056843,-4.11,1.6132487187571016,0.26134296124883627,0.19870658787712928,3.2,2.138089935299395,2.0,0.8451542547285166,0.2,5.504238809798483,6.07276125963796,13.344915155361099,0.8190400308741127
-404.13544277,64.3430838656573,-0.7275267350000001,0.0,2.48131596,1.3333333333333333,2.0,1.4142135623730951,111.89999999999999,87.3,61.730421997585594,3.026666666666667,1.2399999999999998,0.8768124086713187,5714.666666666667,11651.70554039193,1138.8,2224.416512256641,-4.273333333333333,1.5202795795510775,0.06086517917037115,0.35878913623020775,3.0,2.1213203435596424,2.3333333333333335,0.7071067811865476,0.3333333333333333,6.3231590516062655,7.144507582289027,10.723847310942885,0.41352067358718203
-455.44136665,328.062427896215,-1.285623875303029,1.3352,0.08039362,2.5454545454545454,5.0,2.2980970388562794,124.25454545454545,76.7,39.66883616266048,2.841818181818182,1.78,1.0938078556126758,5923.090909090909,11049.201860315523,1035.3999999999999,1732.1770294199148,-4.63,2.8054166357245407,0.13737740715375,0.18504305372757138,2.909090909090909,1.704772712123232,2.3636363636363638,0.6614378277661477,0.36363636363636365,6.021218819509259,4.370480568612025,14.911928540737046,0.3879511664849754
-855.29843379,322.6427568593804,-3.507284730538463,3.3272,1.59852883,3.6923076923076925,7.0,3.802832952094854,107.04615384615384,111.4,74.96969644206507,2.8215384615384616,2.2199999999999998,1.3691097612907221,9338.307692307691,21926.968474039873,1662.6,3551.9028815551815,-6.003846153846155,2.5998816541113206,0.3032253284997778,0.18701554388679442,3.1538461538461537,2.57203899958469,2.3076923076923075,0.6793662204867574,0.23076923076923078,6.143780279858632,7.9850134028591695,12.409336802283862,0.43938494040027565
-734.43223948,419.25504005541933,-3.7241358615789473,2.7659000000000002,3.19203728,4.421052631578948,7.0,4.366062299143245,94.06315789473685,133.4,84.37808142521374,2.702105263157895,2.08,1.3268383473505732,6461.263157894737,11256.610802102025,1272.3368421052633,2130.6577693285235,-5.1089473684210525,0.28276536209373315,0.25677254416846074,0.18611545367153862,2.736842105263158,1.3228756555322954,2.3684210526315788,0.6614378277661477,0.15789473684210525,5.627627649897985,4.082817032295706,11.033027369879456,0.5436719562238929
-696.37269603,290.4126576988975,-3.391358489545456,2.8091,3.4072269,4.0,7.0,4.295534064959305,107.18181818181819,111.4,68.0206230586748,2.708181818181818,2.2199999999999998,1.385918817154142,5041.272727272727,9406.859844232413,1210.7636363636364,2166.9190612629063,-5.044545454545455,0.506238500466765,0.3132645435077819,0.3407997895186916,3.090909090909091,2.0160645150967413,2.272727272727273,0.6221710168382552,0.0,5.76491048551401,5.723273614953237,13.200575349949885,0.6362709909596163
-541.77918905,304.92591943230804,-1.639996911468749,1.1394,0.45764756,1.75,2.0,0.8583950752789521,100.05,92.6,55.79869834361824,2.2800000000000002,2.62,1.5791270073249835,2347.25,4382.193046265402,661.725,807.7447948976277,-3.4075,2.370642817554144,0.17746544858648378,0.24809021068090376,3.25,1.8064212949190015,1.625,0.6282808624375432,0.0,4.565665390070728,4.2506284752521655,19.057869964519252,1.0139060267833584
-1091.11965747,476.5212686940929,-3.487587180518501,3.2307,1.53913755,2.888888888888889,7.0,3.2480763537823427,101.44777777777777,135.97,80.2302821882112,2.732222222222222,2.49,1.4402152616883352,9036.888888888889,20791.685304467264,1517.5777777777778,3277.7379468163713,-5.562222222222222,3.1390866506039625,0.299508644966334,0.1463435546181297,3.2222222222222223,2.4899799195977463,2.111111111111111,0.806225774829855,0.2222222222222222,5.917385333489537,7.603809640928768,13.236701908169247,0.5412484105612594
-441.51027858,346.34837685408763,-1.653154320215517,0.8882999999999991,3.76281417,2.53125,3.0,1.4339700472684298,84.146875,125.3,74.59706973805889,2.494375,2.51,1.270976787187371,5261.0,7999.127515124098,1303.0375,1764.5360633078108,-4.7496875,2.029507052118339,0.08863623152930358,0.22537599809044015,2.84375,1.1614106070080208,2.1875,0.8747990122863115,0.34375,5.221203372216197,4.723625307689514,10.823386776690239,0.7595127982118645
-805.66089538,334.9949856779148,-1.3358870674074081,0.0,4.33835653,2.3333333333333335,1.0,0.6708203932499369,121.34444444444443,77.3,40.96483858139807,2.9511111111111115,1.56,0.9853628773198227,4370.222222222223,8596.794623579186,823.911111111111,1568.091173369712,-4.745555555555556,0.5424158920975679,0.06945007962902218,0.3342407363043197,3.111111111111111,2.3664319132398464,2.111111111111111,0.4472135954999579,0.1111111111111111,6.187493701533167,8.519293635229127,12.407221691774623,0.4482088237395448
-1150.92863913,136.4985498381144,-3.315690980944443,0.0,5.47277112,3.8333333333333335,6.0,3.6893239368631088,100.43333333333334,133.4,81.69380501468748,2.8000000000000003,1.94,1.280104162428459,9264.666666666666,19415.482184186014,1608.6333333333332,3163.5580155542866,-5.791666666666667,2.1888568807586406,0.2291221003126759,0.1422041775573579,3.0,2.1602468994692865,2.3333333333333335,0.6666666666666667,0.3333333333333333,5.981794656492234,7.124274411471986,11.374879153176197,0.4085494773388485
-696.9207266,348.85652070342985,-0.9360247642857141,0.0,7.09452023,4.142857142857143,7.0,4.2895221179054435,74.14285714285714,133.4,74.25378104850958,1.9657142857142857,1.9,0.7981478559765728,13660.285714285714,7754.736410736345,2910.0285714285715,1486.578893970986,-3.9699999999999998,2.1608516839431626,0.08027218038229192,0.07815994315426633,3.7142857142857144,0.8944271909999159,2.857142857142857,0.4472135954999579,0.8571428571428571,4.315414333156361,6.6684669727638255,12.459161453693923,0.7602539131748839
-193.72392315,96.90008949874165,-1.3149112078764351,2.1322,0.91858194,1.3333333333333333,1.0,0.5773502691896257,80.73333333333333,92.6,52.238810604122044,1.7299999999999998,2.62,1.481924424523734,1717.3333333333333,1302.0143368386284,759.4,582.8511645351667,-2.4333333333333336,2.215408164048633,0.22365844989222117,0.05479620693907772,3.0,1.0,1.3333333333333333,0.5773502691896257,0.0,3.730181552414593,2.676309056127636,16.15001491645693,1.443467010626896
-409.73548306,995.9548948581656,-0.7139548344117641,0.0,5.10677857,6.588235294117647,6.0,2.505257629361436,47.470588235294116,99.9,32.254253085527544,1.5529411764705883,2.11,0.675308896182449,16142.470588235294,8637.960797366593,3744.8352941176468,1756.511591943412,-5.495882352941176,1.8603763060198328,0.6942908081698159,0.16008729098588376,4.117647058823529,1.4867838833500564,2.588235294117647,0.6786208925382962,0.0,3.570786357299318,5.452660132298126,19.52852735016011,0.6204421792547054
-509.20337883,156.6488127381902,-1.8414490133333272,2.4246,5.05287067,2.3333333333333335,1.0,0.6666666666666667,126.39999999999999,49.8,29.608106997915282,2.9716666666666662,1.42,0.9367467344188847,5248.0,10674.707052967153,676.3000000000001,1172.237606744753,-4.69,0.6004997918400974,0.0714122661022684,0.3237556389443388,3.1666666666666665,2.3687784005919825,2.0,0.0,0.0,6.334541210937724,8.368756322243616,13.054067728182517,0.42830136235854077
-622.9662783,427.5114740346541,-2.166202090357139,2.5763,4.14985307,2.0,3.0,1.224744871391589,110.05714285714285,141.0,63.31756695984366,2.738571428571429,2.13,1.1132256862700523,6998.285714285715,11283.119198924687,777.6857142857143,1069.5732406632362,-4.248571428571429,1.5466322861531854,0.16250683579128317,0.310041494839143,3.0,1.7320508075688772,1.8571428571428572,0.46291004988627577,0.0,6.034731939378928,5.155458271568627,15.268266929809075,0.4051014803940795
-182.18137893,62.678492619145764,-2.182773819999999,0.018199999999999,1.41558634,1.0,2.0,1.2649110640673518,71.7575,141.0,87.61448664461831,2.38,2.49,1.3810430840491545,3686.0,4447.119697062359,718.85,841.4073424923271,-3.1425,2.3621579117408724,0.330636020164517,0.1465888444550949,3.5,1.8973665961010275,2.0,0.8944271909999159,0.0,5.2063751038403145,6.147157213796837,15.669623154786441,0.8123745164071516
-413.77371046,180.85805219642535,-1.685489044999999,0.0,4.45848131,2.5,6.0,2.7568097504180447,100.0,87.3,52.07755754641341,2.685,1.78,0.9850685255351528,9411.0,11746.844410308668,1590.1,1901.7289018153979,-5.0275,1.9906657177939244,0.06254521556817327,0.26204838940165237,3.25,1.6431676725154984,2.5,0.6324555320336759,0.5,5.536608653781529,6.993139136787503,11.303628262276584,0.5484442127111564
-691.25680357,64.82327898758504,-3.170408328611111,4.0572,1.10467433,2.6666666666666665,7.0,3.104249287084341,90.36666666666667,141.0,69.57764792596176,2.263333333333333,2.46,1.5113690362172845,5361.0,11630.16367429578,1396.1000000000001,2173.4971522661563,-4.468333333333334,2.7514235984634965,0.3043976413434342,0.23943550583081558,2.6666666666666665,1.9069251784911847,1.8333333333333333,0.8790490729915326,0.0,4.861847306203704,6.157419284213596,10.803879831264174,0.6765003088023832
-279.14953343,296.62774206976053,-2.288069626923077,0.0021000000000000003,4.94684936,2.6153846153846154,6.0,2.6865202966565924,103.36153846153846,141.0,70.99518507862224,2.8169230769230773,2.13,1.1240793334218393,9782.76923076923,19875.51764707351,1398.7384615384615,2677.3747061984623,-5.010307692307692,2.404241089697808,0.17201538461538501,0.3380323305864973,2.8461538461538463,1.6681153124565982,2.076923076923077,0.8340576562282991,0.23076923076923078,5.8398892679092445,5.199757674786977,11.408759310375405,0.49774653210297687
-454.0777133,740.3611893489781,-2.260509666249999,1.231899999999999,1.18420206,3.3214285714285716,5.0,3.1509635714446826,118.17142857142858,90.4,55.09995073889424,3.0010714285714286,1.81,1.076485684331858,7980.0,18957.076736670137,1346.0,3086.012635100511,-5.673489285714287,2.177930899303938,0.052568109200627856,0.4245746273184645,2.7857142857142856,2.014235055087379,2.2857142857142856,0.6761234037828133,0.2857142857142857,6.247526093854305,5.051925640288436,13.220735524088893,0.27160670421932515
-362.7644345,354.20745990688965,-1.705382088965517,1.2488000000000001,0.76115725,1.1428571428571428,2.0,1.0307764064044151,75.51428571428572,141.0,74.39606844450854,2.2114285714285713,2.51,1.3589839954907488,2938.0,3661.5809768459308,706.0857142857143,660.1104566661552,-2.8528571428571428,2.290349318335524,0.2688478220649754,0.13031859568806542,2.857142857142857,1.0307764064044151,2.0,0.9354143466934853,0.0,4.9845468868930904,4.215406490916149,12.650266425246059,0.8151649253294402
-520.13259576,337.0977612327624,-2.039553011428572,0.7842,5.60348804,2.4285714285714284,4.0,1.577908716741037,121.3,141.0,52.0857808948716,2.8649999999999998,2.13,1.112895194654786,2764.1428571428573,4857.494294008644,976.7714285714285,1758.097162460898,-4.452142857142857,1.3100728286345498,0.23871601853584407,0.12600171923362843,2.9285714285714284,1.887120687660415,1.9285714285714286,0.3642156795423418,0.0,6.088739733783485,6.3361941572324305,12.039205758312944,0.4352468968245205
-702.59716027,596.8276909170065,-3.953871922749999,4.097300000000001,1.5409672300000001,4.8,7.0,4.949747468305833,96.44,111.4,78.7716954241814,2.552,2.2199999999999998,1.5697770542341356,4693.2,7904.039600103229,1497.72,2488.167341639223,-5.186,0.34648232278140845,0.40495147377548124,0.30927343371305727,3.2,2.121320343559643,2.4,0.7071067811865476,0.0,5.393348497105174,5.026122839880902,14.920692272925162,0.6912867587908417
-785.66121746,192.2983163975443,-2.296375504285713,2.3071,3.854090519999999,2.857142857142857,6.0,2.7774602993176543,101.45285714285716,138.63,66.74590126527835,2.7257142857142855,2.44,1.1894296352213767,11632.57142857143,20723.84924256523,1705.9714285714285,2784.003931134335,-5.235142857142857,2.255439140009261,0.10582857142857183,0.28608412848571046,3.142857142857143,1.7928429140015905,2.142857142857143,0.8451542547285167,0.2857142857142857,5.500438676421524,5.111285898620959,13.735594028396022,0.5573448721890928
-181.20719663,51.04811002645878,-0.724300867916666,0.0,2.76508001,1.5,1.0,0.6324555320336759,131.5,22.599999999999994,12.440578764671681,2.6775,1.54,0.964587994949139,6211.0,7618.201467538122,1453.85,1758.4968342308723,-3.18,2.3643688375547502,0.10010244057153503,0.18188593143642273,3.25,1.6431676725154984,2.5,0.6324555320336759,0.5,5.797752442042944,6.616801943326625,12.762027506614695,0.5734362492989785
-435.01000647,115.40065872957562,-1.9970684222222221,0.523699999999999,1.1243986,3.0,6.0,3.0740852297878796,118.39999999999999,90.4,52.51765417457257,2.8666666666666667,1.81,1.1585400295199126,6670.222222222223,13509.654244280273,1233.4666666666667,2308.2780634057067,-4.878888888888889,1.542251600744833,0.059274907861013845,0.39619137155460593,2.6666666666666665,1.3416407864998738,2.3333333333333335,0.6708203932499369,0.3333333333333333,6.050795185296569,3.7617384084895433,12.822295414397281,0.314960560934753
-980.84627709,210.1702097484956,-2.774804165666667,0.4277,5.20219664,4.0,6.0,3.3806170189140663,98.97999999999999,133.4,72.825741132024,2.7039999999999997,1.9,1.2056296517350829,7973.2,12708.662130328948,1354.92,2086.1878329349242,-5.566,1.1903660901468205,0.1621602129236333,0.11119483835403213,2.8,1.3093073414159542,2.4,0.6546536707079771,0.4,5.598963672932131,4.672964179369064,10.50851048742478,0.4891733557734298
-535.33331258,291.9020885644545,-3.010709257499999,2.8163,1.99983909,1.0,2.0,1.2649110640673518,74.58,138.63,84.17485087601878,2.1925,2.55,1.578743171006608,4246.0,5095.7277792284,1020.1,1188.8404501866514,-3.46,1.9353139280230482,0.3213751884282459,0.15941519410396335,3.5,2.0976176963403033,1.5,0.6324555320336759,0.0,4.649454607595298,4.7649291279877835,18.243880535278407,0.9300152668046425
-499.25494517,149.56743644713066,-1.8814564380624992,2.011,2.61949956,2.0,2.0,0.8944271909999159,108.4,92.6,47.96898998311305,2.4375,2.62,1.3822409341355797,5618.5,10341.127578750782,768.1,934.0204794328656,-3.795,2.0330174618040053,0.14219547442968528,0.226435227858059,3.25,1.6431676725154984,1.75,0.5477225575051662,0.0,5.084907534479867,4.28230578628407,18.695929555891333,0.7913734087168077
-421.38839853,111.96868375412824,-3.459645487142857,2.7749,1.9253292,2.2857142857142856,8.0,3.295017884191656,87.88,135.97,82.46749511171053,2.427142857142857,2.49,1.5549230573522645,5412.571428571428,9541.038068709895,1193.2571428571428,2089.538220345757,-4.274285714285715,2.2868412400389446,0.3814832193149747,0.2471581840124913,3.2857142857142856,1.9639610121239315,1.8571428571428572,0.8451542547285167,0.0,5.135680991253862,4.900873879903775,15.995526250589748,0.7702000795752595
-627.40272235,53.33620447425032,-0.8739557429166651,0.621799999999999,3.35310735,2.0,2.0,0.8944271909999159,129.325,31.299999999999997,16.39057656093891,2.7725,1.51,0.8587141550015349,8361.0,11296.960369940227,1645.85,2083.768911371892,-3.7300000000000004,2.2401428525877543,-0.047324888749497945,0.39692078525380864,3.5,1.8973665961010275,2.5,0.6324555320336759,0.5,5.738981261874282,7.558341000886282,13.33405111856258,0.5488361430275087
-257.12318849,96.21024924019014,-1.582355479791656,0.583299999999999,2.52557321,2.5,4.0,1.8973665961010275,109.125,112.1,59.12531606680847,2.6550000000000002,1.63,0.9944043443187485,4333.5,5793.782149856862,1273.1,1496.3811867301727,-3.43,2.229403507667466,0.2507476036460111,0.34847886601189787,3.25,1.6431676725154984,2.25,0.5477225575051662,0.25,5.309652613368046,7.23482968194117,12.026281155023767,0.58558447462001
-241.03063778,336.5965788740974,-1.539362617142854,2.0393,1.9892198700000001,2.2857142857142856,3.0,1.4361406616345072,83.85714285714286,105.9,61.485435267224055,2.3742857142857146,2.62,1.3427979185268348,2083.714285714286,2331.640838551255,890.9428571428572,991.2704487172005,-3.475114571428572,2.0734850410752457,0.14526427189934712,0.21068008889002554,4.0,2.1937410968480306,1.7142857142857142,0.5590169943749475,0.0,4.463007352935329,6.248878239258279,24.042612776721246,0.9524492310373257
-353.21601681,56.3792677148114,-2.191318702999999,0.0,6.45797942,3.0,3.0,1.6903085094570331,100.12,105.9,66.97864265143458,2.8520000000000003,1.8299999999999998,1.0092925386484477,3227.2,5519.984886107673,1016.9200000000001,1551.21204776873,-4.485580199999999,0.8256035006156753,0.25769620000000026,0.35848401532843843,3.0,2.0701966780270626,2.0,0.0,0.0,5.569346222182285,8.311042328061927,11.27585354296228,0.6265528593671164
-782.74024526,217.18764996950003,-2.033745003499362,1.4294,0.75247739,3.1666666666666665,6.0,2.5698046820519465,94.42222222222222,141.0,95.5739843969398,2.8094444444444444,1.9,1.2934563080286943,4853.555555555556,9654.484473111885,906.2444444444444,1717.1174707374241,-5.572222222222223,1.2717224233605073,0.14890703392225518,0.16819897779788429,2.6666666666666665,1.3675269175156552,2.3333333333333335,0.6837634587578277,0.3333333333333333,5.932155621638096,3.9340654017217442,12.065980553861108,0.3675235960866973
-440.89953297,172.87635982121907,-1.3100962353906231,1.6838000000000002,-0.08181014,1.6666666666666667,2.0,1.0540925533894598,126.5,195.0,84.72602905837142,3.0,1.75,0.9474527252938094,2098.0,3769.947479740268,393.1333333333334,606.7908078114272,-4.058333333333334,2.138417119688714,0.20000000000000032,0.18165902124584948,2.8333333333333335,1.7159383568311666,2.1666666666666665,0.5270462766947298,0.0,6.638263209121673,4.905812890946301,14.406363318434922,0.2960297427589416
-215.31428879,26.32170194637648,-1.346151347499999,0.0,1.54992079,1.0,2.0,1.4142135623730951,70.5,141.0,99.7020561473032,2.565,1.75,1.2374368670764582,3261.0,4297.795016051836,565.1,671.6100207709828,-2.95,2.884995667241114,0.2900000000000002,0.08485281374238539,3.5,2.1213203435596424,2.5,0.7071067811865476,0.0,5.823165111461915,8.100938400185731,13.16085097318824,0.6269849055241156
-663.7759186,266.2174999396318,-2.6373586375,1.7365,4.02610106,2.0,4.0,1.6903085094570331,107.066,135.97,70.37133426129056,2.646,2.49,1.36778235528485,3133.2,4783.27222127877,960.1200000000001,1514.207247562707,-4.1240000000000006,1.7161751492365642,0.2766100291067043,0.15970769399838167,3.2,1.9639610121239315,1.8,0.5345224838248488,0.0,5.537898501887234,6.345516917916609,13.31087499698159,0.7361605941032398
-181.0524613,87.35959763657713,-1.136651947999999,0.0,3.54713025,2.2,1.0,0.5345224838248488,119.74000000000001,77.3,40.33941709331669,2.822,1.56,1.011519366384761,6813.2,10795.65687804922,1331.3200000000002,2031.268024799147,-4.654000000000001,0.6935210368629265,0.13337308530083175,0.1765163475522846,2.8,1.3093073414159542,2.4,0.6546536707079771,0.4,6.042551309825109,6.296421923175464,8.735959763657714,0.5340300570051518
-379.69545671,405.0552161057572,-2.242650780499999,3.727999999999999,-1.85206928,2.6,6.0,2.653955210788148,113.31700000000001,138.63,67.73415426760583,2.94,2.44,1.209599286864294,8209.4,20806.21826156368,1221.24,2816.30415785746,-5.1616,2.1097198660114755,0.1430800000000004,0.2796564103075181,2.8,1.8415494421345537,2.1,0.7939992333804207,0.2,6.046274845813853,2.8201030382700845,20.25276080528786,0.27799951266587264
-635.25280215,50.24692203567436,-0.14281950499999901,0.0,3.83850682,1.6,2.0,1.0690449676496976,117.74000000000001,87.3,45.34452242868717,2.886,1.53,0.914939498390077,6913.2,10953.08470575429,1338.52,2043.1524284091693,-4.292,1.1925482919242427,0.09876191800846224,0.26286836459510765,3.0,1.6903085094570331,2.4,0.6546536707079771,0.4,6.091607945049195,7.0428221969258775,10.049384407134871,0.4878780645973103
-308.43102729,47.397148259900405,-1.7908991124999991,0.7227,0.8923141,1.0,2.0,1.4142135623730951,70.5,141.0,99.7020561473032,2.545,1.79,1.26572113832392,3786.0,5040.2571362977105,635.1,770.6049701370995,-3.13,2.630437226013957,0.33000000000000024,0.14142135623730923,3.0,1.4142135623730951,2.5,0.7071067811865476,0.0,5.951264188702443,5.7042178148357205,11.849287064975101,0.4730568735005466
-342.80923998,197.96851146885425,-1.4596734441666661,0.575299999999999,1.44379544,1.8333333333333333,2.0,0.8790490729915326,96.75,94.1,57.05627604710665,2.3066666666666666,2.62,1.518587860780235,3541.0,7328.920905315027,898.7666666666668,1407.586037415572,-3.59,2.383889106633795,0.19258987954473172,0.17275540514893728,3.3333333333333335,1.7580981459830651,1.8333333333333333,0.8790490729915326,0.16666666666666666,4.637863169728493,4.661438303873798,16.497375955737855,1.2299281457176667
-695.81019325,1617.547896157262,-3.671023028712122,4.7121,3.12414824,3.6363636363636362,7.0,3.627154532136727,119.4,111.4,58.33230237184197,2.7563636363636363,2.2199999999999998,1.27505882217253,11341.272727272728,25842.139264194055,1290.490909090909,2190.7437161840726,-5.157272727272727,0.30527651400001277,0.3453825222120124,0.23229376753190467,2.727272727272727,1.5612494995995998,2.1818181818181817,0.5303300858899106,0.0,5.95723407180463,4.262086959807584,12.254150728464106,0.4921676279584395
-451.97754206,323.20382845418004,-1.473649539210526,0.7797000000000001,4.15827743,2.1052631578947367,3.0,1.1445523142259597,110.43157894736841,141.0,59.19771617216326,2.8073684210526313,1.75,1.0044008164074738,4233.789473684211,6554.3668618715565,741.8000000000001,1069.7093640797953,-4.266842105263158,1.6467759410435896,0.0672735804244587,0.3615302507186965,3.5789473684210527,2.515949125081825,2.1052631578947367,0.41231056256176607,0.0,5.898224482195323,8.501416450719754,17.010727813377898,0.44582806007054626
-233.52100115,73.81009484134074,-1.3923099295,0.0,0.22039098000000001,1.4,2.0,1.0690449676496976,93.97999999999999,141.0,79.46564396913028,2.4899999999999998,2.62,1.5685297938788776,2311.2,4388.529073456325,518.92,721.929034897871,-3.4939999999999998,2.4606416120307206,0.3049887903295431,0.16615638550906695,2.8,1.558387444947959,1.6,0.6546536707079771,0.0,5.205132044064291,3.5494455061428876,14.762018968268148,0.9648151628293488
-749.13693782,79.12013295953679,-2.923456599999999,2.567199999999999,1.63649496,1.0,2.0,1.2649110640673518,75.245,135.97,83.26983439397486,2.18,2.55,1.594013801696836,4111.0,4919.239128157931,994.6,1164.61657896494,-3.3975000000000004,2.017471189385365,0.37701120859276266,0.18623929362676794,3.75,2.258317958127243,1.5,0.6324555320336759,0.0,4.573742109166354,5.392667119418381,19.78003323988419,0.9725672086219322
-285.675768,84.98847683834407,-1.481519387499999,1.8157,4.16044822,3.0,2.0,1.4142135623730951,78.35,125.3,88.6004796826744,2.635,1.6099999999999999,1.1384419177103413,7011.0,9601.095874950943,1612.1,2152.2916205756133,-5.495,0.7141778489984129,0.038932841945483965,0.27020976624478094,3.0,1.4142135623730951,2.5,0.7071067811865476,0.5,5.5143572001933565,5.614899220280719,10.623559604793007,0.5835529458776588
-423.32317385,447.80315948693703,-1.021103145,0.1366,5.08872813,2.1,1.0,0.40824829046386296,152.56,141.60000000000002,56.178327177341664,2.936,1.56,0.8531249745624743,7753.2,12631.637247623743,1603.52,2544.306073481639,-4.515000000000001,0.8967069383769334,-0.0022627750652664423,0.40599222976280946,3.4,2.449489742783178,2.4,0.6666666666666666,0.4,6.505631817913322,10.978935101764279,11.195078987173426,0.41672462480398714
-260.27293111,612.88433874197,-1.984542681666666,2.8402000000000003,0.04901417,1.8666666666666667,3.0,1.2307338795828044,100.42666666666668,94.1,56.948050372040576,2.201333333333333,2.62,1.5669533008545031,5219.6,13461.293472069334,838.8933333333333,1250.378438713656,-3.2846666666666664,2.4585454212268063,0.2416523424149797,0.05564137099084547,3.466666666666667,1.8109146210426053,1.6,0.6301260378126043,0.0,4.409926607344741,4.172899070060457,20.429477958065668,1.138438248615822
-712.94773392,61.951203638108275,-2.895402251,0.0,3.58007199,2.2,5.0,2.138089935299395,95.89,127.05,74.80782999507089,2.564,2.55,1.4656202977384207,3873.2,6083.627348407011,1041.1200000000001,1580.2878182696431,-4.128,1.6047785784070918,0.38910015074259685,0.2718103466229556,3.0,2.0701966780270626,1.8,0.5345224838248488,0.0,5.168729898330204,5.690666417067393,12.390240727621642,0.8478501092529038
-913.8359834,86.40533251899623,-3.44194683646875,2.161299999999999,3.72558747,4.8,7.0,4.286607049870562,107.24000000000001,165.4,82.98575178908727,2.374,2.2199999999999998,1.2458832208517778,5728.8,6252.070177149326,1671.28,2016.9526742092885,-4.884,0.9192592126272112,0.3449514737754812,0.35642803471865303,3.6,1.695582495781317,2.4,0.6123724356957945,0.0,5.132955759218074,5.5495961096630415,17.281066503799238,0.6601239872233678
-709.87748192,150.26411097148468,-2.165017080714286,0.0,3.1273603,2.2857142857142856,4.0,1.6903085094570334,85.05714285714285,141.0,85.69416132802914,2.6757142857142857,2.13,1.1866098167227748,5312.571428571428,8049.89487065337,1141.6857142857143,1761.398682054366,-4.785714285714286,1.847333986355163,0.16653305254027667,0.3025958100987392,2.7142857142857144,1.164964745021435,2.142857142857143,0.8451542547285167,0.2857142857142857,5.722543613131224,4.420157596485711,10.733150783677477,0.5423033092670972
-414.66857303,447.8557103265806,-3.441226473,4.6251,1.079017,2.0,4.0,1.6903085094570331,112.326,135.97,71.79238300225768,2.634,2.49,1.3788608134460645,11773.2,25988.642167575545,1019.7199999999999,1650.9972882213603,-4.414000000000001,1.8402367860064717,0.3259538536770865,0.16112685997107518,2.8,1.5583874449479593,1.8,0.5345224838248488,0.0,5.6726320097110525,3.6418388776849575,14.928523677552686,0.5600009532947455
-473.37895243,169.0956277661006,-1.977708699999999,0.0,3.18337454,3.0,7.0,3.24037034920393,116.8,111.4,49.98119646427044,2.685714285714286,2.2199999999999998,1.1861251439636786,6669.714285714285,10129.678122089706,1477.3999999999999,2126.0081044060016,-4.677142857142857,0.8868684875931238,0.24997239850015696,0.24123761782564362,3.0,1.5811388300841898,2.4285714285714284,0.6546536707079772,0.2857142857142857,5.735584813967217,5.308564461453598,12.078259126150042,0.5755338473773058
-475.72371856,75.65513999311729,-2.636561944791666,0.0,2.84985343,1.125,2.0,1.2030662579644695,77.95,141.0,85.182825054177,2.33375,2.46,1.441635584291237,3748.5,5106.386465676301,758.1,872.5463377832419,-3.305,2.1904385525806425,0.3471301005764035,0.2041523894001954,2.375,0.6282808624375432,1.5,0.6488856845230502,0.0,5.209715131898543,3.1574130062613275,9.456892499139661,0.777219711758037
-688.4741269,995.9548948581656,-0.7139548344117641,0.0,5.10677857,6.588235294117647,6.0,2.505257629361436,47.470588235294116,99.9,32.254253085527544,1.5529411764705885,2.11,0.675308896182449,16142.470588235294,8637.960797366592,3744.835294117647,1756.5115919434118,-5.495882352941177,1.8603763060198328,0.694290808169816,0.16008729098588376,4.117647058823529,1.4867838833500562,2.588235294117647,0.6786208925382962,0.0,3.570786357299318,5.452660132298126,19.52852735016011,0.6204421792547054
-904.89149809,489.2722058361029,-1.253313301785715,0.0,5.33501334,4.857142857142857,8.0,4.869731585445518,58.971428571428575,99.9,44.89380326312944,1.8800000000000001,2.11,0.9808669634563089,16803.14285714286,9292.604786295697,3612.8857142857146,2077.584038527168,-5.295714285714285,2.1771065332552877,0.3680526529395677,0.58368975051924,4.571428571428571,1.3887301496588271,2.857142857142857,0.46291004988627577,0.2857142857142857,4.20275217595196,8.060305216937735,17.47400735128939,0.7054313144646663
-474.05759326,71.07659251782975,-1.629702402499999,0.4096,6.30205676,3.0,2.0,1.4142135623730951,124.15,33.7,23.82949852598665,2.7,1.48,1.0465180361560904,3611.0,4792.769762882419,1482.6,1969.1509642482974,-4.48,0.7212489168102785,0.20525303243772686,0.034997497154174335,3.5,2.1213203435596424,2.0,0.0,0.0,5.6463493864639185,6.294342869480089,17.769148129457438,0.38479135641935575
-549.4657365,131.84034243067953,-2.600528935416664,2.4154,1.18122745,3.5,8.0,4.049691346263318,109.3,111.4,58.7454168425078,2.5075,2.2199999999999998,1.22151954548423,5786.0,7038.107245559704,1556.1,1927.1314682709117,-4.0425,2.4468326465044563,0.2525922747556868,0.3519512025592969,3.5,1.8973665961010275,2.5,0.6324555320336759,0.25,5.356856083418331,5.762822643348569,16.480042803834944,0.6583093721013986
-301.37275449,371.9455709356828,-0.9821975675000001,0.0,2.94082607,2.25,1.0,0.7071067811865476,143.5,10.0,7.0710678118654755,3.13,1.2399999999999998,0.8768124086713187,6666.5,18227.798605426822,1242.9,3260.3279466949334,-5.1850000000000005,0.5515432893255066,0.1238556513980622,0.3002215547242374,3.0,2.8284271247461903,2.25,0.7071067811865476,0.25,6.917867407364523,8.579464431744126,11.623299091740083,0.2800480881124277
-525.83119106,697.1253448831092,-1.782978017668271,2.259,-0.14154596,2.769230769230769,5.0,2.622022120425379,135.4,144.4,59.47607922518094,3.0246153846153847,1.81,0.9786035969686603,4492.153846153846,11656.242868094334,775.9846153846154,1854.563533017944,-4.908461538461538,1.0193711296676984,0.07892729408054083,0.3635789329566118,2.6153846153846154,1.3416407864998738,2.1538461538461537,0.5244044240850758,0.15384615384615385,6.487763961652844,3.847352248244885,13.406256632367485,0.2380992197073215
-903.5570027,61.93779156658514,-2.907956279166666,0.0,8.40336694,5.0,6.0,4.242640687119285,74.3,133.4,94.32804461028545,2.49,1.9,1.34350288425444,9461.0,13065.919102765025,1825.1000000000001,2453.5191093610824,-5.28,0.4101219330881976,0.141607869928293,0.12500534915445535,3.0,1.4142135623730951,2.5,0.7071067811865476,0.5,5.102896686556634,5.136733957196175,10.322965261097524,0.6005454194878054
-999.12552013,205.68196780875334,-3.543918041458333,2.9078,1.19568798,3.25,8.0,3.8653818013992143,90.32125,138.63,89.78760727733108,2.66,2.44,1.398015400066655,5881.25,10801.363830009397,1166.0,2034.9002692717775,-4.7525,1.5017754198829818,0.19330393496414666,0.11410267796618585,2.75,1.3284223283101428,2.125,0.8224783208299743,0.25,5.543613858410533,3.4845959491963323,12.855122988047086,0.5050612758396682
-692.23873624,1749.7440789279674,-1.971909510124998,2.1088,-0.048463280000000004,2.2,8.0,3.0399637021426473,83.56,111.4,61.993080815245165,1.908,2.62,1.6494596816470875,2393.8,4152.250150261281,912.9799999999999,1316.1608456887545,-3.0840000000000005,2.637666157537889,0.2962418546684954,0.16481382831487607,3.3,1.444370761456948,1.6,0.8709883407113854,0.0,3.929378423516047,2.6450653343265116,21.87180098659959,1.1478676578480955
-298.57735568,296.62774206976053,-2.288069626923077,0.0021000000000000003,4.94684936,2.6153846153846154,6.0,2.6865202966565924,103.36153846153846,141.0,70.99518507862224,2.8169230769230773,2.13,1.1240793334218393,9782.76923076923,19875.51764707351,1398.7384615384615,2677.3747061984623,-5.010307692307692,2.404241089697808,0.17201538461538501,0.3380323305864973,2.8461538461538463,1.6681153124565982,2.076923076923077,0.8340576562282991,0.23076923076923078,5.8398892679092445,5.199757674786977,11.408759310375405,0.49774653210297687
-461.59583638,88.66194038208619,-0.6081255025000001,0.0,2.73267253,2.0,0.0,0.0,157.07500000000002,64.30000000000001,45.46696603029501,3.15,1.1600000000000001,0.8202438661763952,5166.5,13985.157918307537,1092.1499999999999,2833.942557639445,-4.6225000000000005,1.0394469683442251,0.06431007294786473,0.46864188397147816,3.0,2.8284271247461903,2.25,0.7071067811865476,0.25,6.991010894233806,9.105315952245515,11.082742547760773,0.29370732687987977
-461.47248366,291.8111207988129,-1.742462365642854,1.3022,3.35142753,2.2857142857142856,3.0,1.4361406616345072,104.91428571428571,92.6,47.4801076767945,2.2685714285714282,2.62,1.363900656206309,2760.8571428571427,3489.0242547164953,1154.9428571428573,1430.0260670701075,-3.5814285714285714,2.026229564980237,0.22871829637848684,0.044220557058121106,3.4285714285714284,1.6007810593582121,1.7142857142857142,0.5590169943749475,0.0,4.620021433968355,4.138269849241387,20.843651485629493,0.8050338383844367
-483.14367547,98.74081221864635,-2.19748324111111,2.4226,0.8534067200000001,2.888888888888889,7.0,3.2480763537823427,105.24444444444445,141.0,74.57758376348754,2.838888888888889,1.81,1.2097375748483636,6031.333333333333,13133.400465987474,1009.0222222222224,2087.2586849741456,-4.794444444444444,1.8623587194737752,0.10067275811633658,0.4294412250485411,2.6666666666666665,1.3416407864998738,2.3333333333333335,0.6708203932499369,0.2222222222222222,6.083168313011232,4.427760565968636,10.971201357627374,0.36810165309581433
-430.1934401,276.3095441658593,-2.034510629583333,0.0,2.85432692,1.5,2.0,1.1476380835140088,101.50916666666667,138.63,77.10226312676102,2.5749999999999997,2.44,1.4088864310545957,5131.166666666667,8510.02277088467,1022.8666666666667,1580.2539159971695,-4.001666666666666,1.7091018893830419,0.22020234208853315,0.08883192168642963,2.8333333333333335,1.3066434376564753,1.9166666666666667,0.8482406469404488,0.16666666666666666,5.505415704652559,4.202185814432021,11.51289767357747,0.7255088774828291
-352.88124261,67.85317071985968,-1.7506179754166662,0.0,1.64758652,1.25,2.0,1.0488088481701516,105.38749999999999,127.05,67.24838102140453,2.425,2.55,1.365532863024541,4936.0,6142.708978944062,1189.6,1396.7610303842243,-3.1550000000000002,2.384374131716749,0.21962279207425686,0.2921065676169695,3.75,2.2583179581272432,2.0,0.8944271909999159,0.25,5.098999027609438,6.7836397590111375,16.963292679964916,0.8930549487355195
-468.84989571,258.5959349276951,-2.119747337916659,0.8623000000000001,5.25029396,2.8333333333333335,4.0,2.068278940998476,121.91666666666667,76.7,41.33879668194408,2.9116666666666666,1.78,1.068594611835772,6848.0,13256.023938823688,860.8000000000001,1603.477504259622,-5.2283333333333335,1.379140231367999,0.13689320833851193,0.20925294192131413,2.8333333333333335,1.7159383568311666,2.1666666666666665,0.5270462766947298,0.16666666666666666,6.2277843469713705,6.10681382506145,10.774830621987297,0.43130153000637894
-459.56459378,109.2793890851786,-2.259269779999999,0.0,4.1620923,1.5714285714285714,3.0,1.3887301496588271,106.12857142857142,137.05,77.25168167378993,2.5342857142857147,2.55,1.4832709992253124,6126.857142857143,11634.307960265007,1335.3999999999999,2169.8957947330096,-4.227142857142857,1.9533268324286428,0.2566320161454593,0.30081661144818506,3.7142857142857144,2.618614682831909,1.8571428571428572,0.8451542547285167,0.14285714285714285,5.340457510637027,8.066736629317633,15.611341297882657,0.8893227346308955
-242.45044255,106.7884172544058,-1.338735045400001,2.0773,-0.13230634,1.2,2.0,0.9354143466934854,75.76,141.0,70.15436550921119,2.104,2.62,1.4660661649461801,1478.8,1282.8460546768658,574.856,527.604193122079,-2.4859999999999998,2.5809470161163715,0.23528005662481083,0.04987168723703508,3.6,1.8708286933869709,1.8,0.9354143466934854,0.0,4.447148379109938,4.832652379522349,21.35768345088116,0.9846685924770979
-315.5100708,88.66194038208619,-0.6081255025000001,0.0,2.73267253,2.0,0.0,0.0,157.075,64.30000000000001,45.46696603029501,3.15,1.1600000000000001,0.8202438661763952,5166.5,13985.157918307537,1092.15,2833.942557639445,-4.6225000000000005,1.0394469683442251,0.06431007294786473,0.46864188397147816,3.0,2.8284271247461903,2.25,0.7071067811865476,0.25,6.991010894233806,9.105315952245515,11.082742547760773,0.29370732687987977
-757.40900506,1240.616803176165,-2.944413424888887,1.7546,2.40356012,3.1666666666666665,6.0,3.198213787189879,112.21666666666665,110.0,67.52192871314368,2.829166666666667,1.94,1.2485528766192826,10089.666666666666,21887.247914188363,1695.8,3464.560445589434,-5.690833333333334,3.3662974573600257,0.24396175005353768,0.1880716832943744,3.25,2.5606918707925126,2.3333333333333335,0.6761234037828133,0.3333333333333333,6.1968018128685465,8.338261805595971,12.923091699751717,0.4043515490445759
-570.76221811,342.04668809016573,-2.572980549166666,0.0,5.85306321,1.6666666666666667,3.0,1.3614912914100352,100.0425,138.63,76.87396307450584,2.598333333333333,2.44,1.3911304404832152,5547.833333333333,9571.13290692127,801.8666666666667,1116.7079754524118,-4.08,1.6965129228983127,0.17896232087824862,0.2072580817140005,3.0,1.623005342401378,1.75,0.5738190417570044,0.0,5.596747198738527,4.61925905110724,14.251945337090232,0.6148904751914606
-1132.84948575,447.8557103265806,-3.441226473,4.6251,1.079017,2.0,4.0,1.6903085094570331,112.326,135.97,71.79238300225768,2.634,2.49,1.3788608134460647,11773.2,25988.64216757555,1019.72,1650.9972882213601,-4.414,1.8402367860064721,0.3259538536770865,0.16112685997107518,2.8,1.558387444947959,1.8,0.5345224838248488,0.0,5.6726320097110525,3.6418388776849575,14.928523677552686,0.5600009532947455
-1130.15368482,155.77976990612953,-2.493895478333327,1.8298,1.00472623,3.1666666666666665,5.0,2.6352313834736494,110.96666666666665,125.3,66.58852086592036,2.865,1.8399999999999999,1.153826965652418,6914.666666666667,14399.09077376454,1418.6333333333332,2765.8432079767485,-5.5,1.1048378463225572,0.18685234105365142,0.22364143291939717,2.8333333333333335,1.7159383568311666,2.3333333333333335,0.6666666666666667,0.3333333333333333,6.0668838898921615,4.535608100792028,12.981647492177459,0.3579823697741778
-590.32373629,527.4664135784507,-1.8112921922222212,2.312999999999999,4.18476111,2.5454545454545454,6.0,1.5218989685876771,118.84848484848484,133.4,43.6182537342284,2.866060606060606,1.9,1.0136030665258409,4664.848484848485,8012.345006301214,830.5454545454545,1361.7202615031604,-4.66939393939394,0.6665114402619062,0.0227155089692732,0.37463309419172447,3.515151515151515,2.700762419587999,2.0303030303030303,0.24253562503633297,0.030303030303030304,5.908659532309964,9.052858916389967,15.983830714498506,0.4464303775376764
-448.03208265,331.6199497796186,-1.558184639545455,2.198899999999999,0.54505064,2.3636363636363638,6.0,2.57390753524675,102.8,141.0,75.60792989164563,2.9454545454545453,1.44,0.9019977827023744,7103.090909090909,18760.931443427857,1065.0145454545454,2509.1094758997665,-4.569636363636364,3.0363799169405663,0.13396078876828277,0.2411481433920194,3.272727272727273,2.3518609652783473,2.3636363636363638,0.6614378277661477,0.18181818181818182,6.261038804631048,7.060930456365453,15.073634080891754,0.36275191397894435
-781.0541299,266.4922950997104,-2.673982990388886,0.0,1.98714392,3.1666666666666665,5.0,2.6352313834736494,101.78333333333335,125.3,78.6816546456528,2.848333333333333,1.94,1.1909776562882184,8448.0,18783.192060988993,1537.6333333333332,3082.9079104709635,-5.863333333333333,2.186072073631405,0.1948970909850729,0.23667937818721607,3.0,2.1602468994692865,2.3333333333333335,0.6666666666666667,0.3333333333333333,6.1384332852874195,7.4970174040088775,11.1038456291546,0.41852175255578744
-1106.31824541,151.7646126556744,-1.838113349408867,0.6991,3.21342297,3.0,3.0,1.7320508075688772,89.67142857142858,141.0,82.60589307929895,2.6771428571428575,1.89,1.1730454868783708,6212.571428571428,9232.345716478096,1175.542857142857,1695.1658545067837,-5.507142857142857,1.2333230372800605,0.10892796032436612,0.18764613879900277,2.857142857142857,1.3093073414159544,2.4285714285714284,0.6546536707079772,0.42857142857142855,5.680008908694517,5.09453318914541,10.840329475405314,0.4864531913596173
-616.31230386,231.7876400252598,-0.638052871999998,0.0,5.94104232,6.285714285714286,5.0,3.5355339059327378,46.714285714285715,110.0,77.78174593052022,1.7771428571428571,1.94,1.3717871555019023,30888.85714285714,25298.866417292298,4925.171428571428,3988.647931317077,-8.615714285714287,2.9910616844190963,0.37701445315954424,0.12128073622180309,5.428571428571429,2.8284271247461903,2.857142857142857,0.7071067811865476,0.8571428571428571,4.477005212525753,15.78508477543843,16.55626000180427,0.6689319750111508
-686.98619027,680.3385210903823,-2.6731777056432353,0.0,3.17297665,1.9230769230769231,5.0,2.073769064943111,82.70038461538462,141.0,90.11782327465339,2.478846153846154,2.49,1.5059609536048348,4312.692307692308,6678.215272271323,856.6923076923077,1217.4150326236452,-4.4034615384615385,2.3705715735856256,0.2665960485077568,0.23028744385849062,3.1153846153846154,1.7727061365697712,1.8846153846153846,0.8471225296914732,0.15384615384615385,5.2159302962416705,5.238264450277069,13.083433097891968,0.8646286632363367
-302.76790788,199.65236809113082,-1.270262681333333,0.0,2.60978239,1.4666666666666666,2.0,0.8327955253822958,122.718,138.63,45.70597305145844,2.6613333333333333,2.44,1.1581603878008295,5927.733333333334,8346.688074107695,1445.24,2005.8791850860036,-3.602,1.9990433195777395,0.16496773908083842,0.11991255124193262,2.933333333333333,1.3440430100644942,2.3333333333333335,0.8032193289024989,0.4,5.7649056334432,4.5690207323940575,13.310157872742055,0.4683301432523643
-441.24847674,105.67097758222343,-2.198206253787879,2.914,1.8182475200000001,1.6363636363636365,2.0,0.8451542547285166,100.56363636363636,81.4,51.031922782285434,2.1954545454545453,2.46,1.5430720749762237,3255.4545454545455,7055.235664789257,944.1818181818181,1028.775008027925,-3.4881818181818187,1.9793397167453883,0.1835434498477838,0.14613078505580573,2.272727272727273,1.1338934190276817,1.5454545454545454,0.6546536707079771,0.0,4.768549112918397,3.7158205431518168,9.606452507474858,0.7678948232160704
-891.47303436,445.82026204420106,-3.25269935175,0.0,6.27490253,4.1,6.0,3.6742346141747673,91.13,133.4,84.12816611179238,2.6870000000000003,1.9,1.2552711083887638,6813.2,11382.725391281883,1401.3200000000002,2203.8645693417734,-5.039,0.6868729463623127,0.22596472195697595,0.24858681664580684,2.7,1.224744871391589,2.3,0.6236095644623235,0.3,5.477624550269157,3.9716879665073437,11.14550655110502,0.43149249178952825
-891.79359179,136.4985498381144,-3.315690980944443,0.0,5.47277112,3.8333333333333335,6.0,3.6893239368631088,100.43333333333334,133.4,81.69380501468748,2.8000000000000003,1.94,1.280104162428459,9264.666666666666,19415.482184186014,1608.6333333333332,3163.5580155542866,-5.791666666666667,2.1888568807586406,0.2291221003126759,0.1422041775573579,3.0,2.1602468994692865,2.3333333333333335,0.6666666666666667,0.3333333333333333,5.981794656492234,7.124274411471986,11.374879153176197,0.4085494773388485
-583.96197902,217.14794917806367,-3.30585531037037,3.331399999999999,1.61868067,3.111111111111111,6.0,2.720294101747089,124.53333333333333,133.4,58.987812300508324,2.8866666666666667,1.9,1.1222566551373174,13381.333333333334,29157.642528160606,1160.8000000000002,2159.7481353157823,-5.15,0.3271926038283872,0.25418512392347964,0.15281160607829042,2.4444444444444446,0.9746794344808964,2.111111111111111,0.4472135954999579,0.1111111111111111,6.244051518089281,3.059342145161978,12.063774954336871,0.25856354673152343
-666.66428968,334.9949856779148,-1.3358870674074081,0.0,4.33835653,2.3333333333333335,1.0,0.6708203932499369,121.34444444444443,77.3,40.96483858139807,2.9511111111111115,1.56,0.9853628773198227,4370.222222222223,8596.794623579186,823.911111111111,1568.091173369712,-4.745555555555556,0.5424158920975679,0.06945007962902218,0.3342407363043197,3.111111111111111,2.3664319132398464,2.111111111111111,0.4472135954999579,0.1111111111111111,6.187493701533167,8.519293635229127,12.407221691774623,0.4482088237395448
-745.30921569,114.30716121628458,-2.54689945125,0.0,4.09160333,2.5,6.0,2.7568097504180447,87.8325,135.97,72.28720128764151,2.3725,2.49,1.3871229217340473,7236.0,10486.367988965483,1194.85,1511.5246594085058,-4.737500000000001,2.529116446508543,0.2600323513549119,0.20258520749165704,3.25,1.6431676725154984,2.0,0.8944271909999159,0.25,4.964101047928478,4.986096115528422,14.288395152035573,0.8190898773194876
-207.15932903,47.397148259900405,-1.7908991124999991,0.7227,0.8923141,1.0,2.0,1.4142135623730951,70.5,141.0,99.7020561473032,2.545,1.79,1.26572113832392,3786.0,5040.2571362977105,635.1,770.6049701370995,-3.13,2.630437226013957,0.33000000000000024,0.14142135623730923,3.0,1.4142135623730951,2.5,0.7071067811865476,0.0,5.951264188702443,5.7042178148357205,11.849287064975101,0.4730568735005466
-402.00978451,18.34183362776642,-1.218085299999999,2.300899999999999,5.87177732,2.0,0.0,0.0,126.5,29.0,20.506096654409877,2.675,1.53,1.0818733752154177,8711.0,12005.258930985205,1638.1,2189.061173197314,-4.32,0.9475230867899739,0.15560702626559886,0.10520755240045614,3.0,1.4142135623730951,2.5,0.7071067811865476,0.5,5.760082475822719,6.76215448706649,9.17091681388321,0.6112133395084323
-492.54379669,149.99748174795735,-1.080805735714285,0.32019999999999904,2.87230555,1.4285714285714286,2.0,0.9636241116594315,114.39999999999999,141.0,63.145862889028606,2.75,1.75,1.057473403920874,4769.714285714285,7480.90762255108,1114.4,1795.8934155455884,-3.5614285714285714,2.2295675429489528,0.1978340993434561,0.12915653965228968,3.0,1.5811388300841898,2.4285714285714284,0.6546536707079772,0.2857142857142857,6.034339405709879,6.719774197109469,10.714105839139808,0.5310707192793177
-354.98103401,631.6739469722597,-2.313345275166666,2.9391,0.6286000700000001,1.7777777777777777,3.0,1.1902380714238083,99.02222222222223,92.6,58.88749159767859,2.1044444444444443,2.62,1.6071610580979951,6712.0,20014.81126566024,851.3111111111111,1212.2804199799098,-3.3000000000000003,2.5847775532915787,0.27191745305826287,0.07646934333284992,3.0,1.224744871391589,1.5555555555555556,0.6454972243679028,0.0,4.325108796948004,2.612769488615976,17.546498527007216,1.1879758397571325
-445.75727129,333.26860561717393,-1.6138287606944441,2.2024,4.87694722,2.1666666666666665,1.0,0.5270462766947298,140.9,98.99999999999999,40.41707559930579,2.98,1.42,0.9205795276165263,4881.333333333333,9700.389087270903,576.4666666666667,1000.5583863245785,-4.526666666666666,0.9998888827153635,0.0807264752702715,0.31117777205497077,3.1666666666666665,2.3687784005919825,2.0,0.0,0.0,6.465368447309149,7.983655321124648,13.88619190071558,0.3873204879639155
-286.16309592,136.51657937039403,-4.019811040833332,4.0165,3.14741998,4.0,6.0,4.242640687119285,94.0,141.0,99.7020561473032,2.7266666666666666,2.1399999999999997,1.5132085117392116,8648.0,17874.245214833547,1685.4666666666665,3384.071633402579,-6.033333333333334,2.213244225113893,0.394101412946051,0.3481116656893388,3.3333333333333335,2.8284271247461903,2.3333333333333335,0.7071067811865476,0.0,5.78904241947543,10.241243300471636,11.376381614199502,0.5100651824885054
-649.11139351,134.7190612798825,-2.083752250488489,1.409699999999999,3.30876953,3.1666666666666665,4.0,2.3687784005919825,105.98333333333333,141.0,75.93595620287167,2.9116666666666666,1.89,1.0856155447998665,8348.0,18728.78810815051,1267.8,2579.660385916461,-5.718,1.4654965028958613,0.10980369569146713,0.2549525650664919,2.8333333333333335,1.7159383568311666,2.3333333333333335,0.6666666666666667,0.3333333333333333,6.00912248082336,5.297088624164373,11.22658843999021,0.41394596031229874
-673.12532075,491.8390167867628,-2.9670089035897282,0.0,5.13854597,3.3846153846153846,7.0,3.4178674903831747,113.44384615384614,138.63,56.22978291229334,2.686153846153846,2.44,1.3374330909347474,9039.692307692309,16682.770807578152,1734.3538461538462,3092.299162288621,-5.385384615384616,1.8884734094452635,0.27253795767105854,0.0776711090799064,3.076923076923077,1.9188064472004938,2.230769230769231,0.7977240352174656,0.3076923076923077,5.71046882091407,5.4663667140176875,12.611256840686222,0.5047228052852589
-294.44007254,239.29871614672794,-2.7461501200000322,1.7399,3.39422276,3.3333333333333335,5.0,2.924038303442689,125.05555555555556,54.900000000000006,33.12142056132255,2.8666666666666667,1.8399999999999999,1.1622048012291122,6881.333333333333,15440.538131813932,1494.4666666666667,2945.2813665251065,-5.332222222222223,1.3740651367384298,0.25188919885970384,0.08010299721562703,3.0,2.0124611797498106,2.2222222222222223,0.5916079783099616,0.2222222222222222,6.081005030248164,5.558556466497903,13.294373119262664,0.36555836507526523
-898.96977466,72.82143907393863,-2.107482005,0.6519,5.59411961,2.6666666666666665,2.0,1.4142135623730951,129.76666666666668,33.7,23.82949852598665,2.9466666666666668,1.48,1.0465180361560904,2481.3333333333335,4792.769762882419,1018.4666666666667,1969.1509642482974,-4.65,0.7212489168102785,0.2135020216251514,0.034997497154174335,3.0,2.1213203435596424,2.0,0.0,0.0,6.217757544908528,6.873191565905563,12.136906512323106,0.4004207577312871
-584.46667347,1253.038737853506,-2.046208308411764,2.4561,1.00065275,1.8823529411764706,4.0,1.5957793167938281,85.83529411764707,98.5,59.87268566192845,1.9917647058823529,2.62,1.6017370657841994,2446.705882352941,4110.95697001347,851.2588235294118,1082.1732301253805,-3.0029411764705882,2.400603364079103,0.30882728115258845,0.1965269177675872,3.0588235294117645,1.2152136380268745,1.5294117647058822,0.6469966392206304,0.0,3.9960329990367067,2.537751508667169,18.42704026255156,1.2114990729870874
-605.10569544,546.7846194791797,-1.781462497368421,1.5408,3.8764257300000002,2.3157894736842106,1.0,0.7071067811865476,129.06315789473683,37.8,26.728636328851493,3.001052631578947,1.3900000000000001,0.9828784258493011,6372.9473684210525,13773.025883951572,649.0842105263158,1251.4375813439517,-4.715263157894737,0.6151828996322964,0.10487597640089194,0.28017414432487153,2.9473684210526314,2.1213203435596424,2.0,0.0,0.0,6.562204965441387,5.700608761838669,14.389068933662623,0.3232805860838853
-1198.90847064,479.72910891946253,-3.968732640749999,3.8235,2.40988698,4.8,7.0,4.949747468305833,91.84,122.9,86.9034234078267,2.608,2.08,1.4707821048680187,6533.2,11156.730793561346,1295.3200000000002,2130.37131035883,-5.042,0.0919238815542511,0.3339031119630995,0.18367648763873115,2.8,1.4142135623730951,2.4,0.7071067811865476,0.0,5.466613287153715,3.8189049376387185,11.993227722986564,0.6174969118503599
-252.37574527,68.73744318176621,-0.6799591756250011,0.0,2.97801688,1.5,2.0,1.0954451150103324,121.825,205.3,94.96266108318574,2.79,1.44,0.8316730126678393,5683.5,10509.690366514134,1227.07,2115.0717959256135,-3.4475000000000002,2.427647008936843,0.04840615750425291,0.3529261048538021,4.0,2.5298221281347035,2.5,0.6324555320336759,0.25,6.376756623259508,10.331594546461007,17.184360795441552,0.38192748805482335
-791.50602881,553.0849630878657,-2.52134808423077,0.8558000000000001,4.94676628,3.8461538461538463,7.0,3.5050983275386565,101.34423076923076,127.05,65.05781522175926,2.6457692307692304,2.55,1.3032141584778547,9205.0,15077.208140577144,1549.8461538461538,2402.2805317328903,-5.24923076923077,1.1310298720319332,-0.02054712042507223,0.4808147501544627,2.923076923076923,1.5856499343441837,2.3461538461538463,0.7653197277702214,0.38461538461538464,5.473061667384211,5.32451571989932,10.636249290151264,0.5722860163561251
-302.26923226,41.253952671138684,-1.425738685919539,1.8736000000000002,0.65267651,1.3333333333333333,1.0,0.7071067811865476,82.2,88.2,62.36681810065349,1.7666666666666666,2.51,1.7748380207782342,1807.3333333333333,1681.49992566161,800.7333333333332,753.6344073886222,-2.4833333333333334,2.658721497261419,0.1873115848182755,0.045277901779656675,2.6666666666666665,0.7071067811865476,1.3333333333333333,0.7071067811865476,0.0,3.935328218270046,2.494753648201913,13.751317557046228,1.2062559927179162
-641.64901321,1077.221141208308,-1.40266510789655,0.0,2.07176235,1.25,5.0,1.759639245762994,70.5,141.0,95.49725006848209,2.558,1.89,1.1954086476441375,3606.0,4994.291420110647,629.8,820.066880244163,-3.253,2.9271682154375567,0.2711711087074402,0.12173477595396681,3.45,1.985035761007107,2.5,0.6772854614785964,0.05,5.76797226757882,7.563419229176773,13.46526426510385,0.5975694353655228
-383.59127176,168.1248937093548,-3.346563131380951,1.2267000000000001,3.28430992,3.4285714285714284,5.0,3.5355339059327378,109.57142857142857,110.0,77.78174593052023,2.8857142857142857,1.94,1.3717871555019021,10444.285714285714,25298.866417292298,1701.857142857143,3988.647931317077,-6.198571428571428,2.9910616844190963,0.27900481771984836,0.12128073622180309,3.142857142857143,2.8284271247461903,2.2857142857142856,0.7071067811865476,0.2857142857142857,6.337331651113998,8.72898921823449,12.00892097923963,0.3576388223540068
-288.60556186,204.89256809876557,-1.733906121153846,0.577399999999999,4.17007737,2.1538461538461537,3.0,1.0660035817780522,114.83076923076922,141.0,55.56313362456997,2.839230769230769,2.13,1.0810159363050365,4159.692307692308,6943.769083927626,725.5846153846154,1125.6351257683975,-4.438461538461539,1.2981560348852874,0.0837537450289598,0.395303008370434,3.3076923076923075,2.5135993750360894,1.9230769230769231,0.3692744729379982,0.0,5.939964128254463,8.0089820869805,15.76096677682812,0.43927671933351825
-277.35152119,233.13916838054647,-1.677023276153845,1.8582,4.40299934,2.1538461538461537,3.0,1.0660035817780522,118.52307692307691,141.0,53.0192760829836,2.8746153846153844,1.79,1.0005680204945409,6763.538461538462,12227.53810796835,718.5846153846154,1126.040214040495,-4.436153846153847,1.3793031837588403,0.12346890008292034,0.2772795070419454,3.076923076923077,1.9188064472004938,2.076923076923077,0.3692744729379982,0.0,6.350203536517055,4.846479406136096,17.933782183118957,0.2943496230295637
-271.98666505,278.4995456894578,-1.997272270499999,0.0,3.5090920800000003,1.8,3.0,1.3093073414159542,109.33,127.05,65.75508671252308,2.698,2.55,1.348978449473103,6073.2,11190.223105142146,1276.3200000000002,2088.8237811197546,-4.226000000000001,1.5837027138053046,0.13864215682618952,0.475351535594497,3.4,2.32992949004287,2.0,0.8451542547285166,0.2,5.478457617370486,6.874242283265268,13.924977284472893,0.784921906698328
-773.11773007,260.6270713042678,-3.823918631500001,4.6014,2.47366841,4.4,7.0,4.268749491621899,97.73,111.4,72.27673284751539,2.591,2.2199999999999998,1.4224450780258617,4623.2,7339.970753801861,1416.02,2230.578601070932,-5.0120000000000005,0.6494955307347731,0.410213605331611,0.30099554116846783,3.0,1.8257418583505536,2.3,0.6236095644623235,0.0,5.385067862308019,4.965751106082984,13.03135356521339,0.666830010882652
-399.32256375,544.3166321035511,-1.528302706566668,0.8768,0.48277762,1.7333333333333334,2.0,0.8744746321952063,93.65333333333334,92.6,57.30485170918571,2.1839999999999997,2.62,1.5714792581588628,3195.6,6680.3638197860055,881.56,1297.7586352223273,-3.380666666666667,2.420284074235915,0.20342337217609488,0.15757965624295403,3.066666666666667,1.2833778958394957,1.7333333333333334,0.8744746321952063,0.13333333333333333,4.437311992600544,2.833794264386614,18.143887736785036,1.0823070669543524
-779.53627945,582.8809764099692,-2.316224642115383,0.0,5.48222501,3.4615384615384617,6.0,2.8385106758902383,106.2703846153846,135.97,58.42896645867161,2.659615384615385,2.49,1.2798465309782823,8320.384615384615,13538.258155527774,1248.0,1908.6048469272746,-5.747307692307692,1.9068017351426072,0.17839989724130267,0.14276983792237505,2.8846153846153846,1.4589624493356326,2.3461538461538463,0.7653197277702214,0.38461538461538464,5.5348123632886725,4.829206910787045,11.209249546345562,0.5559365005152571
-293.61342211,142.59546003697025,-0.8797196933499991,0.5612,0.47419197,1.2,1.0,0.5345224838248488,101.8,174.4,93.98388919688007,1.688,2.62,1.4706266885728878,3942.4,5820.941111931252,1263.04,1338.642546974893,-1.8399999999999999,2.105452106182559,-0.04106341826966094,0.8149970620746755,4.0,1.6903085094570331,1.6,1.0690449676496976,0.0,3.6148665348527227,3.8459224141342596,28.51909200739405,1.0169853068844792
-644.05563482,120.22267125254261,-2.370946821111111,2.6942999999999993,3.05302669,2.0,3.0,1.161895003862225,117.19666666666666,138.63,61.80394793215074,2.8600000000000003,2.44,1.2360400478948892,5474.666666666667,11420.30620430118,668.6888888888889,1164.8696914247532,-4.456666666666667,1.3679967105223612,0.1486164278376648,0.24092663250895446,2.888888888888889,1.8303005217723127,1.8888888888888888,0.4472135954999579,0.0,6.187923162823913,5.243032158378488,13.358074583615846,0.4607932686795926
-610.35965325,654.650769245074,-2.843939285227271,2.5378,1.75235651,2.090909090909091,6.0,2.4236368845252985,101.58863636363635,135.97,77.83677036507966,2.7268181818181816,2.49,1.4209031451972707,6732.181818181818,16115.869789949726,1228.2636363636364,2673.395846242876,-4.884895454545455,3.252122068058206,0.22338592742228844,0.32340571809733615,3.227272727272727,2.2770681522692158,1.9090909090909092,0.822900573781978,0.13636363636363635,5.626426288367829,6.156716133148193,14.878426573751682,0.6450355022556846
-562.56496877,147.4523745624261,-3.707996333722221,4.031499999999999,2.26788601,4.0,7.0,4.0824829046386295,104.10000000000001,111.4,73.80221315561388,2.7466666666666666,2.2199999999999998,1.391370227908845,8048.0,18596.91114136969,1616.8,3173.721932789113,-5.776666666666667,2.1924060856612413,0.3314825910763621,0.230163601096338,3.1666666666666665,2.3687784005919825,2.3333333333333335,0.6666666666666667,0.16666666666666666,5.925428867457905,7.519352310480446,12.287697880202174,0.5536457431824624
-284.44572318,343.7882719362211,-2.502236169583332,2.434599999999999,0.64245617,2.8333333333333335,5.0,2.2072142786315223,92.30250000000001,135.97,78.73629094349353,2.6891666666666665,2.49,1.2442292434501008,2659.5,4008.8767849515,1016.1999999999999,1516.3794938044928,-4.060833333333333,1.5670791873696686,0.3968786733881724,0.2732283513652033,2.9166666666666665,1.5148834261657875,1.9166666666666667,0.3755338080994054,0.0,5.200864544224008,4.622501472827242,14.32451133067588,0.44594226740702664
-880.21206995,382.2256825292596,-3.125843044833334,2.9043,1.89885504,4.0,7.0,3.6839419880650364,96.3,112.1,73.15814572359174,2.67,2.2199999999999998,1.284634467187345,3531.2,5946.460075420621,1271.32,1991.369360874213,-4.696,1.1416654501210066,0.40347573688774063,0.283933441117561,3.0,1.6903085094570331,2.2,0.5345224838248488,0.0,5.3552948492931804,5.386016244909247,12.740856084308653,0.5705445908253308
-715.10671387,145.0305800941281,-2.042750392857141,0.7009999999999991,5.76102652,3.142857142857143,4.0,2.390457218668787,114.94285714285715,76.7,44.31127718441758,2.7128571428571426,1.78,1.1154083172926919,8441.142857142857,12627.023470093249,1347.8285714285714,1923.5981359346938,-5.4557142857142855,1.6475262842039446,0.1623406717220512,0.10350098877381525,2.857142857142857,1.3093073414159544,2.4285714285714284,0.6546536707079772,0.42857142857142855,5.704083170464885,5.1908543649691445,10.35932714958058,0.5090400942607689
-400.46675503,248.92808517080482,-1.754956429833332,1.628299999999999,1.5719148600000001,2.8,6.0,2.8535691936340255,119.84,90.4,46.94446567107626,2.776,1.81,1.0940945375710718,6953.2,12040.747793578745,1277.1200000000001,2012.537102408656,-4.33,2.4713212197989503,0.02420356522151168,0.3653478777461824,3.0,1.6903085094570331,2.4,0.6546536707079771,0.4,5.8612972255538835,5.518261990818178,12.446404258540232,0.4849210230481029
-576.80606644,342.2312969886739,-2.720771853333333,2.1652,3.40314645,1.8333333333333333,4.0,1.6964812938808975,101.39083333333333,135.97,75.45788975057384,2.5708333333333333,2.49,1.4270398322845894,3296.1666666666665,4838.389345992593,945.5333333333333,1435.2807764744407,-3.9924999999999997,1.8349862098239058,0.29238703097709257,0.17008766986038387,3.25,1.9599651564847131,1.75,0.5738190417570044,0.0,5.379882542313591,5.941641783205443,14.259637374528078,0.773772112285956
-580.34961726,266.2174999396318,-2.6373586375,1.7365,4.02610106,2.0,4.0,1.6903085094570331,107.066,135.97,70.37133426129056,2.646,2.49,1.36778235528485,3133.2,4783.27222127877,960.1200000000001,1514.207247562707,-4.1240000000000006,1.7161751492365642,0.2766100291067043,0.15970769399838167,3.2,1.9639610121239315,1.8,0.5345224838248488,0.0,5.537898501887234,6.345516917916609,13.31087499698159,0.7361605941032398
-580.54624015,84.98847683834407,-1.481519387499999,1.8157,4.16044822,3.0,2.0,1.4142135623730951,78.35,125.3,88.6004796826744,2.635,1.6099999999999999,1.1384419177103413,7011.0,9601.095874950943,1612.1,2152.2916205756133,-5.495,0.7141778489984129,0.038932841945483965,0.27020976624478094,3.0,1.4142135623730951,2.5,0.7071067811865476,0.5,5.5143572001933565,5.614899220280719,10.623559604793007,0.5835529458776588
-594.06591115,64.48031649722306,-1.260892841666664,0.0,5.64300938,2.3333333333333335,1.0,0.7071067811865476,144.33333333333334,10.0,7.071067811865475,3.026666666666667,1.2399999999999998,0.8768124086713187,8814.666666666666,18227.798605426822,1627.1333333333332,3260.3279466949334,-5.25,0.5515432893255066,0.0884742018640828,0.3002215547242374,3.3333333333333335,2.8284271247461903,2.3333333333333335,0.7071067811865476,0.3333333333333333,6.722142178378707,11.548302365581204,10.746719416203844,0.3757907134060303
-220.60114361,71.07659251782975,-1.629702402499999,0.4096,6.30205676,3.0,2.0,1.4142135623730951,124.15,33.7,23.82949852598665,2.7,1.48,1.0465180361560904,3611.0,4792.769762882419,1482.6,1969.1509642482974,-4.48,0.7212489168102785,0.20525303243772686,0.034997497154174335,3.5,2.1213203435596424,2.0,0.0,0.0,5.6463493864639185,6.294342869480089,17.769148129457438,0.38479135641935575
-626.95468976,78.72164877180886,-2.162446134333333,0.0,3.11773413,2.2,5.0,2.138089935299395,93.17,127.05,78.53472389422947,2.598,2.55,1.4284457087537987,2385.2,4067.7106934631283,951.72,1412.5745654149173,-3.9240000000000004,1.7763043497264603,0.32710015074259685,0.1675330608609467,3.4,2.32992949004287,1.8,0.5345224838248488,0.0,5.112845970429414,6.331161982079215,15.744329754361772,0.7614504518547458
-482.86911105,90.97581873262898,-2.258839532449999,0.0,-0.4964514,3.2,8.0,3.909694909544003,100.2,111.4,67.24560527329223,2.472,2.62,1.5932536341892156,2879.2,5796.790639162821,982.32,1821.454502000295,-4.306,2.1703291389622383,0.3264773313775907,0.22896229714316907,3.0,1.6903085094570331,2.0,0.8451542547285166,0.0,5.0809638681509055,3.2124885762848505,18.195163746525797,0.7886227310406098
-670.40062124,817.1770681400218,-2.40293827697794,0.631699999999999,3.71518421,3.8823529411764706,6.0,3.4532469757849524,103.71176470588235,92.6,62.59899627367031,2.6708823529411765,2.62,1.3047584871912545,8916.764705882353,15350.030117478875,1490.4705882352941,2429.70354067387,-5.249705882352941,1.2158813289722579,-0.029430461110149058,0.4670609999038497,2.823529411764706,1.3824842851312316,2.3529411764705883,0.7526970845060388,0.38235294117647056,5.51727505750866,4.150756204787126,12.017309825588555,0.48135404321663916
-112.24694656,60.89549963874947,-0.153992088999999,0.0,1.765393309999999,1.4,2.0,1.0690449676496976,129.16,222.8,96.12364061829061,2.902,1.79,0.9574668961080885,4103.2,6714.565744920303,915.9200000000001,1582.5952790094052,-3.442,2.5366794943671653,-0.028068201739210763,0.8298279379435546,3.2,2.138089935299395,2.4,0.6546536707079771,0.0,6.501114330258613,8.463478786608,12.179099927749885,0.3830549973525639
-705.30793169,596.8276909170065,-3.953871922749999,4.097300000000001,1.5409672300000001,4.8,7.0,4.949747468305833,96.44,111.4,78.7716954241814,2.552,2.2199999999999998,1.5697770542341356,4693.2,7904.039600103229,1497.72,2488.167341639223,-5.186,0.34648232278140845,0.40495147377548124,0.30927343371305727,3.2,2.121320343559643,2.4,0.7071067811865476,0.0,5.393348497105174,5.026122839880902,14.920692272925162,0.6912867587908417
-434.21607784,140.63330192009124,-3.253571734166666,0.0,6.12427254,3.8333333333333335,6.0,3.6893239368631088,115.2,99.9,54.77280347033553,2.7816666666666667,2.11,1.3212725347599983,8114.666666666667,15961.93644615562,1676.6333333333332,3175.812817391968,-5.6000000000000005,1.233153139989785,0.3330904560532713,0.2560864586242088,3.0,2.0,2.3333333333333335,0.6666666666666667,0.16666666666666666,5.933754655757105,5.859582321636965,11.71944182667427,0.4549092705940571
-611.02307227,147.3591996311414,-1.788131403500003,2.175599999999999,0.17686345,2.6,7.0,3.1167748898959187,94.72,141.0,78.70371201991864,2.79,1.81,1.0752408368095294,5151.2,11840.572573027997,916.0960000000001,1867.7141805196761,-4.246,2.691436154068785,0.08088234994981355,0.35754779704151396,3.2,2.138089935299395,2.4,0.6546536707079771,0.2,6.054142655314237,6.750589992303072,14.735919963114139,0.3685891042016459
-192.01385464,124.58651702114541,-1.072432660000001,0.5904,0.85252144,2.3333333333333335,1.0,0.7071067811865476,115.23333333333333,77.3,54.65935418572012,2.92,1.56,1.1030865786510142,5548.0,11298.152149798656,1126.8,2198.9606681339255,-4.876666666666667,0.24041630560342606,0.118550457990987,0.23642018074412519,2.6666666666666665,1.4142135623730951,2.3333333333333335,0.7071067811865476,0.3333333333333333,6.238518158197021,4.8479124040913755,10.382209751762119,0.3889843735341834
-432.88418583,71.13628093297905,-2.587468271999999,0.372399999999999,4.12362011,2.0,4.0,1.6903085094570331,108.85,127.05,65.76277713982931,2.634,2.55,1.3944686648121056,3133.2,4783.27222127877,1057.72,1613.4063486035643,-4.174,1.5895551938469188,0.28120136371768745,0.17183096126775166,3.4,2.32992949004287,1.8,0.5345224838248488,0.0,5.4605059744902436,7.097114458409221,14.22725618659581,0.8028836156907395
-608.04117514,606.7596176820066,-2.059779611190476,0.0,3.05717056,3.0,4.0,2.5751852258368566,124.34285714285713,62.400000000000006,40.81346527028085,3.1166666666666667,1.3900000000000001,0.7845280176808958,9430.0,22661.64549699732,1540.6190476190477,3695.5764193937252,-6.07854761904762,3.127393967069573,0.0874630440604526,0.3453815894216372,3.0952380952380953,2.6556791182195503,2.238095238095238,0.6488856845230502,0.23809523809523808,6.494194751698311,7.0112417467666965,14.4466575638573,0.25668057673176536
-544.59887932,132.32972520759614,-1.453517254500001,0.0,3.9933864100000003,2.0,4.0,1.6903085094570331,106.06,141.0,72.97913596168624,2.8560000000000003,1.48,0.9559438118574602,1991.2,3513.624746204816,755.0959999999999,1443.6971497216045,-3.8460000000000005,2.4338916515384517,0.20737808062020152,0.03750164689232781,3.4,2.32992949004287,2.2,0.5345224838248488,0.0,6.239855056033239,9.218080217232718,13.232972520759613,0.44769311634937453
-496.59847223,74.81717525868144,-2.528575830833333,0.0,4.29986781,1.1666666666666667,2.0,1.1481209945740989,91.02333333333333,138.63,80.8387461105581,2.37,2.44,1.4215292661586163,5141.0,6585.9719928731165,1164.1000000000001,1505.2393279958685,-3.4766666666666666,1.9363320526660242,0.22123655795034947,0.09980430039226047,3.0,1.2792042981336627,1.8333333333333333,0.8790490729915326,0.16666666666666666,5.122814865126341,4.254713847711601,12.46952920978024,0.8270611592523507
-560.2224477,278.2199660312183,-3.661658828500002,3.6122,1.83711263,2.8,8.0,3.625307868699863,93.826,135.97,78.69679499736405,2.5200000000000005,2.49,1.5142419131131497,5933.2,10841.941391782982,1321.52,2386.904867336418,-4.65,2.152257950551998,0.38556769090935106,0.27001398247284064,3.2,1.9639610121239315,2.0,0.8451542547285166,0.0,5.341614387697048,5.415575897777201,13.910998301560914,0.745067862009971
-370.15449299,101.20389607996164,-1.314804237777778,0.0,0.98915905,2.6666666666666665,4.0,1.7748239349298849,115.30000000000001,77.3,51.72077435615209,2.8955555555555557,1.78,1.098981346520495,6025.777777777777,11798.0099084549,1098.3555555555556,2031.2950986993494,-5.17,1.0847396000884266,0.1376542303008336,0.19741211791442875,2.6666666666666665,1.3416407864998738,2.3333333333333335,0.6708203932499369,0.3333333333333333,6.142950839891964,4.362174686594064,11.24487734221795,0.3708819846014954
-534.04877914,350.8265738795596,-1.04517519533482,0.0,3.36469195,1.7142857142857142,1.0,0.5976143046671968,142.25714285714284,76.6,31.330724308804058,2.8728571428571428,1.54,0.9060550282878598,4641.142857142857,7446.403273680906,1102.6857142857143,1797.1434047239684,-3.9285714285714284,1.7260421282724907,0.1378340993434561,0.15008854918706901,2.857142857142857,1.3093073414159544,2.2857142857142856,0.5976143046671968,0.2857142857142857,6.271019011190818,5.112815786869848,12.529520495698558,0.3489100623300938
-534.96941829,833.5962922566356,-1.453637311528734,0.17350000000000002,1.526487449999999,1.4,5.0,1.8272136375966974,75.2,141.0,94.75503220954683,2.614,1.89,1.1903320219924545,3518.4,5241.20454020429,619.7066666666667,868.9328152506123,-3.49,2.910952620928469,0.26089481160992023,0.12916364336928718,3.3333333333333335,1.9468750809040527,2.466666666666667,0.6720215050322471,0.06666666666666667,5.849583795632791,6.831819945507571,13.893271537610593,0.5389825150725003
-694.74959682,548.5770794044271,-1.948193162333332,1.8998,4.00381758,2.933333333333333,2.0,1.3440430100644942,127.02666666666667,33.7,21.831713393076125,2.7453333333333334,1.54,1.0005385646514775,6265.066666666667,16408.35386762369,1409.6399999999999,1902.475892433416,-4.610666666666666,0.7186086466894022,0.2233507717986725,0.08001952041861249,3.2666666666666666,1.9344083032987032,2.0,0.0,0.0,5.802575877695245,5.256922724692694,18.285902646814236,0.32605741589473103
-753.95942959,208.0327443556739,-3.005133088214286,2.1403,1.61815022,3.7142857142857144,9.0,4.511889056386788,89.02857142857144,141.0,80.30210813813403,2.6,2.2199999999999998,1.3220438721918422,3711.1428571428573,6499.099300232742,1172.6685714285716,2052.61990669764,-4.458571428571429,2.2689912799681338,0.34587738672899426,0.27048761447600267,3.4285714285714284,2.220038609702865,2.4285714285714284,0.6546536707079772,0.0,5.6313054201009525,7.062554733757455,14.859481739690992,0.6404215916397025
-378.67625452,154.68489951937246,-1.032893985468749,1.0589,1.48595699,1.6,2.0,1.0690449676496976,134.34,141.3,60.696881539099095,3.0140000000000002,1.2399999999999998,0.7127211436259123,4553.2,8546.923021933515,892.9200000000001,1628.686750553516,-4.258,1.2281635535569826,0.06851910750222281,0.2784388207643796,3.0,1.6903085094570331,2.2,0.5345224838248488,0.2,6.456777821477589,5.0106199136224205,15.468489951937247,0.266076426868838
-898.30271829,244.0602684640958,-3.054602234090915,3.1753,6.03354241,3.6363636363636362,7.0,3.627154532136727,116.74545454545455,111.4,57.62010282878712,2.7763636363636364,2.2199999999999998,1.2507660152882314,7995.818181818182,16476.445664948493,1275.9454545454546,2167.399370213067,-4.951818181818182,0.49821242959203677,0.2954435268378013,0.2443840333565334,2.909090909090909,1.704772712123232,2.1818181818181817,0.5303300858899106,0.0,5.910384480895304,5.920503133880767,11.09364856654981,0.5863630481602852
-671.43785796,412.2278093005656,-1.8695318752777772,0.5366000000000001,4.98045354,2.4444444444444446,2.0,0.9746794344808964,118.67777777777776,125.3,56.27146701482022,2.9522222222222223,1.6099999999999999,0.9853248195392218,6059.111111111111,11967.144931018425,821.6888888888889,1552.5846765957729,-4.908888888888889,0.7461936745912552,0.09949039271443895,0.2627022171664609,2.888888888888889,1.8303005217723127,2.111111111111111,0.4472135954999579,0.1111111111111111,6.378633811228262,6.370390703691972,11.450772480571267,0.41203249800655906
-791.04122589,156.53296801198508,-2.507166292857142,1.9961000000000002,4.15426158,3.4285714285714284,4.0,2.32992949004287,118.02857142857144,76.7,45.0742007297808,2.7114285714285713,1.78,1.1172159274605016,13155.42857142857,23180.164094082065,1345.9714285714285,1920.4993852046473,-5.708571428571429,1.3370196066518352,0.2117708338929322,0.1494395451854894,2.7142857142857144,1.164964745021435,2.2857142857142856,0.5976143046671968,0.2857142857142857,5.769898349753479,4.160027120616284,11.180926286570363,0.4111910168458538
-377.83416914,498.9382964624441,-1.82219273952381,0.9483,2.9557062,1.4285714285714286,3.0,1.4113126084211551,90.4,141.0,87.15445870482557,2.710952380952381,1.79,1.1411721038002127,4453.047619047619,7972.452281265106,622.0190476190476,862.2549267406505,-3.6671428571428573,2.303157312594469,0.25893085002566596,0.2227315511462914,2.9523809523809526,1.5230469891462777,2.3333333333333335,0.6337502222976297,0.0,6.175482271279528,5.946568662481189,11.879483249105812,0.4350814878601702
-1656.66806299,168.1248937093548,-3.346563131380951,1.2267000000000001,3.28430992,3.4285714285714284,5.0,3.5355339059327378,109.57142857142857,110.0,77.78174593052023,2.8857142857142857,1.94,1.3717871555019021,10444.285714285714,25298.866417292298,1701.857142857143,3988.647931317077,-6.198571428571428,2.9910616844190963,0.27900481771984836,0.12128073622180309,3.142857142857143,2.8284271247461903,2.2857142857142856,0.7071067811865476,0.2857142857142857,6.337331651113998,8.72898921823449,12.00892097923963,0.3576388223540068
-746.03338216,277.8983548758491,-3.24122944267857,0.0,3.92201653,2.392857142857143,5.0,2.2028215786778977,91.19642857142857,141.0,77.69179408303948,2.6021428571428573,2.13,1.2777137484223486,4355.428571428572,6329.155828212587,992.9357142857143,1497.9001639152286,-4.061428571428571,1.6899547735261666,0.4096428571428574,0.281964083693991,2.4285714285714284,0.6503133775240858,1.8214285714285714,0.5032931201176003,0.0,5.396165324892581,3.384353837334672,9.92494124556604,0.5125287977980547
-756.18665651,136.58687667980226,-2.212486449166667,0.8726,3.72411534,3.0,5.0,2.581988897471611,126.63333333333333,54.900000000000006,30.305628373473983,2.94,1.8399999999999999,1.0378182242891414,8231.333333333334,16153.410840369836,1557.6333333333332,2965.9471535713137,-5.205,1.2251190418349827,0.12349306547481742,0.4196084658963166,3.0,2.0,2.3333333333333335,0.6666666666666667,0.3333333333333333,6.131656501116614,6.317207077326572,11.382239723316856,0.3908890901383529
-367.50013373,59.6177500650616,-1.4918207825,1.1883,3.70593552,1.3333333333333333,2.0,1.2060453783110545,89.16666666666667,141.0,81.71374647901271,2.5883333333333334,1.79,1.095081981156911,5427.666666666667,7873.005536757749,969.4333333333334,1413.0236625439402,-3.526666666666667,2.1292977929141546,0.27186900875519976,0.15807291884616076,3.0,1.2792042981336627,2.5,0.6396021490668313,0.16666666666666666,5.886842102070357,6.615378299468778,9.93629167751026,0.5641326637838929
-929.72062955,146.35218484316465,-3.170859260238094,0.0,7.80758438,4.142857142857143,6.0,3.4948942350643053,88.81428571428572,133.4,80.97828192087766,2.6357142857142857,1.9,1.2288990426975102,6998.285714285715,10853.975255966952,1467.542857142857,2127.1597199753746,-4.977142857142858,0.7473524699134366,0.24949021138759614,0.27383675378287736,2.7142857142857144,1.164964745021435,2.2857142857142856,0.5976143046671968,0.2857142857142857,5.34023610115425,4.236963891700389,10.453727488797474,0.47540699562233224
-430.11149009,50.806471622351985,-2.170192663333334,2.2352,2.22834475,1.3333333333333333,2.0,1.4142135623730951,98.64999999999999,127.05,89.83791654975086,2.59,2.55,1.803122292025696,2814.6666666666665,5499.876544068967,774.4666666666667,1451.5488004197448,-3.97,2.1637467504308354,0.33183358457099454,0.21602165460805114,3.3333333333333335,2.8284271247461903,1.6666666666666667,0.7071067811865476,0.0,5.34002117300742,5.534178959840111,16.935490540783995,0.854995905695817
-599.69821947,84.98847683834407,-1.481519387499999,1.8157,4.16044822,3.0,2.0,1.4142135623730951,78.35,125.3,88.6004796826744,2.635,1.6099999999999999,1.1384419177103413,7011.0,9601.095874950943,1612.1,2152.2916205756133,-5.495,0.7141778489984129,0.038932841945483965,0.27020976624478094,3.0,1.4142135623730951,2.5,0.7071067811865476,0.5,5.5143572001933565,5.614899220280719,10.623559604793007,0.5835529458776588
-679.27289398,141.66836532722778,-3.813617754999999,3.5322,2.69810887,4.0,6.0,4.242640687119285,107.7,99.9,70.6399674405361,2.736666666666667,2.11,1.4919953083036153,7148.0,14692.264699494084,1620.8,3246.892917852389,-5.526666666666666,1.138441917710341,0.3950981246295626,0.35022601046023555,3.0,2.1213203435596424,2.3333333333333335,0.7071067811865476,0.0,5.854812866389504,5.777331392483834,11.805697110602315,0.4915166050545489
-867.03810052,155.23165785950303,-1.5285248985714301,0.0,4.41638517,2.7142857142857144,2.0,1.303116728289208,94.17857142857143,125.3,80.15904296965701,2.755714285714286,1.6099999999999999,1.0747671972580324,6284.0,9584.92489316151,1398.4,2054.1584117047446,-5.255,0.8837169571629585,0.08289589085614558,0.24360540303232753,2.857142857142857,1.3458531698209062,2.4285714285714284,0.6729265849104531,0.42857142857142855,5.802429350704751,4.983955890243702,11.087975561393074,0.4832418001457893
-579.67675828,154.68489951937246,-1.032893985468749,1.0589,1.48595699,1.6,2.0,1.0690449676496976,134.34,141.3,60.696881539099095,3.0140000000000002,1.2399999999999998,0.7127211436259123,4553.2,8546.923021933515,892.9200000000001,1628.686750553516,-4.258,1.2281635535569826,0.06851910750222281,0.2784388207643796,3.0,1.6903085094570331,2.2,0.5345224838248488,0.2,6.456777821477589,5.0106199136224205,15.468489951937247,0.266076426868838
-1196.68532101,168.1248937093548,-3.346563131380951,1.2267000000000001,3.28430992,3.4285714285714284,5.0,3.5355339059327378,109.57142857142857,110.0,77.78174593052023,2.8857142857142857,1.94,1.3717871555019021,10444.285714285714,25298.866417292298,1701.857142857143,3988.647931317077,-6.198571428571428,2.9910616844190963,0.27900481771984836,0.12128073622180309,3.142857142857143,2.8284271247461903,2.2857142857142856,0.7071067811865476,0.2857142857142857,6.337331651113998,8.72898921823449,12.00892097923963,0.3576388223540068
-602.34174125,189.37462477787025,-1.097326966049106,0.312,-0.02995449,2.2857142857142856,2.0,1.044465935734187,130.81428571428572,179.3,75.44683257403551,3.0828571428571427,1.6099999999999999,0.8903370148432558,2901.4285714285716,7155.509129970481,649.0,1578.6062955542893,-4.91857142857143,1.019166325974323,0.13255224055585282,0.23226936005259172,2.5714285714285716,1.348399724926484,2.142857142857143,0.5222329678670935,0.14285714285714285,6.655717681320598,3.7670000772335275,13.526758912705018,0.23644730725743887
-580.5242051,137.3242166641896,-1.454954431000001,0.0,6.71673907,5.2,8.0,4.65985898008574,43.5,133.4,69.37661195038488,2.052,1.9,0.9883030188878597,14604.4,9665.232005197067,2801.2400000000002,1819.1348367522717,-4.9079999999999995,1.4139711049785586,0.022448551416173947,0.2202509067686678,3.8,1.3093073414159542,2.8,0.5345224838248488,0.8,4.246664109340632,6.433494077886392,13.732421666418961,0.6827774606806776
-260.92306246,87.56813597285675,-1.6750175293749892,0.7812999999999991,4.15341595,2.5,4.0,1.8973665961010275,107.325,112.1,58.4504833170779,2.6475,1.63,1.0032497196610624,4783.5,6676.201884305177,1464.35,1767.9951798576828,-3.76,1.6188390902124896,0.294354836925524,0.28150872199967575,3.0,1.2649110640673518,2.25,0.5477225575051662,0.25,5.320928940297533,6.2678881007475615,10.946016996607094,0.48689683551315327
-966.82953712,174.04930479353644,-2.522345725624999,1.311799999999999,3.66468242,3.875,5.0,3.5355339059327378,107.1,90.4,63.9224530192639,2.76125,1.81,1.279863273947651,8688.75,15965.05690562987,1436.375,2538.3719231034684,-5.3575,0.6929646455628162,-0.025739720678682243,0.4822274418950668,2.75,1.4142135623730951,2.375,0.7071067811865476,0.375,5.73540119826758,4.4425250338479385,10.878081549596025,0.4072625002842235
-450.71459696,113.6752137295987,-2.5005107850000012,2.977899999999999,6.43632044,2.8,3.0,1.5583874449479593,111.33999999999999,98.5,52.72472989838016,2.79,1.8299999999999998,1.0778285047790699,4453.2,6925.442244775007,979.92,1511.0338334115108,-4.554,0.7262722826677532,0.216939934268824,0.44223685816734043,3.0,2.0701966780270626,2.0,0.0,0.0,5.632444360845702,8.296037257213657,11.36752137295987,0.4935614489709231
-626.09219043,136.27935633163042,-2.32008509916928,1.204,1.60123642,3.4545454545454546,5.0,2.7726341266023544,98.92727272727274,141.0,79.35144138577445,2.767272727272727,1.89,1.224109370113635,6686.727272727273,12414.308750389608,1150.8545454545454,2008.3618119004354,-5.528181818181818,1.063096891162795,0.05935447012223915,0.3569993414385115,2.727272727272727,1.3228756555322954,2.3636363636363638,0.6614378277661477,0.36363636363636365,5.806609501451493,3.944894209000005,12.389032393784584,0.3664056110757971
-319.36312344,212.6661564002059,-2.070018908571427,3.4457,1.72057801,3.142857142857143,3.0,1.7928429140015905,93.84285714285714,112.1,72.07818175921398,2.815714285714286,1.63,0.9769559136127162,2405.4285714285716,3352.0005114217133,1048.1142857142856,1474.9814633217793,-4.248271571428572,1.1672947821291455,0.30264014285714297,0.3377978222549905,3.142857142857143,1.927248223318863,2.0,0.0,0.0,5.345479064524098,6.412771573477277,15.190439742871849,0.4368695438653832
-105.2113257,109.57771083259125,-0.868751446666665,0.0,2.24734799,1.25,2.0,1.0488088481701516,101.9,141.0,74.84095135686077,2.625,1.75,1.0364747946766482,4511.0,5867.94969303589,913.85,1214.3491738375747,-2.9000000000000004,2.645176742677132,0.17324760364601116,0.2208459321815757,3.5,1.8973665961010275,2.5,0.6324555320336759,0.25,5.804284753757241,7.646034436127365,13.697213854073906,0.6308832865459181
-539.4230587,188.7890468955709,-1.9652311190160092,0.31959999999999905,1.95516146,2.7142857142857144,4.0,1.9639610121239315,87.48571428571428,141.0,84.09861558228614,2.525714285714286,2.62,1.4280381147374384,4231.142857142857,7562.870600128348,865.8285714285714,1298.563278616575,-4.997142857142857,2.4046071850274657,0.16312176010669324,0.1599853010611151,2.857142857142857,1.3093073414159544,2.142857142857143,0.8451542547285167,0.2857142857142857,5.2376684715019834,3.746491820325372,13.484931921112198,0.7543809839853515
-326.38251132,113.54116576903517,-0.672532186666665,0.38709999999999906,3.38046137,1.75,1.0,0.5477225575051662,153.225,79.70000000000002,38.85278625787346,2.7725,1.51,0.8587141550015349,7936.0,10504.631054920492,1678.35,2142.117288105392,-3.5525,2.2103099330184444,-0.022442323406124426,0.34914614510745884,3.75,2.2583179581272432,2.5,0.6324555320336759,0.5,6.123873492760981,9.797313915293776,14.192645721129397,0.5156338945280999
-673.76958629,117.6380503297355,-1.188434382919541,0.0,2.03260041,2.4,4.0,1.8126539343499313,109.72,141.0,73.7417501439023,2.7600000000000002,1.89,1.1244363667443094,5033.2,7915.002499773994,1007.92,1502.5781995338164,-4.53,2.750376597590124,0.10928251774656911,0.20123216911340888,3.0,1.6903085094570331,2.4,0.6546536707079771,0.4,5.887465511209508,5.951288989290822,11.76380503297355,0.5332570705740802
-446.18634288,100.95261251568137,-2.916590982000001,0.0,5.26758592,5.0,7.0,4.107919181288746,86.47999999999999,111.4,62.34432612515754,2.268,2.2199999999999998,1.250659825851938,6828.8,6746.897916820737,1847.08,1967.07908839477,-5.0,0.6482187130899574,0.2938914080443048,0.4577622616116398,4.0,2.091650066335189,2.4,0.6123724356957945,0.0,4.778348613814095,6.888565177549485,20.190522503136265,0.6718487942584523
-672.47724384,604.3052793229464,-1.491604555985222,0.0,4.05991479,2.4285714285714284,4.0,1.8353258709644942,105.94285714285715,141.0,73.48285872443851,2.7049999999999996,1.89,1.1229320174389337,5762.571428571428,8388.903924389144,1237.3999999999999,1776.260292684724,-4.78,2.1439437345327197,0.1380374689680494,0.14382890727890071,2.857142857142857,1.2977713690461004,2.4285714285714284,0.6488856845230502,0.42857142857142855,5.794874034061181,5.313759220718245,10.791165702195471,0.48080555987436685
-500.94563949,159.8772396407425,-1.616134753423645,0.0,3.98735052,2.9285714285714284,3.0,1.4952755788160834,86.17857142857143,141.0,86.23596686494606,2.73,1.89,1.1186784656164441,5998.285714285715,9071.888588713913,1337.5428571428572,1976.4315211349592,-5.492142857142857,0.8515895237619658,0.07519647097168868,0.24660994006084594,2.857142857142857,1.3458531698209062,2.4285714285714284,0.6729265849104531,0.42857142857142855,5.732936696213163,4.800131798437879,11.419802831481606,0.4766311425985797
-794.44184749,280.0064201155993,-3.613995620555555,2.8427000000000002,2.5463149,4.0,6.0,4.0,102.11666666666667,133.4,78.96009188894799,2.7716666666666665,2.11,1.339413221443546,6764.666666666667,13118.979194705322,1433.8,2725.9599850327954,-5.355,0.8424468331394368,0.28308501895754573,0.2942000883831178,2.8333333333333335,1.7159383568311666,2.3333333333333335,0.6666666666666667,0.16666666666666666,5.833417722565722,4.817554606255669,11.6669341714833,0.4387283144442056
-180.73763527,60.100719885198174,-1.7380031889999992,0.0,5.37184227,3.2,4.0,2.138089935299395,104.47999999999999,105.9,61.0302852220577,2.862,1.78,0.9874353505058301,5187.2,10498.563384713983,1047.3200000000002,1614.181814861192,-5.1955802,1.5465306533196905,0.12721326495231616,0.18623963977416289,3.2,2.138089935299395,2.2,0.5345224838248488,0.2,5.7339504440892926,8.487554523039288,12.020143977039634,0.6428775050074803
-241.81198129,201.19735291641985,-1.805457756666666,1.9587999999999992,0.50252106,1.4,1.0,0.6432675209026769,108.47999999999999,163.20000000000002,71.00939228794631,2.12,2.46,1.5337580621152243,2838.8,4564.8447040851015,1156.48,1279.1329401671626,-3.0230000000000006,2.1356582607937424,0.06948630143600765,0.5822230688755122,2.4,1.5756771943166707,1.6,0.8709883407113854,0.0,4.633942993722544,4.880483758686086,10.059867645820992,0.773125103287818
-364.62263458,535.7313927694609,-1.52895501909091,0.0,4.26576564,2.3636363636363638,1.0,0.6806139097297726,122.01212121212122,49.8,33.68379344991401,2.8772727272727274,1.53,0.9878854422749752,4619.393939393939,7859.760445758247,819.2121212121212,1318.58297827184,-4.611212121212121,0.6717859209074065,0.023563942686685675,0.3748328590016186,3.515151515151515,2.700762419587999,2.0303030303030303,0.24253562503633297,0.030303030303030304,5.952200711768247,8.946753447950822,16.2342846293776,0.4373254726016402
-399.85437029,132.21193021005027,-2.6838661707575753,2.7009,3.69451198,2.909090909090909,3.0,1.704772712123232,119.27272727272727,112.1,58.70273896931898,2.858181818181818,1.66,1.0594692067257077,9861.272727272728,26193.95009825742,1060.6727272727273,1798.3118834062125,-4.655454545454545,1.2740756453209519,0.298586397768612,0.12495972312398586,2.727272727272727,1.5612494995995998,2.0,0.0,0.0,5.882195459353531,4.99627446688283,12.019266382731843,0.36820483964748635
-588.70435728,833.3627512821313,-2.911548753571428,3.6821,1.23328835,1.7142857142857142,4.0,1.6903085094570331,99.00857142857141,135.97,79.24127915063318,2.524285714285714,2.49,1.4641867562380344,6955.428571428572,14149.127444071291,966.2571428571429,1461.3070431246522,-3.9442857142857144,1.92012834392466,0.299664124926477,0.18144387979640184,3.142857142857143,1.7928429140015905,1.7142857142857142,0.5976143046671968,0.0,5.327891393349243,4.971519917099595,14.88147770146663,0.7566547821915477
-534.97144237,833.5962922566356,-1.453637311528734,0.17350000000000002,1.526487449999999,1.4,5.0,1.8272136375966974,75.2,141.0,94.75503220954683,2.614,1.89,1.1903320219924545,3518.4,5241.20454020429,619.7066666666667,868.9328152506123,-3.49,2.910952620928469,0.26089481160992023,0.12916364336928718,3.3333333333333335,1.9468750809040527,2.466666666666667,0.6720215050322471,0.06666666666666667,5.849583795632791,6.831819945507571,13.893271537610593,0.5389825150725003
-539.84824242,201.19735291641985,-1.805457756666666,1.9587999999999992,0.50252106,1.4,1.0,0.6432675209026769,108.47999999999999,163.20000000000002,71.00939228794631,2.12,2.46,1.5337580621152243,2838.8,4564.8447040851015,1156.48,1279.1329401671626,-3.0230000000000006,2.1356582607937424,0.06948630143600765,0.5822230688755122,2.4,1.5756771943166707,1.6,0.8709883407113854,0.0,4.633942993722544,4.880483758686086,10.059867645820992,0.773125103287818
-238.2969543,203.5788730585447,-1.377228348124995,0.0,5.69919337,1.75,2.0,0.8583950752789521,148.11625,200.27,80.11331814833812,2.69375,2.49,1.103276221556792,8611.0,11885.440611366319,1788.725,2408.584828221095,-4.025,1.450154256767553,0.0167831195040552,0.4665418004539928,3.875,2.465552142709834,2.25,0.8583950752789521,0.375,5.967102932060642,12.020901197813119,12.723679566159044,0.6685116137366731
-706.3154719,825.2423517880527,-2.788419930178571,1.9972,2.52808739,2.0,6.0,2.449489742783178,91.19428571428571,135.97,79.83468477333109,2.474285714285714,2.49,1.5033605213463792,5341.142857142857,9337.457989960956,944.9714285714286,1407.7404904922741,-4.372857142857143,2.476698551355355,0.2875247837253879,0.20179019832740733,3.142857142857143,1.7928429140015905,1.8571428571428572,0.8451542547285167,0.14285714285714285,5.173603370259554,4.68812523727896,14.736470567643797,0.7962150576251195
-324.44389019,1197.5016200973184,-1.6733648233563199,1.890699999999999,1.05316793,1.8,4.0,1.531282986977553,85.69,112.1,59.986563150598066,2.019,2.51,1.5571686286112478,1714.8,1619.8842870551823,848.5799999999999,929.6244139621564,-2.883,2.3284747856883072,0.2159836886137067,0.09371298261999592,2.8,1.144702942944678,1.5,0.6565321642986128,0.0,4.228365039814205,3.2588337727156445,14.96877025121648,0.9443846479029718
-573.24238044,306.24201426193054,-1.9894201150492612,0.758999999999999,3.70605185,2.75,5.0,2.222241248015967,80.57142857142857,141.0,93.35394423434711,2.6407142857142856,1.89,1.2353702789153531,5157.214285714285,7940.490942691068,928.1857142857143,1366.5542953691158,-5.227857142857142,2.1927708123779004,0.16895712740497185,0.19717377208290235,2.857142857142857,1.3241694217637887,2.4285714285714284,0.6620847108818944,0.32142857142857145,5.709860215830284,5.133082718800881,10.937214795068948,0.486023468413273
-452.80730604,684.1507020775337,-1.173195239166665,0.33380000000000004,2.1557048,2.0,2.0,0.816496580927726,130.93333333333334,37.8,21.067932451424312,2.9516666666666667,1.54,0.978584578755346,5614.666666666667,11116.807775216368,903.4666666666667,1716.0644950324888,-4.351666666666667,1.5355436966900176,0.1351988788285979,0.21044054456606706,2.8333333333333335,1.7159383568311666,2.1666666666666665,0.5270462766947298,0.16666666666666666,6.423978781331954,4.84078571069552,14.253139626615285,0.31215531775720806
-177.02649256,47.397148259900405,-1.7908991124999991,0.7227,0.8923141,1.0,2.0,1.4142135623730951,70.5,141.0,99.7020561473032,2.545,1.79,1.26572113832392,3786.0,5040.2571362977105,635.1,770.6049701370995,-3.13,2.630437226013957,0.33000000000000024,0.14142135623730923,3.0,1.4142135623730951,2.5,0.7071067811865476,0.0,5.951264188702443,5.7042178148357205,11.849287064975101,0.4730568735005466
-668.41976784,145.0305800941281,-2.042750392857141,0.7009999999999991,5.76102652,3.142857142857143,4.0,2.390457218668787,114.94285714285715,76.7,44.31127718441758,2.7128571428571426,1.78,1.1154083172926919,8441.142857142857,12627.023470093249,1347.8285714285714,1923.5981359346938,-5.4557142857142855,1.6475262842039446,0.1623406717220512,0.10350098877381525,2.857142857142857,1.3093073414159544,2.4285714285714284,0.6546536707079772,0.42857142857142855,5.704083170464885,5.1908543649691445,10.35932714958058,0.5090400942607689
-358.85090885,291.9020885644545,-3.010709257499999,2.8163,1.99983909,1.0,2.0,1.2649110640673518,74.58,138.63,84.17485087601878,2.1925,2.55,1.578743171006608,4246.0,5095.7277792284,1020.1,1188.8404501866514,-3.46,1.9353139280230482,0.3213751884282459,0.15941519410396335,3.5,2.0976176963403033,1.5,0.6324555320336759,0.0,4.649454607595298,4.7649291279877835,18.243880535278407,0.9300152668046425
-203.45586061,129.7370225187281,-2.62474909625,0.5407000000000001,1.57081224,1.0,2.0,1.2977713690461004,72.38625,141.0,89.06738925637917,2.2874999999999996,2.49,1.5243117515093407,3898.5,4818.838427409004,795.725,947.6611602977312,-3.23875,2.293225147897033,0.35095403024677535,0.16973939968839172,3.5,1.9466570535691503,1.75,0.8583950752789521,0.0,4.922929649661749,5.622317037100928,16.217127814841014,0.9230103208077828
-645.60119526,44.99835105523658,-1.654502145625,0.0,5.39406436,3.0,4.0,2.1908902300206647,137.9,141.0,63.178920535254484,2.705,1.78,0.970175241902204,10236.0,12668.792902246054,1805.6,2230.358414246464,-5.1975,1.7063030211542145,0.02370640413825953,0.34374453699409124,3.5,2.0976176963403033,2.5,0.6324555320336759,0.5,5.857897431407857,10.298631080777971,11.249587763809146,0.524676834524926
-283.72229444,122.74472794051745,-1.303622809500002,2.03,-0.021722250000000002,1.2,2.0,0.9354143466934854,75.16,141.0,70.52502215526061,2.104,2.62,1.4660661649461801,1422.8,1226.411024086134,546.456,489.5763776981075,-2.438,2.6225154908980044,0.2392544483041966,0.05493292501217494,4.0,2.091650066335189,1.8,0.9354143466934854,0.0,4.38053226554624,5.459037163593853,24.548945588103486,1.0156844840449823
-602.24324701,137.541915912545,-2.216569472988496,2.356299999999999,2.8855650600000002,3.1666666666666665,4.0,2.3687784005919825,107.10000000000001,141.0,75.0099993334222,2.9450000000000003,1.89,1.043767215426888,8181.333333333333,18237.61538993273,1420.4666666666665,3018.7928521918234,-6.110983333333333,2.5102685784814165,0.1006686956914673,0.28003536156091013,3.0,2.1602468994692865,2.3333333333333335,0.6666666666666667,0.3333333333333333,6.125696116167859,7.310800991890143,11.461826326045419,0.3696204112080738
-658.46692903,109.79875180808754,-2.47842472962963,0.0,1.1648182,3.111111111111111,8.0,3.8209946349085606,95.6888888888889,141.0,91.23434660258164,2.8233333333333333,1.9,1.2423767544509192,5003.555555555556,10754.545913240596,966.8000000000001,2016.1080372837166,-4.665555555555556,1.9192863256950488,0.20404794219035263,0.126253107857906,2.7777777777777777,1.61245154965971,2.3333333333333335,0.6708203932499369,0.2222222222222222,5.985161513694373,4.599675942207069,12.199861312009727,0.40087235190115983
-372.31167373,129.5060897329676,-2.404590689679803,4.267200000000001,2.16781498,1.1428571428571428,2.0,1.0307764064044151,75.51428571428572,141.0,74.39606844450854,2.1885714285714286,2.51,1.3740951568213897,3109.4285714285716,3979.444088060542,1152.3714285714286,1358.6461699059103,-3.5614285714285714,1.9320714272510735,0.24678803287199638,0.08921153315069189,2.2857142857142856,0.5590169943749475,1.4285714285714286,0.6123724356957945,0.0,4.973675846109325,2.8722026506328815,9.250434980926258,0.9462177670455058
-451.60099704,327.9206233179676,-1.641727215000003,2.194499999999999,4.50689941,2.4,1.0,0.7071067811865476,121.08,49.8,35.21391770309007,2.872,1.42,1.0040916292848974,4493.2,7550.486209509955,788.92,1235.174125376661,-4.618,0.6576093065034897,0.007879868537647638,0.3926566279876927,3.6,2.8284271247461903,2.0,0.0,0.0,5.91840320230976,9.438175814451727,16.39603116589838,0.4516813250187892
-290.79767255,84.98847683834407,-1.481519387499999,1.8157,4.16044822,3.0,2.0,1.4142135623730951,78.35,125.3,88.6004796826744,2.635,1.6099999999999999,1.1384419177103413,7011.0,9601.095874950943,1612.1,2152.2916205756133,-5.495,0.7141778489984129,0.038932841945483965,0.27020976624478094,3.0,1.4142135623730951,2.5,0.7071067811865476,0.5,5.5143572001933565,5.614899220280719,10.623559604793007,0.5835529458776588
-615.80706502,145.1475013418485,-2.176957137857143,2.310499999999999,1.84772472,2.5714285714285716,5.0,2.220038609702865,88.82857142857142,141.0,80.56179970326241,2.718571428571429,1.79,1.103934521867773,2774.0,3963.9091816034334,927.8285714285714,1384.7329304134528,-3.8985714285714286,1.8154259633957617,0.3814285714285716,0.24964260167573235,2.857142857142857,1.3093073414159544,2.142857142857143,0.46291004988627577,0.0,5.491360903938607,6.151538840882612,10.367678667274893,0.4454868778033407
-336.20825095,252.29133819395093,-3.820938063,4.4855,2.26463076,2.8,8.0,3.625307868699863,85.074,141.0,91.53588195737389,2.524,2.44,1.5045075131560017,6941.2,13126.148450435001,1380.72,2489.6137485848794,-5.004,2.6158527699940826,0.3404608477676307,0.25701269363475165,3.2,2.138089935299395,2.0,0.8451542547285166,0.0,5.375675341736301,7.017975214246263,12.614566909697547,0.677659280050377
-887.43870377,292.7134847203847,-3.3768698634375,5.403799999999999,4.87833264,3.0,3.0,1.8149704259460602,115.45,98.5,57.87784296155441,2.79,1.8299999999999998,1.1570144134543772,9088.75,22167.40271076376,1151.0,1884.9702260092004,-4.73125,0.8079440137854631,0.37715314846592085,0.2852719576934707,2.375,0.6642111641550714,2.0,0.0,0.0,5.752819206267983,3.6770839190184095,9.147296397512022,0.3616045901877652
-657.55852106,227.8661331095056,-1.767984775536398,0.021300000000000003,2.06326127,2.888888888888889,3.0,1.927248223318863,99.73333333333333,141.0,90.57024539355821,2.8377777777777777,1.89,1.2451495502940209,4909.111111111111,9826.306082184657,811.8,1487.5849662080857,-5.491666666666666,1.3601931203602393,0.1367158220007499,0.1962535505137205,2.7222222222222223,1.5140038943832979,2.2777777777777777,0.6496752435470525,0.2777777777777778,6.045610491883984,4.288187189170352,12.659229617194756,0.35590017371984584
-616.48509138,203.43243845929118,-1.0714212435000001,0.5597000000000001,5.27646049,2.4,1.0,0.7071067811865476,128.48,31.299999999999997,22.132442251138936,2.976,1.1600000000000001,0.8202438661763952,8813.2,15187.239446324667,1641.32,2742.0186760851943,-4.686000000000001,0.537401153701776,-0.07491598783281432,0.5390204067219453,3.2,2.1213203435596424,2.4,0.7071067811865476,0.4,6.021964739844067,8.286979123748118,10.171621922964558,0.45865498402452787
-645.87383684,153.0052012209612,-3.186316111570512,0.0,4.90592555,3.769230769230769,7.0,3.925441492251656,92.83076923076922,133.4,85.59381880826336,2.6538461538461537,2.62,1.400116878238125,6069.692307692308,11693.735891104652,1230.2769230769231,2179.2498167113295,-4.867692307692308,1.558371819327059,0.1790669947596612,0.11740849951462397,2.769230769230769,1.3483997249264843,2.230769230769231,0.7977240352174656,0.3076923076923077,5.4334975310685785,3.8914061391985535,11.769630863150862,0.6393026386136428
-751.09496171,178.06410733795033,-1.779480684999999,0.0,5.27878065,2.857142857142857,6.0,2.7774602993176543,101.11428571428571,141.0,67.62863404547768,2.8185714285714285,1.79,0.9718134741664309,11462.57142857143,20775.501376105738,1623.5428571428572,2794.1542681616047,-5.140857142857143,2.5042056054337296,0.12582857142857182,0.31454113971216624,3.142857142857143,1.7928429140015905,2.4285714285714284,0.6546536707079772,0.2857142857142857,5.845313741527879,5.992324445351789,12.718864809853596,0.44326968644241177
-688.44077614,220.68201678544827,-1.6778914277586199,0.0032999999999990003,0.8007577100000001,2.9444444444444446,3.0,1.962307149925656,94.87222222222222,141.0,94.7482491357266,2.8255555555555554,1.89,1.2634296757059909,4581.333333333333,8944.218929551103,882.5777777777778,1644.4612422136488,-5.596111111111111,1.27963494185474,0.13749869747972085,0.19375095527068179,2.6666666666666665,1.3675269175156555,2.3333333333333335,0.6837634587578277,0.3333333333333333,5.983489714573095,3.9318029296500456,12.260112043636015,0.3617040813072401
-642.51125679,638.8385424823483,-2.509190043444444,3.4079,0.04627805,2.4,7.0,2.8876002656388655,85.57333333333332,133.4,68.57658556851088,2.1386666666666665,2.62,1.5928738364426511,3472.9333333333334,7771.430987162872,901.16,1438.5937563754242,-3.4553333333333334,2.631612958758541,0.22840634597329737,0.0942737020873001,3.466666666666667,1.8109146210426053,1.7333333333333334,0.8744746321952063,0.13333333333333333,4.2487962562039145,3.7457952058984985,21.294618082744943,1.1129294238441496
-470.89026619,255.89970394060344,-2.436627378,0.0,7.5483106,3.0,3.0,1.6903085094570331,114.55999999999999,98.5,51.20885805070391,2.778,1.8299999999999998,1.09350027761444,3673.2,5860.761188982683,1187.52,1796.2538764248857,-4.536,0.7493616330870277,0.318101212975091,0.26974891167243803,2.8,1.558387444947959,2.0,0.0,0.0,5.662892539122332,5.027428687746432,12.794985197030172,0.3699202006890156
-214.95753216,77.79416386934211,-1.829857293095238,2.275299999999999,5.12774121,2.0,3.0,1.224744871391589,112.92857142857143,81.4,47.09451742430929,2.525714285714286,2.46,1.4527707517508939,1984.0,3148.1480270152483,923.6857142857143,1373.158045216521,-3.95,1.8071386222423558,0.21636966772827243,0.023470179031319486,2.4285714285714284,1.3887301496588271,1.7142857142857142,0.5976143046671968,0.0,5.337306314515005,4.196262227223497,11.113451981334586,0.5389770165993142
-1017.14078385,875.1353833591742,-2.774847067601851,0.19789999999999902,2.6928989100000003,3.0,6.0,3.0740852297878796,114.04444444444445,110.0,63.94178602447698,2.8377777777777777,1.94,1.2218101325492434,9603.555555555555,20859.44672804147,1689.2444444444445,3364.0026527932464,-5.601111111111112,3.0441608038998207,0.24893923019344827,0.13861160625000649,3.111111111111111,2.3664319132398464,2.3333333333333335,0.6708203932499369,0.3333333333333333,6.216171811153117,7.915286737758488,12.154658102210753,0.37731092735120836
-386.71432605,354.33464490495084,-2.8390510185,3.3093,-0.21774262,2.8,6.0,2.8535691936340255,111.2,94.1,51.508043754627025,2.548,2.62,1.496624774045156,5931.2,13980.704621523399,1249.72,2557.1480855493237,-4.593999999999999,2.649752009959746,0.265638462815731,0.06507824001382967,3.2,1.9639610121239315,2.0,0.8451542547285166,0.2,5.205837442117583,4.243448237642563,17.71673224524754,0.7884747740480932
-612.75950774,342.11845155511975,-3.287025233125,4.7791999999999994,4.14092745,2.25,4.0,1.6449566416599486,121.82124999999999,138.63,62.09139617863141,2.75,2.44,1.2730694727126801,13756.25,29101.77964034664,1069.25,1822.5530057651351,-4.715,1.4655575128699017,0.28680629693184134,0.1143574441408526,2.5,0.9701425001453319,1.875,0.45374260648651504,0.0,6.009218316855771,3.4217782456404264,10.691201611097492,0.468884121722546
-533.56481281,79.06978600731826,-2.417624361249986,1.8148,6.09085843,2.5,4.0,1.8973665961010275,110.725,98.5,51.17306908912148,2.5975,1.8299999999999998,1.0735501851334197,6061.0,7463.395581101138,1543.1,1846.824912112678,-3.9375,1.5353273266636014,0.3093548369255241,0.3128548040057332,2.75,1.0488088481701516,2.25,0.5477225575051662,0.25,5.347651195739729,5.146334206549882,9.883723250914784,0.5133890949297345
-500.70997799,266.96455598549653,-0.9707674645833331,1.1465,0.9941278800000001,2.25,1.0,0.6210590034081188,119.25833333333333,77.3,47.378963083389046,2.9225,1.56,1.0497367016814945,5631.333333333333,10977.988033202753,1125.6333333333334,2100.2481284702667,-4.793333333333334,0.5363793966427656,0.13401401453750675,0.20575070483346414,2.6666666666666665,1.3522468075656264,2.3333333333333335,0.6761234037828133,0.3333333333333333,6.2540740734350795,4.52184620580203,11.123523166062355,0.3630609920884704
-696.91438177,348.85652070342985,-0.9360247642857141,0.0,7.09452023,4.142857142857143,7.0,4.2895221179054435,74.14285714285714,133.4,74.25378104850958,1.9657142857142857,1.9,0.7981478559765728,13660.285714285714,7754.736410736345,2910.0285714285715,1486.578893970986,-3.9699999999999998,2.1608516839431626,0.08027218038229192,0.07815994315426633,3.7142857142857144,0.8944271909999159,2.857142857142857,0.4472135954999579,0.8571428571428571,4.315414333156361,6.6684669727638255,12.459161453693923,0.7602539131748839
-489.17975611,571.6395348681684,-1.650879934554944,3.099599999999999,4.87034665,2.6,3.0,1.6035674514745464,123.6,195.0,87.18453335966682,2.884,1.89,1.003301692271216,3853.2,6795.7996691233575,712.52,1172.8025604142779,-5.0840000000000005,1.4827965856063043,0.11868443482976039,0.1831045812338237,2.8,1.3093073414159542,2.2,0.5345224838248488,0.2,6.229431696522736,4.227080919195024,14.290988371704207,0.2879997120155223
-328.08645075,58.68753393124512,-1.514723342499999,0.036199999999999004,0.46117376,1.0,2.0,1.2649110640673518,70.5,141.0,89.1762300167483,2.5549999999999997,1.79,1.1195892103803073,3523.5,4202.421159284253,600.1,648.0098888134347,-3.04,2.4718252365408038,0.3100000000000002,0.10733126291998968,3.25,1.6431676725154984,2.5,0.6324555320336759,0.0,5.886866228541698,5.936734625825162,14.671883482811262,0.47223117646902996
-481.64452246,47.397148259900405,-1.7908991124999991,0.7227,0.8923141,1.0,2.0,1.4142135623730951,70.5,141.0,99.7020561473032,2.545,1.79,1.26572113832392,3786.0,5040.2571362977105,635.1,770.6049701370995,-3.13,2.630437226013957,0.33000000000000024,0.14142135623730923,3.0,1.4142135623730951,2.5,0.7071067811865476,0.0,5.951264188702443,5.7042178148357205,11.849287064975101,0.4730568735005466
-712.07409427,292.12348388505933,-2.129220831071429,0.0,4.63401016,2.5714285714285716,2.0,0.9636241116594315,117.85714285714286,77.3,45.431809183811794,2.7742857142857145,1.56,1.0169281474828284,11926.857142857143,22634.97121081195,1419.1142857142856,2029.9800287546814,-4.954285714285715,0.3190499289184328,0.1626468479533266,0.2401669484400782,2.7142857142857144,1.164964745021435,2.2857142857142856,0.5976143046671968,0.2857142857142857,6.003548968193575,4.77372549455151,10.432981567323548,0.4081340329548662
-696.91788326,348.85652070342985,-0.9360247642857141,0.0,7.09452023,4.142857142857143,7.0,4.2895221179054435,74.14285714285714,133.4,74.25378104850958,1.9657142857142857,1.9,0.7981478559765728,13660.285714285714,7754.736410736345,2910.0285714285715,1486.578893970986,-3.9699999999999998,2.1608516839431626,0.08027218038229192,0.07815994315426633,3.7142857142857144,0.8944271909999159,2.857142857142857,0.4472135954999579,0.8571428571428571,4.315414333156361,6.6684669727638255,12.459161453693923,0.7602539131748839
-754.69335677,246.45962658047478,-3.977348098750001,4.3829,0.9005326300000001,4.5,7.0,4.445751441809691,95.525,141.0,81.39535324213395,2.6174999999999997,2.2199999999999998,1.4571810013132327,6176.25,11933.619415455698,1568.125,2665.4075982306877,-5.50375,1.386114968493722,0.4008827009644449,0.30345326643563547,3.25,2.2491828581535485,2.375,0.6642111641550714,0.0,5.538460678788336,5.8791863569787814,15.403726661279673,0.5597709811600562
-545.41953366,221.95322019035157,-2.906843370333334,0.0,0.74889645,4.0,7.0,4.409585518440984,109.82666666666667,111.4,70.26456880697148,2.752666666666667,2.2199999999999998,1.4275120807687551,5308.0,12410.512345051138,1228.7333333333333,2330.3775723323524,-5.074000000000001,0.4321393808072166,0.34147169672826777,0.28499712717314235,2.933333333333333,1.9340994650588013,2.2666666666666666,0.6382847385042254,0.0,5.832263331586488,4.401037274627308,14.796881346023438,0.5178799186141104
-842.79232125,505.4746348370053,-3.019161848638889,0.20270000000000002,2.93932577,3.5277777777777777,5.0,3.4252126811721926,108.47777777777777,110.0,73.17778248778349,2.8544444444444443,1.94,1.3134375085009569,10420.833333333334,23245.21724450058,1699.8333333333333,3666.8523863401147,-6.101944444444445,2.697504693224068,0.23499184947839588,0.27083924860238656,3.111111111111111,2.5705074464827384,2.3055555555555554,0.6850425362344384,0.3055555555555556,6.219257793200557,6.9985918090345045,14.040962078805702,0.31289782008478456
-367.1073455,92.7108576429002,-0.884183718749999,0.0,3.68922583,1.25,2.0,1.0488088481701516,113.525,87.3,45.22188629413859,2.745,1.54,0.8892918531056044,7561.0,9421.755335392658,1654.1,1978.2599262988674,-3.7125,1.6560283813993046,0.06000372130330223,0.2620293350129375,3.25,1.6431676725154984,2.5,0.6324555320336759,0.5,5.800288901215869,7.234760835421882,11.588857205362524,0.50931666453656
-809.50368424,437.8385031376135,-2.55627214925,1.408699999999999,5.5125831,3.5,4.0,2.5276251480171834,108.14000000000001,98.5,55.3659943768134,2.723,1.8299999999999998,1.195145272434369,7353.2,12433.826335176687,1216.52,1878.05450636793,-5.555,1.6239098907677523,0.23027559742847417,0.2431410277622689,2.7,1.224744871391589,2.3,0.6236095644623235,0.3,5.59968824702409,4.232010979257007,10.945962578440337,0.43935856344559776
-743.79320004,603.77539601611,-2.3710887062,2.948,1.62392581,2.4,4.0,1.59111456835146,123.74959999999999,138.63,52.15691567310749,2.8444,2.44,1.171693300259679,9729.28,19606.20927994787,1064.328,1885.8014897475762,-4.5492,1.1698880180100764,0.21311699968737713,0.05767928126934437,2.72,1.3501054811112287,1.92,0.3815358702051022,0.0,6.0972624354358524,4.645883701441284,12.0755079203222,0.3994966498244532
-765.64187009,159.9890361701698,-1.377220136133004,0.9305000000000001,4.31862196,2.7142857142857144,3.0,1.3627702877384937,111.91428571428571,141.0,63.084325651124644,2.838571428571428,1.89,0.9658268108576343,8212.57142857143,12689.492008294557,1518.685714285714,2281.7374996135854,-5.055714285714286,1.1230952128572431,-0.024451109287895813,0.44010981784220843,3.142857142857143,1.7928429140015905,2.4285714285714284,0.6546536707079772,0.42857142857142855,5.804379190788148,6.741143073699426,11.427788297869272,0.4465949081795012
-760.9734323,518.5696943364608,-3.404013206000001,4.6708,0.72029117,2.0,4.0,1.6903085094570331,114.11,127.05,67.03171424248161,2.622,2.55,1.4051537790779849,11773.2,25988.642167575545,1117.32,1736.4543315947833,-4.464,1.7076633994187165,0.33054518828806967,0.17079834679891384,3.0,2.0701966780270626,1.8,0.5345224838248488,0.0,5.593356571911858,4.100241208993255,17.28565647788202,0.5775815773111171
-297.46312871,200.4044060247718,-1.571547349999999,1.1076,-0.16252127,2.9166666666666665,5.0,2.58291087175469,128.64166666666668,158.5,62.11579394278767,2.92,1.78,1.1009398582250403,6314.666666666667,12686.736092695957,1056.8833333333334,1961.9134431176403,-5.23,2.317851221652133,0.0652012471323906,0.5817729093097036,2.8333333333333335,1.8361450300639575,2.3333333333333335,0.6761234037828133,0.25,6.178307990511824,3.9851238583823894,16.70036716873098,0.2596067929431792
-685.98996695,578.8331893278634,-1.8526361180438071,0.0,2.10013422,2.9591836734693877,4.0,2.090796157311509,93.06938775510203,141.0,96.78282610345406,2.7693877551020405,2.62,1.355248527550785,4502.734693877551,8877.544477098221,842.0897959183674,1533.332545051557,-5.556734693877551,1.650632346362188,0.147138015486328,0.17734692441239178,2.693877551020408,1.3938641048743392,2.306122448979592,0.7367883976130072,0.32653061224489793,5.848032610136572,4.102592492759675,11.812922231180885,0.44479101387733344
-197.61988958,327.9206233179676,-1.641727215000003,2.194499999999999,4.50689941,2.4,1.0,0.7071067811865476,121.08,49.8,35.21391770309007,2.872,1.42,1.0040916292848974,4493.2,7550.486209509955,788.92,1235.174125376661,-4.618,0.6576093065034897,0.007879868537647638,0.3926566279876927,3.6,2.8284271247461903,2.0,0.0,0.0,5.91840320230976,9.438175814451727,16.39603116589838,0.4516813250187892
-241.42257202,142.59546003697025,-0.8797196933499991,0.5612,0.47419197,1.2,1.0,0.5345224838248488,101.8,174.4,93.98388919688007,1.688,2.62,1.4706266885728878,3942.4,5820.941111931252,1263.04,1338.642546974893,-1.8399999999999999,2.105452106182559,-0.04106341826966094,0.8149970620746755,4.0,1.6903085094570331,1.6,1.0690449676496976,0.0,3.6148665348527227,3.8459224141342596,28.51909200739405,1.0169853068844792
-423.35670362,66.65611286382992,-1.8344014733333331,1.0037,4.58858104,2.5,2.0,1.0801234497346432,113.81666666666666,125.3,65.05210304910295,2.94,1.6099999999999999,1.0040252320866576,5731.333333333333,11278.859950268812,892.4666666666667,1686.7246024305343,-5.013333333333334,0.7689242124191723,0.10027326819340991,0.2595172365329849,2.8333333333333335,1.7159383568311666,2.1666666666666665,0.5270462766947298,0.16666666666666666,6.3130911020069265,6.018811166985287,11.109352143971654,0.4183143060546915
-682.23486936,140.3737488927426,-2.7410589342857152,3.0734,2.81907023,1.7142857142857142,4.0,1.6903085094570331,97.57142857142857,141.0,82.22486589486523,2.6271428571428572,2.13,1.2741215461194093,7155.428571428572,14181.114463559323,882.8285714285714,1401.6978235594963,-3.9042857142857144,2.002721362831799,0.31036581616702924,0.2034614166663506,2.5714285714285716,0.9636241116594315,1.7142857142857142,0.5976143046671968,0.0,5.780574497002161,4.382740785226234,10.026696349481615,0.5709711367555974
-478.91288889,156.88332389410033,-1.437157760229884,0.7090000000000001,1.71783128,2.1666666666666665,2.0,0.8790490729915325,100.53333333333335,88.2,51.9733673056779,2.5016666666666665,2.51,1.266830332329113,5944.333333333333,9338.735450701119,1304.4333333333334,1781.072163817983,-4.25,1.7385887694020428,0.10787835419555576,0.1941386613088404,2.8333333333333335,1.1481209945740989,2.1666666666666665,0.8790490729915325,0.3333333333333333,5.302555466413584,3.9978760538243208,13.073610324508358,0.6088008430960371
-427.58447771,354.20745990688965,-1.705382088965517,1.2488000000000001,0.76115725,1.1428571428571428,2.0,1.0307764064044151,75.51428571428572,141.0,74.39606844450854,2.2114285714285713,2.51,1.3589839954907488,2938.0,3661.5809768459308,706.0857142857143,660.1104566661552,-2.8528571428571428,2.290349318335524,0.2688478220649754,0.13031859568806542,2.857142857142857,1.0307764064044151,2.0,0.9354143466934853,0.0,4.9845468868930904,4.215406490916149,12.650266425246059,0.8151649253294402
-681.98049092,133.6292656620953,-2.494037494333333,4.373399999999999,0.49854992000000004,1.8571428571428572,6.0,2.0090703413180027,92.44285714285715,110.0,56.93824725085942,2.0714285714285716,2.46,1.5915732639578533,4166.571428571428,11919.242514064848,1255.5142857142857,1923.8989094591695,-3.7271428571428578,2.8572306999483392,0.23077160673557517,0.06490510538115032,2.2857142857142856,1.3751033019046572,1.5714285714285714,0.8312094145936335,0.07142857142857142,4.557466998618187,4.045202268509269,9.544947547292521,0.805131090684851
-1040.22937713,126.52058400805868,-3.058372138586206,2.5635,3.08823783,3.8,6.0,3.2071349029490923,92.82,141.0,80.74308462206355,2.64,2.11,1.3126037373969996,6973.2,11530.398654984012,1457.32,2447.606717941893,-5.708,1.18545952512698,0.27774330960749777,0.32719128277274484,3.0,1.6903085094570331,2.4,0.6546536707079771,0.2,5.623771802786334,5.096572624625939,12.652058400805867,0.4711787845776276
-674.32857985,198.42876062512912,-2.055902871,0.35000000000000003,4.56817459,2.4,4.0,1.8126539343499315,116.78,98.5,50.99008306944176,2.766,1.8299999999999998,1.1098777281433172,4893.2,7712.022636303471,1252.52,1910.0897854738214,-4.148000000000001,1.5560113844607402,0.2934838695404194,0.29864759039020117,2.6,1.0690449676496976,2.2,0.5345224838248488,0.2,5.728008167655167,4.636977024330988,9.921438031256455,0.42738888364233146
-401.48126742,538.963689099858,-1.851957443888889,1.3984,3.827482159999999,2.6666666666666665,4.0,1.7748239349298849,124.92222222222222,69.1,34.552250288512326,2.988888888888889,1.3900000000000001,0.9088426706531775,8525.777777777777,17863.707280405153,1019.2444444444445,2211.9801305617552,-5.062,1.2701101527032999,0.09032753894877595,0.2823300451098718,3.0,2.0124611797498106,2.111111111111111,0.4472135954999579,0.1111111111111111,6.358341230869414,5.3665386343107215,14.971213586107163,0.3246142521597599
-748.7670328,266.96455598549653,-0.9707674645833331,1.1465,0.9941278800000001,2.25,1.0,0.6210590034081188,119.25833333333333,77.3,47.378963083389046,2.9225,1.56,1.0497367016814945,5631.333333333333,10977.988033202753,1125.6333333333334,2100.2481284702667,-4.793333333333334,0.5363793966427656,0.13401401453750675,0.20575070483346414,2.6666666666666665,1.3522468075656264,2.3333333333333335,0.6761234037828133,0.3333333333333333,6.2540740734350795,4.52184620580203,11.123523166062355,0.3630609920884704
-461.59204083,265.64819324465566,-0.762977022464283,0.0,-0.7632056500000001,1.5714285714285714,1.0,0.6546536707079772,151.14285714285714,174.4,72.8647671080769,2.8085714285714287,2.62,1.1930513101168065,4031.1428571428573,7147.993544644939,1092.9714285714285,1754.7609776181564,-3.282857142857143,2.6080904344530915,-0.18938200642040837,0.8962546360859021,3.4285714285714284,2.32992949004287,2.142857142857143,0.8451542547285167,0.0,5.937990836142277,6.213753053660772,18.97487094604683,0.5182293272690149
-268.19183761,124.58651702114541,-1.072432660000001,0.5904,0.85252144,2.3333333333333335,1.0,0.7071067811865476,115.23333333333333,77.3,54.65935418572012,2.92,1.56,1.1030865786510142,5548.0,11298.152149798656,1126.8,2198.9606681339255,-4.876666666666667,0.24041630560342606,0.118550457990987,0.23642018074412519,2.6666666666666665,1.4142135623730951,2.3333333333333335,0.7071067811865476,0.3333333333333333,6.238518158197021,4.8479124040913755,10.382209751762119,0.3889843735341834
-928.35544263,173.18380507009397,-1.8225279240325691,0.540999999999999,2.60980021,3.0,3.0,2.1213203435596424,94.0,141.0,99.7020561473032,2.81,1.89,1.3364318164425748,4548.0,9176.831806239014,838.1333333333333,1586.6061956263754,-5.65,1.4000714267493637,0.14447405804960045,0.18142792056148452,2.6666666666666665,1.414213562373095,2.3333333333333335,0.7071067811865476,0.3333333333333333,5.956462551973061,5.001461687230406,9.62132250389411,0.4609067580545578
-1163.86128463,845.7293596037858,-2.789071418443349,2.6058,5.85029794,3.0,3.0,1.6903085094570331,111.32,141.0,74.47734075350895,2.7539999999999996,1.89,1.132431013351365,12813.2,25867.363474905153,1155.52,1779.2214155956772,-5.472,1.025336181802966,0.21812947237523322,0.19274836321536906,2.6,1.0690449676496976,2.2,0.5345224838248487,0.2,5.972274602463405,3.6015471565691115,12.081847994339798,0.3274938758785003
-474.67905852,226.643643156604,-2.753792037777777,0.2843,3.92789358,2.888888888888889,4.0,1.949358868961793,131.67777777777778,69.1,30.380816315563344,2.9555555555555557,1.54,0.9801122384706763,15303.555555555555,30845.29036660216,1311.0222222222224,2547.501930911928,-5.350888888888889,1.0500189522099113,0.22220559727274797,0.25680330090897624,2.5555555555555554,1.3601470508735443,2.111111111111111,0.4472135954999579,0.1111111111111111,6.3323755714454535,3.6355930856925704,12.591313508700223,0.2589905612162433
-461.19786342,168.1248937093548,-3.346563131380951,1.2267000000000001,3.28430992,3.4285714285714284,5.0,3.5355339059327378,109.57142857142857,110.0,77.78174593052023,2.8857142857142857,1.94,1.3717871555019021,10444.285714285714,25298.866417292298,1701.857142857143,3988.647931317077,-6.198571428571428,2.9910616844190963,0.27900481771984836,0.12128073622180309,3.142857142857143,2.8284271247461903,2.2857142857142856,0.7071067811865476,0.2857142857142857,6.337331651113998,8.72898921823449,12.00892097923963,0.3576388223540068
-376.03601988,454.27125141184564,-1.687838196727276,2.6155,0.96954134,1.8181818181818181,2.0,0.9032106474595007,98.27272727272727,92.6,52.68455281449353,2.229090909090909,2.62,1.491078733492529,2930.0,4889.071217360313,750.2727272727273,838.5219389528595,-3.399090909090909,2.252058123022957,0.14540283931683992,0.2811409871244363,3.4545454545454546,1.8918106058538346,1.6363636363636365,0.606976978666884,0.0,4.468609665606196,4.783817584361171,20.648693245992984,0.9564656117060036
-584.66043006,92.7108576429002,-0.884183718749999,0.0,3.68922583,1.25,2.0,1.0488088481701516,113.525,87.3,45.22188629413859,2.745,1.54,0.8892918531056044,7561.0,9421.755335392658,1654.1,1978.2599262988674,-3.7125,1.6560283813993046,0.06000372130330223,0.2620293350129375,3.25,1.6431676725154984,2.5,0.6324555320336759,0.5,5.800288901215869,7.234760835421882,11.588857205362524,0.50931666453656
-757.97879366,67.541266847953,-3.037705825999999,1.1738,2.56602198,2.8,8.0,3.625307868699863,84.6,141.0,92.30616756982478,2.586,2.1399999999999997,1.3976919750584735,6973.2,13133.385223489464,1301.92,2477.2230051295055,-4.926,2.7825296815256846,0.3924608477676307,0.2756782728181051,3.0,2.0701966780270626,2.0,0.8451542547285166,0.0,5.617197687943068,6.165888296957356,13.5082533695906,0.4804475194514071
-644.63178278,449.7186249219648,-3.162139099615384,0.0,7.97904536,5.589743589743589,7.0,4.949747468305833,77.97435897435898,122.9,86.9034234078267,2.3733333333333335,2.08,1.4707821048680187,8313.28205128205,11156.730793561346,1635.2256410256412,2130.37131035883,-5.056666666666667,0.0919238815542511,0.36320911790140953,0.18367648763873115,3.0256410256410255,1.4142135623730951,2.5128205128205128,0.7071067811865476,0.0,4.992643955750328,4.44234639437391,11.531246792870892,0.8012487555725979
-622.38345955,155.2282326923861,-1.30145586428571,0.9323999999999991,3.86507589,2.0,3.0,1.224744871391589,111.91428571428571,141.0,63.084325651124644,2.8528571428571428,1.79,0.9330250341152238,7376.857142857143,12400.337564529675,1353.8285714285714,2240.8162326642114,-4.241428571428572,1.6636620535948485,0.040774294405132694,0.4877313353285896,3.142857142857143,1.7928429140015905,2.4285714285714284,0.6546536707079772,0.2857142857142857,6.00167930998208,7.171915981195089,11.087730906599006,0.44498475874142235
-430.41690072,1042.8133825691384,-1.8069840201428562,0.41589999999999905,4.51541092,1.6,2.0,1.0690449676496976,128.45,191.35000000000002,83.42806995935395,2.698,2.55,1.348978449473103,5733.2,10347.531465454522,1302.3200000000002,2148.942780598338,-4.0840000000000005,1.6279171618096193,0.15854820910088835,0.4255476929920601,3.6,2.618614682831909,2.0,0.8451542547285166,0.2,5.770473210503572,8.480501775959993,14.897334036701977,0.7336896450016847
-241.75155533,115.7161805496547,-0.46954475916666605,0.6522999999999991,1.78974023,1.5,1.0,0.6324555320336759,157.6,97.20000000000002,48.27487959591407,2.8375,1.51,0.8094627848147189,6061.0,7405.286868177356,1436.1,1730.5034227068145,-2.915,2.627264737326637,-0.22933764852800265,0.7739683903495773,3.75,2.2583179581272432,2.5,0.6324555320336759,0.25,6.176718862702974,9.667192580872468,14.464522568706837,0.5059419799085557
-323.87911904,207.40367395276294,-1.349856573922413,0.0,2.33480197,2.25,2.0,0.8583950752789521,100.98750000000001,88.2,52.10739668678223,2.54125,2.51,1.2259378794255955,6511.0,9788.631085413106,1389.6,1871.7273125729555,-4.3925,1.5646321242421575,0.0966151873932869,0.2037207180558308,2.875,1.2030662579644695,2.25,0.8583950752789521,0.375,5.393227305951329,4.223922702093661,12.962729622047684,0.5686121387124841
-368.23985919,129.7370225187281,-2.62474909625,0.5407000000000001,1.57081224,1.0,2.0,1.2977713690461004,72.38625,141.0,89.06738925637917,2.2874999999999996,2.49,1.5243117515093407,3898.5,4818.838427409004,795.725,947.6611602977312,-3.23875,2.293225147897033,0.35095403024677535,0.16973939968839172,3.5,1.9466570535691503,1.75,0.8583950752789521,0.0,4.922929649661749,5.622317037100928,16.217127814841014,0.9230103208077828
-807.85816666,585.6164372739578,-3.735681241515151,0.39990000000000003,5.33829274,4.318181818181818,7.0,4.324326675083989,100.65,111.4,74.05048704908538,2.6645454545454546,2.2199999999999998,1.4272146126969922,7082.181818181818,15794.934211686072,1610.9,2909.4874165320343,-5.593181818181818,1.824364264662879,0.3588352236118882,0.25792893151991386,3.2045454545454546,2.2442770158907894,2.3636363636363638,0.6673290281481431,0.11363636363636363,5.707047389995761,6.608757014937532,13.309464483499038,0.6111565562134443
-565.62856375,416.71076984715177,-1.972623079642858,2.979399999999999,2.27303493,2.5714285714285716,2.0,1.137592917989042,129.17142857142858,49.8,24.723125635252323,2.9307142857142856,1.4300000000000002,0.9471738147215207,8514.142857142857,17600.3583352559,983.1999999999999,1737.2578460117577,-4.707142857142857,0.5342724574816952,0.134077248728275,0.26350715298495586,3.0,2.0291986247835694,2.0,0.0,0.0,6.210471188724183,6.215407252683291,14.882527494541135,0.3215720589437178
-1141.37645607,141.66836532722778,-3.813617754999999,3.5322,2.69810887,4.0,6.0,4.242640687119285,107.7,99.9,70.6399674405361,2.736666666666667,2.11,1.4919953083036153,7148.0,14692.264699494084,1620.8,3246.892917852389,-5.526666666666666,1.138441917710341,0.3950981246295626,0.35022601046023555,3.0,2.1213203435596424,2.3333333333333335,0.7071067811865476,0.0,5.854812866389504,5.777331392483834,11.805697110602315,0.4915166050545489
-533.74391844,134.06377366980044,-1.5651373466666652,0.0,6.07802721,2.3333333333333335,1.0,0.6666666666666667,129.48333333333332,37.8,23.185687635071577,3.015,1.3900000000000001,0.8551705482923666,7048.0,13676.394651612927,1031.4666666666667,2069.9136256804964,-4.718333333333334,0.5451860029180663,0.03691399261457592,0.4140804521400261,3.0,2.0,2.1666666666666665,0.5270462766947298,0.16666666666666666,6.380492325270177,7.150870696600975,11.171981139150036,0.398245689262096
-538.71897935,65.42621874996784,-2.688549454374999,4.2643,2.28239886,1.0,2.0,1.2977713690461004,70.5,141.0,91.49288151775006,2.5149999999999997,1.8699999999999999,1.2008593414279363,4011.0,4923.032185019395,1220.85,1593.1985953453907,-4.0600000000000005,1.5581365388451074,0.30104652668421533,0.09717247201199813,2.25,0.8583950752789521,1.75,0.8583950752789521,0.0,5.934234532270668,3.9705787826517676,8.17827734374598,0.4351811057321465
-444.48394703,251.53959017651147,-2.619377736499999,1.105,4.56775482,2.4,6.0,2.6186146828319083,99.454,138.63,74.07220492774022,2.696,2.44,1.3126200625357776,9041.2,18519.90208243168,1387.92,2507.673330286178,-4.8556,2.3126845254564476,0.14908000000000038,0.25823088229611213,3.0,1.6903085094570331,2.0,0.8451542547285166,0.2,5.526487738816138,4.859133136056606,12.576979508825573,0.6347058296004144
-550.69979758,335.29014106729903,-2.6097999625,1.0659,3.27384832,3.1666666666666665,6.0,3.1001792062897127,116.05,99.9,53.92907379141607,2.8516666666666666,2.11,1.2099150567062318,5464.666666666667,11266.937550984196,1146.6333333333334,2411.059874365997,-5.1033333333333335,1.0614350872495426,0.2199990075388012,0.4293696359043347,3.1666666666666665,2.3687784005919825,2.1666666666666665,0.5270462766947298,0.0,6.006510295212267,7.214905252551552,13.970422544470793,0.43395168642657234
-432.52348904,161.92591537522736,-1.637988171428572,0.0,5.25605958,2.5714285714285716,2.0,0.9636241116594315,114.10000000000001,77.3,44.78001786511479,2.782857142857143,1.56,1.0043334676718259,5755.428571428572,9249.357135962013,1376.542857142857,1969.3956875868582,-4.747142857142857,0.46334189783108787,0.12740125897448218,0.19515515971035882,3.0,1.5811388300841898,2.2857142857142856,0.5976143046671968,0.2857142857142857,5.9013474657980565,6.164730980085324,11.56613681251624,0.45701337663539576
-532.93463763,142.98374712137533,-1.092193814761904,0.0,2.50719623,1.5714285714285714,1.0,0.6546536707079772,122.91428571428573,81.4,36.59859482080074,2.6485714285714286,2.46,1.2659271023923253,4298.285714285715,7468.104100582883,1196.542857142857,1809.6108350376646,-3.6971428571428575,1.976091018725027,0.1774113571450598,0.10091621555375675,2.5714285714285716,1.1952286093343936,2.142857142857143,0.8451542547285167,0.2857142857142857,5.696518718110156,4.599649327451558,10.213124794383953,0.5175574905558414
-555.276857,46.607380747893124,-2.126880714999999,0.0,3.8653765,1.25,2.0,1.0488088481701516,100.6925,138.63,72.74684508623038,2.445,2.44,1.3213780685329994,5521.0,7006.123150501995,1284.35,1642.571324478788,-3.4850000000000003,1.9042163742600262,0.20185483692552408,0.10993721977495131,3.0,1.2649110640673518,2.0,0.8944271909999159,0.25,5.286603637183161,4.832002022480177,11.651845186973283,0.7840941918740038
-611.34380138,123.56069958352323,-2.894371363181818,1.8045,5.67740772,3.272727272727273,5.0,2.62797450520358,123.21818181818183,90.4,47.22500661725734,2.8309090909090906,1.81,1.1135486630587816,13414.0,26548.591050185696,1303.3999999999999,2216.7426635155466,-5.246363636363636,0.5190767043511004,0.14186410895470528,0.39819389757517515,2.5454545454545454,1.0752906583803283,2.1818181818181817,0.5303300858899106,0.18181818181818182,6.075519009027745,3.6292141835188336,11.232790871229383,0.3083180966390474
-456.39866262,61.114884628494316,-1.8769375645833342,0.0,2.46387964,3.1666666666666665,4.0,2.3687784005919825,109.53333333333335,112.1,64.57139029356922,2.8716666666666666,1.78,1.1383150315756667,4496.333333333333,10494.334270346919,963.6333333333333,1757.23968705973,-5.046666666666667,1.742826567517389,0.27459755412693015,0.25777566198031865,2.6666666666666665,1.3333333333333333,2.1666666666666665,0.5270462766947298,0.16666666666666666,5.793971994229633,5.046067549264596,10.185814104749053,0.39787242153195357
-269.57338677,79.65491918762994,-1.6376950989999992,0.0,1.0511327,1.2,2.0,1.3093073414159544,87.39,141.0,87.93776614336821,2.58,2.55,1.447534850308324,2993.2,4591.981396179338,690.72,1087.754326254653,-3.5620000000000003,2.3765280798437276,0.3151001507425968,0.1598219234884531,3.4,2.32992949004287,2.0,0.8451542547285166,0.0,5.528272334254519,6.206805522797609,15.93098383752599,0.7525289792441755
-760.02206651,132.3655227051685,-2.749603696666666,0.0,4.05739303,3.5,5.0,3.0276503540974917,119.06666666666666,76.7,44.76037434060523,2.8366666666666664,1.8399999999999999,1.2069152598440556,8031.333333333333,15829.016028940157,1386.9666666666665,2728.119618182295,-5.715,1.453587515998492,0.22347228119875343,0.1173499309731665,2.8333333333333335,1.7159383568311666,2.3333333333333335,0.6666666666666667,0.3333333333333333,5.984904053158988,5.241345892059375,11.030460225430708,0.42130616835991885
-532.73537426,61.114884628494316,-1.8769375645833342,0.0,2.46387964,3.1666666666666665,4.0,2.3687784005919825,109.53333333333335,112.1,64.57139029356922,2.8716666666666666,1.78,1.1383150315756667,4496.333333333333,10494.334270346919,963.6333333333333,1757.23968705973,-5.046666666666667,1.742826567517389,0.27459755412693015,0.25777566198031865,2.6666666666666665,1.3333333333333333,2.1666666666666665,0.5270462766947298,0.16666666666666666,5.793971994229633,5.046067549264596,10.185814104749053,0.39787242153195357
-670.48596427,453.463543407749,-1.8522391850615731,0.0,5.72285837,2.7142857142857144,3.0,1.3627702877384937,110.05714285714285,141.0,63.31756695984366,2.7728571428571427,1.89,1.039319832527848,7641.142857142857,11639.455387357508,916.4,1276.7906484619944,-5.024285714285715,1.164685733209975,0.08013857495539753,0.23590954744161502,3.142857142857143,1.7928429140015905,2.142857142857143,0.46291004988627577,0.14285714285714285,6.010604238582372,5.309108244954563,16.19512655027675,0.35860220056057046
-444.90901063,243.4484514989211,-1.8077482623076921,0.0,4.08780181,2.1538461538461537,3.0,1.0660035817780522,119.59615384615384,127.05,48.467274573112256,2.816153846153846,2.55,1.163993908137761,6813.538461538462,12234.49750054775,792.6615384615385,1235.1959910733344,-4.486923076923077,1.1595159648436382,0.1315843426762267,0.29657459441601675,3.230769230769231,2.184657243763257,1.9230769230769231,0.3692744729379982,0.0,6.081655944908873,5.131792046268733,18.726803961455467,0.4105517979771396
-874.16794987,46.659781588973956,-1.5362787543749992,0.0,5.41851006,2.75,3.0,1.6431676725154984,129.05,176.4,80.32357063776486,2.7424999999999997,1.63,0.9069674746097568,6508.5,10235.318832356908,1688.8500000000001,2148.1664544443474,-4.1325,1.106575799482349,0.17181007294786454,0.49420892763419016,3.5,2.0976176963403033,2.25,0.5477225575051661,0.25,5.620228876635344,10.562793266450296,11.66494539724349,0.4568886399057301
-460.24272423,42.9164487435527,-0.9427949424999991,0.0,4.73658869,1.5,1.0,0.7071067811865476,129.7,22.599999999999994,15.980613254815971,2.67,1.54,1.0889444430272832,6661.0,9106.12112812036,1645.1,2198.9606681339255,-3.51,2.093036072312181,0.14370967385104794,0.12203294954144633,3.0,1.4142135623730951,2.5,0.7071067811865476,0.5,5.810065366588724,6.155599930561004,10.729112185888175,0.5224464610911854
-810.0590585,283.59853794732845,-3.989558998636363,3.4628,5.87718823,4.363636363636363,7.0,4.319288135792749,95.10909090909091,141.0,84.3706554437027,2.647272727272727,2.2199999999999998,1.442315846130798,6850.363636363636,13399.037717313882,1600.1272727272728,2796.2666157306962,-5.6481818181818175,1.6220954811600945,0.3990332587776102,0.30830578739436826,3.272727272727273,2.3518609652783473,2.3636363636363638,0.6614378277661477,0.0,5.605705207845805,7.574199224105779,12.890842633969475,0.6092313635411474
-502.27140453,271.8030829899101,-2.6564697375,3.571799999999999,0.48081788000000003,2.0,4.0,1.6903085094570331,111.32000000000001,141.0,74.47734075350895,2.774,1.79,1.0951059961744083,11643.2,26024.643683576975,924.72,1604.5918181447712,-4.332,2.0579532134068135,0.30944503754547315,0.13002775077581094,2.6,1.0690449676496976,2.2,0.5345224838248488,0.0,6.258403806395545,3.457711424497696,13.590154149495504,0.2736629814616768
-797.37086211,188.6475752617906,-2.635155938694583,1.1057,2.33402576,3.857142857142857,7.0,3.273268353539885,84.8,141.0,86.69325233257777,2.5828571428571427,2.2199999999999998,1.3162202377587553,5526.857142857143,8136.554658716779,1233.9714285714285,1823.0289873096997,-5.625714285714286,1.145859004041447,0.2191747189623293,0.2837887277851144,3.0,1.5811388300841898,2.4285714285714284,0.6546536707079772,0.2857142857142857,5.465713285320041,4.626146846332743,13.474826804413615,0.5410747504630606
-218.25423493,129.6009765025592,-1.233878036499999,1.7072,0.47156282,1.3333333333333333,1.0,0.7071067811865476,79.26666666666667,92.6,65.4780879378743,1.6933333333333334,2.62,1.8526197667087545,1627.3333333333333,1490.5810947412422,718.0666666666666,665.9531665214904,-2.3833333333333333,2.764787514439401,0.2600053149661668,0.03182544252632169,3.3333333333333335,1.4142135623730951,1.3333333333333333,0.7071067811865476,0.0,3.5357290782954793,2.4138111047782043,21.600162750426534,1.390564443526172
-352.41901202,180.03450348543683,-1.781754134999996,0.907899999999999,4.33754022,1.1428571428571428,3.0,1.7928429140015905,50.98285714285714,138.63,75.84389484799871,1.6485714285714284,2.44,1.1417186293353667,10540.285714285714,8518.690090450695,1548.314285714286,789.7138957514026,-2.9928571428571433,1.6619373376531725,0.15107826436271157,0.26682846648206443,4.0,1.224744871391589,1.4285714285714286,0.6546536707079772,0.0,3.9784695609884766,3.872293524645251,25.719214783633834,0.6896510127441663
-317.27137097,273.9954078836132,-1.369924264285714,1.0967,0.34635855,1.1428571428571428,2.0,1.0307764064044151,73.82857142857142,141.0,75.25234630893577,2.1914285714285713,2.62,1.3985371822014603,2520.8571428571427,3124.795233291295,610.3714285714286,558.6658236369932,-2.672857142857143,2.4832803405978954,0.27998398618506143,0.0616041254312711,3.7142857142857144,1.8371173070873836,2.0,0.9354143466934853,0.0,4.6517272195161405,5.378731334598544,19.57110056311523,1.0411458408008907
-510.55671507,489.4817316049533,-0.874017667773437,2.4312,-2.15182128,2.0,0.0,0.0,154.5,54.0,38.18376618407357,3.2175000000000002,0.8900000000000001,0.6293250352560273,1516.5,3661.398912983943,307.15,613.6272647136859,-4.6125,1.067731239591687,0.15500000000000036,0.21213203435596442,2.5,1.4142135623730951,2.0,0.0,0.0,7.087648157008399,3.44558805949318,15.296304112654791,0.14848296504333353
-744.96136047,183.1145461061323,-2.440143290714285,1.671199999999999,2.65178439,3.5714285714285716,7.0,3.1509635714446826,89.28571428571429,125.3,79.1984352298525,2.662857142857143,2.2199999999999998,1.2129450582304684,5698.285714285715,8422.349960500505,1462.542857142857,2105.2384601953563,-5.348571428571428,0.5874278071145667,0.18330143603151988,0.3420848189998127,3.0,1.5811388300841898,2.4285714285714284,0.6546536707079772,0.2857142857142857,5.594462766695003,4.798829699205599,13.07961043615231,0.5574239834069441
-409.99872299,94.07361691322753,-1.967088979999999,0.0,3.80229717,4.0,4.0,2.8284271247461903,102.65,76.7,54.2350901170082,2.55,1.78,1.2586500705120547,10361.0,14338.71130890081,1517.1,2017.9413321501693,-6.140000000000001,1.6263455967290592,0.14879266238079003,0.11484451822529819,3.0,1.4142135623730951,2.5,0.7071067811865476,0.5,5.293823066266353,4.8008862831284995,11.75920211415344,0.5271964409576915
-441.69359464,232.93390533970975,-1.155619659791667,0.0,4.93128503,1.4583333333333333,2.0,0.8615312094432334,120.77500000000002,141.0,50.739836971561324,2.685,2.13,1.1169256830095993,5757.75,8194.242413604767,1362.4416666666666,1957.9055504472246,-3.5925,2.0391311631724722,0.1919489220549527,0.18070411046373633,2.8333333333333335,1.260976649982561,2.2916666666666665,0.8171302609462198,0.375,5.860002219567157,5.906325733588245,9.705579389154574,0.5700776316122778
-378.52786123,262.0072345601061,-1.8301323900000002,0.16110000000000002,-3.90404263,1.8888888888888888,5.0,1.949358868961793,98.72222222222223,141.0,86.65996768981628,2.7633333333333336,2.13,1.3667132105895514,3270.222222222222,6183.13980110429,673.2444444444444,1297.3305238064816,-4.084444444444445,2.0117467534458706,0.35555555555555585,0.2611130023572168,2.3333333333333335,0.6708203932499369,1.7777777777777777,0.5916079783099616,0.0,5.897398847996629,1.0874832379309043,29.111914951122895,0.15985908529112086
-543.52418615,132.27154637308448,-2.055167530000002,3.2609,1.58462649,2.3333333333333335,6.0,2.5385910352879693,107.10000000000001,141.0,75.0099993334222,2.9616666666666664,1.79,0.9996138143191989,7206.333333333333,17959.511828307335,1228.1333333333334,2963.143558977714,-5.160983333333333,3.473065649073996,0.1767650000000006,0.31240089455164216,3.0,2.1602468994692865,2.3333333333333335,0.6666666666666667,0.16666666666666666,6.369303731900862,7.865005464428454,11.022628864423707,0.3663842270172291
-780.8887933,596.0789381078123,-2.421068345822282,0.0,4.66462162,3.8846153846153846,6.0,3.4330328116279762,102.83846153846154,90.4,61.93455070821594,2.647307692307692,2.51,1.2992486839928463,8997.307692307691,15178.004372869878,1511.8846153846155,2398.6569519509994,-5.222307692307693,1.2881880962920635,-0.034759942597594136,0.458703117118022,2.8076923076923075,1.3363062095621219,2.3461538461538463,0.7653197277702214,0.38461538461538464,5.485625561067454,4.303434560628533,11.463056502073313,0.4732952054525423
-115.39296161,125.64299270507173,-1.229401517722222,0.0,1.99243554,2.0,2.0,0.8660254037844386,113.46666666666667,92.6,47.99636705001744,2.5999999999999996,2.62,1.3740633173183834,5463.333333333333,11326.838592475839,1161.2222222222222,2008.9569474398068,-3.952222222222223,2.03278851990724,0.07060400063715881,0.4192760879859264,3.111111111111111,1.6708281379802852,2.0,0.8660254037844386,0.2222222222222222,5.170104425706602,4.810804379560102,13.960332522785748,0.9100416709342476
-555.79404765,302.9028911962269,-2.967999715666667,4.4978,0.9465844800000001,2.4,7.0,2.8876002656388655,89.64,141.0,66.37960352929116,2.170666666666667,2.46,1.532756072071022,4703.6,10622.121722252714,1338.2266666666667,2003.516075920178,-4.155333333333333,2.737105598770995,0.2864568870229109,0.22031369021922761,2.533333333333333,1.7489492643904125,1.7333333333333334,0.8744746321952063,0.0,4.695050108235727,5.5985431171930395,10.09676303987423,0.7537122925101897
-276.07372121,120.75560586356808,-3.040215971111112,3.7336,1.16496928,2.6666666666666665,7.0,3.104249287084341,97.21666666666665,99.9,56.56062314816811,2.268333333333333,2.46,1.5062128909046266,4611.0,9509.515703183359,1363.7666666666667,2089.116276410587,-4.215,2.2511905940877353,0.30489599718519006,0.24085886309323196,2.5,1.4301938838683885,1.8333333333333333,0.8790490729915326,0.0,4.889387505367929,4.210744567883357,10.062967155297335,0.7263094402794062
-236.66338628,85.05329251846074,-1.299647031666666,0.0,3.74322728,2.6666666666666665,2.0,1.4142135623730951,105.7,105.9,74.88260812765537,3.0700000000000003,1.1099999999999999,0.7848885271170677,1738.0,3215.921640836418,734.1333333333333,1365.9888798961726,-4.565967,0.8995098292406262,0.11282700000000023,0.2485614686159144,3.3333333333333335,2.8284271247461903,2.0,0.0,0.0,6.047514858522245,9.340001800696182,14.17554875307679,0.6169915606050617
-917.05584109,132.07087192931183,-1.835428532142858,0.0,4.21491644,2.0,3.0,1.224744871391589,98.77142857142857,141.0,69.55000770257737,2.69,2.13,1.1690380661039228,5998.285714285715,9339.581299883997,1160.5428571428572,1798.7700726567903,-4.4,1.557000321130346,0.18018610684941744,0.2777625063775775,2.7142857142857144,1.164964745021435,2.142857142857143,0.8451542547285167,0.2857142857142857,5.817014747810753,5.184362875684099,9.43363370923656,0.5810254830274457
-674.79593813,85.90561003874181,-2.032569766465519,1.3104999999999989,4.23508976,3.5,3.0,2.1213203435596424,70.5,141.0,99.7020561473032,2.495,1.89,1.3364318164425748,6711.0,9176.831806239014,1212.1000000000001,1586.6061956263752,-5.98,1.4000714267493637,0.10171108707440046,0.18142792056148452,3.0,1.4142135623730951,2.5,0.7071067811865476,0.5,5.294192115244894,5.484829166278692,10.738201254842727,0.5773229012901987
-703.65288712,596.8276909170065,-3.953871922749999,4.097300000000001,1.5409672300000001,4.8,7.0,4.949747468305833,96.44,111.4,78.7716954241814,2.552,2.2199999999999998,1.5697770542341356,4693.2,7904.039600103229,1497.72,2488.167341639223,-5.186,0.34648232278140845,0.40495147377548124,0.30927343371305727,3.2,2.121320343559643,2.4,0.7071067811865476,0.0,5.393348497105174,5.026122839880902,14.920692272925162,0.6912867587908417
-588.2467237,119.77140138378309,-3.430814742857144,2.9787999999999992,1.8792550000000001,2.2857142857142856,8.0,3.295017884191656,90.42857142857143,127.05,78.04026090056703,2.41,2.55,1.5835719118499165,5412.571428571428,9541.038068709895,1332.685714285714,2162.5336800019686,-4.345714285714286,2.1455518770570094,0.3880422687592363,0.2535431062177696,3.5714285714285716,2.434865792722759,1.8571428571428572,0.8451542547285167,0.0,5.03345813052865,5.959897106723486,17.110200197683298,0.8556064334206542
-536.16503628,132.32972520759614,-1.453517254500001,0.0,3.9933864100000003,2.0,4.0,1.6903085094570331,106.06,141.0,72.97913596168624,2.8560000000000003,1.48,0.9559438118574602,1991.2,3513.624746204816,755.0959999999999,1443.6971497216045,-3.8460000000000005,2.4338916515384517,0.20737808062020152,0.03750164689232781,3.4,2.32992949004287,2.2,0.5345224838248488,0.0,6.239855056033239,9.218080217232718,13.232972520759613,0.44769311634937453
-353.08061504,154.0441753330024,-1.67853715726601,0.0,3.75718408,2.7142857142857144,4.0,1.9639610121239315,97.48571428571428,141.0,82.18623450954024,2.6799999999999997,1.89,1.169679443266402,5769.714285714285,8474.371885700017,1175.542857142857,1695.1658545067837,-5.132857142857143,2.0285181079511503,0.13203767085709975,0.15351882414456025,2.857142857142857,1.3093073414159544,2.4285714285714284,0.6546536707079772,0.42857142857142855,5.7184093339578705,5.1185923794083505,11.003155380928742,0.4792546034422661
-344.23237112,115.7161805496547,-0.46954475916666605,0.6522999999999991,1.78974023,1.5,1.0,0.6324555320336759,157.6,97.20000000000002,48.27487959591407,2.8375,1.51,0.8094627848147189,6061.0,7405.286868177356,1436.1,1730.5034227068145,-2.915,2.627264737326637,-0.22933764852800265,0.7739683903495773,3.75,2.2583179581272432,2.5,0.6324555320336759,0.25,6.176718862702974,9.667192580872468,14.464522568706837,0.5059419799085557
-603.07966037,284.4746882703938,-1.845993679999999,0.0,0.57148537,2.909090909090909,4.0,2.3858557568108956,118.26363636363637,125.3,61.36487657384375,3.097272727272727,1.6099999999999999,0.8766303492526193,7779.636363636364,20440.309541536943,1410.1454545454546,3440.121310920031,-5.944709090909091,2.7611722934707954,0.10082233489917947,0.3258860785128279,2.909090909090909,2.3858557568108956,2.272727272727273,0.6793662204867574,0.2727272727272727,6.457924013994968,6.43868067817747,12.930667648654264,0.2766099116601235
-932.40895302,880.420339949604,-2.786944513953489,3.7215,2.771337319999999,1.5813953488372092,4.0,1.672865531790428,92.53488372093024,141.0,85.71642831832291,2.580232558139535,2.13,1.3095461147344027,6654.139534883721,13122.833288619975,853.7627906976745,1321.0228376112557,-3.7853488372093027,2.088219491908797,0.325181478275489,0.2095239041135959,2.558139534883721,0.9177174528110036,1.6744186046511629,0.6212339003429878,0.0,5.701672788343229,4.1020463239620355,10.237445813367488,0.5918563397940119
-463.0646466,189.77923257037148,-1.550683862631578,0.0,4.14967403,2.263157894736842,3.0,1.3228756555322954,132.79999999999998,22.599999999999994,14.723790272888294,2.8957894736842102,1.54,0.9780880584078306,8903.368421052632,17385.157081545163,1213.3894736842105,2016.978688533917,-4.375263157894737,1.443788419402234,0.18644741556753178,0.08746124021713379,2.736842105263158,1.3228756555322954,2.1578947368421053,0.49999999999999994,0.15789473684210525,6.248252804800237,5.89031586384459,9.988380661598487,0.3925627202564372
-636.44003226,172.87635982121907,-1.3100962353906231,1.6838000000000002,-0.08181014,1.6666666666666667,2.0,1.0540925533894598,126.5,195.0,84.72602905837142,3.0,1.75,0.9474527252938094,2098.0,3769.947479740268,393.1333333333334,606.7908078114272,-4.058333333333334,2.138417119688714,0.20000000000000032,0.18165902124584948,2.8333333333333335,1.7159383568311666,2.1666666666666665,0.5270462766947298,0.0,6.638263209121673,4.905812890946301,14.406363318434922,0.2960297427589416
-1216.18120662,153.4144665959616,-3.34637865595238,0.0,6.96920126,3.4285714285714284,8.0,3.9279220242478625,83.08142857142857,138.63,88.49783964271994,2.5485714285714285,2.44,1.3794098116844857,6689.714285714285,10714.975448275318,1319.685714285714,2017.163879595026,-4.718571428571429,1.542780421372863,0.1880616399590247,0.11596720114802239,2.857142857142857,1.3093073414159544,2.142857142857143,0.8451542547285167,0.2857142857142857,5.3053144693946575,4.325428422850071,10.95817618542583,0.6653377740383298
